-- MySQL dump 10.13  Distrib 5.6.22-71.0, for Linux (x86_64)
--
-- Host: localhost    Database: olcs
-- ------------------------------------------------------
-- Server version	5.6.22-71.0

/*!40101 SET @OLD_CHARACTER_SET_CLIENT=@@CHARACTER_SET_CLIENT */;
/*!40101 SET @OLD_CHARACTER_SET_RESULTS=@@CHARACTER_SET_RESULTS */;
/*!40101 SET @OLD_COLLATION_CONNECTION=@@COLLATION_CONNECTION */;
/*!40101 SET NAMES utf8 */;
/*!40103 SET @OLD_TIME_ZONE=@@TIME_ZONE */;
/*!40103 SET TIME_ZONE='+00:00' */;
/*!40014 SET @OLD_UNIQUE_CHECKS=@@UNIQUE_CHECKS, UNIQUE_CHECKS=0 */;
/*!40014 SET @OLD_FOREIGN_KEY_CHECKS=@@FOREIGN_KEY_CHECKS, FOREIGN_KEY_CHECKS=0 */;
/*!40101 SET @OLD_SQL_MODE=@@SQL_MODE, SQL_MODE='NO_AUTO_VALUE_ON_ZERO' */;
/*!40111 SET @OLD_SQL_NOTES=@@SQL_NOTES, SQL_NOTES=0 */;

--
-- Dumping data for table `address`
--

LOCK TABLES `address` WRITE;
/*!40000 ALTER TABLE `address` DISABLE KEYS */;
INSERT INTO `address` (`id`, `admin_area`, `country_code`, `created_by`, `last_modified_by`, `saon_desc`, `paon_desc`, `street`, `locality`, `created_on`, `last_modified_on`, `olbs_key`, `olbs_type`, `paon_end`, `paon_start`, `postcode`, `saon_end`, `saon_start`, `town`, `uprn`, `version`) VALUES (7,NULL,'GB',NULL,NULL,'Unit 5','12 Albert Street','Westpoint','','2015-10-07 08:04:03','2015-10-07 08:04:03',NULL,NULL,NULL,NULL,'LS9 6NA',NULL,NULL,'Leeds',NULL,1),(8,NULL,'GB',NULL,NULL,'Unit 5','12 Albert Street','Westpoint','','2015-10-07 08:04:03','2015-10-07 08:04:03',NULL,NULL,NULL,NULL,'LS9 6NA',NULL,NULL,'Leeds',NULL,1),(21,NULL,'GB',NULL,NULL,'Unit 9','Shapely Industrial Estate','Harehills','','2015-10-07 08:04:03','2015-10-07 08:04:03',NULL,NULL,NULL,NULL,'LS9 2FA',NULL,NULL,'Leeds',NULL,1),(25,NULL,'GB',NULL,NULL,'209 Errwood Road','','','','2015-10-07 08:04:03','2015-10-07 08:04:03',NULL,NULL,NULL,NULL,'M19 1JB',NULL,NULL,'Manchester',NULL,1),(26,NULL,'GB',NULL,NULL,'5 High Street','Harehills','','','2015-10-07 08:04:03','2015-10-07 08:04:03',NULL,NULL,NULL,NULL,'LS9 6GN',NULL,NULL,'Leeds',NULL,1),(27,NULL,'GB',NULL,NULL,'209 Errwood Road','','','','2015-10-07 08:04:03','2015-10-07 08:04:03',NULL,NULL,NULL,NULL,'M19 1JB',NULL,NULL,'Manchester',NULL,1),(29,NULL,'GB',NULL,NULL,'Unit 5','12 Albert Street','Westpoint','','2015-10-07 08:04:03','2015-10-07 08:04:03',NULL,NULL,NULL,NULL,'LS9 6NA',NULL,NULL,'Leeds',NULL,1),(30,NULL,'GB',NULL,NULL,'Solway Business Centre','Kingstown','Westpoint','','2015-10-07 08:04:03','2015-10-07 08:04:03',NULL,NULL,NULL,NULL,'CA6 4BY',NULL,NULL,'Carlisle',NULL,1),(31,NULL,'GB',NULL,NULL,'Solway Business Centre','Kingstown','Westpoint','','2015-10-07 08:04:03','2015-10-07 08:04:03',NULL,NULL,NULL,NULL,'CA6 4BY',NULL,NULL,'Carlisle',NULL,1),(37,NULL,'GB',NULL,NULL,'Unit 10','10 High Street','Alwoodley','','2015-10-07 08:04:03','2015-10-07 08:04:03',NULL,NULL,NULL,NULL,'LS7 9SD',NULL,NULL,'Leeds',NULL,1),(39,NULL,'GB',NULL,NULL,'15 Avery Street','Harehills','','','2015-10-07 08:04:03','2015-10-07 08:04:03',NULL,NULL,NULL,NULL,'LS9 5SS',NULL,NULL,'Leeds',NULL,1),(41,NULL,'GB',NULL,NULL,'Solway Business Centre','Kingstown','','','2015-10-07 08:04:03','2015-10-07 08:04:03',NULL,NULL,NULL,NULL,'CA6 4BY',NULL,NULL,'Carlisle',NULL,1),(42,NULL,'GB',NULL,NULL,'Solway Business Centre','Kingstown','','','2015-10-07 08:04:03','2015-10-07 08:04:03',NULL,NULL,NULL,NULL,'CA6 4BY',NULL,NULL,'Carlisle',NULL,1),(54,NULL,'GB',NULL,NULL,'Solway Business Centre','Kingstown','','','2015-10-07 08:04:03','2015-10-07 08:04:03',NULL,NULL,NULL,NULL,'CA6 4BY',NULL,NULL,'Carlisle',NULL,1),(55,NULL,'GB',NULL,NULL,'Solway Business Centre','Kingstown','','','2015-10-07 08:04:03','2015-10-07 08:04:03',NULL,NULL,NULL,NULL,'CA6 4BY',NULL,NULL,'Carlisle',NULL,1),(63,NULL,'GB',NULL,NULL,'Unit 5','10 High Street','','','2015-10-07 08:04:03','2015-10-07 08:04:03',NULL,NULL,NULL,NULL,'LS9 6NA',NULL,NULL,'Leeds',NULL,1),(64,NULL,'GB',NULL,NULL,'Unit 5','10 High Street','','','2015-10-07 08:04:03','2015-10-07 08:04:03',NULL,NULL,NULL,NULL,'LS9 6NA',NULL,NULL,'Leeds',NULL,1),(67,NULL,'GB',NULL,NULL,'Park Cottage','Coldcotes Avenue','','','2015-10-07 08:04:03','2015-10-07 08:04:03',NULL,NULL,NULL,NULL,'LS9 6NE',NULL,NULL,'Leeds',NULL,1),(72,NULL,'GB',NULL,NULL,'38 George Street','Edgbaston','','','2015-10-07 08:04:03','2015-10-07 08:04:03',NULL,NULL,NULL,NULL,'B15 1PL',NULL,NULL,'Birmingham',NULL,1),(75,NULL,'GB',NULL,NULL,'','123 A Street','An Area','','2015-10-07 08:04:03','2015-10-07 08:04:03',NULL,NULL,NULL,NULL,'LS12 1BB',NULL,NULL,'Leeds',NULL,1),(76,NULL,'GB',NULL,NULL,'Unit 5','10 High Street','','','2015-10-07 08:04:03','2015-10-07 08:04:03',NULL,NULL,NULL,NULL,'LS9 6NA',NULL,NULL,'Leeds',NULL,1),(100,NULL,'GB',NULL,NULL,'Test Partnership LLP','10 Partnerships street','PartnershipDistrict','Partnership Land','2015-10-07 08:04:03','2015-10-07 08:04:03',NULL,NULL,NULL,NULL,'PA7 5IP',NULL,NULL,'Leeds',NULL,1),(104,NULL,'GB',NULL,NULL,'Unit 9','Shapely Industrial Estate','Harehills','','2015-10-07 08:04:03','2015-10-07 08:04:03',NULL,NULL,NULL,NULL,'LS9 2FA',NULL,NULL,'Leeds',NULL,1),(105,NULL,'GB',NULL,NULL,'Unit 1','Shapely Industrial Estate','Harehills','','2015-10-07 08:04:03','2015-10-07 08:04:03',NULL,NULL,NULL,NULL,'LS9 2FA',NULL,NULL,'Leeds',NULL,1),(106,NULL,'GB',NULL,NULL,'Unit 2','Shapely Industrial Estate','Harehills','','2015-10-07 08:04:03','2015-10-07 08:04:03',NULL,NULL,NULL,NULL,'LS9 2FA',NULL,NULL,'Leeds',NULL,1),(107,NULL,'GB',NULL,NULL,'Unit 3','Shapely Industrial Estate','Harehills','','2015-10-07 08:04:03','2015-10-07 08:04:03',NULL,NULL,NULL,NULL,'LS9 2FA',NULL,NULL,'Leeds',NULL,1),(108,NULL,'GB',NULL,NULL,'Unit 4','Shapely Industrial Estate','Harehills','','2015-10-07 08:04:03','2015-10-07 08:04:03',NULL,NULL,NULL,NULL,'LS9 2FA',NULL,NULL,'Leeds',NULL,1),(109,NULL,'GB',NULL,NULL,'A Place','123 Some Street','Some Area','','2015-10-07 08:04:03','2015-10-07 08:04:03',NULL,NULL,NULL,NULL,'WM5 2FA',NULL,NULL,'Birmingham',NULL,1),(110,NULL,'GB',NULL,NULL,'Park Cottage','Coldcotes Avenue','','','2015-10-07 08:04:03','2015-10-07 08:04:03',NULL,NULL,NULL,NULL,'LS9 6NE',NULL,NULL,'Leeds',NULL,1),(111,NULL,'GB',NULL,NULL,'Unit 4','Shapely Industrial Estate','Harehills','','2015-10-07 08:04:03','2015-10-07 08:04:03',NULL,NULL,NULL,NULL,'LS9 2FA',NULL,NULL,'Leeds',NULL,1),(112,NULL,'GB',NULL,NULL,'A Place','123 Some Street','Some Area','','2015-10-07 08:04:03','2015-10-07 08:04:03',NULL,NULL,NULL,NULL,'WM5 2FA',NULL,NULL,'Birmingham',NULL,1),(113,NULL,'GB',NULL,NULL,'Solway Business Centre','Kingstown','','','2015-10-07 08:04:03','2015-10-07 08:04:03',NULL,NULL,NULL,NULL,'CA6 4BY',NULL,NULL,'Carlisle',NULL,1),(114,NULL,'GB',NULL,NULL,'Unit 10','10 High Street','Alwoodley','','2015-10-07 08:04:03','2015-10-07 08:04:03',NULL,NULL,NULL,NULL,'LS7 9SD',NULL,NULL,'Leeds',NULL,1),(115,NULL,'GB',NULL,NULL,'123 House','A Street','An Area','','2015-10-07 08:04:03','2015-10-07 08:04:03',NULL,NULL,NULL,NULL,'LS12 1BB',NULL,NULL,'Leeds',NULL,1),(116,NULL,'GB',NULL,NULL,'DVSA','','','','2015-03-27 12:29:38',NULL,NULL,NULL,NULL,NULL,'LS9 6NF',NULL,NULL,'Leeds',NULL,1),(117,NULL,'GB',NULL,NULL,'DVSA','','','','2015-03-27 12:29:38',NULL,NULL,NULL,NULL,NULL,'LS9 6NF',NULL,NULL,'Leeds',NULL,1),(118,NULL,'GB',NULL,NULL,'DVSA','','','','2015-03-27 12:30:12',NULL,NULL,NULL,NULL,NULL,'LS9 6NF',NULL,NULL,'Leeds',NULL,1),(119,NULL,'GB',NULL,NULL,'DVSA','','','','2015-03-27 12:31:05',NULL,NULL,NULL,NULL,NULL,'LS9 6NF',NULL,NULL,'Leeds',NULL,1),(120,NULL,'GB',NULL,NULL,'DVSA','','','','2015-03-27 12:29:38',NULL,NULL,NULL,NULL,NULL,'LS9 6NF',NULL,NULL,'Leeds',NULL,1),(121,NULL,'GB',NULL,NULL,'DVSA','','','','2015-03-27 12:29:38',NULL,NULL,NULL,NULL,NULL,'LS9 6NF',NULL,NULL,'Leeds',NULL,1),(122,NULL,'GB',NULL,NULL,'DVSA','','','','2015-03-27 12:30:12',NULL,NULL,NULL,NULL,NULL,'LS9 6NF',NULL,NULL,'Leeds',NULL,1),(123,NULL,'GB',NULL,NULL,'DVSA','','','','2015-03-27 12:31:05',NULL,NULL,NULL,NULL,NULL,'LS9 6NF',NULL,NULL,'Leeds',NULL,1),(124,NULL,'GB',NULL,NULL,'Address Line 1','Address Line 2','Address Line 3','Address Line 4',NULL,NULL,NULL,NULL,NULL,NULL,'LS9 6NF',NULL,NULL,'Address Line 5',NULL,1),(125,NULL,'GB',NULL,NULL,'Address Line 1','Address Line 2','Address Line 3','Address Line 4',NULL,NULL,NULL,NULL,NULL,NULL,'LS9 6NF',NULL,NULL,'Address Line 5',NULL,1),(283,NULL,'GB',NULL,NULL,'Address Line 1','Address Line 2','Address Line 3','Address Line 4',NULL,NULL,NULL,NULL,NULL,NULL,'LS9 6NF',NULL,NULL,'Address Line 5',NULL,1),(284,NULL,'GB',NULL,NULL,'Hillcrest House','386 Harehills Lane',NULL,NULL,NULL,NULL,NULL,NULL,NULL,NULL,'LS9 6NF',NULL,NULL,'Leeds',NULL,1);
/*!40000 ALTER TABLE `address` ENABLE KEYS */;
UNLOCK TABLES;

--
-- Dumping data for table `admin_area_traffic_area`
--

LOCK TABLES `admin_area_traffic_area` WRITE;
/*!40000 ALTER TABLE `admin_area_traffic_area` DISABLE KEYS */;
INSERT INTO `admin_area_traffic_area` (`id`, `created_by`, `last_modified_by`, `traffic_area_id`, `created_on`, `last_modified_on`, `version`) VALUES ('ABERDEEN C ITY',NULL,NULL,'M',NULL,NULL,1),('ABERDEEN CITY',NULL,NULL,'M',NULL,NULL,1),('ABERDEEN CUTY',NULL,NULL,'M',NULL,NULL,1),('Aberdeenshire',NULL,NULL,'M',NULL,NULL,1),('ANGUS',NULL,NULL,'M',NULL,NULL,1),('ARGYLL AND BUTE',NULL,NULL,'M',NULL,NULL,1),('AYR',NULL,NULL,'M',NULL,NULL,1),('AYRSHIRE',NULL,NULL,'M',NULL,NULL,1),('BARKING AND DAGENHAM',NULL,NULL,'K',NULL,NULL,1),('BARNET',NULL,NULL,'K',NULL,NULL,1),('BARNSLEY',NULL,NULL,'B',NULL,NULL,1),('BATH AND NORTH EAST SOMERSET',NULL,NULL,'H',NULL,NULL,1),('BEDFORD',NULL,NULL,'F',NULL,NULL,1),('BEXLEY',NULL,NULL,'K',NULL,NULL,1),('BIRMINGHAM',NULL,NULL,'D',NULL,NULL,1),('BLACKBURN WITH DARWEN',NULL,NULL,'C',NULL,NULL,1),('BLACKPOOL',NULL,NULL,'C',NULL,NULL,1),('BLAENAU GWENT',NULL,NULL,'G',NULL,NULL,1),('BOLTON',NULL,NULL,'C',NULL,NULL,1),('BOURNEMOUTH',NULL,NULL,'H',NULL,NULL,1),('BRACKNELL FOREST',NULL,NULL,'H',NULL,NULL,1),('BRADFORD MDC',NULL,NULL,'B',NULL,NULL,1),('BRENT',NULL,NULL,'K',NULL,NULL,1),('BRIDGEND COUNTY BOROUGH',NULL,NULL,'G',NULL,NULL,1),('BRIGHTON & HOVE',NULL,NULL,'K',NULL,NULL,1),('BRISTOL',NULL,NULL,'H',NULL,NULL,1),('BUCKINGHAMSHIRE',NULL,NULL,'F',NULL,NULL,1),('BURY',NULL,NULL,'C',NULL,NULL,1),('CAERPHILLY COUNTY BOROUGH',NULL,NULL,'G',NULL,NULL,1),('CALDERDALE',NULL,NULL,'B',NULL,NULL,1),('CAMBRIDGESHIRE',NULL,NULL,'F',NULL,NULL,1),('CAMDEN',NULL,NULL,'K',NULL,NULL,1),('CARDIFF',NULL,NULL,'G',NULL,NULL,1),('CARMARTHENSHIRE',NULL,NULL,'G',NULL,NULL,1),('CENTRAL BEDFORDSHIRE',NULL,NULL,'F',NULL,NULL,1),('CEREDIGION',NULL,NULL,'G',NULL,NULL,1),('CHESHIRE EAST',NULL,NULL,'C',NULL,NULL,1),('CHESHIRE WEST AND CHESTER',NULL,NULL,'C',NULL,NULL,1),('CITY OF EDINBURGH',NULL,NULL,'M',NULL,NULL,1),('CITY OF LONDON',NULL,NULL,'K',NULL,NULL,1),('CITY OF STOKE-ON-TRENT',NULL,NULL,'D',NULL,NULL,1),('CITY OF WESTMINSTER',NULL,NULL,'K',NULL,NULL,1),('CLACKMANNANSHIRE',NULL,NULL,'M',NULL,NULL,1),('CONWY',NULL,NULL,'G',NULL,NULL,1),('CORNWALL',NULL,NULL,'H',NULL,NULL,1),('COVENTRY',NULL,NULL,'D',NULL,NULL,1),('CROYDON',NULL,NULL,'K',NULL,NULL,1),('CUMBRIA',NULL,NULL,'C',NULL,NULL,1),('DARLINGTON',NULL,NULL,'B',NULL,NULL,1),('DENBIGHSHIRE',NULL,NULL,'G',NULL,NULL,1),('DERBY',NULL,NULL,'C',NULL,NULL,1),('DERBYSHIRE',NULL,NULL,'C',NULL,NULL,1),('DEVON',NULL,NULL,'H',NULL,NULL,1),('DONCASTER',NULL,NULL,'B',NULL,NULL,1),('DORSET',NULL,NULL,'H',NULL,NULL,1),('DUDLEY',NULL,NULL,'D',NULL,NULL,1),('DUMFRIES AND GALLOWAY',NULL,NULL,'M',NULL,NULL,1),('DUNDEE CITY',NULL,NULL,'M',NULL,NULL,1),('DURHAM',NULL,NULL,'B',NULL,NULL,1),('EALING',NULL,NULL,'K',NULL,NULL,1),('EAS DUNBARTONSHIRE',NULL,NULL,'M',NULL,NULL,1),('EASE DUNBARTONSHIRE',NULL,NULL,'M',NULL,NULL,1),('EAST AYRSHIRE',NULL,NULL,'M',NULL,NULL,1),('EAST DUNBARTONSHIRE',NULL,NULL,'M',NULL,NULL,1),('EAST DUNNBARTONSHIRE',NULL,NULL,'M',NULL,NULL,1),('EAST LOTHIAN',NULL,NULL,'M',NULL,NULL,1),('EAST RENFREWSHIRE',NULL,NULL,'M',NULL,NULL,1),('EAST RIDING OF YORKSHIRE',NULL,NULL,'B',NULL,NULL,1),('EAST SUSSEX',NULL,NULL,'K',NULL,NULL,1),('EASTDUNBARTONSHIRE',NULL,NULL,'M',NULL,NULL,1),('ENFIELD',NULL,NULL,'K',NULL,NULL,1),('ESSEX',NULL,NULL,'F',NULL,NULL,1),('FALKIRK',NULL,NULL,'M',NULL,NULL,1),('FIFE',NULL,NULL,'M',NULL,NULL,1),('FLINTSHIRE',NULL,NULL,'G',NULL,NULL,1),('GATESHEAD',NULL,NULL,'B',NULL,NULL,1),('GLASGOW',NULL,NULL,'M',NULL,NULL,1),('GLASGOW CITY',NULL,NULL,'M',NULL,NULL,1),('GLASGOW CITY COUCIL',NULL,NULL,'M',NULL,NULL,1),('GLOUCESTERSHIRE',NULL,NULL,'H',NULL,NULL,1),('GREATER LONDON',NULL,NULL,'K',NULL,NULL,1),('GREENWICH',NULL,NULL,'K',NULL,NULL,1),('GWYNEDD',NULL,NULL,'G',NULL,NULL,1),('HACKNEY',NULL,NULL,'K',NULL,NULL,1),('HALTON',NULL,NULL,'C',NULL,NULL,1),('HAMMERSMITH AND FULHAM',NULL,NULL,'K',NULL,NULL,1),('HAMPSHIRE',NULL,NULL,'H',NULL,NULL,1),('HARROW',NULL,NULL,'K',NULL,NULL,1),('HARTLEPOOL',NULL,NULL,'B',NULL,NULL,1),('HAVERING',NULL,NULL,'K',NULL,NULL,1),('HEREFORDSHIRE',NULL,NULL,'D',NULL,NULL,1),('HERTFORDSHIRE',NULL,NULL,'F',NULL,NULL,1),('HIGHANDS',NULL,NULL,'M',NULL,NULL,1),('HIGHLAND',NULL,NULL,'M',NULL,NULL,1),('HIGHLANDS',NULL,NULL,'M',NULL,NULL,1),('HILLINGDON',NULL,NULL,'K',NULL,NULL,1),('Inverclyde',NULL,NULL,'M',NULL,NULL,1),('ISLE OF ANGLESEY',NULL,NULL,'G',NULL,NULL,1),('ISLE OF ARRAN',NULL,NULL,'M',NULL,NULL,1),('ISLE OF CUMBRAE',NULL,NULL,'M',NULL,NULL,1),('ISLE OF WIGHT',NULL,NULL,'H',NULL,NULL,1),('ISLES OF SCILLY',NULL,NULL,'H',NULL,NULL,1),('ISLINGTON',NULL,NULL,'K',NULL,NULL,1),('KENSINGTON AND CHELSEA',NULL,NULL,'K',NULL,NULL,1),('KENT',NULL,NULL,'K',NULL,NULL,1),('KINGSTON UPON HULL',NULL,NULL,'B',NULL,NULL,1),('KINGSTON UPON THAMES',NULL,NULL,'K',NULL,NULL,1),('KIRKLEES',NULL,NULL,'B',NULL,NULL,1),('KNOWSLEY',NULL,NULL,'C',NULL,NULL,1),('LAMBETH',NULL,NULL,'K',NULL,NULL,1),('LANCASHIRE',NULL,NULL,'C',NULL,NULL,1),('LEEDS',NULL,NULL,'B',NULL,NULL,1),('LEICESTER CITY',NULL,NULL,'F',NULL,NULL,1),('LEICESTERSHIRE',NULL,NULL,'F',NULL,NULL,1),('LEWISHAM',NULL,NULL,'K',NULL,NULL,1),('LINCOLNSHIRE',NULL,NULL,'B',NULL,NULL,1),('LIVERPOOL',NULL,NULL,'C',NULL,NULL,1),('LONDON BOROUGH OF BROMLEY',NULL,NULL,'K',NULL,NULL,1),('LONDON BOROUGH OF HARINGEY',NULL,NULL,'K',NULL,NULL,1),('LONDON BOROUGH OF HAVERING',NULL,NULL,'K',NULL,NULL,1),('LONDON BOROUGH OF HOUNSLOW',NULL,NULL,'K',NULL,NULL,1),('LUTON',NULL,NULL,'F',NULL,NULL,1),('MANCHESTER',NULL,NULL,'C',NULL,NULL,1),('MEDWAY',NULL,NULL,'K',NULL,NULL,1),('MERTHYR TYDFIL UA',NULL,NULL,'G',NULL,NULL,1),('MERTON',NULL,NULL,'K',NULL,NULL,1),('MIDDLESBROUGH',NULL,NULL,'B',NULL,NULL,1),('MIDLOTHIAN',NULL,NULL,'M',NULL,NULL,1),('MILTON KEYNES',NULL,NULL,'F',NULL,NULL,1),('MONMOUTHSHIRE',NULL,NULL,'G',NULL,NULL,1),('MORAY',NULL,NULL,'M',NULL,NULL,1),('NA H-EILEANAN AN IAR',NULL,NULL,'M',NULL,NULL,1),('NEATH PORT TALBOT',NULL,NULL,'G',NULL,NULL,1),('NEWCASTLE UPON TYNE',NULL,NULL,'B',NULL,NULL,1),('NEWHAM',NULL,NULL,'K',NULL,NULL,1),('NEWPORT',NULL,NULL,'D',NULL,NULL,1),('NORFOLK',NULL,NULL,'F',NULL,NULL,1),('NORTH AYRSHIRE',NULL,NULL,'M',NULL,NULL,1),('NORTH EAST LINCOLNSHIRE',NULL,NULL,'B',NULL,NULL,1),('NORTH LANARKSHIRE',NULL,NULL,'M',NULL,NULL,1),('NORTH LINCOLNSHIRE',NULL,NULL,'B',NULL,NULL,1),('NORTH SOMERSET',NULL,NULL,'H',NULL,NULL,1),('NORTH TYNESIDE',NULL,NULL,'B',NULL,NULL,1),('NORTH YORKSHIRE',NULL,NULL,'B',NULL,NULL,1),('NORTHAMPTONSHIRE',NULL,NULL,'F',NULL,NULL,1),('NORTHUMBERLAND',NULL,NULL,'B',NULL,NULL,1),('NOTTINGHAM CITY',NULL,NULL,'B',NULL,NULL,1),('NOTTINGHAMSHIRE',NULL,NULL,'B',NULL,NULL,1),('OLDHAM',NULL,NULL,'C',NULL,NULL,1),('ORKNEY',NULL,NULL,'M',NULL,NULL,1),('ORKNEY ISLANDS',NULL,NULL,'M',NULL,NULL,1),('OXFORDSHIRE',NULL,NULL,'H',NULL,NULL,1),('PEMBROKESHIRE',NULL,NULL,'G',NULL,NULL,1),('Perth And Kinross',NULL,NULL,'M',NULL,NULL,1),('PETERBOROUGH',NULL,NULL,'F',NULL,NULL,1),('PLYMOUTH',NULL,NULL,'H',NULL,NULL,1),('POOLE',NULL,NULL,'H',NULL,NULL,1),('PORTSMOUTH CITY COUNCIL',NULL,NULL,'H',NULL,NULL,1),('POWYS',NULL,NULL,'G',NULL,NULL,1),('READING',NULL,NULL,'H',NULL,NULL,1),('REDBRIDGE',NULL,NULL,'K',NULL,NULL,1),('REDCAR AND CLEVELAND',NULL,NULL,'B',NULL,NULL,1),('Renfrewshire',NULL,NULL,'M',NULL,NULL,1),('RHONDDA CYNON TAFF',NULL,NULL,'G',NULL,NULL,1),('RICHMOND UPON THAMES',NULL,NULL,'K',NULL,NULL,1),('ROCHDALE',NULL,NULL,'C',NULL,NULL,1),('ROTHERHAM',NULL,NULL,'B',NULL,NULL,1),('RUTLAND',NULL,NULL,'F',NULL,NULL,1),('SALFORD',NULL,NULL,'C',NULL,NULL,1),('SANDWELL',NULL,NULL,'D',NULL,NULL,1),('SCOTTISH BORDERS',NULL,NULL,'M',NULL,NULL,1),('SEFTON COUNCIL',NULL,NULL,'C',NULL,NULL,1),('SHEFFIELD',NULL,NULL,'B',NULL,NULL,1),('SHETLAND',NULL,NULL,'M',NULL,NULL,1),('SHROPSHIRE',NULL,NULL,'D',NULL,NULL,1),('SLOUGH',NULL,NULL,'H',NULL,NULL,1),('SOLIHULL',NULL,NULL,'D',NULL,NULL,1),('SOMERSET',NULL,NULL,'H',NULL,NULL,1),('SOUTH AYRSHIRE',NULL,NULL,'M',NULL,NULL,1),('SOUTH AYSHIRE',NULL,NULL,'M',NULL,NULL,1),('SOUTH GLOUCESTERSHIRE',NULL,NULL,'H',NULL,NULL,1),('South Lanarkshire',NULL,NULL,'M',NULL,NULL,1),('SOUTH TYNESIDE',NULL,NULL,'B',NULL,NULL,1),('SOUTHAMPTON',NULL,NULL,'H',NULL,NULL,1),('SOUTHEND-ON-SEA',NULL,NULL,'F',NULL,NULL,1),('SOUTHWARK',NULL,NULL,'K',NULL,NULL,1),('ST HELENS COUNCIL',NULL,NULL,'C',NULL,NULL,1),('STAFFORDSHIRE',NULL,NULL,'D',NULL,NULL,1),('STIRLING',NULL,NULL,'M',NULL,NULL,1),('STOCKPORT',NULL,NULL,'B',NULL,NULL,1),('STOCKTON-ON-TEES',NULL,NULL,'B',NULL,NULL,1),('SUFFOLK',NULL,NULL,'F',NULL,NULL,1),('SUNDERLAND',NULL,NULL,'B',NULL,NULL,1),('SURREY',NULL,NULL,'K',NULL,NULL,1),('SUTTON',NULL,NULL,'K',NULL,NULL,1),('SWANSEA',NULL,NULL,'G',NULL,NULL,1),('SWINDON',NULL,NULL,'H',NULL,NULL,1),('TAMESIDE',NULL,NULL,'C',NULL,NULL,1),('TELFORD AND WREKIN',NULL,NULL,'D',NULL,NULL,1),('THURROCK',NULL,NULL,'F',NULL,NULL,1),('TORBAY',NULL,NULL,'H',NULL,NULL,1),('TORFAEN',NULL,NULL,'G',NULL,NULL,1),('TOWER HAMLETS',NULL,NULL,'K',NULL,NULL,1),('TRAFFORD',NULL,NULL,'C',NULL,NULL,1),('VALE OF GLAMORGAN',NULL,NULL,'G',NULL,NULL,1),('WAKEFIELD',NULL,NULL,'B',NULL,NULL,1),('WALSALL',NULL,NULL,'D',NULL,NULL,1),('WALTHAM FOREST',NULL,NULL,'K',NULL,NULL,1),('WARRINGTON',NULL,NULL,'C',NULL,NULL,1),('WARWICKSHIRE',NULL,NULL,'D',NULL,NULL,1),('WEST BERKSHIRE',NULL,NULL,'H',NULL,NULL,1),('WEST DUNBARTONSHIRE',NULL,NULL,'M',NULL,NULL,1),('West Lothian',NULL,NULL,'M',NULL,NULL,1),('WEST MIDLANDS',NULL,NULL,'D',NULL,NULL,1),('WEST SUSSEX',NULL,NULL,'K',NULL,NULL,1),('WEST YORKSHIRE',NULL,NULL,'B',NULL,NULL,1),('WIGAN',NULL,NULL,'C',NULL,NULL,1),('WILTSHIRE',NULL,NULL,'H',NULL,NULL,1),('WINDSOR AND MAIDENHEAD',NULL,NULL,'H',NULL,NULL,1),('WIRRAL',NULL,NULL,'C',NULL,NULL,1),('WOKINGHAM',NULL,NULL,'H',NULL,NULL,1),('WOLVERHAMPTON',NULL,NULL,'D',NULL,NULL,1),('WORCESTERSHIRE',NULL,NULL,'D',NULL,NULL,1),('WREXHAM',NULL,NULL,'G',NULL,NULL,1),('YORK',NULL,NULL,'B',NULL,NULL,1);
/*!40000 ALTER TABLE `admin_area_traffic_area` ENABLE KEYS */;
UNLOCK TABLES;

--
-- Dumping data for table `appeal`
--

LOCK TABLES `appeal` WRITE;
/*!40000 ALTER TABLE `appeal` DISABLE KEYS */;
/*!40000 ALTER TABLE `appeal` ENABLE KEYS */;
UNLOCK TABLES;

--
-- Dumping data for table `application`
--

LOCK TABLES `application` WRITE;
/*!40000 ALTER TABLE `application` DISABLE KEYS */;
INSERT INTO `application` (`id`, `applied_via`, `created_by`, `goods_or_psv`, `interim_status`, `last_modified_by`, `licence_id`, `licence_type`, `status`, `withdrawn_reason`, `administration`, `auth_signature`, `bankrupt`, `convictions_confirmation`, `created_on`, `declaration_confirmation`, `deleted_date`, `disqualified`, `financial_evidence_uploaded`, `granted_date`, `has_entered_reg`, `insolvency_confirmation`, `insolvency_details`, `interim_auth_trailers`, `interim_auth_vehicles`, `interim_end`, `interim_reason`, `interim_start`, `is_maintenance_suitable`, `is_variation`, `last_modified_on`, `liquidation`, `ni_flag`, `override_ooo`, `prev_been_at_pi`, `prev_been_disqualified_tc`, `prev_been_refused`, `prev_been_revoked`, `prev_conviction`, `prev_had_licence`, `prev_has_licence`, `prev_purchased_assets`, `psv_limousines`, `psv_medium_vhl_confirmation`, `psv_medium_vhl_notes`, `psv_no_limousine_confirmation`, `psv_no_small_vhl_confirmation`, `psv_only_limousines_confirmation`, `psv_operate_small_vhl`, `psv_small_vhl_confirmation`, `psv_small_vhl_notes`, `received_date`, `receivership`, `refused_date`, `safety_confirmation`, `target_completion_date`, `tot_auth_large_vehicles`, `tot_auth_medium_vehicles`, `tot_auth_small_vehicles`, `tot_auth_trailers`, `tot_auth_vehicles`, `tot_community_licences`, `version`, `withdrawn_date`) VALUES (1,'applied_via_selfserve',NULL,'lcat_gv','int_sts_requested',NULL,7,'ltyp_si','apsts_not_submitted',NULL,NULL,0,NULL,0,'2015-10-07 08:04:03',0,NULL,NULL,NULL,NULL,NULL,0,NULL,20,10,'2015-01-01','Interim reason','2014-01-01',NULL,0,NULL,NULL,0,0,NULL,NULL,NULL,NULL,NULL,NULL,NULL,NULL,NULL,NULL,NULL,NULL,NULL,NULL,NULL,NULL,NULL,'2010-12-15 10:48:00',NULL,NULL,0,NULL,NULL,NULL,NULL,NULL,NULL,NULL,1,NULL),(2,'applied_via_selfserve',NULL,'lcat_gv',NULL,NULL,7,NULL,'apsts_not_submitted',NULL,NULL,0,NULL,0,NULL,0,NULL,NULL,NULL,NULL,NULL,0,NULL,NULL,NULL,NULL,NULL,NULL,NULL,1,NULL,NULL,0,0,NULL,NULL,NULL,NULL,NULL,NULL,NULL,NULL,NULL,NULL,NULL,NULL,NULL,NULL,NULL,NULL,NULL,'2014-12-15 10:48:00',NULL,NULL,0,'2015-02-16 10:48:00',NULL,NULL,NULL,NULL,NULL,NULL,1,NULL),(3,'applied_via_selfserve',NULL,'lcat_gv',NULL,NULL,210,NULL,'apsts_not_submitted',NULL,NULL,0,NULL,0,'2015-10-07 08:04:03',0,NULL,NULL,NULL,NULL,NULL,0,NULL,NULL,NULL,NULL,NULL,NULL,NULL,0,NULL,NULL,0,0,NULL,NULL,NULL,NULL,NULL,NULL,NULL,NULL,NULL,NULL,NULL,NULL,NULL,NULL,NULL,NULL,NULL,NULL,NULL,NULL,0,NULL,NULL,NULL,NULL,NULL,NULL,NULL,1,NULL),(6,'applied_via_selfserve',NULL,'lcat_psv',NULL,NULL,114,NULL,'apsts_not_submitted',NULL,NULL,0,NULL,0,'2014-04-30 12:09:37',0,NULL,NULL,NULL,NULL,NULL,0,NULL,NULL,NULL,NULL,NULL,NULL,NULL,0,'2014-04-30 12:09:39',NULL,1,0,NULL,NULL,NULL,NULL,NULL,NULL,NULL,NULL,NULL,NULL,NULL,NULL,NULL,NULL,NULL,NULL,NULL,'2014-12-15 10:48:00',NULL,NULL,0,'2015-02-16 10:48:00',NULL,NULL,NULL,NULL,NULL,NULL,1,NULL),(7,'applied_via_selfserve',NULL,'lcat_gv',NULL,NULL,211,'ltyp_sn','apsts_not_submitted',NULL,0,0,0,1,'2015-03-27 12:28:06',1,NULL,0,0,NULL,0,1,'',NULL,NULL,NULL,NULL,NULL,NULL,0,'2015-03-27 12:32:04',0,0,0,0,0,0,0,0,0,0,0,NULL,NULL,NULL,NULL,NULL,NULL,NULL,NULL,NULL,NULL,0,NULL,1,NULL,NULL,NULL,NULL,1,1,NULL,10,NULL),(8,'applied_via_selfserve',NULL,'lcat_gv',NULL,NULL,212,'ltyp_sn','apsts_consideration',NULL,0,0,0,1,'2015-03-27 12:28:06',1,NULL,0,0,NULL,0,1,'',NULL,NULL,NULL,NULL,NULL,NULL,0,'2015-03-27 12:32:04',0,1,0,0,0,0,0,0,0,0,0,NULL,NULL,NULL,NULL,NULL,NULL,NULL,NULL,NULL,'2015-03-27 12:34:56',0,NULL,1,NULL,NULL,NULL,NULL,1,1,NULL,10,NULL);
/*!40000 ALTER TABLE `application` ENABLE KEYS */;
UNLOCK TABLES;

--
-- Dumping data for table `application_completion`
--

LOCK TABLES `application_completion` WRITE;
/*!40000 ALTER TABLE `application_completion` DISABLE KEYS */;
INSERT INTO `application_completion` (`id`, `application_id`, `created_by`, `last_modified_by`, `addresses_status`, `business_details_status`, `business_type_status`, `community_licences_status`, `conditions_undertakings_status`, `convictions_penalties_status`, `created_on`, `declarations_internal_status`, `discs_status`, `financial_evidence_status`, `financial_history_status`, `last_modified_on`, `last_section`, `licence_history_status`, `operating_centres_status`, `people_status`, `safety_status`, `taxi_phv_status`, `transport_managers_status`, `type_of_licence_status`, `undertakings_status`, `vehicles_declarations_status`, `vehicles_psv_status`, `vehicles_status`, `version`) VALUES (1,1,NULL,NULL,NULL,NULL,NULL,NULL,NULL,NULL,NULL,NULL,NULL,NULL,NULL,NULL,NULL,NULL,NULL,NULL,NULL,NULL,NULL,NULL,NULL,NULL,NULL,NULL,1),(2,2,NULL,NULL,NULL,NULL,NULL,NULL,NULL,NULL,NULL,NULL,NULL,NULL,NULL,NULL,NULL,NULL,NULL,NULL,NULL,NULL,NULL,NULL,NULL,NULL,NULL,NULL,1),(3,3,NULL,NULL,NULL,NULL,NULL,NULL,NULL,NULL,NULL,NULL,NULL,NULL,NULL,NULL,NULL,NULL,NULL,NULL,NULL,NULL,NULL,NULL,NULL,NULL,NULL,NULL,1),(4,7,NULL,NULL,2,2,2,NULL,NULL,2,'2015-03-27 12:28:07',NULL,NULL,2,2,'2015-03-27 12:32:04',NULL,2,2,2,2,NULL,2,2,2,NULL,NULL,2,19),(5,8,NULL,NULL,2,2,2,NULL,NULL,2,'2015-03-27 12:28:07',NULL,NULL,2,2,'2015-03-27 12:32:04',NULL,2,2,2,2,NULL,2,2,2,NULL,NULL,2,19);
/*!40000 ALTER TABLE `application_completion` ENABLE KEYS */;
UNLOCK TABLES;

--
-- Dumping data for table `application_operating_centre`
--

LOCK TABLES `application_operating_centre` WRITE;
/*!40000 ALTER TABLE `application_operating_centre` DISABLE KEYS */;
INSERT INTO `application_operating_centre` (`id`, `application_id`, `created_by`, `last_modified_by`, `operating_centre_id`, `s4_id`, `action`, `ad_placed`, `ad_placed_date`, `ad_placed_in`, `created_on`, `deleted_date`, `is_interim`, `last_modified_on`, `no_of_trailers_required`, `no_of_vehicles_required`, `olbs_key`, `permission`, `publication_appropriate`, `sufficient_parking`, `version`, `vi_action`) VALUES (1,1,NULL,NULL,16,NULL,'A',0,'2014-03-13',NULL,NULL,NULL,1,NULL,23,34,NULL,1,0,1,1,NULL),(2,1,NULL,NULL,16,NULL,NULL,0,'2014-03-21',NULL,NULL,NULL,0,NULL,23,34,NULL,1,0,1,1,NULL),(3,1,NULL,NULL,16,NULL,'U',0,'2014-04-01',NULL,NULL,NULL,0,NULL,23,34,NULL,1,0,1,1,NULL),(4,7,NULL,NULL,73,NULL,'A',0,NULL,'','2015-03-27 12:30:12',NULL,0,NULL,1,1,NULL,1,0,1,1,NULL),(5,8,NULL,NULL,74,NULL,'A',0,NULL,'','2015-03-27 12:30:12',NULL,0,NULL,1,1,NULL,1,0,1,1,NULL);
/*!40000 ALTER TABLE `application_operating_centre` ENABLE KEYS */;
UNLOCK TABLES;

--
-- Dumping data for table `application_organisation_person`
--

LOCK TABLES `application_organisation_person` WRITE;
/*!40000 ALTER TABLE `application_organisation_person` DISABLE KEYS */;
/*!40000 ALTER TABLE `application_organisation_person` ENABLE KEYS */;
UNLOCK TABLES;

--
-- Dumping data for table `application_tracking`
--

LOCK TABLES `application_tracking` WRITE;
/*!40000 ALTER TABLE `application_tracking` DISABLE KEYS */;
INSERT INTO `application_tracking` (`id`, `application_id`, `created_by`, `last_modified_by`, `addresses_status`, `business_details_status`, `business_type_status`, `community_licences_status`, `conditions_undertakings_status`, `convictions_penalties_status`, `created_on`, `declarations_internal_status`, `discs_status`, `financial_evidence_status`, `financial_history_status`, `last_modified_on`, `licence_history_status`, `operating_centres_status`, `people_status`, `safety_status`, `taxi_phv_status`, `transport_managers_status`, `type_of_licence_status`, `vehicles_declarations_status`, `vehicles_psv_status`, `vehicles_status`, `version`) VALUES (1,1,NULL,NULL,NULL,NULL,NULL,NULL,NULL,NULL,NULL,NULL,NULL,NULL,NULL,NULL,NULL,NULL,NULL,NULL,NULL,NULL,NULL,NULL,NULL,NULL,1),(2,2,NULL,NULL,NULL,NULL,NULL,NULL,NULL,NULL,NULL,NULL,NULL,NULL,NULL,NULL,NULL,NULL,NULL,NULL,NULL,NULL,NULL,NULL,NULL,NULL,1),(3,3,NULL,NULL,NULL,NULL,NULL,NULL,NULL,NULL,NULL,NULL,NULL,NULL,NULL,NULL,NULL,NULL,NULL,NULL,NULL,NULL,NULL,NULL,NULL,NULL,1),(4,7,NULL,NULL,NULL,NULL,NULL,NULL,NULL,NULL,'2015-03-27 12:28:07',NULL,NULL,NULL,NULL,NULL,NULL,NULL,NULL,NULL,NULL,NULL,NULL,NULL,NULL,NULL,1),(5,8,NULL,NULL,1,1,1,NULL,3,1,'2015-03-27 12:28:07',1,NULL,1,1,NULL,1,1,1,1,NULL,1,1,NULL,NULL,1,1);
/*!40000 ALTER TABLE `application_tracking` ENABLE KEYS */;
UNLOCK TABLES;

--
-- Dumping data for table `bus_notice_period`
--

LOCK TABLES `bus_notice_period` WRITE;
/*!40000 ALTER TABLE `bus_notice_period` DISABLE KEYS */;
INSERT INTO `bus_notice_period` (`id`, `created_by`, `last_modified_by`, `cancellation_period`, `created_on`, `last_modified_on`, `notice_area`, `standard_period`, `version`) VALUES (1,NULL,NULL,90,NULL,NULL,'Scotland',56,1),(2,NULL,NULL,0,NULL,NULL,'Other',56,1);
/*!40000 ALTER TABLE `bus_notice_period` ENABLE KEYS */;
UNLOCK TABLES;

--
-- Dumping data for table `bus_reg`
--

LOCK TABLES `bus_reg` WRITE;
/*!40000 ALTER TABLE `bus_reg` DISABLE KEYS */;
INSERT INTO `bus_reg` (`id`, `bus_notice_period_id`, `created_by`, `last_modified_by`, `licence_id`, `parent_id`, `revert_status`, `status`, `subsidised`, `withdrawn_reason`, `application_signed`, `copied_to_la_pte`, `created_on`, `deleted_date`, `ebsr_refresh`, `effective_date`, `end_date`, `finish_point`, `has_manoeuvre`, `has_not_fixed_stop`, `is_quality_contract`, `is_quality_partnership`, `is_short_notice`, `is_txc_app`, `la_short_note`, `last_modified_on`, `manoeuvre_detail`, `map_supplied`, `need_new_stop`, `new_stop_detail`, `not_fixed_stop_detail`, `olbs_key`, `op_notified_la_pte`, `organisation_email`, `other_details`, `quality_contract_details`, `quality_partnership_details`, `quality_partnership_facilities_used`, `reason_cancelled`, `reason_refused`, `reason_sn_refused`, `received_date`, `reg_no`, `route_description`, `route_no`, `service_no`, `short_notice_refused`, `start_point`, `status_change_date`, `stopping_arrangements`, `subsidy_detail`, `timetable_acceptable`, `trc_condition_checked`, `trc_notes`, `txc_app_type`, `use_all_stops`, `variation_no`, `version`, `via`) VALUES (1,2,1,1,110,NULL,'breg_s_new','breg_s_new','bs_no','',0,0,NULL,NULL,1,'2014-03-15',NULL,'Sheffield',0,0,0,0,0,1,0,NULL,'',0,0,'','',NULL,0,'','Other details',NULL,NULL,0,'','','','2014-03-13','PD2737280/1','Route description',1,'90839',0,'Doncaster',NULL,'Stopping arrangements','',0,0,'Trc notes','0',0,0,1,'York'),(2,2,1,1,110,NULL,'breg_s_new','breg_s_registered','bs_no','',0,0,NULL,NULL,0,'2014-03-05',NULL,'Doncaster',0,0,0,0,0,0,0,NULL,'',0,0,'','',NULL,0,'','Other details',NULL,NULL,0,'','','','2014-02-27','PD2737280/2','Route description',2,'46474',0,'Leeds',NULL,'Stopping arrangements','',0,0,'Trc notes','1',0,0,1,'York'),(3,1,1,1,110,NULL,'breg_s_new','breg_s_new','bs_no','',0,0,NULL,NULL,0,'2014-03-14',NULL,'Edinburgh',0,0,0,0,0,0,0,NULL,'',0,0,'','',NULL,0,'','Other details',NULL,NULL,0,'','','','2014-03-11','PD2737280/3','Scotish Route description',3,'34254',0,'Aberdeen',NULL,'Stopping arrangements','',0,0,'Trc notes','0',0,0,1,'Dundee'),(4,2,1,1,110,NULL,'breg_s_new','breg_s_new','bs_no','',0,0,NULL,NULL,1,'2014-05-31',NULL,'Doncaster',0,0,0,0,0,1,0,NULL,'',0,0,'','',NULL,0,'','Other details',NULL,NULL,0,'','','','2014-05-24','PD2737280/4','Non-scottish Route description cancelled',4,'26453',0,'Leeds',NULL,'Stopping arrangements','',0,0,'Trc notes','0',0,0,1,'York'),(5,2,1,1,110,2,'breg_s_var','breg_s_registered','bs_no','',0,0,NULL,NULL,1,'2014-03-05',NULL,'Doncaster',0,0,0,0,0,1,0,NULL,'',0,0,'','',NULL,0,'','Other details',NULL,NULL,0,'','','','2014-02-27','PD2737280/2','Route description change 1',2,'46474',0,'Leeds',NULL,'Stopping arrangements','',0,0,'Trc notes','1',0,1,1,'York'),(6,2,1,1,110,5,'breg_s_var','breg_s_registered','bs_no','',0,0,NULL,NULL,1,'2014-03-08',NULL,'Doncaster',0,0,0,0,0,1,0,NULL,'',0,0,'','',NULL,0,'','Other details',NULL,NULL,0,'','','','2014-02-27','PD2737280/2','Route description change 2',2,'46474',0,'Leeds',NULL,'Stopping arrangements','',0,0,'Trc notes','1',0,2,1,'York'),(7,2,1,1,110,6,'breg_s_var','breg_s_registered','bs_no','',0,0,NULL,NULL,1,'2014-03-10',NULL,'Doncaster',0,0,0,0,0,0,0,NULL,'',0,0,'','',NULL,0,'','Other details',NULL,NULL,0,'','','','2014-02-27','PD2737280/2','Route description change 3',2,'46474',0,'Leeds',NULL,'Stopping arrangements change 3','',0,0,'Trc notes','1',0,3,1,'York'),(8,1,1,1,110,3,'breg_s_var','breg_s_registered','bs_no','',0,0,NULL,NULL,0,'2014-03-15',NULL,'Edinburgh',0,0,0,0,0,1,0,NULL,'',0,0,'','',NULL,0,'','Other details',NULL,NULL,0,'','','','2014-03-15','PD2737280/3','Scotish Route description',3,'34254',0,'Aberdeen',NULL,'Stopping arrangements','',0,0,'Trc notes','0',0,1,1,'Dundee'),(9,1,1,1,110,8,'breg_s_var','breg_s_registered','bs_no','',0,0,NULL,NULL,0,'2014-03-11',NULL,'Edinburgh',0,0,0,0,0,1,0,NULL,'',0,0,'','',NULL,0,'','Other details',NULL,NULL,0,'','','','2014-03-11','PD2737280/3','Scotish Route description',3,'34254',0,'Aberdeen',NULL,'Stopping arrangements','',0,0,'Trc notes','0',0,2,1,'Dundee'),(10,1,1,1,110,9,'breg_s_var','breg_s_registered','bs_no','',0,0,NULL,NULL,0,'2014-03-14',NULL,'Edinburgh',0,0,0,0,0,1,0,NULL,'',0,0,'','',NULL,0,'','Other details',NULL,NULL,0,'','','','2014-03-12','PD2737280/3','Scotish Route description',3,'34254',0,'Aberdeen',NULL,'Stopping arrangements','',0,0,'Trc notes','0',0,3,1,'Dundee'),(11,1,1,1,110,10,'breg_s_var','breg_s_registered','bs_no','',0,0,NULL,NULL,0,'2014-03-14',NULL,'Edinburgh',0,0,0,0,0,1,0,NULL,'',0,0,'','',NULL,0,'','Other details',NULL,NULL,0,'','','','2014-03-13','PD2737280/3','Scotish Route description',3,'34254',0,'Aberdeen',NULL,'Stopping arrangements','',0,0,'Trc notes','0',0,4,1,'Dundee'),(12,2,1,1,110,4,'breg_s_new','breg_s_var','bs_no','',0,0,NULL,NULL,0,'2014-05-27',NULL,'Doncaster',0,0,0,0,0,1,0,NULL,'',0,0,'','',NULL,0,'','Other details',NULL,NULL,0,'','','','2014-05-27','PD2737280/4','Non-scottish Route description cancelled',4,'26453',0,'Leeds',NULL,'Stopping arrangements','',0,0,'Trc notes','0',0,1,1,'York'),(13,2,1,1,110,7,'breg_s_var','breg_s_registered','bs_no','',0,0,NULL,NULL,1,'2014-03-10',NULL,'Doncaster',0,0,0,0,0,0,0,NULL,'',0,0,'','',NULL,0,'','Other details',NULL,NULL,0,'','','','2014-02-27','PD2737280/2','Route description change 4',2,'46474',0,'Leeds',NULL,'Stopping arrangements change 3','',0,0,'Trc notes','1',0,4,1,'York'),(14,2,1,1,110,13,'breg_s_var','breg_s_registered','bs_no','',0,0,NULL,NULL,1,'2014-03-10',NULL,'Doncaster',0,0,0,0,0,0,0,NULL,'',0,0,'','',NULL,0,'','Other details',NULL,NULL,0,'','','','2014-02-27','PD2737280/2','Route description change 5',2,'46474',0,'Leeds',NULL,'Stopping arrangements change 4','',0,0,'Trc notes','1',0,5,1,'York'),(15,2,1,1,110,14,'breg_s_var','breg_s_cancellation','bs_no','',0,0,NULL,NULL,1,'2014-03-10',NULL,'Doncaster',0,0,0,0,0,0,0,NULL,'',0,0,'','',NULL,0,'','Other details',NULL,NULL,0,'','','','2014-02-27','PD2737280/2','Route description change 6',2,'46474',0,'Leeds',NULL,'Stopping arrangements change 3','',0,0,'Trc notes','1',0,6,1,'York');
/*!40000 ALTER TABLE `bus_reg` ENABLE KEYS */;
UNLOCK TABLES;

--
-- Dumping data for table `bus_reg_bus_service_type`
--

LOCK TABLES `bus_reg_bus_service_type` WRITE;
/*!40000 ALTER TABLE `bus_reg_bus_service_type` DISABLE KEYS */;
INSERT INTO `bus_reg_bus_service_type` (`bus_reg_id`, `bus_service_type_id`) VALUES (1,1),(1,3),(1,4),(2,5),(2,6),(2,9),(12,2),(12,4),(12,10),(15,5);
/*!40000 ALTER TABLE `bus_reg_bus_service_type` ENABLE KEYS */;
UNLOCK TABLES;

--
-- Dumping data for table `bus_reg_local_auth`
--

LOCK TABLES `bus_reg_local_auth` WRITE;
/*!40000 ALTER TABLE `bus_reg_local_auth` DISABLE KEYS */;
INSERT INTO `bus_reg_local_auth` (`bus_reg_id`, `local_authority_id`) VALUES (1,3),(1,6),(1,8),(2,3),(2,6),(2,8);
/*!40000 ALTER TABLE `bus_reg_local_auth` ENABLE KEYS */;
UNLOCK TABLES;

--
-- Dumping data for table `bus_reg_other_service`
--

LOCK TABLES `bus_reg_other_service` WRITE;
/*!40000 ALTER TABLE `bus_reg_other_service` DISABLE KEYS */;
INSERT INTO `bus_reg_other_service` (`id`, `bus_reg_id`, `created_by`, `last_modified_by`, `created_on`, `last_modified_on`, `olbs_key`, `service_no`, `version`) VALUES (1,1,1,1,'2013-11-25 00:00:00','2013-11-27 13:41:00',NULL,'90840',1),(2,1,1,1,'2013-11-26 00:00:00','2013-11-28 15:47:00',NULL,'90841',1),(3,2,1,1,'2013-11-25 00:00:00','2013-11-27 13:41:00',NULL,'46480',1),(4,2,1,1,'2013-11-26 00:00:00','2013-11-28 15:47:00',NULL,'46496',1),(5,12,1,1,'2013-11-25 00:00:00','2013-11-27 13:41:00',NULL,'13249',1),(6,12,1,1,'2013-11-26 00:00:00','2013-11-28 15:47:00',NULL,'13355',1),(7,15,1,1,'2013-11-25 00:00:00','2013-11-27 13:41:00',NULL,'15712',1),(8,15,1,1,'2013-11-26 00:00:00','2013-11-28 15:47:00',NULL,'15719',1);
/*!40000 ALTER TABLE `bus_reg_other_service` ENABLE KEYS */;
UNLOCK TABLES;

--
-- Dumping data for table `bus_reg_traffic_area`
--

LOCK TABLES `bus_reg_traffic_area` WRITE;
/*!40000 ALTER TABLE `bus_reg_traffic_area` DISABLE KEYS */;
INSERT INTO `bus_reg_traffic_area` (`bus_reg_id`, `traffic_area_id`) VALUES (1,'B'),(1,'G'),(2,'B'),(2,'G'),(12,'B'),(12,'D'),(12,'F'),(15,'B'),(15,'H'),(15,'M');
/*!40000 ALTER TABLE `bus_reg_traffic_area` ENABLE KEYS */;
UNLOCK TABLES;

--
-- Dumping data for table `bus_reg_variation_reason`
--

LOCK TABLES `bus_reg_variation_reason` WRITE;
/*!40000 ALTER TABLE `bus_reg_variation_reason` DISABLE KEYS */;
INSERT INTO `bus_reg_variation_reason` (`bus_reg_id`, `variation_reason_id`) VALUES (12,'brvr_start_end'),(12,'brvr_stops'),(12,'brvr_timetable');
/*!40000 ALTER TABLE `bus_reg_variation_reason` ENABLE KEYS */;
UNLOCK TABLES;

--
-- Dumping data for table `bus_service_type`
--

LOCK TABLES `bus_service_type` WRITE;
/*!40000 ALTER TABLE `bus_service_type` DISABLE KEYS */;
INSERT INTO `bus_service_type` (`id`, `description`, `txc_name`) VALUES (1,'Normal Stopping','NormalStopping'),(2,'Limited Stop','LimitedStops'),(3,'Frequent Service',NULL),(4,'Hail & Ride','HailAndRide'),(5,'Excursion or Tour','ExcursionOrTour'),(6,'School or Works','SchoolOrWorks'),(7,'Dial-a-ride','DialARide'),(8,'Circular',NULL),(9,'Rural Bus Service','RuralService'),(10,'Flexible Registration','Flexible');
/*!40000 ALTER TABLE `bus_service_type` ENABLE KEYS */;
UNLOCK TABLES;

--
-- Dumping data for table `bus_short_notice`
--

LOCK TABLES `bus_short_notice` WRITE;
/*!40000 ALTER TABLE `bus_short_notice` DISABLE KEYS */;
INSERT INTO `bus_short_notice` (`id`, `bus_reg_id`, `created_by`, `last_modified_by`, `bank_holiday_change`, `connection_change`, `connection_detail`, `created_on`, `holiday_change`, `holiday_detail`, `last_modified_on`, `not_available_change`, `not_available_detail`, `olbs_key`, `police_change`, `police_detail`, `replacement_change`, `replacement_detail`, `special_occasion_change`, `special_occasion_detail`, `timetable_change`, `timetable_detail`, `trc_change`, `trc_detail`, `unforseen_change`, `unforseen_detail`, `version`) VALUES (1,1,1,1,0,0,'connection detail',NULL,0,'holiday detail',NULL,0,'not available detail',NULL,0,'police detail',0,'replacement detail',0,'special occasion detail',0,'timetable detail',0,'trc detail',0,'unforseen detail',1),(2,2,1,1,0,0,'connection detail',NULL,0,'holiday detail',NULL,0,'not available detail',NULL,0,'police detail',0,'replacement detail',0,'special occasion detail',0,'timetable detail',0,'trc detail',0,'unforseen detail',1),(3,3,1,1,0,0,'connection detail',NULL,0,'holiday detail',NULL,0,'not available detail',NULL,0,'police detail',0,'replacement detail',0,'special occasion detail',0,'timetable detail',0,'trc detail',0,'unforseen detail',1),(4,4,1,1,0,0,'connection detail',NULL,0,'holiday detail',NULL,0,'not available detail',NULL,0,'police detail',0,'replacement detail',0,'special occasion detail',0,'timetable detail',0,'trc detail',0,'unforseen detail',1),(5,5,1,1,0,0,'connection detail',NULL,0,'holiday detail',NULL,0,'not available detail',NULL,0,'police detail',0,'replacement detail',0,'special occasion detail',0,'timetable detail',0,'trc detail',0,'unforseen detail',1),(6,6,1,1,0,0,'connection detail',NULL,0,'holiday detail',NULL,0,'not available detail',NULL,0,'police detail',0,'replacement detail',0,'special occasion detail',0,'timetable detail',0,'trc detail',0,'unforseen detail',1),(7,7,1,1,0,0,'connection detail',NULL,0,'holiday detail',NULL,0,'not available detail',NULL,0,'police detail',0,'replacement detail',0,'special occasion detail',0,'timetable detail',0,'trc detail',0,'unforseen detail',1),(8,8,1,1,0,0,'connection detail',NULL,0,'holiday detail',NULL,0,'not available detail',NULL,0,'police detail',0,'replacement detail',0,'special occasion detail',0,'timetable detail',0,'trc detail',0,'unforseen detail',1),(9,9,1,1,0,0,'connection detail',NULL,0,'holiday detail',NULL,0,'not available detail',NULL,0,'police detail',0,'replacement detail',0,'special occasion detail',0,'timetable detail',0,'trc detail',0,'unforseen detail',1),(10,10,1,1,0,0,'connection detail',NULL,0,'holiday detail',NULL,0,'not available detail',NULL,0,'police detail',0,'replacement detail',0,'special occasion detail',0,'timetable detail',0,'trc detail',0,'unforseen detail',1),(11,11,1,1,0,0,'connection detail',NULL,0,'holiday detail',NULL,0,'not available detail',NULL,0,'police detail',0,'replacement detail',0,'special occasion detail',0,'timetable detail',0,'trc detail',0,'unforseen detail',1),(12,12,1,1,0,0,'connection detail',NULL,0,'holiday detail',NULL,0,'not available detail',NULL,0,'police detail',0,'replacement detail',0,'special occasion detail',0,'timetable detail',0,'trc detail',0,'unforseen detail',1),(13,13,1,1,0,0,'connection detail',NULL,0,'holiday detail',NULL,0,'not available detail',NULL,0,'police detail',0,'replacement detail',0,'special occasion detail',0,'timetable detail',0,'trc detail',0,'unforseen detail',1),(14,14,1,1,0,0,'connection detail',NULL,0,'holiday detail',NULL,0,'not available detail',NULL,0,'police detail',0,'replacement detail',0,'special occasion detail',0,'timetable detail',0,'trc detail',0,'unforseen detail',1),(15,15,1,1,0,0,'connection detail',NULL,0,'holiday detail',NULL,0,'not available detail',NULL,0,'police detail',0,'replacement detail',0,'special occasion detail',0,'timetable detail',0,'trc detail',0,'unforseen detail',1);
/*!40000 ALTER TABLE `bus_short_notice` ENABLE KEYS */;
UNLOCK TABLES;

--
-- Dumping data for table `case_category`
--

LOCK TABLES `case_category` WRITE;
/*!40000 ALTER TABLE `case_category` DISABLE KEYS */;
INSERT INTO `case_category` (`case_id`, `category_id`) VALUES (29,'case_cat_7');
/*!40000 ALTER TABLE `case_category` ENABLE KEYS */;
UNLOCK TABLES;

--
-- Dumping data for table `case_outcome`
--

LOCK TABLES `case_outcome` WRITE;
/*!40000 ALTER TABLE `case_outcome` DISABLE KEYS */;
/*!40000 ALTER TABLE `case_outcome` ENABLE KEYS */;
UNLOCK TABLES;

--
-- Dumping data for table `cases`
--

LOCK TABLES `cases` WRITE;
/*!40000 ALTER TABLE `cases` DISABLE KEYS */;
INSERT INTO `cases` (`id`, `application_id`, `case_type`, `created_by`, `erru_case_type`, `last_modified_by`, `licence_id`, `transport_manager_id`, `annual_test_history`, `closed_date`, `conviction_note`, `created_on`, `deleted_date`, `description`, `ecms_no`, `erru_originating_authority`, `erru_transport_undertaking_name`, `erru_vrm`, `is_impounding`, `last_modified_on`, `olbs_key`, `olbs_type`, `open_date`, `penalties_note`, `prohibition_note`, `version`) VALUES (24,NULL,'case_t_lic',NULL,NULL,NULL,7,NULL,'Annual test history for case 24',NULL,'test comments','2013-11-12 12:27:33',NULL,'Case for convictions against company\n  directors','E123456',NULL,NULL,NULL,0,NULL,NULL,NULL,'2012-03-21 00:00:00',NULL,'prohibition test notes',1),(28,1,'case_t_app',NULL,NULL,NULL,7,NULL,'Annual Test History for case 28',NULL,NULL,'2014-01-01 11:11:11',NULL,'Convictions against operator','E123444',NULL,NULL,NULL,0,NULL,NULL,NULL,'2012-06-13 00:00:00',NULL,NULL,1),(29,NULL,'case_t_lic',NULL,'erru_case_t_msi',NULL,7,NULL,NULL,NULL,NULL,'2014-01-11 11:11:11',NULL,'1213213','','Polish Transport Authority','Polish Transport Authority','GH52 ABC',0,'2014-11-07 12:47:07',NULL,NULL,'2014-02-11 00:00:00','comment',NULL,3),(30,NULL,'case_t_lic',NULL,NULL,NULL,7,NULL,NULL,NULL,NULL,'2014-01-11 11:11:11',NULL,'werwrew','',NULL,NULL,NULL,0,'2014-02-22 12:22:22',NULL,NULL,'2014-02-11 00:00:00',NULL,NULL,1),(31,NULL,'case_t_lic',NULL,NULL,NULL,7,NULL,NULL,'2014-05-25 00:00:00',NULL,'2014-01-11 11:11:11',NULL,'345345345','',NULL,NULL,NULL,0,'2014-02-22 12:22:22',NULL,NULL,'2014-02-11 00:00:00',NULL,NULL,1),(32,NULL,'case_t_lic',NULL,NULL,NULL,7,NULL,NULL,NULL,NULL,'2014-01-11 11:11:11',NULL,'weewrerwerw','',NULL,NULL,NULL,0,'2014-02-22 12:22:22',NULL,NULL,'2014-02-11 00:00:00',NULL,NULL,1),(33,NULL,'case_t_lic',NULL,NULL,NULL,7,NULL,NULL,'2014-03-29 00:00:00',NULL,'2014-01-11 11:11:11',NULL,'345345345','',NULL,NULL,NULL,0,'2014-02-22 12:22:22',NULL,NULL,'2014-02-11 00:00:00',NULL,NULL,1),(34,NULL,'case_t_lic',NULL,NULL,NULL,7,NULL,NULL,NULL,NULL,'2014-01-11 11:11:11',NULL,'7656567567','',NULL,NULL,NULL,0,'2014-02-22 12:22:22',NULL,NULL,'2014-02-11 00:00:00',NULL,NULL,1),(35,NULL,'case_t_lic',NULL,NULL,NULL,7,NULL,NULL,'2014-04-15 00:00:00',NULL,'2014-01-11 11:11:11',NULL,'45645645645','',NULL,NULL,NULL,0,'2014-02-22 12:22:22',NULL,NULL,'2014-02-11 00:00:00',NULL,NULL,1),(36,NULL,'case_t_lic',NULL,NULL,NULL,7,NULL,NULL,NULL,NULL,'2014-01-11 11:11:11',NULL,'56756757','',NULL,NULL,NULL,0,'2014-02-22 12:22:22',NULL,NULL,'2014-02-11 00:00:00',NULL,NULL,1),(37,NULL,'case_t_lic',NULL,NULL,NULL,7,NULL,NULL,'2014-04-23 00:00:00',NULL,'2014-01-11 11:11:11',NULL,'3453g345','',NULL,NULL,NULL,0,'2014-02-22 12:22:22',NULL,NULL,'2014-02-11 00:00:00',NULL,NULL,1),(38,NULL,'case_t_lic',NULL,NULL,NULL,7,NULL,NULL,'2014-05-25 00:00:00',NULL,'2014-01-11 11:11:11',NULL,'MWC test case 1','2345678',NULL,NULL,NULL,0,'2014-02-22 12:22:22',NULL,NULL,'2014-02-13 00:00:00',NULL,NULL,1),(39,NULL,'case_t_lic',NULL,NULL,NULL,7,NULL,NULL,'2014-05-25 00:00:00',NULL,'2014-01-11 11:11:11',NULL,'new test case 2','coops12345',NULL,NULL,NULL,0,'2014-02-22 12:22:22',NULL,NULL,'2014-02-14 00:00:00',NULL,NULL,1),(40,NULL,'case_t_lic',NULL,NULL,NULL,7,NULL,NULL,NULL,NULL,'2014-01-11 11:11:11',NULL,'MWC test case 3','coops4321',NULL,NULL,NULL,0,'2014-02-22 12:22:22',NULL,NULL,'2014-02-14 00:00:00',NULL,NULL,2),(41,NULL,'case_t_lic',NULL,NULL,NULL,7,NULL,NULL,NULL,NULL,'2014-01-11 11:11:11',NULL,'MWC test case 4','E647654',NULL,NULL,NULL,0,'2014-02-22 12:22:22',NULL,NULL,'2014-02-14 00:00:00',NULL,NULL,1),(42,NULL,'case_t_lic',NULL,NULL,NULL,7,NULL,NULL,NULL,NULL,'2014-01-11 11:11:11',NULL,'Case for convictions against company directors','E123456',NULL,NULL,NULL,0,'2014-02-22 12:22:22',NULL,NULL,'2013-06-01 00:00:00',NULL,NULL,1),(43,NULL,'case_t_lic',NULL,NULL,NULL,7,NULL,NULL,NULL,NULL,'2014-01-11 11:11:11',NULL,'Convictions against operator Fred','E123444',NULL,NULL,NULL,0,'2014-02-22 12:22:22',NULL,NULL,'2013-06-02 00:00:00',NULL,NULL,14),(44,NULL,'case_t_lic',NULL,NULL,NULL,7,NULL,NULL,NULL,NULL,'2014-01-11 11:11:11',NULL,'1213213','',NULL,NULL,NULL,0,'2014-02-22 12:22:22',NULL,NULL,'2014-02-11 00:00:00',NULL,NULL,1),(45,NULL,'case_t_lic',NULL,NULL,NULL,7,NULL,NULL,NULL,NULL,'2014-01-11 11:11:11',NULL,'werwrew','',NULL,NULL,NULL,0,'2014-02-22 12:22:22',NULL,NULL,'2014-02-11 00:00:00',NULL,NULL,1),(46,NULL,'case_t_lic',NULL,NULL,NULL,7,NULL,NULL,NULL,NULL,'2014-01-11 11:11:11',NULL,'345345345','',NULL,NULL,NULL,0,'2014-02-22 12:22:22',NULL,NULL,'2014-02-11 00:00:00',NULL,NULL,1),(47,NULL,'case_t_lic',NULL,NULL,NULL,7,NULL,NULL,NULL,NULL,'2014-01-11 11:11:11',NULL,'weewrerwerw','',NULL,NULL,NULL,0,'2014-02-22 12:22:22',NULL,NULL,'2014-02-11 00:00:00',NULL,NULL,1),(48,NULL,'case_t_lic',NULL,NULL,NULL,7,NULL,NULL,NULL,NULL,'2014-01-11 11:11:11',NULL,'345345345','',NULL,NULL,NULL,0,'2014-02-22 12:22:22',NULL,NULL,'2014-02-11 00:00:00',NULL,NULL,1),(49,NULL,'case_t_lic',NULL,NULL,NULL,7,NULL,NULL,NULL,NULL,'2014-01-11 11:11:11',NULL,'7656567567','',NULL,NULL,NULL,0,'2014-02-22 12:22:22',NULL,NULL,'2014-02-11 00:00:00',NULL,NULL,1),(50,NULL,'case_t_lic',NULL,NULL,NULL,7,NULL,NULL,NULL,NULL,'2014-01-11 11:11:11',NULL,'45645645645','',NULL,NULL,NULL,0,'2014-02-22 12:22:22',NULL,NULL,'2014-02-11 00:00:00',NULL,NULL,1),(51,NULL,'case_t_lic',NULL,NULL,NULL,7,NULL,NULL,NULL,NULL,'2014-01-11 11:11:11',NULL,'56756757','',NULL,NULL,NULL,0,'2014-02-22 12:22:22',NULL,NULL,'2014-02-11 00:00:00',NULL,NULL,1),(52,NULL,'case_t_lic',NULL,NULL,NULL,7,NULL,NULL,NULL,NULL,'2014-01-11 11:11:11',NULL,'3453g345','',NULL,NULL,NULL,0,'2014-02-22 12:22:22',NULL,NULL,'2014-02-11 00:00:00',NULL,NULL,1),(53,NULL,'case_t_lic',NULL,NULL,NULL,7,NULL,NULL,NULL,NULL,'2014-01-11 11:11:11',NULL,'MWC test case 1','2345678',NULL,NULL,NULL,0,'2014-02-22 12:22:22',NULL,NULL,'2014-02-13 00:00:00',NULL,NULL,1),(54,NULL,'case_t_lic',NULL,NULL,NULL,7,NULL,NULL,NULL,NULL,'2014-01-11 11:11:11',NULL,'new test case 2','coops12345',NULL,NULL,NULL,0,'2014-02-22 12:22:22',NULL,NULL,'2014-02-14 00:00:00',NULL,NULL,1),(55,NULL,'case_t_lic',NULL,NULL,NULL,7,NULL,NULL,NULL,NULL,'2014-01-11 11:11:11',NULL,'MWC test case 3','coops4321',NULL,NULL,NULL,0,'2014-02-22 12:22:22',NULL,NULL,'2014-02-14 00:00:00',NULL,NULL,2),(56,NULL,'case_t_lic',NULL,NULL,NULL,7,NULL,NULL,NULL,NULL,'2014-01-11 11:11:11',NULL,'MWC test case 4','E647654',NULL,NULL,NULL,0,'2014-02-22 12:22:22',NULL,NULL,'2014-02-14 00:00:00',NULL,NULL,1),(57,NULL,'case_t_lic',NULL,NULL,NULL,7,NULL,NULL,NULL,NULL,'2014-01-11 11:11:11',NULL,'Case for convictions against company directors','E123456',NULL,NULL,NULL,0,'2014-02-22 12:22:22',NULL,NULL,'2013-11-01 00:00:00',NULL,NULL,1),(58,NULL,'case_t_lic',NULL,NULL,NULL,7,NULL,NULL,NULL,NULL,'2014-01-11 11:11:11',NULL,'Convictions against operator Fred','E123444',NULL,NULL,NULL,0,'2014-02-22 12:22:22',NULL,NULL,'2013-11-02 00:00:00',NULL,NULL,14),(59,NULL,'case_t_lic',NULL,NULL,NULL,7,NULL,NULL,NULL,NULL,'2014-01-11 11:11:11',NULL,'1213213','',NULL,NULL,NULL,0,'2014-02-22 12:22:22',NULL,NULL,'2014-02-11 00:00:00',NULL,NULL,1),(60,NULL,'case_t_lic',NULL,NULL,NULL,7,NULL,NULL,NULL,NULL,'2014-01-11 11:11:11',NULL,'werwrew','',NULL,NULL,NULL,0,'2014-02-22 12:22:22',NULL,NULL,'2014-02-11 00:00:00',NULL,NULL,1),(61,NULL,'case_t_lic',NULL,NULL,NULL,7,NULL,NULL,NULL,NULL,'2014-01-11 11:11:11',NULL,'345345345','',NULL,NULL,NULL,0,'2014-02-22 12:22:22',NULL,NULL,'2014-02-11 00:00:00',NULL,NULL,1),(62,NULL,'case_t_lic',NULL,NULL,NULL,7,NULL,NULL,NULL,NULL,'2014-01-11 11:11:11',NULL,'weewrerwerw','',NULL,NULL,NULL,0,'2014-02-22 12:22:22',NULL,NULL,'2014-02-11 00:00:00',NULL,NULL,1),(63,NULL,'case_t_lic',NULL,NULL,NULL,7,NULL,NULL,NULL,NULL,'2014-01-11 11:11:11',NULL,'345345345','',NULL,NULL,NULL,0,'2014-02-22 12:22:22',NULL,NULL,'2014-02-11 00:00:00',NULL,NULL,1),(64,NULL,'case_t_lic',NULL,NULL,NULL,7,NULL,NULL,NULL,NULL,'2014-01-11 11:11:11',NULL,'7656567567','',NULL,NULL,NULL,0,'2014-02-22 12:22:22',NULL,NULL,'2014-02-11 00:00:00',NULL,NULL,1),(65,NULL,'case_t_lic',NULL,NULL,NULL,7,NULL,NULL,NULL,NULL,'2014-01-11 11:11:11',NULL,'45645645645','',NULL,NULL,NULL,0,'2014-02-22 12:22:22',NULL,NULL,'2014-02-11 00:00:00',NULL,NULL,1),(66,NULL,'case_t_lic',NULL,NULL,NULL,7,NULL,NULL,NULL,NULL,'2014-01-11 11:11:11',NULL,'56756757','',NULL,NULL,NULL,0,'2014-02-22 12:22:22',NULL,NULL,'2014-02-11 00:00:00',NULL,NULL,1),(67,NULL,'case_t_lic',NULL,NULL,NULL,7,NULL,NULL,NULL,NULL,'2014-01-11 11:11:11',NULL,'3453g345','',NULL,NULL,NULL,0,'2014-02-22 12:22:22',NULL,NULL,'2014-02-11 00:00:00',NULL,NULL,1),(68,NULL,'case_t_lic',NULL,NULL,NULL,7,NULL,NULL,NULL,NULL,'2014-01-11 11:11:11',NULL,'MWC test case 1','2345678',NULL,NULL,NULL,0,'2014-02-22 12:22:22',NULL,NULL,'2014-02-13 00:00:00',NULL,NULL,1),(69,NULL,'case_t_lic',NULL,NULL,NULL,7,NULL,NULL,NULL,NULL,'2014-01-11 11:11:11',NULL,'new test case 2','coops12345',NULL,NULL,NULL,0,'2014-02-22 12:22:22',NULL,NULL,'2014-02-14 00:00:00',NULL,NULL,1),(70,NULL,'case_t_lic',NULL,NULL,NULL,7,NULL,NULL,NULL,NULL,'2014-01-11 11:11:11',NULL,'MWC test case 3','coops4321',NULL,NULL,NULL,0,'2014-02-22 12:22:22',NULL,NULL,'2014-02-14 00:00:00',NULL,NULL,2),(71,NULL,'case_t_lic',NULL,NULL,NULL,7,NULL,NULL,NULL,NULL,'2014-01-11 11:11:11',NULL,'MWC test case 4','E647654',NULL,NULL,NULL,0,'2014-02-22 12:22:22',NULL,NULL,'2014-02-14 00:00:00',NULL,NULL,1),(72,NULL,'case_t_lic',NULL,NULL,NULL,7,NULL,NULL,NULL,NULL,'2014-01-11 11:11:11',NULL,'Case for convictions against company directors','E123456',NULL,NULL,NULL,0,'2014-02-22 12:22:22',NULL,NULL,'2013-11-02 00:00:00',NULL,NULL,1),(73,NULL,'case_t_lic',NULL,NULL,NULL,7,NULL,NULL,NULL,NULL,'2014-01-11 11:11:11',NULL,'Convictions against operator Fred','E123444',NULL,NULL,NULL,0,'2014-02-22 12:22:22',NULL,NULL,'2013-11-03 00:00:00',NULL,NULL,14),(74,NULL,'case_t_lic',NULL,NULL,NULL,7,NULL,NULL,NULL,NULL,'2014-01-11 11:11:11',NULL,'1213213','',NULL,NULL,NULL,0,'2014-02-22 12:22:22',NULL,NULL,'2014-02-11 00:00:00',NULL,NULL,1),(75,NULL,'case_t_lic',NULL,NULL,NULL,110,NULL,NULL,NULL,NULL,'2014-01-11 11:11:11',NULL,'PSV licence case','',NULL,NULL,NULL,0,'2014-02-22 12:22:22',NULL,NULL,'2014-02-11 00:00:00',NULL,NULL,1),(76,1,'case_t_app',NULL,NULL,NULL,110,NULL,NULL,NULL,NULL,'2014-01-11 11:11:11',NULL,'Case linked to an application','',NULL,NULL,NULL,0,'2014-02-22 12:22:22',NULL,NULL,'2014-02-11 00:00:00',NULL,NULL,1),(77,NULL,'case_t_lic',NULL,NULL,NULL,110,NULL,NULL,NULL,NULL,'2014-01-11 11:11:11',NULL,'Case linked to a licence','',NULL,NULL,NULL,0,'2014-02-22 12:22:22',NULL,NULL,'2014-02-11 00:00:00',NULL,NULL,1),(78,NULL,'case_t_lic',NULL,'erru_case_t_msi',NULL,110,NULL,NULL,NULL,NULL,'2014-01-11 11:11:11',NULL,'Case linked to MSI','',NULL,NULL,NULL,0,'2014-02-22 12:22:22',NULL,NULL,'2014-02-11 00:00:00',NULL,NULL,1),(79,NULL,'case_t_lic',NULL,'erru_case_t_msinre',NULL,110,NULL,NULL,NULL,NULL,'2014-01-11 11:11:11',NULL,'Case linked to MSI with no response entered','',NULL,NULL,NULL,0,'2014-02-22 12:22:22',NULL,NULL,'2014-02-11 00:00:00',NULL,NULL,1),(80,NULL,'case_t_lic',NULL,'erru_case_t_msirnys',NULL,110,NULL,NULL,NULL,NULL,'2014-01-11 11:11:11',NULL,'Case linked to MSI with response not sent','',NULL,NULL,NULL,0,'2014-02-22 12:22:22',NULL,NULL,'2014-02-11 00:00:00',NULL,NULL,1),(81,NULL,'case_t_lic',NULL,'erru_case_t_nmsi',NULL,110,NULL,NULL,NULL,NULL,'2014-01-11 11:11:11',NULL,'Case linked to Non-MSI','',NULL,NULL,NULL,0,'2014-02-22 12:22:22',NULL,NULL,'2014-02-11 00:00:00',NULL,NULL,1),(82,NULL,'case_t_tm',NULL,NULL,NULL,NULL,3,NULL,NULL,NULL,'2014-01-11 11:11:11',NULL,'Case linked to an internal Transport manager','',NULL,NULL,NULL,0,'2014-02-22 12:22:22',NULL,NULL,'2014-02-11 00:00:00',NULL,NULL,1),(83,NULL,'case_t_tm',NULL,NULL,NULL,NULL,3,NULL,NULL,NULL,'2014-01-11 11:11:11',NULL,'Case linked to an external Transport manager','',NULL,NULL,NULL,0,'2014-02-22 12:22:22',NULL,NULL,'2014-02-11 00:00:00',NULL,NULL,1),(84,NULL,'case_t_tm',NULL,NULL,NULL,NULL,3,NULL,NULL,NULL,'2014-01-11 11:11:11',NULL,'Case linked to an external Transport manager','',NULL,NULL,NULL,0,'2014-02-22 12:22:22',NULL,NULL,'2014-02-11 00:00:00',NULL,NULL,1),(85,NULL,'case_t_lic',NULL,NULL,NULL,99,NULL,'Annual test history for case 99',NULL,'Nothing found','2013-11-12 12:27:33',NULL,'New application for Operating Centre','E123456',NULL,NULL,NULL,0,NULL,NULL,NULL,'2012-03-21 00:00:00',NULL,'prohibition test notes',1);
/*!40000 ALTER TABLE `cases` ENABLE KEYS */;
UNLOCK TABLES;

--
-- Dumping data for table `category`
--

LOCK TABLES `category` WRITE;
/*!40000 ALTER TABLE `category` DISABLE KEYS */;
INSERT INTO `category` (`id`, `created_by`, `last_modified_by`, `task_allocation_type`, `created_on`, `description`, `is_doc_category`, `is_scan_category`, `is_task_category`, `last_modified_on`, `version`) VALUES (1,NULL,NULL,'task_at_simple',NULL,'Licensing',1,1,1,NULL,1),(2,NULL,NULL,'task_at_simple',NULL,'Compliance',1,1,1,NULL,1),(3,NULL,NULL,'task_at_simple',NULL,'Bus Registration',1,1,1,NULL,1),(4,NULL,NULL,NULL,NULL,'Permits',1,0,1,NULL,1),(5,NULL,NULL,'task_at_simple',NULL,'Transport Manager',1,1,1,NULL,1),(7,NULL,NULL,'task_at_simple',NULL,'Environmental',1,1,1,NULL,1),(8,NULL,NULL,'task_at_simple',NULL,'IRFO',1,1,1,NULL,1),(9,NULL,NULL,'task_at_simple',NULL,'Application',1,1,1,NULL,1),(10,NULL,NULL,'task_at_simple',NULL,'Submission',0,0,1,NULL,1),(11,NULL,NULL,NULL,NULL,'Publication',0,0,0,NULL,1),(999999,NULL,NULL,NULL,NULL,'Templates (remove before go live)',0,0,0,NULL,0);
/*!40000 ALTER TABLE `category` ENABLE KEYS */;
UNLOCK TABLES;

--
-- Dumping data for table `change_of_entity`
--

LOCK TABLES `change_of_entity` WRITE;
/*!40000 ALTER TABLE `change_of_entity` DISABLE KEYS */;
INSERT INTO `change_of_entity` (`id`, `created_by`, `last_modified_by`, `licence_id`, `created_on`, `deleted_date`, `last_modified_on`, `olbs_key`, `old_licence_no`, `old_organisation_name`, `version`) VALUES (1,NULL,NULL,7,'2015-03-27 12:28:07',NULL,NULL,NULL,'0000000','Old Organisation Name',1);
/*!40000 ALTER TABLE `change_of_entity` ENABLE KEYS */;
UNLOCK TABLES;

--
-- Dumping data for table `community_lic`
--

LOCK TABLES `community_lic` WRITE;
/*!40000 ALTER TABLE `community_lic` DISABLE KEYS */;
INSERT INTO `community_lic` (`id`, `created_by`, `last_modified_by`, `licence_id`, `status`, `created_on`, `expired_date`, `issue_no`, `last_modified_on`, `licence_expired_date`, `olbs_key`, `serial_no`, `serial_no_prefix`, `specified_date`, `version`) VALUES (1,NULL,NULL,110,'cl_sts_active',NULL,NULL,0,NULL,NULL,NULL,NULL,'UKGB','2015-01-01 00:00:00',1),(2,NULL,NULL,110,'cl_sts_active',NULL,NULL,1,NULL,NULL,NULL,NULL,'UKGB','2015-01-01 00:00:00',1),(3,NULL,NULL,110,'cl_sts_expired',NULL,'2014-01-01 00:00:00',2,NULL,NULL,NULL,NULL,'UKGB','2015-01-01 00:00:00',1),(4,NULL,NULL,110,'cl_sts_withdrawn',NULL,NULL,3,NULL,NULL,NULL,NULL,'UKGB',NULL,1),(5,NULL,NULL,110,'cl_sts_suspended',NULL,NULL,4,NULL,NULL,NULL,NULL,'UKGB','2015-01-01 00:00:00',1),(6,NULL,NULL,110,'cl_sts_void',NULL,'2014-09-20 00:00:00',5,NULL,NULL,NULL,NULL,'UKNI','2015-01-01 00:00:00',1),(7,NULL,NULL,110,'cl_sts_returned',NULL,'2014-01-18 00:00:00',6,NULL,NULL,NULL,NULL,'UKNI','2015-01-01 00:00:00',1),(8,NULL,NULL,110,'cl_sts_pending',NULL,NULL,7,NULL,NULL,NULL,NULL,'UKNI',NULL,1),(9,NULL,NULL,7,'cl_sts_pending',NULL,NULL,7,NULL,NULL,NULL,NULL,'UKNI',NULL,1),(10,NULL,NULL,7,'cl_sts_pending',NULL,NULL,7,NULL,NULL,NULL,NULL,'UKNI',NULL,1);
/*!40000 ALTER TABLE `community_lic` ENABLE KEYS */;
UNLOCK TABLES;

--
-- Dumping data for table `community_lic_suspension`
--

LOCK TABLES `community_lic_suspension` WRITE;
/*!40000 ALTER TABLE `community_lic_suspension` DISABLE KEYS */;
INSERT INTO `community_lic_suspension` (`id`, `community_lic_id`, `created_by`, `last_modified_by`, `created_on`, `deleted_date`, `end_date`, `is_actioned`, `last_modified_on`, `olbs_key`, `start_date`, `version`) VALUES (1,5,NULL,NULL,NULL,NULL,NULL,NULL,NULL,NULL,NULL,1),(2,5,NULL,NULL,NULL,NULL,NULL,NULL,NULL,NULL,NULL,1);
/*!40000 ALTER TABLE `community_lic_suspension` ENABLE KEYS */;
UNLOCK TABLES;

--
-- Dumping data for table `community_lic_suspension_reason`
--

LOCK TABLES `community_lic_suspension_reason` WRITE;
/*!40000 ALTER TABLE `community_lic_suspension_reason` DISABLE KEYS */;
INSERT INTO `community_lic_suspension_reason` (`id`, `community_lic_suspension_id`, `created_by`, `last_modified_by`, `type_id`, `created_on`, `deleted_date`, `last_modified_on`, `olbs_key`, `version`) VALUES (1,1,NULL,NULL,'cl_sw_reason_other',NULL,NULL,NULL,NULL,1),(2,2,NULL,NULL,'cl_sw_reason_other',NULL,NULL,NULL,NULL,1);
/*!40000 ALTER TABLE `community_lic_suspension_reason` ENABLE KEYS */;
UNLOCK TABLES;

--
-- Dumping data for table `community_lic_withdrawal`
--

LOCK TABLES `community_lic_withdrawal` WRITE;
/*!40000 ALTER TABLE `community_lic_withdrawal` DISABLE KEYS */;
INSERT INTO `community_lic_withdrawal` (`id`, `community_lic_id`, `created_by`, `last_modified_by`, `created_on`, `deleted_date`, `end_date`, `last_modified_on`, `olbs_key`, `start_date`, `version`) VALUES (1,4,NULL,NULL,NULL,NULL,NULL,NULL,NULL,NULL,1),(2,4,NULL,NULL,NULL,NULL,NULL,NULL,NULL,NULL,1);
/*!40000 ALTER TABLE `community_lic_withdrawal` ENABLE KEYS */;
UNLOCK TABLES;

--
-- Dumping data for table `community_lic_withdrawal_reason`
--

LOCK TABLES `community_lic_withdrawal_reason` WRITE;
/*!40000 ALTER TABLE `community_lic_withdrawal_reason` DISABLE KEYS */;
INSERT INTO `community_lic_withdrawal_reason` (`id`, `community_lic_withdrawal_id`, `created_by`, `last_modified_by`, `type_id`, `created_on`, `deleted_date`, `last_modified_on`, `olbs_key`, `version`) VALUES (1,1,NULL,NULL,'cl_sw_reason_other',NULL,NULL,NULL,NULL,1),(2,2,NULL,NULL,'cl_sw_reason_other',NULL,NULL,NULL,NULL,1);
/*!40000 ALTER TABLE `community_lic_withdrawal_reason` ENABLE KEYS */;
UNLOCK TABLES;

--
-- Dumping data for table `companies_house_alert`
--

LOCK TABLES `companies_house_alert` WRITE;
/*!40000 ALTER TABLE `companies_house_alert` DISABLE KEYS */;
INSERT INTO `companies_house_alert` (`id`, `created_by`, `last_modified_by`, `organisation_id`, `company_or_llp_no`, `created_on`, `is_closed`, `last_modified_on`, `version`) VALUES (1,NULL,NULL,1,'12345678','2015-07-21 15:05:58',0,NULL,1),(2,NULL,NULL,41,'67567533','2015-07-21 15:05:59',0,NULL,1),(3,NULL,NULL,41,'67567533','2015-07-21 15:03:59',1,NULL,1);
/*!40000 ALTER TABLE `companies_house_alert` ENABLE KEYS */;
UNLOCK TABLES;

--
-- Dumping data for table `companies_house_alert_reason`
--

LOCK TABLES `companies_house_alert_reason` WRITE;
/*!40000 ALTER TABLE `companies_house_alert_reason` DISABLE KEYS */;
INSERT INTO `companies_house_alert_reason` (`id`, `companies_house_alert_id`, `reason_type`, `version`) VALUES (1,1,'company_status_change',1),(2,1,'company_people_change',1),(3,2,'company_address_change',1),(4,3,'company_name_change',1);
/*!40000 ALTER TABLE `companies_house_alert_reason` ENABLE KEYS */;
UNLOCK TABLES;

--
-- Dumping data for table `companies_house_company`
--

LOCK TABLES `companies_house_company` WRITE;
/*!40000 ALTER TABLE `companies_house_company` DISABLE KEYS */;
INSERT INTO `companies_house_company` (`id`, `address_line_1`, `address_line_2`, `company_name`, `company_number`, `company_status`, `country`, `created_on`, `last_modified_on`, `locality`, `po_box`, `postal_code`, `premises`, `region`, `version`) VALUES (1,'Address line 1','Address line 2','JOHN SMITH HAULAGE LIMITED','12345678','active',NULL,NULL,NULL,'Leeds',NULL,'LS9 6NF',NULL,NULL,1),(2,'Address line 1','Address line 2','TEDDIE STOBBART GROUP LIMITED','67567533','active',NULL,NULL,NULL,'Leeds',NULL,'LS9 6NF',NULL,NULL,1);
/*!40000 ALTER TABLE `companies_house_company` ENABLE KEYS */;
UNLOCK TABLES;

--
-- Dumping data for table `companies_house_officer`
--

LOCK TABLES `companies_house_officer` WRITE;
/*!40000 ALTER TABLE `companies_house_officer` DISABLE KEYS */;
/*!40000 ALTER TABLE `companies_house_officer` ENABLE KEYS */;
UNLOCK TABLES;

--
-- Dumping data for table `company_subsidiary`
--

LOCK TABLES `company_subsidiary` WRITE;
/*!40000 ALTER TABLE `company_subsidiary` DISABLE KEYS */;
/*!40000 ALTER TABLE `company_subsidiary` ENABLE KEYS */;
UNLOCK TABLES;

--
-- Dumping data for table `complaint`
--

LOCK TABLES `complaint` WRITE;
/*!40000 ALTER TABLE `complaint` DISABLE KEYS */;
INSERT INTO `complaint` (`id`, `case_id`, `complainant_contact_details_id`, `complaint_type`, `created_by`, `last_modified_by`, `status`, `closed_date`, `complaint_date`, `created_on`, `deleted_date`, `description`, `driver_family_name`, `driver_forename`, `is_compliance`, `last_modified_on`, `olbs_key`, `version`, `vrm`) VALUES (1,24,103,'ct_cov',NULL,NULL,'cs_ack',NULL,'2015-01-16 10:37:10','2015-10-07 08:04:04',NULL,'Some major complaint about condition of vehicle','Driver L Smith','Driver F John',1,'2015-10-07 08:04:04',NULL,1,'VRM123T'),(2,24,103,'ct_cov',NULL,NULL,'cs_ack',NULL,'2015-01-15 10:37:10','2015-10-07 08:04:04',NULL,'Exhaust fumes from parked vehicles','Driver L Bloggs','Driver F Joe',1,'2015-10-07 08:04:04',NULL,1,'ABC456S'),(3,24,107,'ct_cov',NULL,NULL,'cs_ack','2015-01-16 10:37:10','2015-01-14 10:37:10','2015-10-07 08:04:04',NULL,'Speeding','Van der Groot','Alberto',1,'2015-10-07 08:04:04',NULL,1,'SHA123S'),(4,24,108,'ct_cov',NULL,NULL,'cs_ack','2015-01-16 10:37:10','2015-01-13 10:37:10','2015-10-07 08:04:04',NULL,'Revving engine early in morning','McDonald','Ian',1,'2015-10-07 08:04:04',NULL,1,'PRG426F'),(5,24,109,'ct_cov',NULL,NULL,'ecst_closed','2015-01-16 10:37:10','2015-01-16 10:37:10','2014-01-01 00:00:00',NULL,'Vehicle burning oil','Driver L Smith','Driver F John',0,'2015-10-07 08:04:04',NULL,1,'VRM123T'),(6,24,110,'ct_cov',NULL,NULL,'ecst_closed','2015-01-16 10:37:10','2015-01-16 10:37:10','2014-02-02 00:00:00',NULL,'Exhaust fumes from parked vehicles','Driver L Bloggs','Driver F Joe',0,'2015-10-07 08:04:04',NULL,1,'ABC456S'),(7,24,111,'ct_cov',NULL,NULL,'ecst_closed','2015-01-16 10:37:10','2015-01-15 10:37:10','2014-03-03 00:00:00',NULL,'Revving engine early in morning','McDonald','Ian',0,'2015-10-07 08:04:04',NULL,1,'PRG426F'),(8,24,112,'ct_cov',NULL,NULL,'ecst_closed','2015-01-16 10:37:10','2015-01-16 10:37:10','2014-03-03 00:00:00',NULL,'Revving engine early in morning','McDonald','Ian',0,'2015-10-07 08:04:04',NULL,1,'PRG426F'),(9,24,113,'ct_cov',NULL,NULL,'ecst_open',NULL,'2015-01-17 10:37:10','2014-03-03 00:00:00',NULL,'Revving engine early in morning','McDonald','Ian',0,'2015-10-07 08:04:04',NULL,1,'PRG426F');
/*!40000 ALTER TABLE `complaint` ENABLE KEYS */;
UNLOCK TABLES;

--
-- Dumping data for table `condition_undertaking`
--

LOCK TABLES `condition_undertaking` WRITE;
/*!40000 ALTER TABLE `condition_undertaking` DISABLE KEYS */;
INSERT INTO `condition_undertaking` (`id`, `added_via`, `application_id`, `approval_user_id`, `attached_to`, `case_id`, `condition_type`, `created_by`, `last_modified_by`, `lic_condition_variation_id`, `licence_id`, `operating_centre_id`, `s4_id`, `action`, `created_on`, `deleted_date`, `is_draft`, `is_fulfilled`, `last_modified_on`, `notes`, `olbs_key`, `olbs_type`, `version`) VALUES (1,'cav_case',NULL,NULL,'cat_oc',24,'cdt_con',NULL,NULL,NULL,NULL,16,NULL,'A','2015-10-07 08:04:04',NULL,0,0,NULL,'Some notes 1',NULL,NULL,1),(2,'cav_case',NULL,NULL,'cat_oc',24,'cdt_con',NULL,NULL,NULL,NULL,16,NULL,'A','2015-10-07 08:04:04',NULL,0,0,NULL,'Some notes 2',NULL,NULL,1),(3,'cav_case',NULL,NULL,'cat_oc',24,'cdt_con',NULL,NULL,NULL,NULL,21,NULL,'A','2015-10-07 08:04:04',NULL,0,0,NULL,'Some notes 3',NULL,NULL,1),(4,'cav_case',NULL,NULL,'cat_lic',24,'cdt_und',NULL,NULL,NULL,7,NULL,NULL,'A','2015-10-07 08:04:04',NULL,0,1,NULL,'Some notes 4',NULL,NULL,1),(5,'cav_case',NULL,NULL,'cat_lic',24,'cdt_und',NULL,NULL,NULL,7,NULL,NULL,'U','2015-10-07 08:04:04',NULL,0,1,NULL,'Some notes 5',NULL,NULL,1),(6,'cav_lic',NULL,NULL,'cat_lic',24,'cdt_con',NULL,NULL,NULL,7,NULL,NULL,'A','2015-10-07 08:04:04',NULL,0,1,NULL,'Some notes 6',NULL,NULL,1),(7,'cav_case',NULL,NULL,'cat_oc',24,'cdt_con',NULL,NULL,NULL,NULL,48,NULL,'D','2015-10-07 08:04:04',NULL,0,0,NULL,'Some notes 7',NULL,NULL,1),(8,'cav_case',NULL,NULL,'cat_oc',24,'cdt_und',NULL,NULL,NULL,NULL,37,NULL,'D','2015-10-07 08:04:04',NULL,0,1,NULL,'Some invoice_notes 8',NULL,NULL,1),(9,'cav_lic',NULL,NULL,'cat_lic',24,'cdt_con',NULL,NULL,NULL,7,NULL,NULL,'D','2015-10-07 08:04:04',NULL,0,0,NULL,'Some notes 9',NULL,NULL,1),(10,'cav_lic',NULL,NULL,'cat_lic',24,'cdt_con',NULL,NULL,NULL,7,NULL,NULL,'A','2015-10-07 08:04:04',NULL,0,0,NULL,'Some notes 10',NULL,NULL,1),(11,'cav_app',1,NULL,'cat_lic',24,'cdt_con',NULL,NULL,NULL,NULL,16,NULL,'A','2015-10-07 08:04:04',NULL,0,0,NULL,'Some notes 11',NULL,NULL,1),(12,'cav_case',NULL,NULL,'cat_oc',85,'cdt_con',NULL,NULL,NULL,99,75,NULL,NULL,'2015-10-06 08:52:32','2015-10-06 08:53:41',0,1,NULL,'Authorised vehicles shall not be left unattended on the A64 York road any time.',NULL,NULL,2),(13,'cav_lic',NULL,NULL,'cat_oc',NULL,'cdt_con',NULL,NULL,NULL,99,75,NULL,NULL,'2015-10-06 08:54:06',NULL,0,1,'2015-10-06 08:56:12','Authorised vehicles shall not be left unattended on the A64 York road any time.',NULL,NULL,2),(14,'cav_lic',NULL,NULL,'cat_oc',NULL,'cdt_con',NULL,NULL,NULL,99,75,NULL,NULL,'2015-10-06 08:55:09',NULL,0,1,NULL,'Authorised vehicles and trailers must at all times enter and exit the operating centre in a forward gear',NULL,NULL,1),(15,'cav_lic',NULL,NULL,'cat_oc',NULL,'cdt_und',NULL,NULL,NULL,99,75,NULL,NULL,'2015-10-06 08:57:18',NULL,0,0,NULL,'Authorised vehicles and trailers must only be parked in the designated area identified on the plan.',NULL,NULL,1),(16,'cav_lic',NULL,NULL,'cat_oc',NULL,'cdt_und',NULL,NULL,NULL,99,75,NULL,NULL,'2015-10-06 08:58:48',NULL,0,1,NULL,'The operator will keep vehicles and trailers in that part of Hillcrest House marked Parking Area on the plan agreed by the traffic commissioner and not on any other part of Hillcrest House.',NULL,NULL,1);
/*!40000 ALTER TABLE `condition_undertaking` ENABLE KEYS */;
UNLOCK TABLES;

--
-- Dumping data for table `contact_details`
--

LOCK TABLES `contact_details` WRITE;
/*!40000 ALTER TABLE `contact_details` DISABLE KEYS */;
INSERT INTO `contact_details` (`id`, `address_id`, `contact_type`, `created_by`, `last_modified_by`, `person_id`, `created_on`, `deleted_date`, `description`, `email_address`, `fao`, `last_modified_on`, `olbs_key`, `olbs_type`, `version`, `written_permission_to_engage`) VALUES (1,26,'ct_ta',0,2,10,'2014-11-24 10:30:04',NULL,NULL,NULL,NULL,'2014-11-24 10:30:04',NULL,NULL,1,0),(3,109,'ct_corr',NULL,NULL,NULL,'2014-11-24 10:30:04',NULL,NULL,NULL,NULL,'2014-11-24 10:30:04',NULL,NULL,1,0),(8,8,'ct_corr',3,2,10,'2014-11-24 10:30:04',NULL,NULL,NULL,NULL,'2014-11-24 10:30:04',NULL,NULL,1,0),(21,21,'ct_reg',2,0,NULL,'2014-11-24 10:30:04',NULL,NULL,NULL,NULL,'2014-11-24 10:30:04',NULL,NULL,1,0),(30,30,'ct_reg',3,2,NULL,'2014-11-24 10:30:04',NULL,NULL,NULL,NULL,'2014-11-24 10:30:04',NULL,NULL,1,0),(31,31,'ct_corr',1,0,NULL,'2014-11-24 10:30:04',NULL,NULL,NULL,NULL,'2014-11-24 10:30:04',NULL,NULL,1,0),(37,37,'ct_oc',2,2,NULL,'2014-11-24 10:30:04',NULL,NULL,NULL,NULL,'2014-11-24 10:30:04',NULL,NULL,1,0),(39,39,'ct_oc',2,4,NULL,'2014-11-24 10:30:04',NULL,NULL,NULL,NULL,'2014-11-24 10:30:04',NULL,NULL,1,0),(41,41,'ct_reg',1,2,NULL,'2014-11-24 10:30:04',NULL,NULL,NULL,NULL,'2014-11-24 10:30:04',NULL,NULL,1,0),(42,42,'ct_corr',4,1,NULL,'2014-11-24 10:30:04',NULL,NULL,NULL,NULL,'2014-11-24 10:30:04',NULL,NULL,1,0),(54,54,'ct_reg',2,4,NULL,'2014-11-24 10:30:04',NULL,NULL,NULL,NULL,'2014-11-24 10:30:04',NULL,NULL,1,0),(55,55,'ct_corr',3,3,NULL,'2014-11-24 10:30:04',NULL,NULL,NULL,NULL,'2014-11-24 10:30:04',NULL,NULL,1,0),(63,63,'ct_reg',4,3,NULL,'2014-11-24 10:30:04',NULL,NULL,NULL,NULL,'2014-11-24 10:30:04',NULL,NULL,1,0),(64,64,'ct_corr',1,0,NULL,'2014-11-24 10:30:04',NULL,NULL,NULL,NULL,'2014-11-24 10:30:04',NULL,NULL,1,0),(67,67,'ct_oc',4,4,NULL,'2014-11-24 10:30:04',NULL,NULL,NULL,NULL,'2014-11-24 10:30:04',NULL,NULL,1,0),(72,72,'ct_oc',4,2,NULL,'2014-11-24 10:30:04',NULL,NULL,NULL,NULL,'2014-11-24 10:30:04',NULL,NULL,1,0),(75,75,'',3,4,NULL,'2014-11-24 10:30:04',NULL,NULL,NULL,NULL,'2014-11-24 10:30:04',NULL,NULL,1,0),(76,76,'ct_corr',1,4,46,'2014-11-24 10:30:04',NULL,NULL,NULL,'Important Person','2014-11-24 10:30:04',NULL,NULL,1,0),(77,72,'ct_corr',1,4,46,'2014-11-24 10:30:04',NULL,NULL,NULL,'Important Person','2014-11-24 10:30:04',NULL,NULL,1,0),(100,100,'ct_reg',1,4,44,'2014-11-24 10:30:04',NULL,NULL,NULL,NULL,'2014-11-24 10:30:04',NULL,NULL,1,0),(101,26,'ct_user',1,4,4,'2014-11-24 10:30:04',NULL,NULL,'loggedin@user.com',NULL,'2014-11-24 10:30:04',NULL,NULL,1,0),(102,41,'ct_corr',1,1,NULL,'2014-11-24 10:30:04',NULL,NULL,NULL,NULL,'2014-11-24 10:30:04',NULL,NULL,1,0),(103,72,'ct_complainant',1,4,46,'2014-11-24 10:30:04',NULL,NULL,NULL,NULL,'2014-11-24 10:30:04',NULL,NULL,1,0),(104,110,'ct_tm',1,1,NULL,'2014-11-24 10:30:04',NULL,NULL,'one@email.com',NULL,'2014-11-24 10:30:04',NULL,NULL,1,0),(105,26,'ct_user',1,4,81,'2014-11-24 10:30:04',NULL,NULL,'terry.valtech@gmail.com',NULL,'2014-11-24 10:30:04',NULL,NULL,1,0),(106,26,'ct_user',1,4,82,'2014-11-24 10:30:04',NULL,NULL,'terry.valtech@gmail.com',NULL,'2014-11-24 10:30:04',NULL,NULL,1,0),(107,72,'ct_complainant',1,4,33,'2014-11-24 10:30:04',NULL,NULL,NULL,NULL,'2014-11-24 10:30:04',NULL,NULL,1,0),(108,72,'ct_complainant',1,4,34,'2014-11-24 10:30:04',NULL,NULL,NULL,NULL,'2014-11-24 10:30:04',NULL,NULL,1,0),(109,72,'ct_complainant',1,4,35,'2014-11-24 10:30:04',NULL,NULL,NULL,NULL,'2014-11-24 10:30:04',NULL,NULL,1,0),(110,26,'ct_complainant',1,4,60,'2014-11-24 10:30:04',NULL,NULL,'l.hamilton@mercedes.com',NULL,'2014-11-24 10:30:04',NULL,NULL,1,0),(111,26,'ct_complainant',1,4,65,'2014-11-24 10:30:04',NULL,NULL,'j.smith@example.com',NULL,'2014-11-24 10:30:04',NULL,NULL,1,0),(112,26,'ct_complainant',1,4,66,'2014-11-24 10:30:04',NULL,NULL,'t.cooper@example.com',NULL,'2014-11-24 10:30:04',NULL,NULL,1,0),(113,26,'ct_complainant',1,4,77,'2014-11-24 10:30:04',NULL,NULL,'t.jones@example.com',NULL,'2014-11-24 10:30:04',NULL,NULL,1,0),(114,26,'ct_user',1,4,NULL,'2014-11-24 10:30:04',NULL,NULL,'another@user.com',NULL,'2014-11-24 10:30:04',NULL,NULL,1,0),(115,111,'ct_tm',1,1,NULL,'2014-11-24 10:30:04',NULL,NULL,'two@email.com',NULL,'2014-11-24 10:30:04',NULL,NULL,1,0),(116,112,'ct_tm',1,1,NULL,'2014-11-24 10:30:04',NULL,NULL,'three@email.com',NULL,'2014-11-24 10:30:04',NULL,NULL,1,0),(117,113,'ct_tm',1,1,65,'2014-11-24 10:30:04',NULL,NULL,'terry.valtech@gmail.com',NULL,'2014-11-24 10:30:04',NULL,NULL,1,0),(118,114,'ct_tm',1,1,66,'2014-11-24 10:30:04',NULL,NULL,'terry.valtech@gmail.com',NULL,'2014-11-24 10:30:04',NULL,NULL,1,0),(119,115,'ct_tm',1,1,77,'2014-11-24 10:30:04',NULL,NULL,'terry.valtech@gmail.com',NULL,'2014-11-24 10:30:04',NULL,NULL,1,0),(120,105,'ct_corr',1,1,4,'2014-11-24 10:30:04',NULL,NULL,'some1@email.com',NULL,'2014-11-24 10:30:04',NULL,NULL,1,0),(121,106,'ct_corr',1,1,9,'2014-11-24 10:30:04',NULL,NULL,'some2@email.com',NULL,'2014-11-24 10:30:04',NULL,NULL,1,0),(122,107,'ct_corr',1,1,10,'2014-11-24 10:30:04',NULL,NULL,'some3@email.com',NULL,'2014-11-24 10:30:04',NULL,NULL,1,0),(123,108,'ct_corr',1,1,11,'2014-11-24 10:30:04',NULL,NULL,'some4@email.com',NULL,'2014-11-24 10:30:04',NULL,NULL,1,0),(124,116,'ct_corr',NULL,NULL,NULL,'2015-03-27 12:29:38',NULL,NULL,'dvsa@stolenegg.com',NULL,NULL,NULL,NULL,1,0),(125,117,'ct_est',NULL,NULL,NULL,'2015-03-27 12:29:38',NULL,NULL,NULL,NULL,NULL,NULL,NULL,1,0),(126,119,'ct_work',NULL,NULL,NULL,'2015-03-27 12:31:05',NULL,NULL,NULL,NULL,NULL,NULL,NULL,1,0),(127,120,'ct_corr',NULL,NULL,NULL,'2015-03-27 12:29:38',NULL,NULL,'dvsa@stolenegg.com',NULL,NULL,NULL,NULL,1,0),(128,121,'ct_est',NULL,NULL,NULL,'2015-03-27 12:29:38',NULL,NULL,NULL,NULL,NULL,NULL,NULL,1,0),(129,123,'ct_work',NULL,NULL,NULL,'2015-03-27 12:31:05',NULL,NULL,NULL,NULL,NULL,NULL,NULL,1,0),(130,26,'ct_user',1,4,83,'2014-11-24 10:30:04',NULL,NULL,'terry.valtech@gmail.com',NULL,'2014-11-24 10:30:04',NULL,NULL,1,0),(131,26,'ct_user',1,4,84,'2014-11-24 10:30:04',NULL,NULL,'terry.valtech@gmail.com',NULL,'2014-11-24 10:30:04',NULL,NULL,1,0),(132,26,'ct_user',1,4,85,'2014-11-24 10:30:04',NULL,NULL,'terry.valtech@gmail.com',NULL,'2014-11-24 10:30:04',NULL,NULL,1,0),(133,26,'ct_user',1,4,86,'2014-11-24 10:30:04',NULL,NULL,'terry.valtech@gmail.com',NULL,'2014-11-24 10:30:04',NULL,NULL,1,0),(140,7,'ct_partner',1,1,NULL,'2000-04-02 00:00:00',NULL,'HMRC',NULL,NULL,NULL,NULL,NULL,1,0),(141,7,'ct_partner',1,1,NULL,'2000-04-02 00:00:00',NULL,'DVSA',NULL,NULL,NULL,NULL,NULL,1,0),(142,7,'ct_partner',1,1,NULL,'2000-04-02 00:00:00',NULL,'Police',NULL,NULL,NULL,NULL,NULL,1,0),(143,7,'ct_partner',1,1,NULL,'2000-04-02 00:00:00',NULL,'Department of Work and Pensions',NULL,NULL,NULL,NULL,NULL,1,0),(144,7,'ct_partner',1,1,NULL,'2000-04-02 00:00:00',NULL,'Home Office',NULL,NULL,NULL,NULL,NULL,1,0),(145,124,'ct_corr',NULL,NULL,NULL,NULL,NULL,NULL,'unlicensed@foo.bar',NULL,NULL,NULL,NULL,1,0),(146,125,'ct_corr',NULL,NULL,NULL,NULL,NULL,NULL,'unlicensed@foo.bar',NULL,NULL,NULL,NULL,1,0),(164,7,'ct_user',1,4,87,'2014-11-24 10:30:04',NULL,NULL,'operator.tm@gmail.com',NULL,'2014-11-24 10:30:04',NULL,NULL,1,0),(165,7,'ct_user',1,4,84,'2014-11-24 10:30:04',NULL,NULL,'operator.admin@gmail.com',NULL,'2014-11-24 10:30:04',NULL,NULL,1,0),(166,26,'ct_user',1,4,82,'2014-11-24 10:30:04',NULL,NULL,'operator.user@gmail.com',NULL,'2014-11-24 10:30:04',NULL,NULL,1,0),(167,NULL,'ct_user',1,4,NULL,'2014-11-24 10:30:04',NULL,NULL,'partner.admin@gmail.com',NULL,'2014-11-24 10:30:04',NULL,NULL,1,0),(168,NULL,'ct_user',1,4,NULL,'2014-11-24 10:30:04',NULL,NULL,'partner.user@gmail.com',NULL,'2014-11-24 10:30:04',NULL,NULL,1,0),(169,NULL,'ct_user',1,4,NULL,'2014-11-24 10:30:04',NULL,NULL,'la.admin@gmail.com',NULL,'2014-11-24 10:30:04',NULL,NULL,1,0),(170,NULL,'ct_user',1,4,NULL,'2014-11-24 10:30:04',NULL,NULL,'la.user@gmail.com',NULL,'2014-11-24 10:30:04',NULL,NULL,1,0),(181,283,'ct_corr',NULL,NULL,NULL,NULL,NULL,NULL,'contact@bigtrucksltd.com',NULL,NULL,NULL,NULL,1,0);
/*!40000 ALTER TABLE `contact_details` ENABLE KEYS */;
UNLOCK TABLES;

--
-- Dumping data for table `continuation`
--

LOCK TABLES `continuation` WRITE;
/*!40000 ALTER TABLE `continuation` DISABLE KEYS */;
/*!40000 ALTER TABLE `continuation` ENABLE KEYS */;
UNLOCK TABLES;

--
-- Dumping data for table `continuation_detail`
--

LOCK TABLES `continuation_detail` WRITE;
/*!40000 ALTER TABLE `continuation_detail` DISABLE KEYS */;
/*!40000 ALTER TABLE `continuation_detail` ENABLE KEYS */;
UNLOCK TABLES;

--
-- Dumping data for table `conviction`
--

LOCK TABLES `conviction` WRITE;
/*!40000 ALTER TABLE `conviction` DISABLE KEYS */;
INSERT INTO `conviction` (`id`, `case_id`, `conviction_category`, `created_by`, `defendant_type`, `last_modified_by`, `transport_manager_id`, `birth_date`, `category_text`, `conviction_date`, `costs`, `court`, `created_on`, `deleted_date`, `is_dealt_with`, `is_declared`, `last_modified_on`, `msi`, `notes`, `offence_date`, `olbs_key`, `operator_name`, `penalty`, `person_firstname`, `person_lastname`, `taken_into_consideration`, `version`) VALUES (25,24,'conv_c_cat_1',3,'def_t_op',4,NULL,'1971-11-05','Test Category text 1','2012-06-15 00:00:00','60','FPN','2015-10-07 08:04:04',NULL,0,0,'2015-10-07 08:04:04',0,'Some notes 1','2012-03-10 00:00:00',NULL,'John Smith Haulage Ltd.','3 points on licence',NULL,NULL,NULL,1),(26,24,'conv_c_cat_2',0,'def_t_owner',4,NULL,'1980-02-20','Conviction Child Category 1','2012-05-15 00:00:00','60','Leeds Magistrate court','2015-10-07 08:04:04',NULL,0,0,'2015-10-07 08:04:04',0,'Some notes 2','2012-04-10 00:00:00',NULL,'','3 points on licence','John','Smith',NULL,1),(27,24,'conv_c_cat_4',1,'def_t_owner',3,NULL,'1962-08-12','Conviction Child Category 3','2013-03-02 00:00:00','60','FPN','2015-10-07 08:04:04',NULL,0,0,'2015-10-07 08:04:04',0,'Some notes 3','2012-12-17 00:00:00',NULL,'','3 points on licence','Boris','Johnson',NULL,1),(29,24,'conv_c_cat_2',3,'def_t_op',3,NULL,'1976-03-11','Conviction Child Category 4','2012-06-15 00:00:00','2000','Leeds Magistrate court','2015-10-07 08:04:04',NULL,0,0,'2015-10-07 08:04:04',1,'Some notes 4','2012-03-10 00:00:00',NULL,'John Smith Haulage Ltd.','6 monthly investigation',NULL,NULL,NULL,1);
/*!40000 ALTER TABLE `conviction` ENABLE KEYS */;
UNLOCK TABLES;

--
-- Dumping data for table `correspondence_inbox`
--

LOCK TABLES `correspondence_inbox` WRITE;
/*!40000 ALTER TABLE `correspondence_inbox` DISABLE KEYS */;
/*!40000 ALTER TABLE `correspondence_inbox` ENABLE KEYS */;
UNLOCK TABLES;

--
-- Dumping data for table `country`
--

LOCK TABLES `country` WRITE;
/*!40000 ALTER TABLE `country` DISABLE KEYS */;
INSERT INTO `country` (`id`, `created_by`, `last_modified_by`, `country_desc`, `created_on`, `is_member_state`, `last_modified_on`, `version`) VALUES ('AD',NULL,NULL,'Andorra',NULL,0,NULL,1),('AE',NULL,NULL,'United Arab Emirates',NULL,0,NULL,1),('AF',NULL,NULL,'Afghanistan',NULL,0,NULL,1),('AG',NULL,NULL,'Antigua And Barbuda',NULL,0,NULL,1),('AI',NULL,NULL,'Anguilla',NULL,0,NULL,1),('AL',NULL,NULL,'Albania',NULL,0,NULL,1),('AM',NULL,NULL,'Armenia',NULL,0,NULL,1),('AN',NULL,NULL,'Netherlands Antilles',NULL,0,NULL,1),('AO',NULL,NULL,'Angola',NULL,0,NULL,1),('AQ',NULL,NULL,'Antarctica',NULL,0,NULL,1),('AR',NULL,NULL,'Argentina',NULL,0,NULL,1),('AS',NULL,NULL,'American Samoa',NULL,0,NULL,1),('AT',NULL,NULL,'Austria',NULL,1,NULL,1),('AU',NULL,NULL,'Australia',NULL,0,NULL,1),('AW',NULL,NULL,'Aruba',NULL,0,NULL,1),('AX',NULL,NULL,'Aland Islands',NULL,0,NULL,1),('AZ',NULL,NULL,'Azerbaijan',NULL,0,NULL,1),('BA',NULL,NULL,'Bosnia And Herzegovina',NULL,0,NULL,1),('BB',NULL,NULL,'Barbados',NULL,0,NULL,1),('BD',NULL,NULL,'Bangladesh',NULL,0,NULL,1),('BE',NULL,NULL,'Belgium',NULL,1,NULL,1),('BF',NULL,NULL,'Burkina Faso',NULL,0,NULL,1),('BG',NULL,NULL,'Bulgaria',NULL,1,NULL,1),('BH',NULL,NULL,'Bahrain',NULL,0,NULL,1),('BI',NULL,NULL,'Burundi',NULL,0,NULL,1),('BJ',NULL,NULL,'Benin',NULL,0,NULL,1),('BL',NULL,NULL,'Saint Barthelemy',NULL,0,NULL,1),('BM',NULL,NULL,'Bermuda',NULL,0,NULL,1),('BN',NULL,NULL,'Brunei Darussalam',NULL,0,NULL,1),('BO',NULL,NULL,'Bolivia',NULL,0,NULL,1),('BR',NULL,NULL,'Brazil',NULL,0,NULL,1),('BS',NULL,NULL,'Bahamas',NULL,0,NULL,1),('BT',NULL,NULL,'Bhutan',NULL,0,NULL,1),('BV',NULL,NULL,'Bouvet Island',NULL,0,NULL,1),('BW',NULL,NULL,'Botswana',NULL,0,NULL,1),('BY',NULL,NULL,'Belarus',NULL,0,NULL,1),('BZ',NULL,NULL,'Belize',NULL,0,NULL,1),('CA',NULL,NULL,'Canada',NULL,0,NULL,1),('CC',NULL,NULL,'Cocos (Keeling) Islands',NULL,0,NULL,1),('CD',NULL,NULL,'Congo, Democratic Republic',NULL,0,NULL,1),('CF',NULL,NULL,'Central African Republic',NULL,0,NULL,1),('CG',NULL,NULL,'Congo',NULL,0,NULL,1),('CH',NULL,NULL,'Switzerland',NULL,0,NULL,1),('CI',NULL,NULL,'Cote D\'Ivoire',NULL,0,NULL,1),('CK',NULL,NULL,'Cook Islands',NULL,0,NULL,1),('CL',NULL,NULL,'Chile',NULL,0,NULL,1),('CM',NULL,NULL,'Cameroon',NULL,0,NULL,1),('CN',NULL,NULL,'China',NULL,0,NULL,1),('CO',NULL,NULL,'Colombia',NULL,0,NULL,1),('CR',NULL,NULL,'Costa Rica',NULL,0,NULL,1),('CU',NULL,NULL,'Cuba',NULL,0,NULL,1),('CV',NULL,NULL,'Cape Verde',NULL,0,NULL,1),('CX',NULL,NULL,'Christmas Island',NULL,0,NULL,1),('CY',NULL,NULL,'Cyprus',NULL,1,NULL,1),('CZ',NULL,NULL,'Czech Republic',NULL,1,NULL,1),('DE',NULL,NULL,'Germany',NULL,1,NULL,1),('DJ',NULL,NULL,'Djibouti',NULL,0,NULL,1),('DK',NULL,NULL,'Denmark',NULL,1,NULL,1),('DM',NULL,NULL,'Dominica',NULL,0,NULL,1),('DO',NULL,NULL,'Dominican Republic',NULL,0,NULL,1),('DZ',NULL,NULL,'Algeria',NULL,0,NULL,1),('EC',NULL,NULL,'Ecuador',NULL,0,NULL,1),('EE',NULL,NULL,'Estonia',NULL,1,NULL,1),('EG',NULL,NULL,'Egypt',NULL,0,NULL,1),('EH',NULL,NULL,'Western Sahara',NULL,0,NULL,1),('ER',NULL,NULL,'Eritrea',NULL,0,NULL,1),('ES',NULL,NULL,'Spain',NULL,1,NULL,1),('ET',NULL,NULL,'Ethiopia',NULL,0,NULL,1),('FI',NULL,NULL,'Finland',NULL,1,NULL,1),('FJ',NULL,NULL,'Fiji',NULL,0,NULL,1),('FK',NULL,NULL,'Falkland Islands (Malvinas)',NULL,0,NULL,1),('FM',NULL,NULL,'Micronesia, Federated States Of',NULL,0,NULL,1),('FO',NULL,NULL,'Faroe Islands',NULL,0,NULL,1),('FR',NULL,NULL,'France',NULL,1,NULL,1),('GA',NULL,NULL,'Gabon',NULL,0,NULL,1),('GB',NULL,NULL,'United Kingdom',NULL,1,NULL,1),('GD',NULL,NULL,'Grenada',NULL,0,NULL,1),('GE',NULL,NULL,'Georgia',NULL,0,NULL,1),('GF',NULL,NULL,'French Guiana',NULL,0,NULL,1),('GG',NULL,NULL,'Guernsey',NULL,0,NULL,1),('GH',NULL,NULL,'Ghana',NULL,0,NULL,1),('GI',NULL,NULL,'Gibraltar',NULL,0,NULL,1),('GL',NULL,NULL,'Greenland',NULL,0,NULL,1),('GM',NULL,NULL,'Gambia',NULL,0,NULL,1),('GN',NULL,NULL,'Guinea',NULL,0,NULL,1),('GP',NULL,NULL,'Guadeloupe',NULL,0,NULL,1),('GQ',NULL,NULL,'Equatorial Guinea',NULL,0,NULL,1),('GR',NULL,NULL,'Greece',NULL,1,NULL,1),('GS',NULL,NULL,'South Georgia And Sandwich Isl.',NULL,0,NULL,1),('GT',NULL,NULL,'Guatemala',NULL,0,NULL,1),('GU',NULL,NULL,'Guam',NULL,0,NULL,1),('GW',NULL,NULL,'Guinea-Bissau',NULL,0,NULL,1),('GY',NULL,NULL,'Guyana',NULL,0,NULL,1),('HK',NULL,NULL,'Hong Kong',NULL,0,NULL,1),('HM',NULL,NULL,'Heard Island & Mcdonald Islands',NULL,0,NULL,1),('HN',NULL,NULL,'Honduras',NULL,0,NULL,1),('HR',NULL,NULL,'Croatia',NULL,0,NULL,1),('HT',NULL,NULL,'Haiti',NULL,0,NULL,1),('HU',NULL,NULL,'Hungary',NULL,1,NULL,1),('ID',NULL,NULL,'Indonesia',NULL,0,NULL,1),('IE',NULL,NULL,'Ireland',NULL,1,NULL,1),('IL',NULL,NULL,'Israel',NULL,0,NULL,1),('IM',NULL,NULL,'Isle Of Man',NULL,0,NULL,1),('IN',NULL,NULL,'India',NULL,0,NULL,1),('IO',NULL,NULL,'British Indian Ocean Territory',NULL,0,NULL,1),('IQ',NULL,NULL,'Iraq',NULL,0,NULL,1),('IR',NULL,NULL,'Iran, Islamic Republic Of',NULL,0,NULL,1),('IS',NULL,NULL,'Iceland',NULL,0,NULL,1),('IT',NULL,NULL,'Italy',NULL,1,NULL,1),('JE',NULL,NULL,'Jersey',NULL,0,NULL,1),('JM',NULL,NULL,'Jamaica',NULL,0,NULL,1),('JO',NULL,NULL,'Jordan',NULL,0,NULL,1),('JP',NULL,NULL,'Japan',NULL,0,NULL,1),('KE',NULL,NULL,'Kenya',NULL,0,NULL,1),('KG',NULL,NULL,'Kyrgyzstan',NULL,0,NULL,1),('KH',NULL,NULL,'Cambodia',NULL,0,NULL,1),('KI',NULL,NULL,'Kiribati',NULL,0,NULL,1),('KM',NULL,NULL,'Comoros',NULL,0,NULL,1),('KN',NULL,NULL,'Saint Kitts And Nevis',NULL,0,NULL,1),('KR',NULL,NULL,'Korea',NULL,0,NULL,1),('KW',NULL,NULL,'Kuwait',NULL,0,NULL,1),('KY',NULL,NULL,'Cayman Islands',NULL,0,NULL,1),('KZ',NULL,NULL,'Kazakhstan',NULL,0,NULL,1),('LA',NULL,NULL,'Lao People\'s Democratic Republic',NULL,0,NULL,1),('LB',NULL,NULL,'Lebanon',NULL,0,NULL,1),('LC',NULL,NULL,'Saint Lucia',NULL,0,NULL,1),('LI',NULL,NULL,'Liechtenstein',NULL,0,NULL,1),('LK',NULL,NULL,'Sri Lanka',NULL,0,NULL,1),('LR',NULL,NULL,'Liberia',NULL,0,NULL,1),('LS',NULL,NULL,'Lesotho',NULL,0,NULL,1),('LT',NULL,NULL,'Lithuania',NULL,1,NULL,1),('LU',NULL,NULL,'Luxembourg',NULL,1,NULL,1),('LV',NULL,NULL,'Latvia',NULL,1,NULL,1),('LY',NULL,NULL,'Libyan Arab Jamahiriya',NULL,0,NULL,1),('MA',NULL,NULL,'Morocco',NULL,0,NULL,1),('MC',NULL,NULL,'Monaco',NULL,0,NULL,1),('MD',NULL,NULL,'Moldova',NULL,0,NULL,1),('ME',NULL,NULL,'Montenegro',NULL,0,NULL,1),('MF',NULL,NULL,'Saint Martin',NULL,0,NULL,1),('MG',NULL,NULL,'Madagascar',NULL,0,NULL,1),('MH',NULL,NULL,'Marshall Islands',NULL,0,NULL,1),('MK',NULL,NULL,'Macedonia',NULL,0,NULL,1),('ML',NULL,NULL,'Mali',NULL,0,NULL,1),('MM',NULL,NULL,'Myanmar',NULL,0,NULL,1),('MN',NULL,NULL,'Mongolia',NULL,0,NULL,1),('MO',NULL,NULL,'Macao',NULL,0,NULL,1),('MP',NULL,NULL,'Northern Mariana Islands',NULL,0,NULL,1),('MQ',NULL,NULL,'Martinique',NULL,0,NULL,1),('MR',NULL,NULL,'Mauritania',NULL,0,NULL,1),('MS',NULL,NULL,'Montserrat',NULL,0,NULL,1),('MT',NULL,NULL,'Malta',NULL,1,NULL,1),('MU',NULL,NULL,'Mauritius',NULL,0,NULL,1),('MV',NULL,NULL,'Maldives',NULL,0,NULL,1),('MW',NULL,NULL,'Malawi',NULL,0,NULL,1),('MX',NULL,NULL,'Mexico',NULL,0,NULL,1),('MY',NULL,NULL,'Malaysia',NULL,0,NULL,1),('MZ',NULL,NULL,'Mozambique',NULL,0,NULL,1),('NA',NULL,NULL,'Namibia',NULL,0,NULL,1),('NC',NULL,NULL,'New Caledonia',NULL,0,NULL,1),('NE',NULL,NULL,'Niger',NULL,0,NULL,1),('NF',NULL,NULL,'Norfolk Island',NULL,0,NULL,1),('NG',NULL,NULL,'Nigeria',NULL,0,NULL,1),('NI',NULL,NULL,'Nicaragua',NULL,0,NULL,1),('NL',NULL,NULL,'Netherlands',NULL,1,NULL,1),('NO',NULL,NULL,'Norway',NULL,0,NULL,1),('NP',NULL,NULL,'Nepal',NULL,0,NULL,1),('NR',NULL,NULL,'Nauru',NULL,0,NULL,1),('NU',NULL,NULL,'Niue',NULL,0,NULL,1),('NZ',NULL,NULL,'New Zealand',NULL,0,NULL,1),('OM',NULL,NULL,'Oman',NULL,0,NULL,1),('PA',NULL,NULL,'Panama',NULL,0,NULL,1),('PE',NULL,NULL,'Peru',NULL,0,NULL,1),('PF',NULL,NULL,'French Polynesia',NULL,0,NULL,1),('PG',NULL,NULL,'Papua New Guinea',NULL,0,NULL,1),('PH',NULL,NULL,'Philippines',NULL,0,NULL,1),('PK',NULL,NULL,'Pakistan',NULL,0,NULL,1),('PL',NULL,NULL,'Poland',NULL,1,NULL,1),('PM',NULL,NULL,'Saint Pierre And Miquelon',NULL,0,NULL,1),('PN',NULL,NULL,'Pitcairn',NULL,0,NULL,1),('PR',NULL,NULL,'Puerto Rico',NULL,0,NULL,1),('PS',NULL,NULL,'Palestinian Territory, Occupied',NULL,0,NULL,1),('PT',NULL,NULL,'Portugal',NULL,1,NULL,1),('PW',NULL,NULL,'Palau',NULL,0,NULL,1),('PY',NULL,NULL,'Paraguay',NULL,0,NULL,1),('QA',NULL,NULL,'Qatar',NULL,0,NULL,1),('RE',NULL,NULL,'Reunion',NULL,0,NULL,1),('RO',NULL,NULL,'Romania',NULL,1,NULL,1),('RS',NULL,NULL,'Serbia',NULL,0,NULL,1),('RU',NULL,NULL,'Russian Federation',NULL,0,NULL,1),('RW',NULL,NULL,'Rwanda',NULL,0,NULL,1),('SA',NULL,NULL,'Saudi Arabia',NULL,0,NULL,1),('SB',NULL,NULL,'Solomon Islands',NULL,0,NULL,1),('SC',NULL,NULL,'Seychelles',NULL,0,NULL,1),('SD',NULL,NULL,'Sudan',NULL,0,NULL,1),('SE',NULL,NULL,'Sweden',NULL,1,NULL,1),('SG',NULL,NULL,'Singapore',NULL,0,NULL,1),('SH',NULL,NULL,'Saint Helena',NULL,0,NULL,1),('SI',NULL,NULL,'Slovenia',NULL,1,NULL,1),('SJ',NULL,NULL,'Svalbard And Jan Mayen',NULL,0,NULL,1),('SK',NULL,NULL,'Slovakia',NULL,1,NULL,1),('SL',NULL,NULL,'Sierra Leone',NULL,0,NULL,1),('SM',NULL,NULL,'San Marino',NULL,0,NULL,1),('SN',NULL,NULL,'Senegal',NULL,0,NULL,1),('SO',NULL,NULL,'Somalia',NULL,0,NULL,1),('SR',NULL,NULL,'Suriname',NULL,0,NULL,1),('ST',NULL,NULL,'Sao Tome And Principe',NULL,0,NULL,1),('SV',NULL,NULL,'El Salvador',NULL,0,NULL,1),('SY',NULL,NULL,'Syrian Arab Republic',NULL,0,NULL,1),('SZ',NULL,NULL,'Swaziland',NULL,0,NULL,1),('TC',NULL,NULL,'Turks And Caicos Islands',NULL,0,NULL,1),('TD',NULL,NULL,'Chad',NULL,0,NULL,1),('TF',NULL,NULL,'French Southern Territories',NULL,0,NULL,1),('TG',NULL,NULL,'Togo',NULL,0,NULL,1),('TH',NULL,NULL,'Thailand',NULL,0,NULL,1),('TJ',NULL,NULL,'Tajikistan',NULL,0,NULL,1),('TK',NULL,NULL,'Tokelau',NULL,0,NULL,1),('TL',NULL,NULL,'Timor-Leste',NULL,0,NULL,1),('TM',NULL,NULL,'Turkmenistan',NULL,0,NULL,1),('TN',NULL,NULL,'Tunisia',NULL,0,NULL,1),('TO',NULL,NULL,'Tonga',NULL,0,NULL,1),('TR',NULL,NULL,'Turkey',NULL,0,NULL,1),('TT',NULL,NULL,'Trinidad And Tobago',NULL,0,NULL,1),('TV',NULL,NULL,'Tuvalu',NULL,0,NULL,1),('TW',NULL,NULL,'Taiwan',NULL,0,NULL,1),('TZ',NULL,NULL,'Tanzania',NULL,0,NULL,1),('UA',NULL,NULL,'Ukraine',NULL,0,NULL,1),('UG',NULL,NULL,'Uganda',NULL,0,NULL,1),('UM',NULL,NULL,'United States Outlying Islands',NULL,0,NULL,1),('US',NULL,NULL,'United States',NULL,0,NULL,1),('UY',NULL,NULL,'Uruguay',NULL,0,NULL,1),('UZ',NULL,NULL,'Uzbekistan',NULL,0,NULL,1),('VA',NULL,NULL,'Holy See (Vatican City State)',NULL,0,NULL,1),('VC',NULL,NULL,'Saint Vincent And Grenadines',NULL,0,NULL,1),('VE',NULL,NULL,'Venezuela',NULL,0,NULL,1),('VG',NULL,NULL,'Virgin Islands, British',NULL,0,NULL,1),('VI',NULL,NULL,'Virgin Islands, U.S.',NULL,0,NULL,1),('VN',NULL,NULL,'Viet Nam',NULL,0,NULL,1),('VU',NULL,NULL,'Vanuatu',NULL,0,NULL,1),('WF',NULL,NULL,'Wallis And Futuna',NULL,0,NULL,1),('WS',NULL,NULL,'Samoa',NULL,0,NULL,1),('YE',NULL,NULL,'Yemen',NULL,0,NULL,1),('YT',NULL,NULL,'Mayotte',NULL,0,NULL,1),('ZA',NULL,NULL,'South Africa',NULL,0,NULL,1),('ZM',NULL,NULL,'Zambia',NULL,0,NULL,1),('ZW',NULL,NULL,'Zimbabwe',NULL,0,NULL,1);
/*!40000 ALTER TABLE `country` ENABLE KEYS */;
UNLOCK TABLES;

--
-- Dumping data for table `decision`
--

LOCK TABLES `decision` WRITE;
/*!40000 ALTER TABLE `decision` DISABLE KEYS */;
INSERT INTO `decision` (`id`, `created_by`, `goods_or_psv`, `last_modified_by`, `created_on`, `description`, `is_ni`, `is_read_only`, `last_modified_on`, `section_code`, `version`) VALUES (37,NULL,'lcat_gv',NULL,NULL,'Application Granted',0,1,NULL,'Section 13',1),(38,NULL,'lcat_gv',NULL,NULL,'Undertakings',0,1,NULL,'Section 13',1),(39,NULL,'lcat_gv',NULL,NULL,'Application Refused',0,1,NULL,'Section 13',1),(40,NULL,'lcat_gv',NULL,NULL,'Application Refused',0,1,NULL,'Section 14',1),(41,NULL,'lcat_gv',NULL,NULL,'Application Granted',0,1,NULL,'Section 15',1),(42,NULL,'lcat_gv',NULL,NULL,'Application Granted',0,1,NULL,'Section 17',1),(43,NULL,'lcat_gv',NULL,NULL,'Application Refused',0,1,NULL,'Section 17',1),(44,NULL,'lcat_gv',NULL,NULL,'Application Refused',0,1,NULL,'Section 19',1),(45,NULL,'lcat_gv',NULL,NULL,'Application Granted: Conditions: Road Safety',0,1,NULL,'Section 21',1),(46,NULL,'lcat_gv',NULL,NULL,'Application Granted: Conditions: Notified Matters',0,1,NULL,'Section 22',1),(47,NULL,'lcat_gv',NULL,NULL,'Application Granted: Conditions: O/Cs',0,1,NULL,'Section 23',1),(48,NULL,'lcat_gv',NULL,NULL,'No Action',0,1,NULL,'Section 26',1),(49,NULL,'lcat_gv',NULL,NULL,'Formal Warning',0,1,NULL,'Section 26',1),(50,NULL,'lcat_gv',NULL,NULL,'Final Warning',0,1,NULL,'Section 26',1),(51,NULL,'lcat_gv',NULL,NULL,'Curtail',0,1,NULL,'Section 26',1),(52,NULL,'lcat_gv',NULL,NULL,'Suspend',0,1,NULL,'Section 26',1),(53,NULL,'lcat_gv',NULL,NULL,'Revoke',0,1,NULL,'Section 26',1),(54,NULL,'lcat_gv',NULL,NULL,'Direction to suspend vehicles',0,1,NULL,'Section 26(6)',1),(55,NULL,'lcat_gv',NULL,NULL,'Revoke (Repute, Finance, Prof. Comp.)',0,1,NULL,'Section 27',1),(56,NULL,'lcat_gv',NULL,NULL,'Disqualification',0,1,NULL,'Section 28',1),(57,NULL,'lcat_gv',NULL,NULL,'Direction (effective date)',0,1,NULL,'Section 29',1),(58,NULL,'lcat_gv',NULL,NULL,'Direction (removal of o/c: effective date)',0,1,NULL,'Section 31',1),(59,NULL,'lcat_gv',NULL,NULL,'Direction (conditions: operating centre)',0,1,NULL,'Section 32',1),(60,NULL,'lcat_gv',NULL,NULL,'Undertakings (review of operating centre)',0,1,NULL,'Section 34',1),(61,NULL,'lcat_gv',NULL,NULL,'Certificate of Qualification Granted',0,1,NULL,'Section 49',1),(62,NULL,'lcat_gv',NULL,NULL,'Certificate of Qualification Refused',0,1,NULL,'Section 49',1),(63,NULL,'lcat_gv',NULL,NULL,'Loss of Good Repute',0,1,NULL,'Schedule 3',1),(64,NULL,'lcat_gv',NULL,NULL,'Withdraw Community Authorisation',0,1,NULL,'Art. 8(2)',1),(65,NULL,'lcat_gv',NULL,NULL,'Suspend Community Authorisation',0,1,NULL,'Art. 8(3)',1),(89,NULL,'lcat_psv',NULL,NULL,'Application Granted',0,0,NULL,'Section 14',1),(90,NULL,'lcat_psv',NULL,NULL,'Application Refused',0,0,NULL,'Section 14',1),(91,NULL,'lcat_psv',NULL,NULL,'Application Granted',0,0,NULL,'Section 16',1),(92,NULL,'lcat_psv',NULL,NULL,'Application Refused',0,0,NULL,'Section 16',1),(93,NULL,'lcat_psv',NULL,NULL,'Conditions',0,0,NULL,'Section 16',1),(94,NULL,'lcat_psv',NULL,NULL,'No Action',0,0,NULL,'Section 17',1),(95,NULL,'lcat_psv',NULL,NULL,'Formal Warning',0,0,NULL,'Section 17',1),(96,NULL,'lcat_psv',NULL,NULL,'Final Warning',0,0,NULL,'Section 17',1),(97,NULL,'lcat_psv',NULL,NULL,'Conditions (vehicles)',0,0,NULL,'Section 17',1),(98,NULL,'lcat_psv',NULL,NULL,'Suspend',0,0,NULL,'Section 17',1),(99,NULL,'lcat_psv',NULL,NULL,'Revoke (Repute, Finance, Prof. Comp.)',0,0,NULL,'Section 17',1),(100,NULL,'lcat_psv',NULL,NULL,'Loss of Good Repute',0,1,NULL,'Schedule 3',1),(101,NULL,'lcat_psv',NULL,NULL,'Direction to cancel local service',0,0,NULL,'Section 26',1),(102,NULL,'lcat_psv',NULL,NULL,'Condition (local services)',0,0,NULL,'Section 26',1),(103,NULL,'lcat_psv',NULL,NULL,'Disqualification',0,1,NULL,'Section 28',1),(104,NULL,'lcat_psv',NULL,NULL,'Determination (Fuel Duty Rebate)',0,0,NULL,'Section 111',1),(105,NULL,'lcat_psv',NULL,NULL,'Withdraw Community Authorisation',0,1,NULL,'Art. 8(2)',1),(106,NULL,'lcat_psv',NULL,NULL,'Suspend Community Authorisation',0,1,NULL,'Art. 8(3)',1),(231,NULL,'lcat_gv',NULL,NULL,'New application',1,0,NULL,'x NI-Section 12',1),(232,NULL,'lcat_gv',NULL,NULL,'Variation application',1,0,NULL,'x NI-Section 16',1),(233,NULL,'lcat_gv',NULL,NULL,'Unauthorised use of a place as an operating centre',1,0,NULL,'x NI-Section 23(1)(a)',1),(234,NULL,'lcat_gv',NULL,NULL,'Contravention of a licence condition (specify)',1,0,NULL,'x NI-Section 23(1)(b)',1),(235,NULL,'lcat_gv',NULL,NULL,'(1) Fail to notify of change in maintenance arrangements',1,0,NULL,'x NI-Section 23(1)(b)',1),(236,NULL,'lcat_gv',NULL,NULL,'(2) Fail to notify of change in ownership',1,0,NULL,'x NI-Section 23(1)(b)',1),(237,NULL,'lcat_gv',NULL,NULL,'(3) Fail to notify of notifiable convictions ',1,0,NULL,'x NI-Section 23(1)(b)',1),(238,NULL,'lcat_gv',NULL,NULL,'(4) Fail to notify of events which affect good repute ',1,0,NULL,'x NI-Section 23(1)(b)',1),(239,NULL,'lcat_gv',NULL,NULL,'(5) Fail to notify of events which affect financial standing',1,0,NULL,'x NI-Section 23(1)(b)',1),(240,NULL,'lcat_gv',NULL,NULL,'(6) Fail to notify of events which affect professional competence',1,0,NULL,'x NI-Section 23(1)(b)',1),(241,NULL,'lcat_gv',NULL,NULL,'(7) Breach of road safety condition',1,0,NULL,'x NI-Section 23(1)(b)',1),(242,NULL,'lcat_gv',NULL,NULL,'(8) Breach of environmental condition',1,0,NULL,'x NI-Section 23(1)(b)',1),(243,NULL,'lcat_gv',NULL,NULL,'(9) Other (please specify)',1,0,NULL,'x NI-Section 23(1)(b)',1),(244,NULL,'lcat_gv',NULL,NULL,'Schedule 2 Paragraph 5 convictions (operator)',1,0,NULL,'x NI-Section 23(1)(c)',1),(245,NULL,'lcat_gv',NULL,NULL,'Schedule 2 Paragraph 5 convictions (servants/agents)',1,0,NULL,'x NI-Section 23(1)(c)',1),(246,NULL,'lcat_gv',NULL,NULL,'Prohibitions',1,0,NULL,'x NI-Section 23(1)(c)',1),(247,NULL,'lcat_gv',NULL,NULL,'Fixed Penalty or conditional offer issued',1,0,NULL,'x NI-Section 23(1)(c)',1),(248,NULL,'lcat_gv',NULL,NULL,'Convictions - for Schedule 2 Paragraph 5 (j) offences',1,0,NULL,'x NI-Section 23(1)(c)',1),(249,NULL,'lcat_gv',NULL,NULL,'Failing to fulfil Statement of Expectation/False statement (specify)',1,0,NULL,'x NI-Section 23(1)(d)',1),(250,NULL,'lcat_gv',NULL,NULL,'(1) Failure to declare previous refusal or revocation',1,0,NULL,'x NI-Section 23(1)(d)',1),(251,NULL,'lcat_gv',NULL,NULL,'(2) Stating that (x) would be the TM responsible for vehicles on licence',1,0,NULL,'x NI-Section 23(1)(d)',1),(252,NULL,'lcat_gv',NULL,NULL,'(3) Stating that the TM would not be responsible for any other licence',1,0,NULL,'x NI-Section 23(1)(d)',1),(253,NULL,'lcat_gv',NULL,NULL,'(4) Stating that the vehicles would normally be kept at the o/c',1,0,NULL,'x NI-Section 23(1)(d)',1),(254,NULL,'lcat_gv',NULL,NULL,'(5) Stating that the nominated o/c is not used by other operators',1,0,NULL,'x NI-Section 23(1)(d)',1),(255,NULL,'lcat_gv',NULL,NULL,'(6) Stating that the vehicles would be given inspections at (x) intervals',1,0,NULL,'x NI-Section 23(1)(d)',1),(256,NULL,'lcat_gv',NULL,NULL,'(7) Stating that the maintenance would be carried out by own staff',1,0,NULL,'x NI-Section 23(1)(d)',1),(257,NULL,'lcat_gv',NULL,NULL,'(8) Stating that the maintenance would be carried out by (x) firm',1,0,NULL,'x NI-Section 23(1)(d)',1),(258,NULL,'lcat_gv',NULL,NULL,'(9) Failure to declare that (x) has been made bankrupt',1,0,NULL,'x NI-Section 23(1)(d)',1),(259,NULL,'lcat_gv',NULL,NULL,'(10) Failure to declare that (x) has been involved in a liquidated co',1,0,NULL,'x NI-Section 23(1)(d)',1),(260,NULL,'lcat_gv',NULL,NULL,'(11) Failure to declare that (x) has been disqualified as a director',1,0,NULL,'x NI-Section 23(1)(d)',1),(261,NULL,'lcat_gv',NULL,NULL,'(12) Failure to declare convictions on making the application',1,0,NULL,'x NI-Section 23(1)(d)',1),(262,NULL,'lcat_gv',NULL,NULL,'(13) Stating that the holder would abide by any conditions on the licence',1,0,NULL,'x NI-Section 23(1)(d)',1),(263,NULL,'lcat_gv',NULL,NULL,'Failing to fulfil a licence undertaking',1,0,NULL,'x NI-Section 23(1)(e)',1),(264,NULL,'lcat_gv',NULL,NULL,'(1) Rules on drivers hours and tachographs would be observed',1,0,NULL,'x NI-Section 23(1)(e)',1),(265,NULL,'lcat_gv',NULL,NULL,'(2) Vehicles and trailers not to be overloaded',1,0,NULL,'x NI-Section 23(1)(e)',1),(266,NULL,'lcat_gv',NULL,NULL,'(3) Vehicles operate within speed limits',1,0,NULL,'x NI-Section 23(1)(e)',1),(267,NULL,'lcat_gv',NULL,NULL,'(4) Vehicles and trailers would be kept fit and serviceable',1,0,NULL,'x NI-Section 23(1)(e)',1),(268,NULL,'lcat_gv',NULL,NULL,'(5) Driver reports any defects in writing',1,0,NULL,'x NI-Section 23(1)(e)',1),(269,NULL,'lcat_gv',NULL,NULL,'(6) Maintenance records would be kept for 15 months',1,0,NULL,'x NI-Section 23(1)(e)',1),(270,NULL,'lcat_gv',NULL,NULL,'(7) Exceeding operating centre authorisation',1,0,NULL,'x NI-Section 23(1)(e)',1),(271,NULL,'lcat_gv',NULL,NULL,'(8) Other (please specify)',1,0,NULL,'x NI-Section 23(1)(e)',1),(272,NULL,'lcat_gv',NULL,NULL,'Bankruptcy/liquidation (other than voluntary liquidation)',1,0,NULL,'x NI-Section 23(1)(f)',1),(273,NULL,'lcat_gv',NULL,NULL,'Material Change (please specify)',1,0,NULL,'x NI-Section 23(1)(g)',1),(274,NULL,'lcat_gv',NULL,NULL,'Licence liable to revocation, suspension or curtailment following a direction under section 25 (4) (director/individual disqualified on another licence)',1,0,NULL,'x NI-Section 23(1)(h)',1),(275,NULL,'lcat_gv',NULL,NULL,'To consider whether the operator has an effective and stable establishment in Great Britain.',1,0,NULL,'x NI-Section 24(1)(a)',1),(276,NULL,'lcat_gv',NULL,NULL,'To consider the operator is still of good repute in accordance with Regulation 5 of the Goods Vehicles (Qualifications of Operators) Regualtions(Northern Ireland) 2012',1,0,NULL,'x NI-Section 24(1)(a)',1),(277,NULL,'lcat_gv',NULL,NULL,'To consider whether the operator continues to meet the requirement to be of appropriate financial standing.',1,0,NULL,'x NI-Section 24(1)(a)',1),(278,NULL,'lcat_gv',NULL,NULL,'No longer professionally competent.',1,0,NULL,'x NI-Section 24(1)(a)',1),(279,NULL,'lcat_gv',NULL,NULL,'No longer of good repute (section 12A (3)(a))',1,0,NULL,'x NI-Section 24(1)(b)',1),(280,NULL,'lcat_gv',NULL,NULL,'No longer professionally competent (section 12A (3)(b))',1,0,NULL,'x NI-Section 24(1)(b)',1),(281,NULL,'lcat_gv',NULL,NULL,'External TM exceeds the 4/50 rule (section 12A (3)(c )(ii))',1,0,NULL,'x NI-Section 24(1)(b)',1),(282,NULL,'lcat_gv',NULL,NULL,'Disqualification to be considered - Operator licence',1,0,NULL,'x NI-Section 25',1),(283,NULL,'lcat_gv',NULL,NULL,'TM good repute or professional competence',1,0,NULL,'x NI-Section 12A(3)(a) or (b)',1),(284,NULL,'lcat_gv',NULL,NULL,'Disqualification to be considered - Transport Manager',1,0,NULL,'x NI-Section 25',1),(285,NULL,NULL,NULL,NULL,'Declare unfit',0,0,NULL,'Article 6',1),(286,NULL,NULL,NULL,NULL,'Repute not lost',0,0,NULL,'Article 6',1);
/*!40000 ALTER TABLE `decision` ENABLE KEYS */;
UNLOCK TABLES;

--
-- Dumping data for table `disc_sequence`
--

LOCK TABLES `disc_sequence` WRITE;
/*!40000 ALTER TABLE `disc_sequence` DISABLE KEYS */;
INSERT INTO `disc_sequence` (`id`, `created_by`, `goods_or_psv`, `last_modified_by`, `traffic_area_id`, `created_on`, `is_ni_self_serve`, `is_self_serve`, `last_modified_on`, `r_prefix`, `restricted`, `si_prefix`, `sn_prefix`, `special_restricted`, `sr_prefix`, `standard_international`, `standard_national`, `version`) VALUES (1,NULL,'lcat_gv',NULL,'K',NULL,0,0,NULL,'OK',305069,'OK','OK',NULL,NULL,293379,472557,1),(2,NULL,'lcat_gv',NULL,'F',NULL,0,0,NULL,'OF',304435,'OF','OF',NULL,NULL,396163,556843,1),(3,NULL,'lcat_gv',NULL,'H',NULL,0,0,NULL,'OH',285053,'OH','OH',NULL,NULL,266083,531439,1),(4,NULL,'lcat_gv',NULL,'D',NULL,0,0,NULL,'OD',343603,'OD','OD',NULL,NULL,301603,480707,1),(5,NULL,'lcat_gv',NULL,'C',NULL,0,0,NULL,'OC',303267,'OC','OC',NULL,NULL,325647,637663,1),(6,NULL,'lcat_gv',NULL,'B',NULL,0,0,NULL,'OB',317281,'OB','OB',NULL,NULL,343105,590773,1),(7,NULL,'lcat_gv',NULL,'G',NULL,0,0,NULL,'OG',163111,'OG','OG',NULL,NULL,116379,247449,1),(8,NULL,'lcat_gv',NULL,'M',NULL,0,0,NULL,'OM',189799,'OM','OM',NULL,NULL,157277,404255,1),(9,NULL,'lcat_psv',NULL,'K',NULL,0,0,NULL,'PK',10225,'PK','PK',NULL,NULL,154221,54253,1),(10,NULL,'lcat_psv',NULL,'F',NULL,0,0,NULL,'PF',12187,'PF','PF',NULL,NULL,92279,50965,1),(11,NULL,'lcat_psv',NULL,'H',NULL,0,0,NULL,'PH',13237,'PH','PH',NULL,NULL,105111,55701,1),(12,NULL,'lcat_psv',NULL,'D',NULL,0,0,NULL,'PD',11597,'PD','PD',NULL,NULL,58689,46619,1),(13,NULL,'lcat_psv',NULL,'C',NULL,0,0,NULL,'PC',19901,'PC','PC',NULL,NULL,115301,67481,1),(14,NULL,'lcat_psv',NULL,'B',NULL,0,0,NULL,'PB',21151,'PB','PB',NULL,NULL,127179,49251,1),(15,NULL,'lcat_psv',NULL,'G',NULL,0,0,NULL,'PG',12213,'PG','PG',NULL,NULL,61789,23499,1),(16,NULL,'lcat_psv',NULL,'M',NULL,0,0,NULL,'PM',14299,'PM','PM',NULL,NULL,86713,67675,1),(18,NULL,'lcat_gv',NULL,'D',NULL,0,0,NULL,'RS',295889,'IS','NS',NULL,NULL,455705,774299,1),(19,NULL,'lcat_gv',NULL,'N',NULL,0,0,NULL,'ON',10231,'ON','ON',NULL,NULL,14533,4003,1),(21,NULL,'lcat_gv',NULL,'N',NULL,0,0,NULL,'RX',1363,'IX','NX',NULL,NULL,3973,1051,1);
/*!40000 ALTER TABLE `disc_sequence` ENABLE KEYS */;
UNLOCK TABLES;

--
-- Dumping data for table `disqualification`
--

LOCK TABLES `disqualification` WRITE;
/*!40000 ALTER TABLE `disqualification` DISABLE KEYS */;
INSERT INTO `disqualification` (`id`, `created_by`, `last_modified_by`, `officer_cd_id`, `organisation_id`, `created_on`, `is_disqualified`, `last_modified_on`, `notes`, `olbs_key`, `period`, `start_date`, `version`) VALUES (10,NULL,NULL,NULL,NULL,'2015-10-07 08:04:04',1,NULL,'TBC',NULL,2,NULL,1),(13,NULL,NULL,NULL,NULL,'2015-10-07 08:04:04',1,NULL,'TBC',NULL,2,NULL,1),(15,NULL,NULL,NULL,NULL,'2015-10-07 08:04:04',1,NULL,'TBC',NULL,6,NULL,1),(32,NULL,NULL,NULL,NULL,'2015-10-07 08:04:04',1,NULL,'TBC',NULL,2,NULL,1),(36,NULL,NULL,NULL,NULL,'2015-10-07 08:04:04',1,NULL,'TBC',NULL,6,NULL,1);
/*!40000 ALTER TABLE `disqualification` ENABLE KEYS */;
UNLOCK TABLES;

--
-- Dumping data for table `doc_bookmark`
--

LOCK TABLES `doc_bookmark` WRITE;
/*!40000 ALTER TABLE `doc_bookmark` DISABLE KEYS */;
INSERT INTO `doc_bookmark` (`id`, `created_by`, `last_modified_by`, `created_on`, `description`, `last_modified_on`, `name`, `version`) VALUES (1,479,479,'2002-05-14 17:45:01',NULL,'2002-05-14 17:45:01','background_to_imposition_of_conditions',1),(2,479,479,'2002-05-14 17:45:01',NULL,'2002-05-14 17:45:01','reason_for_no_review',1),(3,479,479,'2002-05-14 17:45:01',NULL,'2002-05-14 17:45:01','application_type',1),(4,479,479,'2002-05-14 17:45:01',NULL,'2002-05-14 17:45:01','warning_re_early_operating',1),(5,479,479,'2002-05-14 17:45:01',NULL,'2002-05-14 17:45:01','p_unacceptable_advert',1),(6,479,479,'2002-05-14 17:45:01',NULL,'2002-05-14 17:45:01','var_sch4_decision',1),(7,479,479,'2002-05-14 17:45:01',NULL,'2002-05-14 17:45:01','new_sch4_decision',1),(8,479,479,'2002-05-14 17:45:01',NULL,'2002-05-14 17:45:01','reason_for_closure',1),(9,479,479,'2002-05-14 17:45:01',NULL,'2002-05-14 17:45:01','fee_type',1),(10,479,479,'2002-05-14 17:45:01',NULL,'2002-05-14 17:45:01','consequence_of_non_acceptance',1),(11,479,479,'2002-05-14 17:45:01',NULL,'2002-05-14 17:45:01','confirmation_that_process_to_continue',1),(12,479,479,'2002-05-14 17:45:01','Goods Vehicle or Passenger Vehicle','2002-05-14 17:45:01','p_GV_OR_PSV',1),(13,479,479,'2002-05-14 17:45:01',NULL,'2002-05-14 17:45:01','Reserved_Lic1',1),(14,479,479,'2002-05-14 17:45:01',NULL,'2002-05-14 17:45:01','Reserved_Lic2',1),(15,479,479,'2002-05-14 17:45:01',NULL,'2002-05-14 17:45:01','Reserved_Lic3',1),(16,479,479,'2002-05-14 17:45:01',NULL,'2002-05-14 17:45:01','Reserved_Lic4',1),(17,479,479,'2002-05-14 17:45:01',NULL,'2002-05-14 17:45:01','Reserved_Lic5',1),(18,479,479,'2002-05-14 17:45:01',NULL,'2002-05-14 17:45:01','Reserved_Lic6',1),(19,479,479,'2002-05-14 17:45:01',NULL,'2002-05-14 17:45:01','Reserved_Lic7',1),(20,479,479,'2002-05-14 17:45:01',NULL,'2002-05-14 17:45:01','Reserved_Lic8',1),(21,479,479,'2002-05-14 17:45:01',NULL,'2002-05-14 17:45:01','Reserved_Lic9',1),(22,479,479,'2002-05-14 17:45:01',NULL,'2002-05-14 17:45:01','Reserved_Lic10',1),(23,479,479,'2002-05-14 17:45:01',NULL,'2002-05-14 17:45:01','Reserved_Lic11',1),(24,479,479,'2002-05-14 17:45:01',NULL,'2002-05-14 17:45:01','Reserved_Lic12',1),(25,479,479,'2002-05-14 17:45:01',NULL,'2002-05-14 17:45:01','Reserved_Lic13',1),(26,479,479,'2002-05-14 17:45:01',NULL,'2002-05-14 17:45:01','Reserved_Lic14',1),(27,479,479,'2002-05-14 17:45:01',NULL,'2002-05-14 17:45:01','Reserved_Lic15',1),(28,479,479,'2002-05-14 17:45:01',NULL,'2002-05-14 17:45:01','Reserved_Lic16',1),(29,479,479,'2002-05-14 17:45:01',NULL,'2002-05-14 17:45:01','Reserved_Lic17',1),(30,479,479,'2002-05-14 17:45:01','Vehicle Registration Mark','2002-05-14 17:45:01','p_vehicle_registration_mark',1),(31,479,479,'2002-05-14 17:45:01','PI GV Act 1995 (the act) PSV act 1981 (the act) as amended','2002-05-14 17:45:01','p_PI_GV_or_PSV_amend',1),(32,479,479,'2002-05-14 17:45:01','Annex A the action the Traffic Commissioner will consider HGV/PSV','2002-05-14 17:45:01','p_annex_a_tc_action_hgv',1),(33,479,479,'2002-05-14 17:45:01','Annex B the statutory provisions_app/disc/review/rest GV/PSV','2002-05-14 17:45:01','p_annex_b_statutory_provisions',1),(34,479,479,'2002-05-14 17:45:01','Annex C evidence the Traffic Commissioner will consider GV/PSV','2002-05-14 17:45:01','p_annex_c_evidence_tc_to_consider',1),(35,479,479,'2002-05-14 17:45:01','Annex D Immediate action','2002-05-14 17:45:01','p_annex_d_immediate_action',1),(36,479,479,'2002-05-14 17:45:01','Annex A the action the Traffic Commissioner will consider GV env','2002-05-14 17:45:01','p_annex_a_tc_action_env',1),(37,479,479,'2002-05-14 17:45:01','Annex B The statutory provisions environmental GV ','2002-05-14 17:45:01','p_annex_b_statutory_provisions_env',1),(38,479,479,'2002-05-14 17:45:01','Annex C action the Traffic Commissioner will consider environmental GV ','2002-05-14 17:45:01','p_annex_c_action_tc_to_consider_env',1),(39,479,479,'2002-05-14 17:45:01','Annex D Immediate action environmental GV environmental','2002-05-14 17:45:01','p_annex_d_immediate_action_env',1),(40,479,479,'2002-05-14 17:45:01','PI under Section 35 GV Act 1995, Review','2002-05-14 17:45:01','p_PI_GV_S35_review',1),(41,479,479,'2002-05-14 17:45:01','Annex A the evidence the Traffic Commissioner will consider HGV review ','2002-05-14 17:45:01','p_annex_a_tc_evidence_rvw',1),(42,479,479,'2002-05-14 17:45:01','Annex B The statutory provisions environmental GV ','2002-05-14 17:45:01','p_annex_b_statutory_provisions_rvw',1),(43,479,479,'2002-05-14 17:45:01','Annex C action the Traffic Commissioner will consider review GV ','2002-05-14 17:45:01','p_annex_c_action_tc_to_consider_rvw',1),(44,479,479,'2002-05-14 17:45:01','Annex D Immediate action review GV ','2002-05-14 17:45:01','p_annex_d_immediate_action_rvw',1),(45,479,479,'2002-05-14 17:45:01','GV or PSV or Driver Conduct request information','2002-05-14 17:45:01','p_GV_or_PSV_Drivers',1),(46,479,479,'2002-05-14 17:45:01','Request to operator for information regarding maintenance','2002-05-14 17:45:01','p_maintenance_issues',1),(47,479,479,'2002-05-14 17:45:01','Request to operator for information regarding convictions','2002-05-14 17:45:01','p_convictions_issues',1),(48,479,479,'2002-05-14 17:45:01','Request to operator for information regarding operating centres','2002-05-14 17:45:01','p_operating_centres',1),(49,479,479,'2002-05-14 17:45:01','Request to operator for information regarding offences','2002-05-14 17:45:01','p_offences',1),(50,479,479,'2002-05-14 17:45:01','Request to operator for information regarding LBTS offences','2002-05-14 17:45:01','p_london_borough_transport_scheme',1),(51,479,479,'2002-05-14 17:45:01','Request to operator for information regarding overloading','2002-05-14 17:45:01','p_overloading_prohibitions',1),(52,479,479,'2002-05-14 17:45:01','Request to operator for information regarding EC authorisations','2002-05-14 17:45:01','p_ec_authorisations',1),(53,479,479,'2002-05-14 17:45:01','Driver Conduct RTA 1988 LGV or PCV','2002-05-14 17:45:01','p_RTA88_LGV_or_PCVdriverlicensing',1),(54,479,479,'2002-05-14 17:45:01','Bus registration PSV Complaint','2002-05-14 17:45:01','p_busreg_psv_complaint',1),(55,479,479,'2002-05-14 17:45:01','PI PSV Act 1981 as amended local bus service','2002-05-14 17:45:01','p_busreg_psv_PI_ta85',1),(56,479,479,'2002-05-14 17:45:01','Annex A the evidence the Traffic Commissioner will consider bus reg ','2002-05-14 17:45:01','p_annex_a_tc_evidence_busreg',1),(57,479,479,'2002-05-14 17:45:01','Annex B The statutory provisions bus reg ','2002-05-14 17:45:01','p_annex_b_statutory_provisions_busreg',1),(58,479,479,'2002-05-14 17:45:01','Annex C action the Traffic Commissioner will consider bus reg ','2002-05-14 17:45:01','p_annex_c_action_tc_to_consider_env',1),(59,479,479,'2002-05-14 17:45:01','Annex D Immediate action bus reg ','2002-05-14 17:45:01','p_annex_d_immediate_action_env',1),(60,479,479,'2002-05-14 17:45:01','PI under section 35 GV or PI under section 54 PSV','2002-05-14 17:45:01','p_PI_S35_GV_PSV_S54',1),(61,479,479,'2002-05-14 17:45:01','Drop down list of standard paragraphs','2002-05-14 17:45:01','p_list_standard_paragraphs',1),(62,479,479,'2002-05-14 17:45:01','Goods Vehicle Operator Licensing','2002-05-14 17:45:01','p_GV_operator_licensing',1),(63,479,479,'2002-05-14 17:45:01','Bus Reg Supporting Documents','2002-05-14 17:45:01','p_BR_SUPP_DOCS',1),(64,479,479,'2002-05-14 17:45:01','Bus Reg Reason For Refusal','2002-05-14 17:45:01','p_BR_REASON_FOR_REFUSAL',1),(65,NULL,NULL,NULL,'Bookmark for repeated licence numbers within letter documents',NULL,'LICENCE_NUMBER_REPEAT',1),(66,NULL,NULL,NULL,'Bookmark for repeated licence numbers within letter documents',NULL,'LICENCE_NUMBER_REPEAT',1),(69,1,1,'2007-10-23 15:41:35','Traffic area chosen to show','2007-10-23 15:41:35','MLH_Traffic_Area',1),(70,1,1,'2007-10-23 15:41:35','Reason why doc is sent','2007-10-23 15:41:35','MLH_Doc_Reason',1),(71,1,1,'2012-09-14 15:27:27',NULL,'2012-09-14 15:27:27','background_to_imposition_of_conditions_N',1),(72,1,1,'2012-09-14 15:27:27',NULL,'2012-09-14 15:27:27','reason_for_no_review_NI',1),(73,1,1,'2012-09-14 15:27:27',NULL,'2012-09-14 15:27:27','application_type_NI',1),(74,1,1,'2012-09-14 15:27:27','','2012-09-14 15:27:27','warning_re_early_operating_NI',1),(75,1,1,'2012-09-14 15:27:27','','2012-09-14 15:27:27','p_unacceptable_advert_NI',1),(76,1,1,'2012-09-14 15:27:27','','2012-09-14 15:27:27','var_sch1_decision_NI',1),(77,1,1,'2012-09-14 15:27:27','','2012-09-14 15:27:27','reason_for_closure_NI',1),(78,1,1,'2012-09-14 15:27:27','','2012-09-14 15:27:27','fee_type_NI',1),(79,1,1,'2012-09-14 15:27:27','','2012-09-14 15:27:27','consequence_of_non_acceptance_NI',1),(80,1,1,'2012-09-14 15:27:27','','2012-09-14 15:27:27','confirmation_that_process_to_continue_NI',1),(81,1,1,'2012-09-14 15:27:27','Goods Vehicle or Passenger Vehicle','2012-09-14 15:27:27','p_GV_OR_PSV_NI',1),(82,1,1,'2012-09-14 15:27:27','Annex A the action the Department will consider HGV/PSV','2012-09-14 15:27:27','p_annex_a_Dept_action_hgv_NI',1),(83,1,1,'2012-09-14 15:27:27','Annex B the statutory provisions_app/disc/review/rest GV/PSV','2012-09-14 15:27:27','p_annex_b_statutory_provisions_NI',1),(84,1,1,'2012-09-14 15:27:27','Annex C evidence the Department will consider GV/PSV','2012-09-14 15:27:27','p_annex_c_evidence_Dept_to_consider_NI',1),(85,1,1,'2012-09-14 15:27:27','Annex D Immediate action','2012-09-14 15:27:27','p_annex_d_immediate_action_NI',1),(86,1,1,'2012-09-14 15:27:27','Annex A the action the Department will consider GV env','2012-09-14 15:27:27','p_annex_a_Dept_action_env_NI',1),(87,1,1,'2012-09-14 15:27:27','Annex B The statutory provisions environmental GV ','2012-09-14 15:27:27','p_annex_b_statutory_provisions_env_NI',1),(88,1,1,'2012-09-14 15:27:27','Annex C action the Department will consider environmental GV ','2012-09-14 15:27:27','p_annex_c_action_Dept_to_consider_env_NI',1),(89,1,1,'2012-09-14 15:27:27','Annex D Immediate action environmental GV environmental','2012-09-14 15:27:27','p_annex_d_immediate_action_env_NI',1),(90,1,1,'2012-09-14 15:27:27','PI under Section 32 GV Act (NI) 2010, Review','2012-09-14 15:27:27','p_PI_GV_S32_review_NI',1),(91,1,1,'2012-09-14 15:27:27','Annex A the evidence the Department will consider HGV review ','2012-09-14 15:27:27','p_annex_a_Dept_evidence_rvw_NI',1),(92,1,1,'2012-09-14 15:27:27','Annex B The statutory provisions environmental GV ','2012-09-14 15:27:27','p_annex_b_statutory_provisions_rvw_NI',1),(93,1,1,'2012-09-14 15:27:27','Annex C action the Department will consider review GV ','2012-09-14 15:27:27','p_annex_c_action_Dept_to_consider_rvw_NI',1),(94,1,1,'2012-09-14 15:27:27','Annex D Immediate action review GV ','2012-09-14 15:27:27','p_annex_d_immediate_action_rvw_NI',1),(95,1,1,'2012-09-14 15:27:27','PI PSV Act 1981 as amended local bus service','2012-09-14 15:27:27','p_busreg_psv_PI_ta85_NI',1),(96,1,1,'2012-09-14 15:27:27','Annex A the evidence the Department will consider bus reg ','2012-09-14 15:27:27','p_annex_a_Dept_evidence_busreg_NI',1),(97,1,1,'2012-09-14 15:27:27','Annex B The statutory provisions bus reg ','2012-09-14 15:27:27','p_annex_b_statutory_provisions_busreg_NI',1),(98,1,1,'2012-09-14 15:27:27','Annex C action the Department will consider bus reg ','2012-09-14 15:27:27','p_annex_c_action_Dept_to_consider_env_NI',1),(99,1,1,'2012-09-14 15:27:27','Annex D Immediate action bus reg ','2012-09-14 15:27:27','p_annex_d_immediate_action_env_NI',1),(100,1,1,'2012-09-14 15:27:27','PI under section 32 GV or PI under section 54 PSV','2012-09-14 15:27:27','p_PI_S32_GV_PSV_S54_NI',1),(101,1,1,'2012-09-14 15:27:28','Drop down list of standard paragraphs','2012-09-14 15:27:28','p_list_standard_paragraphs_NI',1),(102,1,1,'2012-09-14 15:27:28','Goods Vehicle Operator Licensing','2012-09-14 15:27:28','p_GV_operator_licensing_NI',1),(103,1,1,'2012-09-14 15:27:28','Bus Reg Supporting Documents','2012-09-14 15:27:28','p_BR_SUPP_DOCS_NI',1),(104,1,1,'2012-09-14 15:27:28','Bus Reg Reason For Refusal','2012-09-14 15:27:28','p_BR_REASON_FOR_REFUSAL_NI',1),(105,1,1,'2012-09-14 15:27:28','Traffic area chosen to show','2012-09-14 15:27:28','MLH_Traffic_Area_NI',1),(106,1,1,'2012-09-14 15:27:28','Reason why doc is sent','2012-09-14 15:27:28','MLH_Doc_Reason_NI',1),(107,1,1,'2012-09-14 15:27:28','GV or PSV or Driver Conduct request information','2012-09-14 15:27:28','p_GV_or_PSV_Drivers_NI',1);
/*!40000 ALTER TABLE `doc_bookmark` ENABLE KEYS */;
UNLOCK TABLES;

--
-- Dumping data for table `doc_paragraph`
--

LOCK TABLES `doc_paragraph` WRITE;
/*!40000 ALTER TABLE `doc_paragraph` DISABLE KEYS */;
INSERT INTO `doc_paragraph` (`id`, `created_by`, `last_modified_by`, `created_on`, `last_modified_on`, `para_text`, `para_title`, `version`) VALUES (1,479,479,'2002-05-14 17:45:01','2002-05-14 17:45:01',' ','Blank Paragraph',1),(2,479,479,'2002-05-14 17:45:01','2002-05-14 17:45:01',' for a goods vehicle operator\'s licence','for a goods vehicles operator\'s licence',1),(3,479,479,'2002-05-14 17:45:01','2002-05-14 17:45:01',' to vary your goods vehicles operator\'s licence','to vary your goods vehicles operator\'s licence',1),(4,479,479,'2002-05-14 17:45:01','2002-05-14 17:45:01','','Advert wording incorrect',1),(5,479,479,'2002-05-14 17:45:01','2002-05-14 17:45:01','','The newspaper does not circulate within the vicinity of the operating centre',1),(6,479,479,'2002-05-14 17:45:01','2002-05-14 17:45:01','','Advert published more than 21 days before application submitted',1),(7,479,479,'2002-05-14 17:45:01','2002-05-14 17:45:01','The Traffic Commissioner has directed that paragraph 2 of Schedule 4 to the above Act shall apply to the operating centre(s) at #.   There is, therefore, no requirement for you to advertise in a local newspaper circulating within the locality of theses premises.','Sch 4 new app approved',1),(8,479,479,'2002-05-14 17:45:01','2002-05-14 17:45:01','','Sch 4 new app  not approved',1),(9,479,479,'2002-05-14 17:45:01','2002-05-14 17:45:01','The Traffic Commissioner has directed that paragraph 4 of Schedule 4 to the above Act shall apply to the operating centre(s) at #.   There is, therefore, no requirement for you to advertise in a local newspaper circulating within the locality of theses premises.','Sch 4 var app approved',1),(10,479,479,'2002-05-14 17:45:01','2002-05-14 17:45:01','','Sch 4 var app not approved',1),(11,479,479,'2002-05-14 17:45:01','2002-05-14 17:45:01','you have been appointed to deal with the affairs of the above licence holder.','you have been appointed to deal with the affairs of the above licence holder.',1),(12,479,479,'2002-05-14 17:45:01','2002-05-14 17:45:01','you have taken over the business activities of the above licence holder.','you have taken over the business activities of the above licence holder.',1),(13,479,479,'2002-05-14 17:45:01','2002-05-14 17:45:01','the name quoted in that correspondence differs from that held on our licence record.','the name quoted in that correspondence differs from that held on our licence record.',1),(14,479,479,'2002-05-14 17:45:01','2002-05-14 17:45:01','the Company registration number quoted in that correspondence differs from that held on our licence record.','different Company number',1),(15,479,479,'2002-05-14 17:45:01','2002-05-14 17:45:01','the Company name and registration number quoted in that correspondence differ from that held on our licence record.','different Company name and number',1),(16,479,479,'2002-05-14 17:45:01','2002-05-14 17:45:01','that correspondence indicates that you have formed a Limited Company.','Ltd Company formed',1),(17,479,479,'2002-05-14 17:45:01','2002-05-14 17:45:01','that correspondence indicates that you have changed from sole trader status to a partnership with #.','partnership formed',1),(18,479,479,'2002-05-14 17:45:01','2002-05-14 17:45:01','that correspondence indicates that the names within the partnership to which the licence was issued have changed.','change in partnership names',1),(19,479,479,'2002-05-14 17:45:01','2002-05-14 17:45:01','','warning re premature operating - no interim applied for',1),(20,479,479,'2002-05-14 17:45:01','2002-05-14 17:45:01','','warning re premature operating - interim refused - no int fee paid',1),(21,479,479,'2002-05-14 17:45:01','2002-05-14 17:45:01','','warning re premature operating - interim refused - int fee retained',1),(22,479,479,'2002-05-14 17:45:01','2002-05-14 17:45:01','','warning re premature operating - interim decision deferred',1),(23,479,479,'2002-05-14 17:45:01','2002-05-14 17:45:01','','warning re premature operating - no interim Direction applied for',1),(24,479,479,'2002-05-14 17:45:01','2002-05-14 17:45:01','Your application for an interim Direction has been refused.  You are advised that you must continue to operate within the existing terms and conditions of your licence until you are granted authority to do otherwise, which will now depend on the outcome of your full application.','warning re premature operating - interim Direction refused - no int fee paid',1),(25,479,479,'2002-05-14 17:45:01','2002-05-14 17:45:01','','warning re premature operating - interim Direction refused - int fee retained',1),(26,479,479,'2002-05-14 17:45:01','2002-05-14 17:45:01','A decision on your request for an interim Direction has been deferred to await your response to this letter. In the meantime, you are advised that you must continue to operate within the existing terms and conditions of your licence until you are granted authority to do otherwise.','warning re premature operating - interim Direction decision deferred',1),(27,479,479,'2002-05-14 17:45:01','2002-05-14 17:45:01','Given your failure to submit written representations within the stated deadline regarding their effect on your business, The Traffic Commissioner has decided to attach the following conditions to your licence.  Amended licence documentation is enclosed:','no written representations - Conditions imposed',1),(28,479,479,'2002-05-14 17:45:01','2002-05-14 17:45:01','The Traffic Commissioner having given full consideration to your written representations as to their effect on your business, the following conditions have been attached to your licence.  Amended licence documentation is enclosed:','Conditions imposed despite written representations',1),(29,479,479,'2002-05-14 17:45:01','2002-05-14 17:45:01','that the issues raised in the letter(s) of complaint  fall outside the Traffic Commissioner\'s jurisdiction.','issues fall outside TC\'s remit',1),(30,479,479,'2002-05-14 17:45:01','2002-05-14 17:45:01','that the issues raised in  the letter(s) of complaint, although they fall within the Traffic Commissioner\'s jurisdiction, do not justify a Review being conducted.','issues raised do not justify a review',1),(31,479,479,'2002-05-14 17:45:01','2002-05-14 17:45:01','that you have failed to confirm that the issues raised in your original letter(s) of complaint remain valid.','complainant has not followed up complaint',1),(32,479,479,'2002-05-14 17:45:01','2002-05-14 17:45:01','that the issues raised in your original letter(s) of complaint are no longer relevant.','issues raised are no longer relevant',1),(33,479,479,'2002-05-14 17:45:01','2002-05-14 17:45:01','having now surrendered his licence.','having now surrendered his licence.',1),(34,479,479,'2002-05-14 17:45:01','2002-05-14 17:45:01','having now removed this operating centre from his licence.','having now removed this operating centre from his licence.',1),(35,479,479,'2002-05-14 17:45:01','2002-05-14 17:45:01','granted as applied for.','granted as applied for.',1),(36,479,479,'2002-05-14 17:45:01','2002-05-14 17:45:01','granted, but with the following condition(s) attached, which legislation dictates can only apply to vehicles authorised on this licence:','granted with Conditions',1),(37,479,479,'2002-05-14 17:45:01','2002-05-14 17:45:01','granted, the applicant having agreed to the following undertaking(s):','granted with undertakings',1),(38,479,479,'2002-05-14 17:45:01','2002-05-14 17:45:01','granted, but with the following condition(s) attached (which legislation dictates can only apply to vehicles authorised on this licence) and also the applicant\'s agreement to the following undertaking(s):','granted with Conditions and undertakings',1),(39,479,479,'2002-05-14 17:45:01','2002-05-14 17:45:01','refused.','refused.',1),(40,479,479,'2002-05-14 17:45:01','2002-05-14 17:45:01','to continue in force your licence for a further five-year period.','to continue in force your licence for a further five-year period.',1),(41,479,479,'2002-05-14 17:45:01','2002-05-14 17:45:01','tendered following the grant of your licence variation application.','tendered following the grant of your licence variation application.',1),(42,479,479,'2002-05-14 17:45:01','2002-05-14 17:45:01','tendered following the grant of your application for a licence.','tendered following the grant of your application for a licence.',1),(44,479,479,'2002-05-14 17:45:01','2002-05-14 17:45:01','','new application grant re-instated',1),(45,479,479,'2002-05-14 17:45:01','2002-05-14 17:45:01','','var application grant re-instated',1),(46,479,479,'2002-05-14 17:45:01','2002-05-14 17:45:01','agreed that your licence should be continued in force for a further five-year period.  If you tendered payment with your letter of explanation, licence documentation is enclosed.  If not, you must now send payment to us for your licence as detailed on the enclosed fee request.','licence continuation process re-instated',1),(48,479,479,'2002-05-14 17:45:01','2002-05-14 17:45:01','','decision to treat pub application as withdrawn to stand',1),(49,479,479,'2002-05-14 17:45:01','2002-05-14 17:45:01','terminate your licence in line with the provisions of Section 45(4) of the Act must stand.  As previously explained, you have no legal authority to operate until you have applied for, and been granted, authority to do so by the Traffic Commissioner under cover of a new application.','licence termination decision to stand',1),(50,479,479,'2002-05-14 17:45:01','2002-05-14 17:45:01','GOODS VEHICLE OPERATOR LICENSING\\par\\ GOODS VEHICLES (LICENSING OF OPERATORS) ACT 1995','GVOL Licencing Act 1995',1),(51,479,479,'2002-05-14 17:45:01','2002-05-14 17:45:01','PUBLIC SERVICE VEHICLE OPERATOR LICENSING\\par\\ PUBLIC PASSENGER VEHICLES ACT 1981\\par\\ TRANSPORT ACT 1985','PSV Licencing Act 1981',1),(52,479,479,'2002-05-14 17:45:01','2002-05-14 17:45:01','a report has been received from the Vehicle Inspectorate which indicates that ','report received from Vehicle Inspectorate',1),(53,479,479,'2002-05-14 17:45:01','2002-05-14 17:45:01','there was no/an inadequate driver defect reporting system in operation','no defect reporting system',1),(54,479,479,'2002-05-14 17:45:01','2002-05-14 17:45:01','you were unable to produce complete records of preventative maintenance inspections','unable to produce inspection records',1),(55,479,479,'2002-05-14 17:45:01','2002-05-14 17:45:01','you were not adhering to the declared inspection frequency','you were not adhering to the declared inspection frequency',1),(56,479,479,'2002-05-14 17:45:01','2002-05-14 17:45:01','there had been a change to the maintenance arrangements and/or safety inspections which had not been notified to the Traffic Commissioner','change in maintenance/safety inspections',1),(57,479,479,'2002-05-14 17:45:01','2002-05-14 17:45:01','the following prohibition notices have been issued to your vehicles/trailers:- [Insert Table \'Date\' Vehicle/Trailer\' \'Type of Prohibition\']','list of prohibitions',1),(58,479,479,'2002-05-14 17:45:01','2002-05-14 17:45:01','the prohibition(s) endorsed \"S\" indicate(s) that in the issuing officers opinion a significant failure of the maintenance system had allowed defects to develop','\"S\" marked prohibitions',1),(59,479,479,'2002-05-14 17:45:01','2002-05-14 17:45:01','the defects found would appear to indicate shortcomings in the standard and/or frequency of your preventative maintenance arrangements','defects indicate shortcomings',1),(60,479,479,'2002-05-14 17:45:01','2002-05-14 17:45:01','your vehicles have a poor test history','vehicles have poor test history',1),(61,479,479,'2002-05-14 17:45:01','2002-05-14 17:45:01','','obtain a copy of the \"Guide to Maintaining Roadworthiness\"',1),(62,479,479,'2002-05-14 17:45:01','2002-05-14 17:45:01','It has been noted that the following conviction(s) has been recorded against you/the partnership/the company:- [Insert Table \'Date\' \'Court\' \'Offence\' \'Penalty\']','convictions recorded against you/the partnership/the company',1),(63,479,479,'2002-05-14 17:45:01','2002-05-14 17:45:01','you/the partnership/the company are reminded of the condition attached to your licence which states that convictions must be notified to the Traffic Commissioner within 28 days of them being recorded.','convictions to be reported to Traffic Commissioner within 28 days',1),(64,479,479,'2002-05-14 17:45:01','2002-05-14 17:45:01','a check of the records held by the Driver and Vehicle Licensing Agency shows that vehicle(s) [.] which is/are specified on your /the partnership\'s/the company\'s licence is/are not taxed. You are required, therefore, to provide evidence that the vehicle(s) are now taxed.','specified vehicles not taxed',1),(65,479,479,'2002-05-14 17:45:01','2002-05-14 17:45:01','it would appear that you/the partnership/the company have changed operating centre without the required authority.','change of operating centre without authority',1),(66,479,479,'2002-05-14 17:45:01','2002-05-14 17:45:01','it would appear that vehicle(s) [.] specified on your/the partnership(\'s)/the company(\'s)  operators licence is/are not being kept at the nominated operating centre when not in use. The vehicle(s) has/have been observed parked at [..].','specified vehicles not parked at nominated operating centre',1),(67,479,479,'2002-05-14 17:45:01','2002-05-14 17:45:01','an operating centre is defined in the Goods Vehicle (Licensing of Operators) as the base or centre at which authorised vehicles are normally kept.','operating centre defined as base which authorised vehicles are normally kept',1),(68,479,479,'2002-05-14 17:45:01','2002-05-14 17:45:01','I would draw your attention to Section 7(1) of the 1995 Act which states:-','I would draw your attention to Section 7(1) of the 1995 Act which states:-',1),(69,479,479,'2002-05-14 17:45:01','2002-05-14 17:45:01','a report has been received from [..] which indicates that the following alleged offences have been incurred by you/the partnership/the company and/or drivers in your employ','report indicating alleged offences against you/the partnership/the company',1),(70,479,479,'2002-05-14 17:45:01','2002-05-14 17:45:01','a report has been received from [] which indicates that you/the partnership/the company were fined [..] on [.] for failure to have a vehicle excise licence for vehicle registration number []','report indicating that you/the partnership company being fined for VED offences',1),(71,479,479,'2002-05-14 17:45:01','2002-05-14 17:45:01','you/the partnership/the company has/have incurred the following convictions under the London Borough Transport Scheme:- [Insert Table \'Date\' \'Offence\' \' Penalty\']','you/the partnership/thecompany incurred convictions under LBTS',1),(72,479,479,'2002-05-14 17:45:01','2002-05-14 17:45:01','','information held on file may be used in the future',1),(73,479,479,'2002-05-14 17:45:01','2002-05-14 17:45:01','a report has been received stating that vehicle registration number [..] was issued with a prohibition on [.] as a result of being overweight.','report received regarding overloading',1),(74,479,479,'2002-05-14 17:45:01','2002-05-14 17:45:01','and in particular to the community authorisations entitling you/the partnership/the company to carry out the international carriage of goods/passengers by road.','community authorisations entitling use by Goods/Public Service/Vehicle operators',1),(75,479,479,'2002-05-14 17:45:01','2002-05-14 17:45:01','the Traffic Commissioner has received a report from the [..] Authorities relating to offences committed on [..] for [.].','report received from foreign authorities regarding EC authorisations',1),(76,479,479,'2002-05-14 17:45:01','2002-05-14 17:45:01','The action the Traffic Commissioner will consider. (HGV)','annex A The action the Traffic Commissioner will consider. (HGV) ',1),(77,479,479,'2002-05-14 17:45:01','2002-05-14 17:45:01','In this Annex the Act refers to the  Goods Vehicles (Licensing of Operators) Act 1995 unless otherwise stated.','In this annex',1),(78,479,479,'2002-05-14 17:45:01','2002-05-14 17:45:01','The Traffic Commissioner will consider whether:-','the Traffic Commissioner will consider whether:-',1),(79,479,479,'2002-05-14 17:45:01','2002-05-14 17:45:01','#) to grant in full or in part or to refuse your new application under the provisions of Section 13 (#and Schedule 3) of the Act','S13 to grant in full or part, new application',1),(80,479,479,'2002-05-14 17:45:01','2002-05-14 17:45:01','#) to grant in full or in part or to refuse your variation application under the provisions of Section 17 (#and Schedule 3) of the Act','S17 to grant in full or part, variation',1),(81,479,479,'2002-05-14 17:45:01','2002-05-14 17:45:01','#) if he grants the application it would be appropriate to attach conditions (under Section 21 of the Act) to the licence for the purpose of preventing authorised vehicles from causing danger to the public. These conditions relate only to:-','S21 grant of new application with conditions',1),(82,479,479,'2002-05-14 17:45:01','2002-05-14 17:45:01','a) any point where vehicles first join a public road on their way from an operating centre of the licence-holder (or last leave a public road on their way to such an operating centre); and','any point of  vehicles joining road condition',1),(83,479,479,'2002-05-14 17:45:01','2002-05-14 17:45:01','b) any road (other than a public road) along which vehicles are driven between such a point and the operating centre','any road condition',1),(84,479,479,'2002-05-14 17:45:01','2002-05-14 17:45:01','#) if he grants the application, he deems it appropriate to attach conditions to the licence (under Section 23 of the Act) for the purpose of preventing or minimising any adverse effects on environmental conditions from the use of authorised vehicles. These conditions relate only to:-','grant minimising adverse effects condition',1),(85,479,479,'2002-05-14 17:45:01','2002-05-14 17:45:01','a) the number, type and size of authorised motor vehicles or trailers which may, at any one time, be at the operating centre of the licence-holder in the area of the Traffic Commissioner, for the purposes of maintenance and parking;','number, type, size of authorised vehicles condition',1),(86,479,479,'2002-05-14 17:45:01','2002-05-14 17:45:01','b) the parking arrangements to be provided for authorised motor vehicles or trailers at or in the vicinity of the operating centre;','parking arrangements condition',1),(87,479,479,'2002-05-14 17:45:01','2002-05-14 17:45:01','c) the times at which there may be carried out at the operating centre, any maintenance or movement of authorised vehicles or trailers, and the times at which any equipment may be used for such maintenance or movement; and','maintenance at operating centre condition',1),(88,479,479,'2002-05-14 17:45:01','2002-05-14 17:45:01','d) the means of ingress to and egress from the operating centre by authorised vehicles and trailers.',' ingress and egress condition',1),(89,479,479,'2002-05-14 17:45:01','2002-05-14 17:45:01','#) to exercise his powers in respect of # licence, (i.e. to revoke, suspend or curtail the licence) under Section 26(1) of the Act, or to revoke the licence under Section 27(1) and Schedule 3 of the Act.',' revoke, suspend or curtail the licence',1),(90,479,479,'2002-05-14 17:45:01','2002-05-14 17:45:01','','S 27(1) revoke on good repute, appropriate finance or professionally competent',1),(91,479,479,'2002-05-14 17:45:01','2002-05-14 17:45:01','','26(6)curtailment or suspension of vehicles',1),(92,479,479,'2002-05-14 17:45:01','2002-05-14 17:45:01','','revocation under S 26(1), 27(1) and 28 of the 1995 Act',1),(93,479,479,'2002-05-14 17:45:01','2002-05-14 17:45:01','','26(1) 27(1) disqualify holder/director/partner of licence',1),(94,479,479,'2002-05-14 17:45:01','2002-05-14 17:45:01','Community Authorisation Certificates','Community Authorisation Certificates',1),(95,479,479,'2002-05-14 17:45:01','2002-05-14 17:45:01','','withdrawal of EU authorisations due to revocation of operators licence',1),(96,479,479,'2002-05-14 17:45:01','2002-05-14 17:45:01','The Traffic Commissioner also has discretionary powers under Article 8(3) of EEC Council Regulation 881 of 1992 to temporarily or partially suspend the certified true copies of # Community Authorisation Certificates as a result of serious or repeated minor infringements of carriage regulations.','Traffic Commissioners powers to suspend  EU authorisations',1),(97,479,479,'2002-05-14 17:45:01','2002-05-14 17:45:01','The action the Traffic Commissioner will consider. (PSV)','the action the Traffic Commissioner will consider. (PSV)',1),(98,479,479,'2002-05-14 17:45:01','2002-05-14 17:45:01','In this Annex the Act refers to the Public Passenger Vehicles Act 1981 (as amended).','In this Annex the Act refers to the Public Passenger Vehicles Act 1981 (as amended).',1),(99,479,479,'2002-05-14 17:45:01','2002-05-14 17:45:01','The Traffic Commissioner will consider whether:','the Traffic Commissioner will consider whether:',1),(100,479,479,'2002-05-14 17:45:01','2002-05-14 17:45:01','','S17(1) & (2) revoke or suspend licence',1),(101,479,479,'2002-05-14 17:45:01','2002-05-14 17:45:01','#) if he revokes your # licence, he will also consider whether to disqualify # indefinitely or for a specific period from holding an operators licence under the provisions of Section 28 of the Transport Act 1985, as amended by Section 67 of the Deregulation and Contracting Out Act 1994;','disqualification period if licence is revoked',1),(102,479,479,'2002-05-14 17:45:01','2002-05-14 17:45:01','#) to grant in full, or in part, or to refuse your # application under the provisions of Section # of the Act.','to grant or refuse the application',1),(103,479,479,'2002-05-14 17:45:01','2002-05-14 17:45:01','#) to take disciplinary action in respect of # licence (i.e. to revoke or suspend the licence) under Section 17(2) of the Act, or to add to, or vary any condition attached to it under Section 16 of the Act;','to revoke, suspend or vary the licence under S 17(2)',1),(104,479,479,'2002-05-14 17:45:01','2002-05-14 17:45:01',' Annex B the statutory provisions','annex B the statutory provisions',1),(105,479,479,'2002-05-14 17:45:01','2002-05-14 17:45:01','It appears, on the basis of the relevant evidence available, which is set out in Annex #, that the Traffic Commissioner should consider whether or not to make a direction in respect of your licence on the following grounds:-','on the basis of the evidence available',1),(106,479,479,'2002-05-14 17:45:01','2002-05-14 17:45:01','','applications with interim in force: interim to continue with application being processed',1),(107,479,479,'2002-05-14 17:45:01','2002-05-14 17:45:01','Disciplinary - Goods','disciplinary - goods',1),(108,479,479,'2002-05-14 17:45:01','2002-05-14 17:45:01','#) under Section 26(1)(a) of the Act, that a place in the Commissioner\'s area has, at a time when it was not specified in the licence as an operating centre of the licence-holder, been used as an operating centre for vehicles authorised to be used under the licence.  Namely, #;','26(1)(a) unauthorised operating centre',1),(109,479,479,'2002-05-14 17:45:01','2002-05-14 17:45:01','#) under Section 26(1)(b) of the Act that the holder of the licence has contravened any condition attached to the licence.  Namely, #;','26(1)(b) contravened condition',1),(110,479,479,'2002-05-14 17:45:01','2002-05-14 17:45:01','#) under Section 26(1)(c)(i) of the Act that the holder of the licence has sustained convictions for certain types of offences and activities involving goods vehicles within the last 5 years.  Conviction details are set out in the schedule to this letter;','26(1)(c)(I) licence holder has sustained convictions',1),(111,479,479,'2002-05-14 17:45:01','2002-05-14 17:45:01','#) under Section 26(1)(c)(ii) of the Act that a servant or agent of the licence holder has sustained convictions for certain types of offences and activities involving goods vehicles within the last 5 years  Conviction details are set out in the schedule to this letter; ','26(1)(c)(ii) servant or agent has sustained convictions',1),(112,479,479,'2002-05-14 17:45:01','2002-05-14 17:45:01','','26(1)(c)(iii) prohibitions have been issued',1),(113,479,479,'2002-05-14 17:45:01','2002-05-14 17:45:01','','26(1)(d) convicted of offences relation to traffic orders',1),(114,479,479,'2002-05-14 17:45:01','2002-05-14 17:45:01','',' 26(1)(e) false statement',1),(115,479,479,'2002-05-14 17:45:01','2002-05-14 17:45:01','#) under Section 26(1)(f) of the Act, that any undertaking recorded in the licence has not been fulfilled.  Details of those Undertakings are set out in the schedule to this letter;',' 26(1)(f) Undertaking not fulfilled',1),(116,479,479,'2002-05-14 17:45:01','2002-05-14 17:45:01','#) under Section 26(1)(g) of the Act that the licence holder has been adjudged bankrupt or has gone into liquidation, other than voluntary liquidation for the purpose of reconstruction.  The Traffic Commissioner will have regard to #;','26(1)(g) Adjudged bankrupt/liquidation',1),(117,479,479,'2002-05-14 17:45:01','2002-05-14 17:45:01','#) under Section 26(1)(h) of the Act, that there has been, since the licence was issued or varied, a material change in any of the circumstances of the licence-holder, that were relevant to the issue or variation of the licence, namely #;',' 26(1)(h) Material Change',1),(118,479,479,'2002-05-14 17:45:01','2002-05-14 17:45:01','','26(1)(i) revocation, suspension or curtailment through association ',1),(119,479,479,'2002-05-14 17:45:01','2002-05-14 17:45:01','#) under Section 27(1)(a) and Schedule 3 of the Act that the holder of the licence may no longer satisfy the requirement to be of Good Repute.  The Traffic Commissioner will have regard to #;',' 27(1)(a) Good repute',1),(120,479,479,'2002-05-14 17:45:01','2002-05-14 17:45:01','#) under Section 27(1)(b) and Schedule 3 of the Act that the holder of the licence may no longer satisfy the requirement to be of the appropriate financial standing.  The Traffic Commissioner will have regard to #;','financial standing',1),(121,479,479,'2002-05-14 17:45:01','2002-05-14 17:45:01','#) under Section 27(1)(c) and Schedule 3 of the Act that the holder of the licence may no longer satisfy the requirement of professional competence.  The Traffic Commissioner will have regard to #;','  27(1)(c) professional competence',1),(122,479,479,'2002-05-14 17:45:01','2002-05-14 17:45:01','Applications - Goods','applications - Goods',1),(123,479,479,'2002-05-14 17:45:01','2002-05-14 17:45:01','On the basis of the relevant evidence available, which is set out later in this letter, it appears that # may not satisfy the following requirement# for holding an operators licence:-','not satisfying requirement',1),(124,479,479,'2002-05-14 17:45:01','2002-05-14 17:45:01','#) under Section 13(3)(a) and Schedule 3 of the Act, to be of good repute having regard to any relevant convictions incurred by you, your partners or directors and nominated Transport Manager.  The Traffic Commissioner will have regard to #;','13(3)(a) and schedule 3 of the act good repute',1),(125,479,479,'2002-05-14 17:45:01','2002-05-14 17:45:01','#) under Section 13(3)(b) and Schedule 3 of the Act, to be of the appropriate financial standing.  The Traffic Commissioner will have regard to #;','13(3)(b) and schedule 3 of the act financial standing',1),(126,479,479,'2002-05-14 17:45:01','2002-05-14 17:45:01','#) under Section 13 (3)(c) and Schedule 3 of the Act, to be professionally competent (or to have in your employ a Transport Manager who meets this requirement).    The Traffic Commissioner will have regard to #;','13 (3)(c) and schedule 3 of the act professional competence',1),(127,479,479,'2002-05-14 17:45:01','2002-05-14 17:45:01','#) under Section 13(4) of the Act, to be a fit # to hold a licence having regard to any convictions for certain types of offences and/or previous activities involving the operation of vehicles and trailers of any description.  The Traffic Commissioner will have regard to #;','Section 13(4)fFit to hold a licence',1),(128,479,479,'2002-05-14 17:45:01','2002-05-14 17:45:01','#) under Section 13(5) and Section 14 of the Act to have an operating centre which is suitable, not only for its purpose, but if appropriate, environmentally.  The Traffic Commissioner will have regard to #;','Section 13(5) and section 14 suitable operating centre',1),(129,479,479,'2002-05-14 17:45:01','2002-05-14 17:45:01','',' Section 13(5)(a) drivers hours',1),(130,479,479,'2002-05-14 17:45:01','2002-05-14 17:45:01','#) under Section 13(5)(b) of the Act to have satisfactory facilities for securing that the vehicles used under the licence will not be overloaded.  The Traffic Commissioner will have regard to #;','Section 13(5)(b) overloading',1),(131,479,479,'2002-05-14 17:45:01','2002-05-14 17:45:01','#) under Section 13(5)(c) of the Act, to have satisfactory facilities and arrangements for maintaining the vehicles used under the licence, in a fit and serviceable condition.  The Traffic Commissioner will have regard to #;',' Section 13(5)(c) maintenance',1),(132,479,479,'2002-05-14 17:45:01','2002-05-14 17:45:01','',' Section 13(5)(d) operating centre',1),(133,479,479,'2002-05-14 17:45:01','2002-05-14 17:45:01','#) under Section 13(5)(e) of the Act, to have sufficient capacity at the operating centre, or all operating centres taken together, for all the vehicles to be used under the licence.  The Traffic Commissioner will have regard to #;',' Section 13(5)(e) sufficient capacity at the operating centre',1),(134,479,479,'2002-05-14 17:45:01','2002-05-14 17:45:01','#) under Section 13(6) of the Act, to have sufficient financial resources to ensure the provision of satisfactory facilities and arrangements for maintaining the authorised vehicles in a fit and serviceable condition.  The Traffic Commissioner will have regard to #;','Section 13(6)  sufficient financial resources',1),(135,479,479,'2002-05-14 17:45:01','2002-05-14 17:45:01','Review - Goods','review - goods',1),(136,479,479,'2002-05-14 17:45:01','2002-05-14 17:45:01','On the basis of the relevant evidence available, which is set out later in this letter, it appears that the Traffic Commissioner should consider whether to remove the operating centre, or to attach conditions to # licence on the following grounds:-','remove operating centre or attach conditions',1),(137,479,479,'2002-05-14 17:45:01','2002-05-14 17:45:01','#) under Section 31(1) and (2) of the Act, that the place specified as an operating centre in your # licence, may be unsuitable for that purpose.  The Traffic Commissioner will have regard to #;','section 31(1) (2) unsuitable operating centre',1),(138,479,479,'2002-05-14 17:45:01','2002-05-14 17:45:01','#) under Section 32(1) of the Act, that the use of authorised vehicles at the operating centre at # may cause either a danger to the public, or adverse effects on environmental conditions in the vicinity of the operating centre.  The Traffic Commissioner will have regard to #;','32(1) operating centre may cause danger',1),(139,479,479,'2002-05-14 17:45:01','2002-05-14 17:45:01','Disciplinary - PSV licences ','disciplinary - PSV licences ',1),(140,479,479,'2002-05-14 17:45:01','2002-05-14 17:45:01','#) under Section 17(1) and Schedule 3 of the Act, as amended by Statutory Instruments 1850 and 1851 of 1990 that the holder of the licence may no longer satisfy the requirement to be  #of Good Repute.  The Traffic Commissioner will have regard to #;','section 17(1) and schedule 3 good repute',1),(141,479,479,'2002-05-14 17:45:01','2002-05-14 17:45:01','#) under Section 17(1) and Schedule 3 of the Act, as amended by Statutory Instruments 1850 and 1851 of 1990 that the holder of the licence may no longer satisfy the requirement to be  of the Appropriate Financial Standing.  The Traffic Commissioner will have regard to #;',' section 17(1) and schedule 3 appropriate financial standing',1),(142,479,479,'2002-05-14 17:45:01','2002-05-14 17:45:01','#) under Section 17(1) and Schedule 3 of the Act, as amended by Statutory Instruments 1850 and 1851 of 1990 that the holder of the licence may no longer satisfy the requirement to be  Professionally Competent.  The Traffic Commissioner will have regard to #;','section 17(3)(a) professionally competent',1),(143,479,479,'2002-05-14 17:45:01','2002-05-14 17:45:01','','section 17(3)(a) statement of expectation',1),(144,479,479,'2002-05-14 17:45:01','2002-05-14 17:45:01','#) under Section 17(3)(aa) of the Act, that any Undertaking recorded in the licence has not been fulfilled.  The Traffic Commissioner will have regard to #;','section 17(3)(aa) undertaking not fulfilled',1),(145,479,479,'2002-05-14 17:45:01','2002-05-14 17:45:01','#) under Section 17(3)(b) of the Act that there has been a contravention of any condition attached to the licence.  The Traffic Commissioner will have regard to #;','section 17(3)(b) contravention of condition',1),(146,479,479,'2002-05-14 17:45:01','2002-05-14 17:45:01','#) under Section 17(3)(c) of the Act that a prohibition under Section 69 of the Road Traffic Act 1988 has been imposed with respect to a vehicle owned or operated by the holder of the licence.  The Traffic Commissioner will have regard to #;',' 17(3)(c) prohibitions',1),(147,479,479,'2002-05-14 17:45:01','2002-05-14 17:45:01','',' 17(3)(c) convicted of an offence',1),(148,479,479,'2002-05-14 17:45:01','2002-05-14 17:45:01','Restricted Licences only','restricted licences only',1),(149,479,479,'2002-05-14 17:45:01','2002-05-14 17:45:01','#) under Section 17(3)(d) of the Act that the holder of the licence may no longer satisfy the requirement to be of good repute or the requirement to be of appropriate financial standing.  The Traffic Commissioner will have regard to #;','section 17(3)(d) good repute/appropriate financial standing',1),(150,479,479,'2002-05-14 17:45:01','2002-05-14 17:45:01','#) under Section 17(3)(e) of the Act, that there has been, since the licence was granted or varied, a material change in any of the circumstances of the holder of the licence which were relevant to the grant or variation of the licence.  The Traffic Commissioner will have regard to #;','17(3)(e) material change',1),(151,479,479,'2002-05-14 17:45:01','2002-05-14 17:45:01','Applications - PSV ','applications - PSV ',1),(152,479,479,'2002-05-14 17:45:01','2002-05-14 17:45:01','On the basis of the relevant evidence available, which is set out later in this letter, it appears that # may not satisfy the following requirement# for holding an operators licence:-','evidence may not satisfy the Traffic Commissioner',1),(153,479,479,'2002-05-14 17:45:01','2002-05-14 17:45:01','#) under Section 14(1)(a) and Schedule 3 of the Act, as amended by Statutory Instruments 1850 and 1851 of 1990, to be of Good Repute.  The Traffic Commissioner will have regard to #;','Section 14(1)(a) and Schedule 3 Good Repute',1),(154,479,479,'2002-05-14 17:45:01','2002-05-14 17:45:01','#) under Section 14(1)(b) and Schedule 3 of the Act, as amended by Statutory Instruments 1850 and 1851 of 1990, to be of the appropriate Financial Standing.  The Traffic Commissioner will have regard to #;','14(1)(b) and Schedule 3 Financial standing',1),(155,479,479,'2002-05-14 17:45:01','2002-05-14 17:45:01','#) under Section 14(1)(c) and Schedule 3 of the Act, as amended by Statutory Instruments 1850 and 1851 of 1990, to fulfil the requirement of professional competence.  The Traffic Commissioner will have regard to #;','Section 14(1)(c) and Schedule 3 Professional competence',1),(156,479,479,'2002-05-14 17:45:01','2002-05-14 17:45:01','#) under Section 14(3)(a) of the Act to have adequate facilities or arrangements for maintaining vehicles used under the licence in a fit and serviceable condition.  The Traffic Commissioner will have regard to #;','Section 14(3)(a) Maintenance',1),(157,479,479,'2002-05-14 17:45:01','2002-05-14 17:45:01','#) under Section 14(3)(b) of the Act to ensure that there will be adequate arrangements for securing compliance with the law relating to the driving or operation of vehicles.  The Traffic Commissioner will have regard to #;',' Section 14(3)(b) Drivers Hours',1),(158,479,479,'2002-05-14 17:45:01','2002-05-14 17:45:01','Annex C THE EVIDENCE THE TRAFFIC COMMISSIONER WILL CONSIDER ','annex C The evidence the Traffic Commissioner will consider',1),(159,479,479,'2002-05-14 17:45:01','2002-05-14 17:45:01','The relevant evidence the Traffic Commissioner will consider is:-','The relevant evidence the Traffic Commissioner will consider is:-',1),(160,479,479,'2002-05-14 17:45:01','2002-05-14 17:45:01','','adverse V.E. report',1),(161,479,479,'2002-05-14 17:45:01','2002-05-14 17:45:01','#) a report from the Vehicle Inspectorate #. A copy of the Traffic Examiner\'s report, which will be presented at the Inquiry, is attached to this letter, labelled #;','adverse T.E. report',1),(162,479,479,'2002-05-14 17:45:01','2002-05-14 17:45:01','','list of prohibitions',1),(163,479,479,'2002-05-14 17:45:01','2002-05-14 17:45:01','','Schedule of convictions',1),(164,479,479,'2002-05-14 17:45:01','2002-05-14 17:45:01','Records held by the DVLA in Swansea indicate that','records held by the DVLA in Swansea indicate that',1),(165,479,479,'2002-05-14 17:45:01','2002-05-14 17:45:01','Your # previous history as an operator:-','your previous history as an operator:-',1),(166,479,479,'2002-05-14 17:45:01','2002-05-14 17:45:01','a Warning Letter issued by the Traffic Area Office on # as a consequence of a maintenance investigation conducted by the Vehicle Inspectorate;/convictions.','warning letter re: maintenance/convictions',1),(167,479,479,'2002-05-14 17:45:01','2002-05-14 17:45:01','A Public Inquiry held on # as a consequence of #.  At the Inquiry ','previous public inquiry',1),(168,479,479,'2002-05-14 17:45:01','2002-05-14 17:45:01','#) an Administrative Directors Interview held on # as a consequence of #;','previous administrative directors Interview',1),(169,479,479,'2002-05-14 17:45:01','2002-05-14 17:45:01','$ - Goods only - $','goods only',1),(170,479,479,'2002-05-14 17:45:01','2002-05-14 17:45:01','#) the following Statement# of Fact or expectation which # made, or procured to be made, for the purpose of an application for the licence, appears # to have either been false or has# not been fulfilled:-','statement of expectation',1),(171,479,479,'2002-05-14 17:45:01','2002-05-14 17:45:01','#) when making the application for your # licence, # failed to declare that you, or anyone involved with this licence application has ever had an operator\'s licence refused or revoked, in this or any other Traffic Area;','failed to declare previous licence history',1),(172,479,479,'2002-05-14 17:45:01','2002-05-14 17:45:01','#) that # will be the Transport Manager(s) responsible for the vehicles on the operators licence;','TM\'s responsibility',1),(173,479,479,'2002-05-14 17:45:01','2002-05-14 17:45:01','#) that # would not be responsible for vehicles on any other licences, including those held in other Traffic Areas. (It has now been brought to the attention of the Traffic Commissioner that # is the Transport Manager for #, licence number #, in the # Traffic Area);','TM listed on other licences',1),(174,479,479,'2002-05-14 17:45:01','2002-05-14 17:45:01','#) that vehicles would normally be kept (when not in use) at the operating centre# at #;','vehicles normally kept at operating centre',1),(175,479,479,'2002-05-14 17:45:01','2002-05-14 17:45:01','#) that the operating centre# nominated in your application # not used by any other goods or passenger vehicle operator(s);','operating centre not to be used by others',1),(176,479,479,'2002-05-14 17:45:01','2002-05-14 17:45:01','#) that # would be given safety inspections at # intervals;','safety inspections',1),(177,479,479,'2002-05-14 17:45:01','2002-05-14 17:45:01','#) that you/your staff usually carry out your own # repairs;','that you/your staff usually carry out your own repairs',1),(178,479,479,'2002-05-14 17:45:01','2002-05-14 17:45:01','#) that safety inspections and/or maintenance and repair work would be carried out by #;','that safety inspections and/or maintenance and repair work would be carried out by',1),(179,479,479,'2002-05-14 17:45:01','2002-05-14 17:45:01','#) # failed to declare that # had been declared bankrupt;','failed to declare that person had been declared bankrupt',1),(180,479,479,'2002-05-14 17:45:01','2002-05-14 17:45:01','#) you failed to declare that # had been involved in a company that has gone into receivership/sequestration and/or liquidation owing money;','failed to declare persons had been involved in receivership/sequestration and/or liquidation',1),(181,479,479,'2002-05-14 17:45:01','2002-05-14 17:45:01','#) you failed to declare that # has been disqualified from acting as a director of a company or from taking part in the management of a company;','failed to declare that persons has been disqualified as a director of a company ',1),(182,479,479,'2002-05-14 17:45:01','2002-05-14 17:45:01','#) when making the application for your licence you failed to declare that # had sustained convictions which were required to be notified to the Traffic Commissioner;','failed to declare persons had sustained convictions ',1),(183,479,479,'2002-05-14 17:45:01','2002-05-14 17:45:01','#) # would abide by any conditions which may be imposed on the licence;','Would abide by any conditions which may be imposed on the licence;',1),(184,479,479,'2002-05-14 17:45:01','2002-05-14 17:45:01','Failure to comply with the following Undertaking','rules on drivers hours and tachographs will be observed and proper records kept;',1),(185,479,479,'2002-05-14 17:45:01','2002-05-14 17:45:01','#) the rules on drivers hours and tachographs will be observed and proper records kept;','vehicles and trailers would not be overloaded',1),(186,479,479,'2002-05-14 17:45:01','2002-05-14 17:45:01','#) vehicles and trailers would not be overloaded;','vehicles and trailers would not be overloaded',1),(187,479,479,'2002-05-14 17:45:01','2002-05-14 17:45:01','#) vehicles would operate within speed limits;','vehicles would operate within speed limits',1),(188,479,479,'2002-05-14 17:45:01','2002-05-14 17:45:01','#) motor vehicles and trailers, including hired vehicles and trailers, would be kept fit and serviceable;','motor vehicles and trailers would be kept fit and serviceable',1),(189,479,479,'2002-05-14 17:45:01','2002-05-14 17:45:01','#) drivers would report promptly any defects or symptoms of defects that could prevent the safe operation of vehicles and/or trailers, and that any defects would be promptly recorded in writing;','driver defect reporting',1),(190,479,479,'2002-05-14 17:45:01','2002-05-14 17:45:01','#) records would be kept (for 15 months) of all driver defect reports, all safety inspections, routine maintenance and repairs to vehicles and trailers, and that these would be made available on request;','records would be kept (for 15 months) of all driver defect reports',1),(191,479,479,'2002-05-14 17:45:01','2002-05-14 17:45:01','#) there would be adequate financial resources to maintain the vehicles and trailers covered by the licence;  ','adequate financial resources to maintain the vehicles and trailers ',1),(192,479,479,'2002-05-14 17:45:01','2002-05-14 17:45:01','#) the Traffic Commissioner would be immediately informed of any changes or convictions which affected the licence;','informed of any changes or convictions which affected the licence',1),(193,479,479,'2002-05-14 17:45:01','2002-05-14 17:45:01',' A copy of the undertakings signed by xxxxx as part of the licence application is attached.',' A copy of the undertakings is attached.',1),(194,479,479,'2002-05-14 17:45:01','2002-05-14 17:45:01','PSV only','PSV only',1),(195,479,479,'2002-05-14 17:45:01','2002-05-14 17:45:01','#) the following Statement# of Fact or expectation, which # made or procured to be made, for the purpose of an application for the licence, appears # to have either been false or has# not been fulfilled:-','statement of Fact or expectation not been fulfilled',1),(196,479,479,'2002-05-14 17:45:01','2002-05-14 17:45:01','#) when making the application for your # licence, # failed to declare that # had had an operators licence refused or revoked in this or any other, Traffic Area;','Application for your  licence failed to declare previous operators licence refused or revoked ',1),(197,479,479,'2002-05-14 17:45:01','2002-05-14 17:45:01','#) that # will be the person(s) who satisfies the requirements of professional competence on the operators licence;','PSV Professional competence',1),(198,479,479,'2002-05-14 17:45:01','2002-05-14 17:45:01','#) that # would be given safety inspections at # intervals;','PSV Safety inspection',1),(199,479,479,'2002-05-14 17:45:01','2002-05-14 17:45:01','#) that you/your staff usually carry out your own # repairs;','PSV own repairs',1),(200,479,479,'2002-05-14 17:45:01','2002-05-14 17:45:01','#) that safety inspections and/or maintenance and repair work would be carried out by # ;','PSV safety inspections/maintenance carried out by',1),(201,479,479,'2002-05-14 17:45:01','2002-05-14 17:45:01','#) # failed to declare that # had been declared bankrupt','PSV  failed to declare that # had been declared bankrupt',1),(202,479,479,'2002-05-14 17:45:01','2002-05-14 17:45:01','#) you failed to declare that # had been involved in a company that has gone into insolvent liquidation;','PSV  failed to declare persons involved in a company gone into insolvent liquidation;',1),(203,479,479,'2002-05-14 17:45:01','2002-05-14 17:45:01','#) you failed to declare that # has been disqualified from acting as a director of a company or from taking part in the management of a company;','PSV failed to declare disqualification as a director',1),(204,479,479,'2002-05-14 17:45:01','2002-05-14 17:45:01','#) when making the application for your licence you failed to declare that # had sustained convictions which, under the terms of the Rehabilitation of Offenders Act 1974, are/were not spent, and which were required to be notified to the Traffic Commissioner;','PSV unspent convictions',1),(205,479,479,'2002-05-14 17:45:01','2002-05-14 17:45:01','#) your # failure to comply with the following Undertaking# made for the purpose of obtaining a licence, i.e. that # would make proper arrangements so that:-','PSV failed to comply with undertakings',1),(206,479,479,'2002-05-14 17:45:01','2002-05-14 17:45:01','#) the laws relating to the driving and operation of vehicles used under the licence would be observed;','PSV laws relating to driving and operation of vehicles',1),(207,479,479,'2002-05-14 17:45:01','2002-05-14 17:45:01','#) the rules on driver\'s hours would be observed and proper records kept;','PSV drivers hours',1),(208,479,479,'2002-05-14 17:45:01','2002-05-14 17:45:01','#) vehicles would not carry more than the permitted number of passengers;','PSV permitted number of passengers',1),(209,479,479,'2002-05-14 17:45:01','2002-05-14 17:45:01','#) vehicles would be kept in a fit and serviceable condition;','PSV serviceable condition',1),(210,479,479,'2002-05-14 17:45:01','2002-05-14 17:45:01','#) vehicles, including hired vehicles, are kept in a fit and serviceable condition;','PSV fit and serviceable condition',1),(211,479,479,'2002-05-14 17:45:01','2002-05-14 17:45:01','#) drivers would report mechanical faults in vehicles as soon as possible;','PSV report of mechanical faults',1),(212,479,479,'2002-05-14 17:45:01','2002-05-14 17:45:01','#) records would be kept (for 15 months) of all safety inspections, routine maintenance and repairs to vehicles, and that these would be made available on request;','PSV safety inspections reports',1),(213,479,479,'2002-05-14 17:45:01','2002-05-14 17:45:01','#) the Traffic Commissioner would be informed of any changes or convictions which affected the licence;','PSV changes or convictions',1),(214,479,479,'2002-05-14 17:45:01','2002-05-14 17:45:01','#) as a consequence of the evidence noted at paragraphs # above, the Traffic Commissioner is concerned that you# may no longer be of the appropriate financial standing to be the holder of an operators licence;','PSV financial standing',1),(215,479,479,'2002-05-14 17:45:01','2002-05-14 17:45:01','#) as a consequence of the evidence noted at paragraphs # above, the Traffic Commissioner is concerned that you# may no longer be of Good Repute;','PSV good repute',1),(216,479,479,'2002-05-14 17:45:01','2002-05-14 17:45:01','','optional para when calling TM',1),(217,479,479,'2002-05-14 17:45:01','2002-05-14 17:45:01','Annex D immediate action','annex D immediate action',1),(218,479,479,'2002-05-14 17:45:01','2002-05-14 17:45:01','Please complete Annex E to this letter giving details of all vehicles currently operated under your # operators licence and the number of trailers in possession, and return it to the Traffic Area Office not later than #. ','complete Annex E',1),(219,479,479,'2002-05-14 17:45:01','2002-05-14 17:45:01','Goods ','goods',1),(220,479,479,'2002-05-14 17:45:01','2002-05-14 17:45:01','','section 27(3) submit representations with regard to good repute/financial standing/professional competence. ',1),(221,479,479,'2002-05-14 17:45:01','2002-05-14 17:45:01','$ - PSV - $','PSV',1),(222,479,479,'2002-05-14 17:45:01','2002-05-14 17:45:01','','regulation 9 of the PPV regulations 1995 submit representations',1),(223,479,479,'2002-05-14 17:45:01','2002-05-14 17:45:01','You may wish to make contingency arrangements should action be taken against the licence.','should action be taken against the licence.',1),(224,479,479,'2002-05-14 17:45:01','2002-05-14 17:45:01','The Traffic Commissioner  will call xxxxxxx as witnesses, or any other individual he sees fit to give evidence, as a consequence of any matters raised at the pending Public Inquiry.','calling of witnesses for PI',1),(225,479,479,'2002-05-14 17:45:01','2002-05-14 17:45:01','Enclosed with this letter are directions to the Court venue and details of what will happen when you arrive and during the proceedings. Please read it carefully.','direction to court venue',1),(226,479,479,'2002-05-14 17:45:01','2002-05-14 17:45:01','','instruction to bring documents',1),(227,479,479,'2002-05-14 17:45:01','2002-05-14 17:45:01','Please also submit to the Traffic Commissioner, at the above address, the following information so that it is received by #:- a. # latest audited # accounts; b. bank statements for the last 3 months, and c. details of any overdraft facility available to #.','instructions to bring financial information',1),(228,479,479,'2002-05-14 17:45:01','2002-05-14 17:45:01','','Information required to determine adequate financial resources',1),(229,479,479,'2002-05-14 17:45:01','2002-05-14 17:45:01','As the holder of a # operators licence, authorising the use of # vehicles, you# # required to demonstrate constant and immediate access to a minimum of #.','you are required to demonstrate access to a minimum of #',1),(230,479,479,'2002-05-14 17:45:01','2002-05-14 17:45:01','','section 26(1)(f) GV act 1995 failure to provide information by due date',1),(231,479,479,'2002-05-14 17:45:01','2002-05-14 17:45:01','Annex A Environmental, The evidence the Traffic Commissioner will consider ','annex A the evidence the Traffic Commissioner will consider ',1),(232,479,479,'2002-05-14 17:45:01','2002-05-14 17:45:01','The relevant evidence the Traffic Commissioner will consider is:','the relevant evidence the Traffic Commissioner will consider is:',1),(233,479,479,'2002-05-14 17:45:01','2002-05-14 17:45:01','','objector(s) and representor(s) environmental',1),(234,479,479,'2002-05-14 17:45:01','2002-05-14 17:45:01','On the basis of the relevant evidence available it appears that your/your partnership\'s/your company\'s application may not satisfy the following requirements:','relevant evidence available',1),(235,479,479,'2002-05-14 17:45:01','2002-05-14 17:45:01','a) Under Section 13(5) and Section 14 of the Act to have an operating centre which is suitable, not only for its purpose, but if appropriate, environmentally; and','section 13(5) and Section 14 Operating centre suitable',1),(236,479,479,'2002-05-14 17:45:01','2002-05-14 17:45:01','b) Under Section 13(5)(d) of the Act to have an operating centre which is available and suitable for use as such (disregarding any respect in which it may be unsuitable on environmental grounds).','section 13(5)(d) operating centre which is available and suitable',1),(237,479,479,'2002-05-14 17:45:01','2002-05-14 17:45:01','Annex C The action the Traffic Commissioner will consider','annex C The action the Traffic Commissioner will consider',1),(238,479,479,'2002-05-14 17:45:01','2002-05-14 17:45:01','a) The Traffic Commissioner will consider whether to grant in full or in part or to refuse your/your partnership\'s/your company\'s application under the provisions of Sections 13 and 14 of the Act;','sections 13 and 14 to grant in full or part',1),(239,479,479,'2002-05-14 17:45:01','2002-05-14 17:45:01','b) If the application is granted the Traffic Commissioner will consider whether it is deemed appropriate to attach conditions to the licence under Section 21 of the Act for the purpose of preventing authorised vehicles from causing a danger to the public. Such conditions relate only to:','section 21 Attach conditions',1),(240,479,479,'2002-05-14 17:45:01','2002-05-14 17:45:01','   i) Any point where vehicles first join a public road on their way from an operating   centre of the licence holder, or last leave a public road on their way to such an operating centre; and','point where vehicles first join a public road',1),(241,479,479,'2002-05-14 17:45:01','2002-05-14 17:45:01','   ii) Any Road (other than a public road) along which vehicles are driven between such a point and the operating centre;','any Road (other than a public road) along which vehicles are driven',1),(242,479,479,'2002-05-14 17:45:01','2002-05-14 17:45:01','','section 23 attach conditions to the licence ',1),(243,479,479,'2002-05-14 17:45:01','2002-05-14 17:45:01','   i) The number, type and size of authorised motor vehicles or trailers which may, at any one time, be at the operating centre of the licence holder for the purpose of maintenance and parking;','number, type and size of authorised motor vehicles or trailers ',1),(244,479,479,'2002-05-14 17:45:01','2002-05-14 17:45:01','   ii) The parking arrangements to be provided for authorised motor vehicles or trailers at or in the vicinity of the operating centre;','parking arrangements',1),(245,479,479,'2002-05-14 17:45:01','2002-05-14 17:45:01','   iii) The times at which there may be carried out at the operating centre any maintenance or movement of authorised vehicles or trailers, and the times at which any equipment may be used or such maintenance or movement; and','times at which there may be carried out at the operating centre any maintenance or movement',1),(246,479,479,'2002-05-14 17:45:01','2002-05-14 17:45:01','   iv) The means of ingress to and egress from the operating centre by authorised vehicles and trailers.','the means of ingress to and egress',1),(247,479,479,'2002-05-14 17:45:01','2002-05-14 17:45:01','Annex D Environmental, Immediate action','annex D immediate action',1),(248,479,479,'2002-05-14 17:45:01','2002-05-14 17:45:01','You should take the following immediate action:','you should take the following immediate action:',1),(249,479,479,'2002-05-14 17:45:01','2002-05-14 17:45:01','a) Confirm that you/your partnership/your company will attend the Inquiry at the time and place stated, by returning Annex # to this office no later than # Failure to attend will result in the Traffic Commissioner determining the case in your/your partnership\'s/your company\'s absence.','failure to attend the Inquiry',1),(250,479,479,'2002-05-14 17:45:01','2002-05-14 17:45:01','','you/your partnership/your company  represented at the Inquiry',1),(251,479,479,'2002-05-14 17:45:01','2002-05-14 17:45:01','','contingency plans post public inquiry',1),(252,479,479,'2002-05-14 17:45:01','2002-05-14 17:45:01','When attending the Inquiry you/your partnership/your company should bring with you/them all relevant documentary evidence in support of your/their case.','relevant documentary evidence',1),(253,479,479,'2002-05-14 17:45:01','2002-05-14 17:45:01','You/your partnership/your company should be aware that the complainant(s) will be invited to the Inquiry where they will be invited to present their case, and be available for cross examination on the evidence they present.','complainants invited to the Inquiry',1),(254,479,479,'2002-05-14 17:45:01','2002-05-14 17:45:01','On the basis of the relevant evidence available it appears that the Traffic Commissioner should consider whether to remove the operating centre(s) or to attach conditions to your/your partnerships/your company\'s licence on the following grounds:','consideration to remove the operating centre',1),(255,479,479,'2002-05-14 17:45:01','2002-05-14 17:45:01','a) Under Section 31(1) and (2) of the Act, that the place(s) specified as (an) operating centre(s) in your/your partnership\'s/your company\'s licence may no longer be suitable for use as such;','section 31(1) and (2) place specified as an operating centre unsuitable',1),(256,479,479,'2002-05-14 17:45:01','2002-05-14 17:45:01','b) Under Section 32(1) of the Act that the use of authorised vehicles at the operating centre(s) at #/and # may cause adverse effects on environmental conditions in the vicinity of the operating centre(s).','section 32(1) Vehicles may cause adverse environmental effects',1),(257,479,479,'2002-05-14 17:45:01','2002-05-14 17:45:01','The Traffic Commissioner will consider whether:-','The Traffic Commissioner will consider whether:-',1),(258,479,479,'2002-05-14 17:45:01','2002-05-14 17:45:01','a) Upon review of the operating centre(s) at #/and # he/she should exercise his/her powers under Section 31 of the Act and remove the operating centre(s) from your/your partnership\'s/your company\'s licence;','section 31remove the operating centre(s)',1),(259,479,479,'2002-05-14 17:45:01','2002-05-14 17:45:01','','section 32 add conditions ',1),(260,479,479,'2002-05-14 17:45:01','2002-05-14 17:45:01','i) the number, type and size of authorised motor vehicles or trailers which may, at any one time, be at the operating centre of the licence-holder for the purposes of maintenance and parking;','number, type and size of authorised motor vehicles or trailers ',1),(261,479,479,'2002-05-14 17:45:01','2002-05-14 17:45:01','ii) the parking arrangements to be provided for authorised motor vehicles or trailers at or in the vicinity of the operating centre;','parking arrangements',1),(262,479,479,'2002-05-14 17:45:01','2002-05-14 17:45:01','iii) the times at which there may be carried out at the operating centre, any maintenance or movement of authorised vehicles or trailers, and the times at which any equipment may be used for such maintenance or movement; and','times at which there may be carried out at the operating centre any maintenance or movement',1),(263,479,479,'2002-05-14 17:45:01','2002-05-14 17:45:01','iv) the means of ingress to and egress from the operating centre by authorised vehicles and trailers.','the means of ingress to and egress',1),(264,479,479,'2002-05-14 17:45:01','2002-05-14 17:45:01','a) Complete Annex # giving details of all vehicles currently operated under the licence and return to the Traffic Area Office not later than #.','details of all vehicles currently operated under the licence',1),(265,479,479,'2002-05-14 17:45:01','2002-05-14 17:45:01','b) Confirm that you/your partnership/your company will attend the Inquiry at the time and place stated by returning Annex # to this office no later than #.  Failure to attend will result in the Traffic Commissioner determining the case in your/your partnership\'s/your company\'s absence.','attendance at the Inquiry',1),(266,479,479,'2002-05-14 17:45:01','2002-05-14 17:45:01','','you/your partnership/your company  represented at the Inquiry',1),(267,479,479,'2002-05-14 17:45:01','2002-05-14 17:45:01','','contingency plans post public inquiry',1),(268,479,479,'2002-05-14 17:45:01','2002-05-14 17:45:01','e) When attending the Inquiry please ensure that you/your partnership/your company bring(s) your/its operator licence documents and all documentary evidence in support of your/its case.  ','production of relevant documentary evidence',1),(269,479,479,'2002-05-14 17:45:01','2002-05-14 17:45:01','The Traffic Commissioner has decided on the basis of the available relevant evidence to consider taking action against your/your partnership\'s/your company\'s licence on the following grounds:','basis of the available relevant evidence to consider taking action ',1),(270,479,479,'2002-05-14 17:45:01','2002-05-14 17:45:01','a) Under section 26(1)(a) of the Transport Act 1985, that the operator has failed to operate one (or more) of its local services registered under Section 6 of that act;','section 26(1)(a) transport act 1985, failed to operate  local services ',1),(271,479,479,'2002-05-14 17:45:01','2002-05-14 17:45:01','b) Under Section 26(1)(b) of the Act, that the operator has operated a local service in contravention of section 6 of the Act;','Section 26(1)(b) e operator has operated a local service in contravention of S6 ',1),(272,479,479,'2002-05-14 17:45:01','2002-05-14 17:45:01','* c) Check revised wording re S111(1)(a) * d) Check revised wording re S111(1)(b)  Check Scottish wording ','check revised wording English/Scottish re S111(1)(a)(b)',1),(273,479,479,'2002-05-14 17:45:01','2002-05-14 17:45:01','The Traffic Commissioner will consider whether to attach conditions to your/your partnership\'s/your company\'s licence to prohibit the operation of local services, under the provisions of Section 26 of the Transport Act 1985:',' conditions to prohibit the operation of local services',1),(274,479,479,'2002-05-14 17:45:01','2002-05-14 17:45:01','If you/your partnership/your company) is prohibited from using vehicles under the licence to provide a local service, the Traffic Commissioner may also direct that the service be cancelled under the provisions of Section 26(3) of the Transport Act 1985;','local service may be cancelled under section 26(3) transport act 1985;',1),(275,479,479,'2002-05-14 17:45:01','2002-05-14 17:45:01','','fuel duty rebate claimed each quarter. ',1),(276,479,479,'2002-05-14 17:45:01','2002-05-14 17:45:01','a) Complete Annex * attached giving details of all vehicles currently operated under your/your partnership\'s/your company\'s operator licence;','vehicles currently operated under operator licence',1),(277,479,479,'2002-05-14 17:45:01','2002-05-14 17:45:01','b) Complete Annex *  giving details of your current registered local services;','details of your current registered local services;',1),(278,479,479,'2002-05-14 17:45:01','2002-05-14 17:45:01','c) Return Annexes * and * to the Traffic Area Office not later than *  ','return annexes  ',1),(279,479,479,'2002-05-14 17:45:01','2002-05-14 17:45:01','d) Confirm that you/your partnership/your company will attend the Inquiry at the time and place stated, by returning Annex * to this office no later than * Failure to attend will result in the Traffic Commissioner determining the case in your/your partnership\'s/your company\'s absence.','Confirm attendance at the Inquiry ',1),(280,479,479,'2002-05-14 17:45:01','2002-05-14 17:45:01','','represented at the Inquiry and at least one of the Partners/Directors should attend ',1),(281,479,479,'2002-05-14 17:45:01','2002-05-14 17:45:01','','contingency plans to cover any contractual obligations',1),(282,479,479,'2002-05-14 17:45:01','2002-05-14 17:45:01','When attending the Inquiry you should bring with you your/your partnership\'s/your company\'s Operator Licence documents, and all relevant documentary evidence in support of your/your partnership\'s/your company\'s case.','you should bring with you the Operator Licence documents',1),(283,479,479,'2002-05-14 17:45:01','2002-05-14 17:45:01','The Goods Vehicle(Licensing of Operators) Act 1995 Vehicle Registration Mark:','the GV act 1995  act 1995 vehicle registration mark:',1),(284,479,479,'2002-05-14 17:45:01','2002-05-14 17:45:01','Public Inquiry','Public Inquiry',1),(285,479,479,'2002-05-14 17:45:01','2002-05-14 17:45:01','Goods Vehicle (Licensing of Operators Act 1995 (The Act)','Goods Vehicle (Licensing of Operators Act 1995 (The Act)',1),(286,479,479,'2002-05-14 17:45:01','2002-05-14 17:45:01','Public Passenger Vehicles Act 1981 (The Act) As Amended','Public Passenger Vehicles Act 1981 (The Act) As Amended',1),(287,479,479,'2002-05-14 17:45:01','2002-05-14 17:45:01','Public Inquiry Under Section 35 of the Goods Vehicles (Licensing Of Operators) Act 1995','public inquiry section 35 of the Goods Vehicles (Licensing Of Operators) Act 1995',1),(288,479,479,'2002-05-14 17:45:01','2002-05-14 17:45:01','Goods Vehicle Operators Licence: Review Of Operating Centre','Goods Vehicle operators licence review ',1),(289,479,479,'2002-05-14 17:45:01','2002-05-14 17:45:01','Driver Conduct','driver conduct',1),(290,479,479,'2002-05-14 17:45:01','2002-05-14 17:45:01','Road Traffic Act 1988 (As Amended) Large Goods Vehicle (LGV) And Passenger Carrying Vehicle (PCV) Driver Licensing','rta 1988 (As Amended) LGV and PCV driver licensing',1),(291,479,479,'2002-05-14 17:45:01','2002-05-14 17:45:01','Public Service Vehicle Complaint','PSV complaint',1),(292,479,479,'2002-05-14 17:45:01','2002-05-14 17:45:01','Transport Act 1985 (As Amended) Local Bus Service Registrations','transport act 1985 (As Amended) local bus service registrations',1),(293,479,479,'2002-05-14 17:45:01','2002-05-14 17:45:01','Public Inquiry Under Section 54 Of The Public Passenger Vehicles Act 1981 (The Act) As Amended','public inquiry section 54 PPV act 1981 ',1),(294,479,479,'2002-05-14 17:45:01','2002-05-14 17:45:01',NULL,'Comp',1),(295,479,479,'2002-05-14 17:45:01','2002-05-14 17:45:01',NULL,'Comp',1),(296,479,479,'2002-05-14 17:45:01','2002-05-14 17:45:01',NULL,'Comp',1),(297,479,479,'2002-05-14 17:45:01','2002-05-14 17:45:01',NULL,'Comp',1),(298,479,479,'2002-05-14 17:45:01','2002-05-14 17:45:01',NULL,'Comp',1),(299,479,479,'2002-05-14 17:45:01','2002-05-14 17:45:01',NULL,'Comp',1),(300,479,479,'2002-05-14 17:45:01','2002-05-14 17:45:01',NULL,'Comp',1),(301,479,479,'2002-05-14 17:45:01','2002-05-14 17:45:01',NULL,'Comp',1),(302,479,479,'2002-05-14 17:45:01','2002-05-14 17:45:01',NULL,'Comp',1),(303,479,479,'2002-05-14 17:45:01','2002-05-14 17:45:01',NULL,'Comp',1),(304,479,479,'2002-05-14 17:45:01','2002-05-14 17:45:01',NULL,'Comp',1),(305,479,479,'2002-05-14 17:45:01','2002-05-14 17:45:01',NULL,'Comp',1),(306,479,479,'2002-05-14 17:45:01','2002-05-14 17:45:01',NULL,'Comp',1),(307,479,479,'2002-05-14 17:45:01','2002-05-14 17:45:01',NULL,'Comp',1),(308,479,479,'2002-05-14 17:45:01','2002-05-14 17:45:01',NULL,'Comp',1),(309,479,479,'2002-05-14 17:45:01','2002-05-14 17:45:01',NULL,'Comp',1),(310,479,479,'2002-05-14 17:45:01','2002-05-14 17:45:01',NULL,'Comp',1),(311,479,479,'2002-05-14 17:45:01','2002-05-14 17:45:01',NULL,'Comp',1),(312,479,479,'2002-05-14 17:45:01','2002-05-14 17:45:01',NULL,'Comp',1),(313,479,479,'2002-05-14 17:45:01','2002-05-14 17:45:01',NULL,'Comp',1),(314,479,479,'2002-05-14 17:45:01','2002-05-14 17:45:01',NULL,'Comp',1),(315,479,479,'2002-05-14 17:45:01','2002-05-14 17:45:01',NULL,'Comp',1),(316,479,479,'2002-05-14 17:45:01','2002-05-14 17:45:01',NULL,'Comp',1),(317,479,479,'2002-05-14 17:45:01','2002-05-14 17:45:01',NULL,'Comp',1),(318,479,479,'2002-05-14 17:45:01','2002-05-14 17:45:01',NULL,'Comp',1),(319,479,479,'2002-05-14 17:45:01','2002-05-14 17:45:01',NULL,'Comp',1),(320,479,479,'2002-05-14 17:45:01','2002-05-14 17:45:01',NULL,'Comp',1),(321,479,479,'2002-05-14 17:45:01','2002-05-14 17:45:01',NULL,'Comp',1),(322,479,479,'2002-05-14 17:45:01','2002-05-14 17:45:01',NULL,'Comp',1),(323,479,479,'2002-05-14 17:45:01','2002-05-14 17:45:01',NULL,'Comp',1),(324,479,479,'2002-05-14 17:45:01','2002-05-14 17:45:01',NULL,'Comp',1),(325,479,479,'2002-05-14 17:45:01','2002-05-14 17:45:01',NULL,'Comp',1),(326,479,479,'2002-05-14 17:45:01','2002-05-14 17:45:01',NULL,'Comp',1),(327,479,479,'2002-05-14 17:45:01','2002-05-14 17:45:01',NULL,'Comp',1),(328,479,479,'2002-05-14 17:45:01','2002-05-14 17:45:01',NULL,'Comp',1),(329,479,479,'2002-05-14 17:45:01','2002-05-14 17:45:01',NULL,'Comp',1),(330,479,479,'2002-05-14 17:45:01','2002-05-14 17:45:01',NULL,'Comp',1),(331,479,479,'2002-05-14 17:45:01','2002-05-14 17:45:01',NULL,'Comp',1),(332,479,479,'2002-05-14 17:45:01','2002-05-14 17:45:01',NULL,'Comp',1),(333,479,479,'2002-05-14 17:45:01','2002-05-14 17:45:01',NULL,'Comp',1),(334,479,479,'2002-05-14 17:45:01','2002-05-14 17:45:01',NULL,'Comp',1),(335,479,479,'2002-05-14 17:45:01','2002-05-14 17:45:01',NULL,'Comp',1),(336,479,479,'2002-05-14 17:45:01','2002-05-14 17:45:01',NULL,'Comp',1),(337,479,479,'2002-05-14 17:45:01','2002-05-14 17:45:01',NULL,'Comp',1),(338,479,479,'2002-05-14 17:45:01','2002-05-14 17:45:01',NULL,'Comp',1),(339,479,479,'2002-05-14 17:45:01','2002-05-14 17:45:01',NULL,'Comp',1),(340,479,479,'2002-05-14 17:45:01','2002-05-14 17:45:01',NULL,'Comp',1),(341,479,479,'2002-05-14 17:45:01','2002-05-14 17:45:01',NULL,'Reserved',1),(342,479,479,'2002-05-14 17:45:01','2002-05-14 17:45:01',NULL,'Reserved',1),(343,479,479,'2002-05-14 17:45:01','2002-05-14 17:45:01',NULL,'Reserved',1),(344,479,479,'2002-05-14 17:45:01','2002-05-14 17:45:01',NULL,'Reserved',1),(345,479,479,'2002-05-14 17:45:01','2002-05-14 17:45:01',NULL,'Reserved',1),(346,479,479,'2002-05-14 17:45:01','2002-05-14 17:45:01',NULL,'Reserved',1),(347,479,479,'2002-05-14 17:45:01','2002-05-14 17:45:01',NULL,'Reserved',1),(348,479,479,'2002-05-14 17:45:01','2002-05-14 17:45:01',NULL,'Reserved',1),(349,479,479,'2002-05-14 17:45:01','2002-05-14 17:45:01',NULL,'Reserved',1),(350,479,479,'2002-05-14 17:45:01','2002-05-14 17:45:01','','Unacceptable publication used, e.g. one carrying adverts only',1),(351,479,479,'2002-05-14 17:45:01','2002-05-14 17:45:01','- The route description has not been completed/does not give sufficient details','The route description has not been completed/does not give sufficient details',1),(352,479,479,'2002-05-14 17:45:01','2002-05-14 17:45:01','- The timetable was not attached','The timetable was not attached',1),(353,479,479,'2002-05-14 17:45:01','2002-05-14 17:45:01','- The map or plan was not attached','The map or plan was not attached',1),(354,479,479,'2002-05-14 17:45:01','2002-05-14 17:45:01','- The fee of 40 was not enclosed','The fee of 45 was not enclosed',1),(355,479,479,'2002-05-14 17:45:01','2002-05-14 17:45:01','- The principal points are more than 15 minutes apart','The principal points are more than 15 minutes apart',1),(356,479,479,'2002-05-14 17:45:01','2002-05-14 17:45:01','- Failure to reply to our previous correspondence requesting additional information','Failure to reply to our previous correspondence requesting additional information',1),(357,479,479,'2002-05-14 17:45:01','2002-05-14 17:45:01','- Your PSV operator\'s licence has a condition on it, which stops you from making this application','Your PSV operator\'s licence has a condition on it, which stops you from making this application',1),(358,479,479,'2002-05-14 17:45:01','2002-05-14 17:45:01','- You have failed to supply a copy of this application to the Local Authority/PTE','You have failed to supply a copy of this application to the Local Authority/PTE',1),(359,479,479,'2002-05-14 17:45:01','2002-05-14 17:45:01','- You have failed to supply the current fee of 40 for this application','You have failed to supply the current fee of 40 for this application',1),(360,479,479,'2002-05-14 17:45:01','2002-05-14 17:45:01','- The service only operates as a specific event within set dates, and the Traffic Commissioner has refused your request for short notice','The service only operates as a specific event within set dates, and the Traffic Commissioner has refused your request for short notice',1),(375,1,1,'2007-10-23 15:41:35','2007-10-23 15:41:35','Eastern','Eastern',1),(376,1,1,'2007-10-23 15:41:35','2007-10-23 15:41:35','North Eastern','North Eastern',1),(377,1,1,'2007-10-23 15:41:35','2007-10-23 15:41:35','North Western','North Western',1),(378,1,1,'2007-10-23 15:41:35','2007-10-23 15:41:35','Scottish','Scottish',1),(379,1,1,'2007-10-23 15:41:35','2007-10-23 15:41:35','South Eastern and Metropolitan','South Eastern and Metropolitan',1),(380,1,1,'2007-10-23 15:41:35','2007-10-23 15:41:35','Welsh','Welsh',1),(381,1,1,'2007-10-23 15:41:35','2007-10-23 15:41:35','West Midland','West Midland',1),(382,1,1,'2007-10-23 15:41:35','2007-10-23 15:41:35','Western','Western',1),(383,1,1,'2007-10-23 15:41:35','2007-10-23 15:41:35','All licences have the same correspondence address','All licences have the same correspondence address',1),(384,1,1,'2007-10-23 15:41:35','2007-10-23 15:41:35','7 out of 8 licences have the same correspondence address','7 out of 8 licences have the same correspondence address',1),(385,1,1,'2007-10-23 15:41:35','2007-10-23 15:41:35','The licence with the largest number of operating centres','The licence with the largest number of operating centres',1),(386,1,1,'2007-10-23 15:41:35','2007-10-23 15:41:35','The licence with the largest vehicle authorisation','The licence with the largest vehicle authorisation',1),(387,1,1,'2007-10-23 15:41:35','2007-10-23 15:41:35','The licence with the largest number of specified vehicles','The licence with the largest number of specified vehicles',1),(388,1,1,'2007-10-23 15:41:35','2007-10-23 15:41:35','The licence whose traffic area comes first in the alphabet','The licence whose traffic area comes first in the alphabet',1),(389,1,1,'2012-09-14 15:27:27','2012-09-14 15:27:27','Given your failure to submit written representations within the stated deadline regarding their effect on your business, The Department has decided to attach the following conditions to your licence.  Amended licence documentation is enclosed:','no written representations - Conditions imposed',1),(390,1,1,'2012-09-14 15:27:27','2012-09-14 15:27:27','The Department having given full consideration to your written representations as to their effect on your business, the following conditions have been attached to your licence.  Amended licence documentation is enclosed:','Conditions imposed despite written representations',1),(391,1,1,'2012-09-14 15:27:27','2012-09-14 15:27:27','that the issues raised in the letter(s) of complaint  fall outside the Departments jurisdiction.','issues fall outside Department\'s remit',1),(392,1,1,'2012-09-14 15:27:27','2012-09-14 15:27:27','that the issues raised in  the letter(s) of complaint, although they fall within the Departments jurisdiction, do not justify a Review being conducted.','issues raised do not justify a review',1),(393,1,1,'2012-09-14 15:27:27','2012-09-14 15:27:27','that you have failed to confirm that the issues raised in your original letter(s) of complaint remain valid.','complainant has not followed up complaint',1),(394,1,1,'2012-09-14 15:27:27','2012-09-14 15:27:27','that the issues raised in your original letter(s) of complaint are no longer relevant.','issues raised are no longer relevant',1),(395,1,1,'2012-09-14 15:27:27','2012-09-14 15:27:27',' for a goods vehicle operator\'s licence','for a goods vehicles operator\'s licence',1),(396,1,1,'2012-09-14 15:27:27','2012-09-14 15:27:27',' to vary your goods vehicles operator\'s licence','to vary your goods vehicles operator\'s licence',1),(397,1,1,'2012-09-14 15:27:27','2012-09-14 15:27:27','','warning re premature operating- no interim applied for',1),(398,1,1,'2012-09-14 15:27:27','2012-09-14 15:27:27','','warning re premature operating - interim refused - no int fee paid',1),(399,1,1,'2012-09-14 15:27:27','2012-09-14 15:27:27','','warning re premature operating - interim refused - int fee retained',1),(400,1,1,'2012-09-14 15:27:27','2012-09-14 15:27:27','','warning re premature operating - interim decision deferred',1),(401,1,1,'2012-09-14 15:27:27','2012-09-14 15:27:27','','warning re premature operating - no interim Direction applied for',1),(402,1,1,'2012-09-14 15:27:27','2012-09-14 15:27:27','Your application for an interim Direction has been refused.  You are advised that you must continue to operate within the existing terms and conditions of your licence until you are granted authority to do otherwise, which will now depend on the outcome of your full application.','warning re premature operating - interim Direction refused - no int fee paid',1),(403,1,1,'2012-09-14 15:27:27','2012-09-14 15:27:27','','warning re premature operating - interim Direction refused - int fee retained',1),(404,1,1,'2012-09-14 15:27:27','2012-09-14 15:27:27','A decision on your request for an interim Direction has been deferred to await your response to this letter. In the meantime, you are advised that you must continue to operate within the existing terms and conditions of your licence until you are granted authority to do otherwise.','warning re premature operating - interim Direction decision deferred',1),(405,1,1,'2012-09-14 15:27:27','2012-09-14 15:27:27','','Advert wording incorrect',1),(406,1,1,'2012-09-14 15:27:27','2012-09-14 15:27:27','','The newspaper does not circulate within the vicinity of the operating centre',1),(407,1,1,'2012-09-14 15:27:27','2012-09-14 15:27:27','','Advert published more than 21 days before application submitted',1),(408,1,1,'2012-09-14 15:27:27','2012-09-14 15:27:27','','Unacceptable publication used, e.g. one carrying adverts only',1),(409,1,1,'2012-09-14 15:27:27','2012-09-14 15:27:27','The Department has directed that paragraph 4 of Schedule 1 to the above Act shall apply to the operating centre(s) at #.   There is, therefore, no requirement for you to advertise in a local newspaper circulating within the locality of theses premises.','Sch 1 var app approved',1),(410,1,1,'2012-09-14 15:27:27','2012-09-14 15:27:27','','Sch 1 var app not approved',1),(411,1,1,'2012-09-14 15:27:27','2012-09-14 15:27:27','The Department has directed that paragraph 2 of Schedule 1 to the above Act shall apply to the operating centre(s) at #.   There is, therefore, no requirement for you to advertise in a local newspaper circulating within the locality of theses premises.','Sch 1 new app approved',1),(412,1,1,'2012-09-14 15:27:27','2012-09-14 15:27:27','','Sch 1 new app  not approved',1),(413,1,1,'2012-09-14 15:27:27','2012-09-14 15:27:27','having now surrendered his licence.','having now surrendered his licence.',1),(414,1,1,'2012-09-14 15:27:27','2012-09-14 15:27:27','having now removed this operating centre from his licence.','having now removed this operating centre from his licence.',1),(415,1,1,'2012-09-14 15:27:27','2012-09-14 15:27:27','to continue in force your licence for a further five-year period.','to continue in force your licence for a further five-year period.',1),(416,1,1,'2012-09-14 15:27:27','2012-09-14 15:27:27','tendered following the grant of your licence variation application.','tendered following the grant of your licence variation application.',1),(417,1,1,'2012-09-14 15:27:27','2012-09-14 15:27:27','tendered following the grant of your application for a licence.','tendered following the grant of your application for a licence.',1),(418,1,1,'2012-09-14 15:27:27','2012-09-14 15:27:27','','decision to treat pub application as withdrawn to stand',1),(419,1,1,'2012-09-14 15:27:27','2012-09-14 15:27:27','','licence termination decision to stand',1),(420,1,1,'2012-09-14 15:27:27','2012-09-14 15:27:27','','new application grant re-instated',1),(421,1,1,'2012-09-14 15:27:27','2012-09-14 15:27:27','','var application grant re-instated',1),(422,1,1,'2012-09-14 15:27:27','2012-09-14 15:27:27','agreed that your licence should be continued in force for a further five-year period.  If you tendered payment with your letter of explanation, licence documentation is enclosed.  If not, you must now send payment to us for your licence as detailed on the enclosed fee request.','licence continuation process re-instated',1),(423,1,1,'2012-09-14 15:27:27','2012-09-14 15:27:27','GOODS VEHICLE OPERATOR LICENSING\\par\\ GOODS VEHICLES (LICENSING OF OPERATORS) ACT (NORTHERN IRELAND) 2010','GVOL Licensing Act (Northern Ireland) 2010',1),(424,1,1,'2012-09-14 15:27:27','2012-09-14 15:27:27','PUBLIC SERVICE VEHICLE OPERATOR LICENSING\\par\\ PUBLIC PASSENGER VEHICLES ACT 1981\\par\\ TRANSPORT ACT 1985','PSV Licensing Act 1981',1),(425,1,1,'2012-09-14 15:27:27','2012-09-14 15:27:27','The action the Department will consider. (HGV)','annex A The action the Department will consider. (HGV) ',1),(426,1,1,'2012-09-14 15:27:27','2012-09-14 15:27:27','In this Annex the Act refers to the  Goods Vehicles (Licensing of Operators) Act (Northern Ireland) 2010 unless otherwise stated.','In this annex',1),(427,1,1,'2012-09-14 15:27:27','2012-09-14 15:27:27','The Department will consider whether:-','the Department will consider whether:-',1),(428,1,1,'2012-09-14 15:27:27','2012-09-14 15:27:27','#) to grant in full or in part or to refuse your new application under the provisions of Section 12 of the Act','S12 to grant in full or part, new application',1),(429,1,1,'2012-09-14 15:27:27','2012-09-14 15:27:27','#) to grant in full or in part or to refuse your variation application under the provisions of Section 16 of the Act','S16 to grant in full or part, variation',1),(430,1,1,'2012-09-14 15:27:27','2012-09-14 15:27:27','#) if he grants the application it would be appropriate to attach conditions (under Section 20 of the Act) to the licence for the purpose of preventing authorised vehicles from causing danger to the public. These conditions relate only to:-','S20 grant of new application with conditions',1),(431,1,1,'2012-09-14 15:27:27','2012-09-14 15:27:27','a) any point where vehicles first join a public road on their way from an operating centre of the licence-holder (or last leave a public road on their way to such an operating centre); and','any point of  vehicles joining road condition',1),(432,1,1,'2012-09-14 15:27:27','2012-09-14 15:27:27','b) any road (other than a public road) along which vehicles are driven between such a point and the operating centre','any road condition',1),(433,1,1,'2012-09-14 15:27:27','2012-09-14 15:27:27','#) if he grants the application, he deems it appropriate to attach conditions to the licence (under Section 20 of the Act) for the purpose of preventing or minimising any adverse effects on environmental conditions from the use of authorised vehicles. These conditions relate only to:-','grant minimising adverse effects condition',1),(434,1,1,'2012-09-14 15:27:27','2012-09-14 15:27:27','a) the number, type and size of authorised motor vehicles or trailers which may, at any one time, be at the operating centre of the licence-holder in the area of the Department, for the purposes of maintenance and parking;','number, type, size of authorised vehicles condition',1),(435,1,1,'2012-09-14 15:27:27','2012-09-14 15:27:27','b) the parking arrangements to be provided for authorised motor vehicles or trailers at or in the vicinity of the operating centre;','parking arrangements condition',1),(436,1,1,'2012-09-14 15:27:27','2012-09-14 15:27:27','c) the times at which there may be carried out at the operating centre, any maintenance or movement of authorised vehicles or trailers, and the times at which any equipment may be used for such maintenance or movement; and','maintenance at operating centre condition',1),(437,1,1,'2012-09-14 15:27:27','2012-09-14 15:27:27','d) the means of ingress to and egress from the operating centre by authorised vehicles and trailers.',' ingress and egress condition',1),(438,1,1,'2012-09-14 15:27:27','2012-09-14 15:27:27','#) to exercise his powers in respect of # licence, (ie to revoke, suspend or curtail the licence) under Section 23(1) of the Act, or to revoke the licence under Section 24(1) of the Act.',' revoke, suspend or curtail the licence',1),(439,1,1,'2012-09-14 15:27:27','2012-09-14 15:27:27','','S 24(1) revoke on good repute, appropriate finance or professionally competent',1),(440,1,1,'2012-09-14 15:27:27','2012-09-14 15:27:27','','23(5)curtailment or suspension of vehicles',1),(441,1,1,'2012-09-14 15:27:27','2012-09-14 15:27:27','','revocation under S 23(1), 24(1) and 25 of the 2010 Act',1),(442,1,1,'2012-09-14 15:27:27','2012-09-14 15:27:27','','23(1) 24(1) disqualify holder/director/partner of licence',1),(443,1,1,'2012-09-14 15:27:27','2012-09-14 15:27:27','Community Licence documents','Community Licence documents',1),(444,1,1,'2012-09-14 15:27:27','2012-09-14 15:27:27','','withdrawal of EU Community Licence due to revocation of operators licence',1),(445,1,1,'2012-09-14 15:27:27','2012-09-14 15:27:27','The Department also has discretionary powers under Article 13 of EC 1071/2009 to temporarily or partially suspend the certified copies of # Community Licences as a result of serious or repeated minor infringements of carriage regulations.','The Department has powers to suspend EU Community Licences',1),(446,1,1,'2012-09-14 15:27:27','2012-09-14 15:27:27','The action the Department will consider. (PSV)','the action the Department will consider. (PSV)',1),(447,1,1,'2012-09-14 15:27:27','2012-09-14 15:27:27','In this Annex the Act refers to the Public Passenger Vehicles Act 1981 (as amended).','In this Annex the Act refers to the Public Passenger Vehicles Act 1981 (as amended).',1),(448,1,1,'2012-09-14 15:27:27','2012-09-14 15:27:27','The Department will consider whether:','the Department will consider whether:',1),(449,1,1,'2012-09-14 15:27:27','2012-09-14 15:27:27','','S17(1) & (2) revoke or suspend licence',1),(450,1,1,'2012-09-14 15:27:27','2012-09-14 15:27:27','#) if he revokes your # licence, he will also consider whether to disqualify # indefinitely or for a specific period from holding an operators licence under the provisions of Section 28 of the Transport Act 1985, as amended by Section 67 of the Deregulation and Contracting Out Act 1994;','disqualification period if licence is revoked',1),(451,1,1,'2012-09-14 15:27:27','2012-09-14 15:27:27','#) to grant in full, or in part, or to refuse your # application under the provisions of Section # of the Act.','to grant or refuse the application',1),(452,1,1,'2012-09-14 15:27:27','2012-09-14 15:27:27','#) to take disciplinary action in respect of # licence (ie to revoke or suspend the licence) under Section 17(2) of the Act, or to add to, or vary any condition attached to it under Section 16 of the Act;','to revoke, suspend or vary the licence under S 17(2)',1),(453,1,1,'2012-09-14 15:27:27','2012-09-14 15:27:27',' Annex B the statutory provisions','annex B the statutory provisions',1),(454,1,1,'2012-09-14 15:27:27','2012-09-14 15:27:27','It appears, on the basis of the relevant evidence available, which is set out in Annex #, that the Department should consider whether or not to make a direction in respect of your licence on the following grounds:-','on the basis of the evidence available',1),(455,1,1,'2012-09-14 15:27:27','2012-09-14 15:27:27','','applications with interim in force: interim to continue with application being processed',1),(456,1,1,'2012-09-14 15:27:27','2012-09-14 15:27:27','Disciplinary - Goods','disciplinary - goods',1),(457,1,1,'2012-09-14 15:27:27','2012-09-14 15:27:27','#) under Section 23(1)(a) of the Act, that a place in the Departments area has, at a time when it was not specified in the licence as an operating centre of the licence-holder, been used as an operating centre for vehicles authorised to be used under the licence.  Namely, #;','23(1)(a) unauthorised operating centre',1),(458,1,1,'2012-09-14 15:27:27','2012-09-14 15:27:27','#) under Section 23(1)(b) of the Act that the holder of the licence has contravened any condition attached to the licence.  Namely, #;','23(1)(b) contravened condition',1),(459,1,1,'2012-09-14 15:27:27','2012-09-14 15:27:27','#) under Section 23(1)(c) of the Act that the holder of the licence has within the last 5 years had a prescribed event affecting information required to be given to the Department under section 7 or 8 of the act.','23(1)(c) prescribed event affecting information required to be given to the Department under section 7 or 8',1),(460,1,1,'2012-09-14 15:27:27','2012-09-14 15:27:27','','23(1)(d) false statement',1),(461,1,1,'2012-09-14 15:27:27','2012-09-14 15:27:27','#) under Section 23(1)(e) of the Act, that any undertaking recorded in the licence has not been fulfilled.  Details of those Undertakings are set out in the schedule to this letter;','23(1)(e) Undertaking not fulfilled',1),(462,1,1,'2012-09-14 15:27:27','2012-09-14 15:27:27','#) under Section 23(1)(f) of the Act that the licence holder has been adjudged bankrupt or has gone into liquidation, other than voluntary liquidation for the purpose of reconstruction.  The Department will have regard to #;','23(1)(f) Adjudged bankrupt/liquidation',1),(463,1,1,'2012-09-14 15:27:27','2012-09-14 15:27:27','#) under Section 23(1)(g) of the Act, that there has been, since the licence was issued or varied, a material change in any of the circumstances of the licence-holder, that were relevant to the issue or variation of the licence, namely #;','23(1)(g) Material Change',1),(464,1,1,'2012-09-14 15:27:27','2012-09-14 15:27:27','','23(1)(h) revocation, suspension or curtailment through association ',1),(465,1,1,'2012-09-14 15:27:27','2012-09-14 15:27:27','#) under Section 24(1)(a) of the Act that the holder of the licence may no longer satisfy the requirement to be of Good Repute. The Department will have regard to #;','24(1)(a) Good repute',1),(466,1,1,'2012-09-14 15:27:27','2012-09-14 15:27:27','#) under Section 24(1)(b) of the Act that the holder of the licence may no longer satisfy the requirement to be of the appropriate financial standing. The Department will have regard to #;','financial standing',1),(467,1,1,'2012-09-14 15:27:27','2012-09-14 15:27:27','#) under Section 24(1)(c) of the Act that the holder of the licence may no longer satisfy the requirement of professional competence. The Department will have regard to #;','24(1)(c) professional competence',1),(468,1,1,'2012-09-14 15:27:27','2012-09-14 15:27:27','Applications - Goods','applications - Goods',1),(469,1,1,'2012-09-14 15:27:27','2012-09-14 15:27:27','On the basis of the relevant evidence available, which is set out later in this letter, it appears that # may not satisfy the following requirement# for holding an operators licence:-','not satisfying requirement',1),(470,1,1,'2012-09-14 15:27:27','2012-09-14 15:27:27','#) under Section 12(3)(a) of the Act, to be of good repute having regard to any relevant convictions incurred by you, your partners or directors and nominated Transport Manager.  The Department will have regard to #;','12(3)(a) of the act good repute',1),(471,1,1,'2012-09-14 15:27:27','2012-09-14 15:27:27','#) under Section 12(3)(b) of the Act, to be of the appropriate financial standing. The Department will have regard to #;','12(3)(b) and schedule 3 of the act financial standing',1),(472,1,1,'2012-09-14 15:27:27','2012-09-14 15:27:27','#) under Section 12(3)(c) of the Act, to be professionally competent (or to have in your employ a Transport Manager who meets this requirement). The Department will have regard to #;','12(3)(c) of the act professional competence',1),(473,1,1,'2012-09-14 15:27:27','2012-09-14 15:27:27','#) under Section 12(4) of the Act, to be a fit # to hold a licence having regard to any convictions for certain types of offences and/or previous activities involving the operation of vehicles and trailers of any description. The Department will have regard to #;','Section 12(4) Fit to hold a licence',1),(474,1,1,'2012-09-14 15:27:27','2012-09-14 15:27:27','#) under Section 12(5) and Section 13 of the Act to have an operating centre which is suitable, not only for its purpose, but if appropriate, environmentally. The Department will have regard to #;','Section 12(5) and section 13 suitable operating centre',1),(475,1,1,'2012-09-14 15:27:27','2012-09-14 15:27:27','','Section 12(5)(a) drivers hours',1),(476,1,1,'2012-09-14 15:27:27','2012-09-14 15:27:27','#) under Section 12(5)(b) of the Act to have satisfactory facilities for securing that the vehicles used under the licence will not be overloaded.  The Department will have regard to #;','Section 12(5)(b) overloading',1),(477,1,1,'2012-09-14 15:27:27','2012-09-14 15:27:27','#) under Section 12(5)(c) of the Act, to have satisfactory facilities and arrangements for maintaining the vehicles used under the licence, in a fit and serviceable condition. The Department will have regard to #;','Section 12(5)(c) maintenance',1),(478,1,1,'2012-09-14 15:27:27','2012-09-14 15:27:27','',' Section 12(5)(d) operating centre',1),(479,1,1,'2012-09-14 15:27:27','2012-09-14 15:27:27','#) under Section 12(5)(e) of the Act, to have sufficient capacity at the operating centre, or all operating centres taken together, for all the vehicles to be used under the licence. The Department will have regard to #;',' Section 12(5)(e) sufficient capacity at the operating centre',1),(480,1,1,'2012-09-14 15:27:27','2012-09-14 15:27:27','#) under Section 12(6) of the Act, to have sufficient financial resources to ensure the provision of satisfactory facilities and arrangements for maintaining the authorised vehicles in a fit and serviceable condition. The Department will have regard to #;','Section 12(6)  sufficient financial resources',1),(481,1,1,'2012-09-14 15:27:27','2012-09-14 15:27:27','Review - Goods','review - goods',1),(482,1,1,'2012-09-14 15:27:27','2012-09-14 15:27:27','On the basis of the relevant evidence available, which is set out later in this letter, it appears that the Department should consider whether to remove the operating centre, or to attach conditions to # licence on the following grounds:-','remove operating centre or attach conditions',1),(483,1,1,'2012-09-14 15:27:27','2012-09-14 15:27:27','#) under Section 28(1) and (2) of the Act, that the place specified as an operating centre in your # licence, may be unsuitable for that purpose. The Department will have regard to #;','section 28(1) (2) unsuitable operating centre',1),(484,1,1,'2012-09-14 15:27:27','2012-09-14 15:27:27','#) under Section 29(1) of the Act, that the use of authorised vehicles at the operating centre at # may cause either a danger to the public, or adverse effects on environmental conditions in the vicinity of the operating centre. The Department will have regard to #;','29(1) operating centre may cause danger',1),(485,1,1,'2012-09-14 15:27:27','2012-09-14 15:27:27','Disciplinary - PSV licences ','disciplinary - PSV licences ',1),(486,1,1,'2012-09-14 15:27:27','2012-09-14 15:27:27','#) under Section 17(1) and Schedule 3 of the Act, as amended by Statutory Instruments 1850 and 1851 of 1990 that the holder of the licence may no longer satisfy the requirement to be  #of Good Repute.  The Department will have regard to #;','section 17(1) and schedule 3 good repute',1),(487,1,1,'2012-09-14 15:27:27','2012-09-14 15:27:27','#) under Section 17(1) and Schedule 3 of the Act, as amended by Statutory Instruments 1850 and 1851 of 1990 that the holder of the licence may no longer satisfy the requirement to be  of the Appropriate Financial Standing.  The department will have regard to #;',' section 17(1) and schedule 3 appropriate financial standing',1),(488,1,1,'2012-09-14 15:27:27','2012-09-14 15:27:27','#) under Section 17(1) and Schedule 3 of the Act, as amended by Statutory Instruments 1850 and 1851 of 1990 that the holder of the licence may no longer satisfy the requirement to be  Professionally Competent.  The Department will have regard to #;','section 17(3)(a) professionally competent',1),(489,1,1,'2012-09-14 15:27:27','2012-09-14 15:27:27','','section 17(3)(a) statement of expectation',1),(490,1,1,'2012-09-14 15:27:27','2012-09-14 15:27:27','#) under Section 17(3)(aa) of the Act, that any Undertaking recorded in the licence has not been fulfilled.  The Department will have regard to #;','section 17(3)(aa) undertaking not fulfilled',1),(491,1,1,'2012-09-14 15:27:27','2012-09-14 15:27:27','#) under Section 17(3)(b) of the Act that there has been a contravention of any condition attached to the licence.  The Department will have regard to #;','section 17(3)(b) contravention of condition',1),(492,1,1,'2012-09-14 15:27:27','2012-09-14 15:27:27','#) under Section 17(3)(c) of the Act that a prohibition under Section 69 of the Road Traffic Act 1988 has been imposed with respect to a vehicle owned or operated by the holder of the licence. The Department will have regard to #;','17(3)(c) prohibitions',1),(493,1,1,'2012-09-14 15:27:27','2012-09-14 15:27:27','',' 17(3)(c) convicted of an offence',1),(494,1,1,'2012-09-14 15:27:27','2012-09-14 15:27:27','Restricted Licences only','restricted licences only',1),(495,1,1,'2012-09-14 15:27:27','2012-09-14 15:27:27','#) under Section 17(3)(d) of the Act that the holder of the licence may no longer satisfy the requirement to be of good repute or the requirement to be of appropriate financial standing.  The Department will have regard to #;','section 17(3)(d) good repute/appropriate financial standing',1),(496,1,1,'2012-09-14 15:27:27','2012-09-14 15:27:27','#) under Section 17(3)(e) of the Act, that there has been, since the licence was granted or varied, a material change in any of the circumstances of the holder of the licence which were relevant to the grant or variation of the licence.  The Department will have regard to #;','17(3)(e) material change',1),(497,1,1,'2012-09-14 15:27:27','2012-09-14 15:27:27','Applications - PSV ','applications - PSV ',1),(498,1,1,'2012-09-14 15:27:27','2012-09-14 15:27:27','On the basis of the relevant evidence available, which is set out later in this letter, it appears that # may not satisfy the following requirement# for holding an operators licence:-','evidence may not satisfy the Traffic Commissioner',1),(499,1,1,'2012-09-14 15:27:27','2012-09-14 15:27:27','#) under Section 14(1)(a) and Schedule 3 of the Act, as amended by Statutory Instruments 1850 and 1851 of 1990, to be of Good Repute.  The Department will have regard to #;','Section 14(1)(a) and Schedule 3 Good Repute',1),(500,1,1,'2012-09-14 15:27:27','2012-09-14 15:27:27','#) under Section 14(1)(b) and Schedule 3 of the Act, as amended by Statutory Instruments 1850 and 1851 of 1990, to be of the appropriate Financial Standing. The Department will have regard to #;','14(1)(b) and Schedule 3 Financial standing',1),(501,1,1,'2012-09-14 15:27:27','2012-09-14 15:27:27','#) under Section 14(1)(c) and Schedule 3 of the Act, as amended by Statutory Instruments 1850 and 1851 of 1990, to fulfil the requirement of professional competence. The Department will have regard to #;','Section 14(1)(c) and Schedule 3 Professional competence',1),(502,1,1,'2012-09-14 15:27:27','2012-09-14 15:27:27','#) under Section 14(3)(a) of the Act to have adequate facilities or arrangements for maintaining vehicles used under the licence in a fit and serviceable condition. The Department will have regard to #;','Section 14(3)(a) Maintenance',1),(503,1,1,'2012-09-14 15:27:27','2012-09-14 15:27:27','#) under Section 14(3)(b) of the Act to ensure that there will be adequate arrangements for securing compliance with the law relating to the driving or operation of vehicles. The Department will have regard to #;',' Section 14(3)(b) Drivers Hours',1),(504,1,1,'2012-09-14 15:27:27','2012-09-14 15:27:27','Annex C THE EVIDENCE THE DEPARTMENT WILL CONSIDER ','annex C The evidence the Department will consider',1),(505,1,1,'2012-09-14 15:27:27','2012-09-14 15:27:27','The relevant evidence the Department will consider is:-','The relevant evidence the Department will consider is:-',1),(506,1,1,'2012-09-14 15:27:27','2012-09-14 15:27:27','','adverse DVA report',1),(507,1,1,'2012-09-14 15:27:27','2012-09-14 15:27:27','#) a report from the DVA #. A copy of the Traffic Examiners report, which will be presented at the Inquiry, is attached to this letter, labelled #;','adverse T.E. report',1),(508,1,1,'2012-09-14 15:27:27','2012-09-14 15:27:27','','list of prohibitions',1),(509,1,1,'2012-09-14 15:27:27','2012-09-14 15:27:27','','Schedule of convictions',1),(510,1,1,'2012-09-14 15:27:27','2012-09-14 15:27:27','Records held by the DVLA in Swansea indicate that','records held by the DVLA in Swansea indicate that',1),(511,1,1,'2012-09-14 15:27:27','2012-09-14 15:27:27','Your # previous history as an operator:-','your previous history as an operator:-',1),(512,1,1,'2012-09-14 15:27:27','2012-09-14 15:27:27','a Warning Letter issued by the Transport Regulation Unit on # as a consequence of a maintenance investigation conducted by DVA;/convictions.','warning letter re: maintenance/convictions',1),(513,1,1,'2012-09-14 15:27:27','2012-09-14 15:27:27','A Public Inquiry held on # as a consequence of #.  At the Inquiry ','previous public inquiry',1),(514,1,1,'2012-09-14 15:27:27','2012-09-14 15:27:27','#) an Administrative Directors Interview held on # as a consequence of #;','previous administrative directors Interview',1),(515,1,1,'2012-09-14 15:27:27','2012-09-14 15:27:27','$ - Goods only - $','goods only',1),(516,1,1,'2012-09-14 15:27:27','2012-09-14 15:27:27','#) the following Statement# of Fact or expectation which # made, or procured to be made, for the purpose of an application for the licence, appears # to have either been false or has# not been fulfilled:-','statement of expectation',1),(517,1,1,'2012-09-14 15:27:27','2012-09-14 15:27:27','#) when making the application for your # licence, # failed to declare that you, or anyone involved with this licence application has ever had an operators licence refused or revoked','failed to declare previous licence history',1),(518,1,1,'2012-09-14 15:27:27','2012-09-14 15:27:27','#) that # will be the Transport Manager(s) responsible for the vehicles on the operators licence;','TMs responsibility',1),(519,1,1,'2012-09-14 15:27:27','2012-09-14 15:27:27','#) that # would not be responsible for vehicles on any other licences. (It has now been brought to the attention of the Department that # is the Transport Manager for #, licence number #);','TM listed on other licences',1),(520,1,1,'2012-09-14 15:27:27','2012-09-14 15:27:27','#) that vehicles would normally be kept (when not in use) at the operating centre# at #;','vehicles normally kept at operating centre',1),(521,1,1,'2012-09-14 15:27:27','2012-09-14 15:27:27','#) that the operating centre# nominated in your application # not used by any other goods or passenger vehicle operator(s);','operating centre not to be used by others',1),(522,1,1,'2012-09-14 15:27:27','2012-09-14 15:27:27','#) that # would be given safety inspections at # intervals;','safety inspections',1),(523,1,1,'2012-09-14 15:27:27','2012-09-14 15:27:27','#) that you/your staff usually carry out your own # repairs;','that you/your staff usually carry out your own repairs',1),(524,1,1,'2012-09-14 15:27:27','2012-09-14 15:27:27','#) that safety inspections and/or maintenance and repair work would be carried out by #;','that safety inspections and/or maintenance and repair work would be carried out by',1),(525,1,1,'2012-09-14 15:27:27','2012-09-14 15:27:27','#) # failed to declare that # had been declared bankrupt;','failed to declare that person had been declared bankrupt',1),(526,1,1,'2012-09-14 15:27:27','2012-09-14 15:27:27','#) you failed to declare that # had been involved in a company that has gone into receivership/sequestration and/or liquidation owing money;','failed to declare persons had been involved in receivership/sequestration and/or liquidation',1),(527,1,1,'2012-09-14 15:27:27','2012-09-14 15:27:27','#) you failed to declare that # has been disqualified from acting as a director of a company or from taking part in the management of a company;','failed to declare that persons has been disqualified as a director of a company ',1),(528,1,1,'2012-09-14 15:27:27','2012-09-14 15:27:27','#) when making the application for your licence you failed to declare that # had sustained convictions which were required to be notified to the Department;','failed to declare persons had sustained convictions ',1),(529,1,1,'2012-09-14 15:27:27','2012-09-14 15:27:27','#) # would abide by any conditions which may be imposed on the licence;','Would abide by any conditions which may be imposed on the licence;',1),(530,1,1,'2012-09-14 15:27:27','2012-09-14 15:27:27','Failure to comply with the following Undertaking','rules on drivers hours and tachographs will be observed and proper records kept;',1),(531,1,1,'2012-09-14 15:27:27','2012-09-14 15:27:27','#) the rules on drivers hours and tachographs will be observed and proper records kept;','vehicles and trailers would not be overloaded',1),(532,1,1,'2012-09-14 15:27:27','2012-09-14 15:27:27','#) vehicles and trailers would not be overloaded;','vehicles and trailers would not be overloaded',1),(533,1,1,'2012-09-14 15:27:27','2012-09-14 15:27:27','#) vehicles would operate within speed limits;','vehicles would operate within speed limits',1),(534,1,1,'2012-09-14 15:27:27','2012-09-14 15:27:27','#) motor vehicles and trailers, including hired vehicles and trailers, would be kept fit and serviceable;','motor vehicles and trailers would be kept fit and serviceable',1),(535,1,1,'2012-09-14 15:27:27','2012-09-14 15:27:27','#) drivers would report promptly any defects or symptoms of defects that could prevent the safe operation of vehicles and/or trailers, and that any defects would be promptly recorded in writing;','driver defect reporting',1),(536,1,1,'2012-09-14 15:27:27','2012-09-14 15:27:27','#) records would be kept (for 15 months) of all driver defect reports, all safety inspections, routine maintenance and repairs to vehicles and trailers, and that these would be made available on request;','records would be kept (for 15 months) of all driver defect reports',1),(537,1,1,'2012-09-14 15:27:27','2012-09-14 15:27:27','#) there would be adequate financial resources to maintain the vehicles and trailers covered by the licence;  ','adequate financial resources to maintain the vehicles and trailers ',1),(538,1,1,'2012-09-14 15:27:27','2012-09-14 15:27:27','#) the Department would be immediately informed of any changes or convictions which affected the licence;','informed of any changes or convictions which affected the licence',1),(539,1,1,'2012-09-14 15:27:27','2012-09-14 15:27:27','A copy of the undertakings signed by xxxxx as part of the licence application is attached.','A copy of the undertakings is attached.',1),(540,1,1,'2012-09-14 15:27:27','2012-09-14 15:27:27','PSV only','PSV only',1),(541,1,1,'2012-09-14 15:27:27','2012-09-14 15:27:27','#) the following Statement# of Fact or expectation, which # made or procured to be made, for the purpose of an application for the licence, appears # to have either been false or has# not been fulfilled:-','statement of Fact or expectation not been fulfilled',1),(542,1,1,'2012-09-14 15:27:27','2012-09-14 15:27:27','#) when making the application for your # licence, # failed to declare that # had had an operators licence refused or revoked','Application for your licence failed to declare previous operators licence refused or revoked ',1),(543,1,1,'2012-09-14 15:27:27','2012-09-14 15:27:27','#) that # will be the person(s) who satisfies the requirements of professional competence on the operators licence;','PSV Professional competence',1),(544,1,1,'2012-09-14 15:27:27','2012-09-14 15:27:27','#) that # would be given safety inspections at # intervals;','PSV Safety inspection',1),(545,1,1,'2012-09-14 15:27:27','2012-09-14 15:27:27','#) that you/your staff usually carry out your own # repairs;','PSV own repairs',1),(546,1,1,'2012-09-14 15:27:27','2012-09-14 15:27:27','#) that safety inspections and/or maintenance and repair work would be carried out by # ;','PSV safety inspections/maintenance carried out by',1),(547,1,1,'2012-09-14 15:27:27','2012-09-14 15:27:27','#) # failed to declare that # had been declared bankrupt','PSV  failed to declare that # had been declared bankrupt',1),(548,1,1,'2012-09-14 15:27:27','2012-09-14 15:27:27','#) you failed to declare that # had been involved in a company that has gone into insolvent liquidation;','PSV  failed to declare persons involved in a company gone into insolvent liquidation;',1),(549,1,1,'2012-09-14 15:27:27','2012-09-14 15:27:27','#) you failed to declare that # has been disqualified from acting as a director of a company or from taking part in the management of a company;','PSV failed to declare disqualification as a director',1),(550,1,1,'2012-09-14 15:27:27','2012-09-14 15:27:27','#) when making the application for your licence you failed to declare that # had sustained convictions which, under the terms of the Rehabilitation of Offenders Act 1974, are/were not spent, and which were required to be notified to the Department;','PSV unspent convictions',1),(551,1,1,'2012-09-14 15:27:27','2012-09-14 15:27:27','#) your # failure to comply with the following Undertaking# made for the purpose of obtaining a licence, i.e. that # would make proper arrangements so that:-','PSV failed to comply with undertakings',1),(552,1,1,'2012-09-14 15:27:27','2012-09-14 15:27:27','#) the laws relating to the driving and operation of vehicles used under the licence would be observed;','PSV laws relating to driving and operation of vehicles',1),(553,1,1,'2012-09-14 15:27:27','2012-09-14 15:27:27','#) the rules on drivers hours would be observed and proper records kept;','PSV drivers hours',1),(554,1,1,'2012-09-14 15:27:27','2012-09-14 15:27:27','#) vehicles would not carry more than the permitted number of passengers;','PSV permitted number of passengers',1),(555,1,1,'2012-09-14 15:27:27','2012-09-14 15:27:27','#) vehicles would be kept in a fit and serviceable condition;','PSV serviceable condition',1),(556,1,1,'2012-09-14 15:27:27','2012-09-14 15:27:27','#) vehicles, including hired vehicles, are kept in a fit and serviceable condition;','PSV fit and serviceable condition',1),(557,1,1,'2012-09-14 15:27:27','2012-09-14 15:27:27','#) drivers would report mechanical faults in vehicles as soon as possible;','PSV report of mechanical faults',1),(558,1,1,'2012-09-14 15:27:27','2012-09-14 15:27:27','#) records would be kept (for 15 months) of all safety inspections, routine maintenance and repairs to vehicles, and that these would be made available on request;','PSV safety inspections reports',1),(559,1,1,'2012-09-14 15:27:27','2012-09-14 15:27:27','#) the Department would be informed of any changes or convictions which affected the licence;','PSV changes or convictions',1),(560,1,1,'2012-09-14 15:27:27','2012-09-14 15:27:27','#) as a consequence of the evidence noted at paragraphs # above, the Department is concerned that you# may no longer be of the appropriate financial standing to be the holder of an operators licence;','PSV financial standing',1),(561,1,1,'2012-09-14 15:27:27','2012-09-14 15:27:27','#) as a consequence of the evidence noted at paragraphs # above, the Department is concerned that you# may no longer be of Good Repute;','PSV good repute',1),(562,1,1,'2012-09-14 15:27:27','2012-09-14 15:27:27','','optional para when calling TM',1),(563,1,1,'2012-09-14 15:27:27','2012-09-14 15:27:27','Annex D immediate action','annex D immediate action',1),(564,1,1,'2012-09-14 15:27:27','2012-09-14 15:27:27','Please complete Annex E to this letter giving details of all vehicles currently operated under your # operators licence and the number of trailers in possession, and return it to the this office not later than #. ','complete Annex E',1),(565,1,1,'2012-09-14 15:27:27','2012-09-14 15:27:27','Goods ','goods',1),(566,1,1,'2012-09-14 15:27:27','2012-09-14 15:27:27','','section 27(3) submit representations with regard to good repute/financial standing/professional competence. ',1),(567,1,1,'2012-09-14 15:27:27','2012-09-14 15:27:27','$ - PSV - $','PSV',1),(568,1,1,'2012-09-14 15:27:27','2012-09-14 15:27:27','','regulation 9 of the PPV regulations 1995 submit representations',1),(569,1,1,'2012-09-14 15:27:27','2012-09-14 15:27:27','You may wish to make contingency arrangements should action be taken against the licence.','should action be taken against the licence.',1),(570,1,1,'2012-09-14 15:27:27','2012-09-14 15:27:27','The Department will call xxxxxxx as witnesses, or any other individual he sees fit to give evidence, as a consequence of any matters raised at the pending Public Inquiry.','calling of witnesses for PI',1),(571,1,1,'2012-09-14 15:27:27','2012-09-14 15:27:27','Enclosed with this letter are directions to the Court venue and details of what will happen when you arrive and during the proceedings. Please read it carefully.','direction to court venue',1),(572,1,1,'2012-09-14 15:27:27','2012-09-14 15:27:27','','instruction to bring documents',1),(573,1,1,'2012-09-14 15:27:27','2012-09-14 15:27:27','Please also submit to the Department, at the above address, the following information so that it is received by #:- a. # latest audited # accounts; b. bank statements for the last 3 months, and c. details of any overdraft facility available to #.','instructions to bring financial information',1),(574,1,1,'2012-09-14 15:27:27','2012-09-14 15:27:27','','Information required to determine adequate financial resources',1),(575,1,1,'2012-09-14 15:27:27','2012-09-14 15:27:27','As the holder of a # operators licence, authorising the use of # vehicles, you# # required to demonstrate constant and immediate access to a minimum of #.','you are required to demonstrate access to a minimum of #',1),(576,1,1,'2012-09-14 15:27:27','2012-09-14 15:27:27','','section 23(1)(e) GV (NI) Act 2010 failure to provide information by due date',1),(577,1,1,'2012-09-14 15:27:27','2012-09-14 15:27:27','Annex A Environmental, The evidence the Department will consider ','annex A the evidence the Department will consider ',1),(578,1,1,'2012-09-14 15:27:27','2012-09-14 15:27:27','The relevant evidence the Department will consider is:','the relevant evidence the Department will consider is:',1),(579,1,1,'2012-09-14 15:27:27','2012-09-14 15:27:27','','objector(s) and representor(s) environmental',1),(580,1,1,'2012-09-14 15:27:27','2012-09-14 15:27:27',' Annex B the statutory provisions','annex B the statutory provisions',1),(581,1,1,'2012-09-14 15:27:27','2012-09-14 15:27:27','On the basis of the relevant evidence available it appears that your/your partnership\'s/your company\'s application may not satisfy the following requirements:','relevant evidence available',1),(582,1,1,'2012-09-14 15:27:27','2012-09-14 15:27:27','a) Under Section 12(5) and Section 13 of the Act to have an operating centre which is suitable, not only for its purpose, but if appropriate, environmentally; and','section 12(5) and Section 13 Operating centre suitable',1),(583,1,1,'2012-09-14 15:27:27','2012-09-14 15:27:27','b) Under Section 12(5)(d) of the Act to have an operating centre which is available and suitable for use as such (disregarding any respect in which it may be unsuitable on environmental grounds).','section 12(5)(d) operating centre which is available and suitable',1),(584,1,1,'2012-09-14 15:27:27','2012-09-14 15:27:27','Annex C The action the Department will consider','annex C The action the Department will consider',1),(585,1,1,'2012-09-14 15:27:27','2012-09-14 15:27:27','a) The Department will consider whether to grant in full or in part or to refuse your/your partnership\'s/your company\'s application under the provisions of Sections 12 and 13 of the Act;','sections 12 and 13 to grant in full or part',1),(586,1,1,'2012-09-14 15:27:27','2012-09-14 15:27:27','b) If the application is granted the Department will consider whether it is deemed appropriate to attach conditions to the licence under Section 20 of the Act for the purpose of preventing authorised vehicles from causing a danger to the public. Such conditions relate only to:','section 20 Attach conditions',1),(587,1,1,'2012-09-14 15:27:27','2012-09-14 15:27:27','   a) while entering or leaving any road adjoining an operating centre of the licence holder;','point where vehicles first join a public road',1),(588,1,1,'2012-09-14 15:27:27','2012-09-14 15:27:27','   b) for requiring the holder of the licence to inform the Department of the occurrence of any event of a kind specified in the licence which affects the licence holder and which is relevant to the exercise by the Department of any power in relation to the licence;','inform the Department of the occurrence of any event of a kind specified in the licence which affects the licence holder',1),(589,1,1,'2012-09-14 15:27:27','2012-09-14 15:27:27','c) for preventing or minimising any adverse effects on environmental conditions arising from the use of a place as an operating centre of the licence-holder;','preventing or minimising any adverse effects on environmental conditions',1),(590,1,1,'2012-09-14 15:27:27','2012-09-14 15:27:27','d) for any other prescribed purpose.','for any other prescribed purpose',1),(591,1,1,'2012-09-14 15:27:27','2012-09-14 15:27:27','On varying an operator\'s licence under section 16 the Department may vary or remove any condition attached to the licence under this section.','section 20 (2) vary or remove any condition attached to the licence ',1),(592,1,1,'2012-09-14 15:27:27','2012-09-14 15:27:27','Annex D Environmental, Immediate action','annex D immediate action',1),(593,1,1,'2012-09-14 15:27:27','2012-09-14 15:27:27','You should take the following immediate action:','you should take the following immediate action:',1),(594,1,1,'2012-09-14 15:27:27','2012-09-14 15:27:27','a) Confirm that you/your partnership/your company will attend the Inquiry at the time and place stated, by returning Annex # to this office no later than # Failure to attend will result in the Department determining the case in your/your partnership\'s/your company\'s absence.','failure to attend the Inquiry',1),(595,1,1,'2012-09-14 15:27:27','2012-09-14 15:27:27','','you/your partnership/your company represented at the Inquiry',1),(596,1,1,'2012-09-14 15:27:27','2012-09-14 15:27:27','','contingency plans post public inquiry',1),(597,1,1,'2012-09-14 15:27:27','2012-09-14 15:27:27','When attending the Inquiry you/your partnership/your company should bring with you/them all relevant documentary evidence in support of your/their case.','relevant documentary evidence',1),(598,1,1,'2012-09-14 15:27:27','2012-09-14 15:27:27','Public Inquiry Under Section 32 of the Goods Vehicles (Licensing Of Operators) Act (Northern Ireland) 2010','public inquiry section 32 of the Goods Vehicles (Licensing Of Operators) Act (Northern Ireland) 2010',1),(599,1,1,'2012-09-14 15:27:27','2012-09-14 15:27:27','Goods Vehicle Operators Licence: Review Of Operating Centre','Goods Vehicle operators licence review ',1),(600,1,1,'2012-09-14 15:27:27','2012-09-14 15:27:27','Annex A Environmental, The evidence the Department will consider ','annex A the evidence the Department will consider ',1),(601,1,1,'2012-09-14 15:27:27','2012-09-14 15:27:27','The relevant evidence the Department will consider is:','the relevant evidence the Department will consider is:',1),(602,1,1,'2012-09-14 15:27:27','2012-09-14 15:27:27','You/your partnership/your company should be aware that the complainant(s) will be invited to the Inquiry where they will be invited to present their case, and be available for cross examination on the evidence they present.','complainants invited to the Inquiry',1),(603,1,1,'2012-09-14 15:27:27','2012-09-14 15:27:27',' Annex B the statutory provisions','annex B the statutory provisions',1),(604,1,1,'2012-09-14 15:27:27','2012-09-14 15:27:27','On the basis of the relevant evidence available it appears that the Department should consider whether to remove the operating centre(s) or to attach conditions to your/your partnerships/your company\'s licence on the following grounds:','consideration to remove the operating centre',1),(605,1,1,'2012-09-14 15:27:27','2012-09-14 15:27:27','a) Under Section 28(1) and (2) of the Act, that the place(s) specified as (an) operating centre(s) in your/your partnership\'s/your company\'s licence may no longer be suitable for use as such;','section 28(1) and (2) place specified as an operating centre unsuitable',1),(606,1,1,'2012-09-14 15:27:27','2012-09-14 15:27:27','b) Under Section 29(1) of the Act that the use of authorised vehicles at the operating centre(s) at #/and # may cause adverse effects on environmental conditions in the vicinity of the operating centre(s).','section 29(1) Vehicles may cause adverse environmental effects',1),(607,1,1,'2012-09-14 15:27:27','2012-09-14 15:27:27','Annex C The action the Department will consider','annex C The action the Department will consider',1),(608,1,1,'2012-09-14 15:27:27','2012-09-14 15:27:27','The Department will consider whether:-','The Department will consider whether:-',1),(609,1,1,'2012-09-14 15:27:27','2012-09-14 15:27:27','a) Upon review of the operating centre(s) at #/and # he/she should exercise his/her powers under Section 28 of the Act and remove the operating centre(s) from your/your partnership\'s/your company\'s licence;','section 28 remove the operating centre(s)',1),(610,1,1,'2012-09-14 15:27:27','2012-09-14 15:27:27','','section 29 add conditions ',1),(611,1,1,'2012-09-14 15:27:27','2012-09-14 15:27:27','i) the number, type and size of authorised motor vehicles or trailers which may, at any one time, be at the operating centre of the licence-holder for the purposes of maintenance and parking;','number, type and size of authorised motor vehicles or trailers ',1),(612,1,1,'2012-09-14 15:27:27','2012-09-14 15:27:27','ii) the parking arrangements to be provided for authorised motor vehicles or trailers at or in the vicinity of the operating centre;','parking arrangements',1),(613,1,1,'2012-09-14 15:27:27','2012-09-14 15:27:27','iii) the times at which there may be carried out at the operating centre, any maintenance or movement of authorised vehicles or trailers, and the times at which any equipment may be used for such maintenance or movement; and','times at which there may be carried out at the operating centre any maintenance or movement',1),(614,1,1,'2012-09-14 15:27:27','2012-09-14 15:27:27','iv) the means of ingress to and egress from the operating centre by authorised vehicles and trailers.','the means of ingress to and egress',1),(615,1,1,'2012-09-14 15:27:27','2012-09-14 15:27:27','Annex D Environmental, Immediate action','annex D immediate action',1),(616,1,1,'2012-09-14 15:27:27','2012-09-14 15:27:27','You should take the following immediate action:','you should take the following immediate action:',1),(617,1,1,'2012-09-14 15:27:27','2012-09-14 15:27:27','a) Complete Annex # giving details of all vehicles currently operated under the licence and return to the this office not later than #.','details of all vehicles currently operated under the licence',1),(618,1,1,'2012-09-14 15:27:27','2012-09-14 15:27:27','b) Confirm that you/your partnership/your company will attend the Inquiry at the time and place stated by returning Annex # to this office no later than #.  Failure to attend will result in the Department determining the case in your/your partnership\'s/your company\'s absence.','attendance at the Inquiry',1),(619,1,1,'2012-09-14 15:27:27','2012-09-14 15:27:27','','you/your partnership/your company  represented at the Inquiry',1),(620,1,1,'2012-09-14 15:27:27','2012-09-14 15:27:27','','contingency plans post public inquiry',1),(621,1,1,'2012-09-14 15:27:27','2012-09-14 15:27:27','e) When attending the Inquiry please ensure that you/your partnership/your company bring(s) your/its operator licence documents and all documentary evidence in support of your/its case.  ','production of relevant documentary evidence',1),(622,1,1,'2012-09-14 15:27:27','2012-09-14 15:27:27','Public Inquiry','Public Inquiry',1),(623,1,1,'2012-09-14 15:27:27','2012-09-14 15:27:27','Public Passenger Vehicles Act 1981 (The Act) As Amended','Public Passenger Vehicles Act 1981 (The Act) As Amended',1),(624,1,1,'2012-09-14 15:27:27','2012-09-14 15:27:27','Transport Act 1985 (As Amended) Local Bus Service Registrations','transport act 1985 (As Amended) local bus service registrations',1),(625,1,1,'2012-09-14 15:27:27','2012-09-14 15:27:27','Annex A Environmental, The evidence the Department will consider ','annex A the evidence the Department will consider ',1),(626,1,1,'2012-09-14 15:27:27','2012-09-14 15:27:27','The relevant evidence the Department will consider is:','the relevant evidence the Department will consider is:',1),(627,1,1,'2012-09-14 15:27:27','2012-09-14 15:27:27',' Annex B the statutory provisions','annex B the statutory provisions',1),(628,1,1,'2012-09-14 15:27:27','2012-09-14 15:27:27','The Department has decided on the basis of the available relevant evidence to consider taking action against your/your partnership\'s/your company\'s licence on the following grounds:','basis of the available relevant evidence to consider taking action ',1),(629,1,1,'2012-09-14 15:27:27','2012-09-14 15:27:27','a) Under section 26(1)(a) of the Transport Act 1985, that the operator has failed to operate one (or more) of its local services registered under Section 6 of that act;','section 26(1)(a) transport act 1985, failed to operate  local services ',1),(630,1,1,'2012-09-14 15:27:27','2012-09-14 15:27:27','b) Under Section 26(1)(b) of the Act, that the operator has operated a local service in contravention of section 6 of the Act;','Section 26(1)(b) e operator has operated a local service in contravention of S6 ',1),(631,1,1,'2012-09-14 15:27:27','2012-09-14 15:27:27','* c) Check revised wording re S111(1)(a) * d) Check revised wording re S111(1)(b)  Check Scottish wording ','check revised wording English/Scottish re S111(1)(a)(b)',1),(632,1,1,'2012-09-14 15:27:27','2012-09-14 15:27:27','Annex C The action the Department will consider','annex C The action the Department will consider',1),(633,1,1,'2012-09-14 15:27:27','2012-09-14 15:27:27','The Department will consider whether to attach conditions to your/your partnership\'s/your company\'s licence to prohibit the operation of local services, under the provisions of Section 26 of the Transport Act 1985:','conditions to prohibit the operation of local services',1),(634,1,1,'2012-09-14 15:27:27','2012-09-14 15:27:27','If you/your partnership/your company) is prohibited from using vehicles under the licence to provide a local service, the Department may also direct that the service be cancelled under the provisions of Section 26(3) of the Transport Act 1985;','local service may be cancelled under section 26(3) transport act 1985;',1),(635,1,1,'2012-09-14 15:27:27','2012-09-14 15:27:27','','fuel duty rebate claimed each quarter. ',1),(636,1,1,'2012-09-14 15:27:27','2012-09-14 15:27:27','Annex D Environmental, Immediate action','annex D immediate action',1),(637,1,1,'2012-09-14 15:27:27','2012-09-14 15:27:27','You should take the following immediate action:','you should take the following immediate action:',1),(638,1,1,'2012-09-14 15:27:27','2012-09-14 15:27:27','a) Complete Annex * attached giving details of all vehicles currently operated under your/your partnership\'s/your company\'s operator licence;','vehicles currently operated under operator licence',1),(639,1,1,'2012-09-14 15:27:27','2012-09-14 15:27:27','b) Complete Annex *  giving details of your current registered local services;','details of your current registered local services;',1),(640,1,1,'2012-09-14 15:27:27','2012-09-14 15:27:27','c) Return Annexes * and * to this office not later than *  ','return annexes  ',1),(641,1,1,'2012-09-14 15:27:27','2012-09-14 15:27:27','d) Confirm that you/your partnership/your company will attend the Inquiry at the time and place stated, by returning Annex * to this office no later than * Failure to attend will result in the Department determining the case in your/your partnership\'s/your company\'s absence.','Confirm attendance at the Inquiry ',1),(642,1,1,'2012-09-14 15:27:27','2012-09-14 15:27:27','','represented at the Inquiry and at least one of the Partners/Directors should attend ',1),(643,1,1,'2012-09-14 15:27:27','2012-09-14 15:27:27','','contingency plans to cover any contractual obligations',1),(644,1,1,'2012-09-14 15:27:27','2012-09-14 15:27:27','When attending the Inquiry you should bring with you your/your partnership\'s/your company\'s Operator Licence documents, and all relevant documentary evidence in support of your/your partnership\'s/your company\'s case.','you should bring with you the Operator Licence documents',1),(645,1,1,'2012-09-14 15:27:27','2012-09-14 15:27:27','Public Inquiry Under Section 32 of the Goods Vehicles (Licensing Of Operators) Act (Northern Ireland) 2010','public inquiry section 32 of the Goods Vehicles (Licensing Of Operators) Act (Northern Ireland) 2010',1),(646,1,1,'2012-09-14 15:27:27','2012-09-14 15:27:27','Public Inquiry Under Section 54 Of The Public Passenger Vehicles Act 1981 (The Act) As Amended','public inquiry section 54 PPV act 1981 ',1),(647,1,1,'2012-09-14 15:27:28','2012-09-14 15:27:28','a report has been received from DVA which indicates that ','report received from DVA',1),(648,1,1,'2012-09-14 15:27:28','2012-09-14 15:27:28','there was no/an inadequate driver defect reporting system in operation','no defect reporting system',1),(649,1,1,'2012-09-14 15:27:28','2012-09-14 15:27:28','you were unable to produce complete records of preventative maintenance inspections','unable to produce inspection records',1),(650,1,1,'2012-09-14 15:27:28','2012-09-14 15:27:28','you were not adhering to the declared inspection frequency','you were not adhering to the declared inspection frequency',1),(651,1,1,'2012-09-14 15:27:28','2012-09-14 15:27:28','there had been a change to the maintenance arrangements and/or safety inspections which had not been notified to the Department','change in maintenance/safety inspections',1),(652,1,1,'2012-09-14 15:27:28','2012-09-14 15:27:28','the following prohibition notices have been issued to your vehicles/trailers:- [Insert Table Date Vehicle/Trailer Type of Prohibition]','list of prohibitions',1),(653,1,1,'2012-09-14 15:27:28','2012-09-14 15:27:28','the prohibition(s) endorsed \'S\' indicate(s) that in the issuing officers opinion a significant failure of the maintenance system had allowed defects to develop','S marked prohibitions',1),(654,1,1,'2012-09-14 15:27:28','2012-09-14 15:27:28','the defects found would appear to indicate shortcomings in the standard and/or frequency of your preventative maintenance arrangements','defects indicate shortcomings',1),(655,1,1,'2012-09-14 15:27:28','2012-09-14 15:27:28','your vehicles have a poor test history','vehicles have poor test history',1),(656,1,1,'2012-09-14 15:27:28','2012-09-14 15:27:28','It would be to your advantage, if you have not already done so, to obtain a copy of the \"Guide to Maintaining Roadworthiness\". The guide contains useful advice concerning maintenance systems and the keeping of records.','obtain a copy of the \"Guide to Maintaining Roadworthiness\"',1),(657,1,1,'2012-09-14 15:27:28','2012-09-14 15:27:28','It has been noted that the following conviction(s) has been recorded against you/the partnership/the company:- [Insert Table \"Date\" \"Court\" \"Offence\" \"Penalty\"]','convictions recorded against you/the partnership/the company',1),(658,1,1,'2012-09-14 15:27:28','2012-09-14 15:27:28','you/the partnership/the company are reminded of the condition attached to your licence which states that convictions must be notified to the Department within 28 days of them being recorded.','convictions to be reported to Department within 28 days',1),(659,1,1,'2012-09-14 15:27:28','2012-09-14 15:27:28','a check of the records held by the Driver and Vehicle Licensing Agency shows that vehicle(s) [.] which is/are specified on your /the partnerships/the company\'s licence is/are not taxed. You are required, therefore, to provide evidence that the vehicle(s) are now taxed.','specified vehicles not taxed',1),(660,1,1,'2012-09-14 15:27:28','2012-09-14 15:27:28','it would appear that you/the partnership/the company have changed operating centre without the required authority.','change of operating centre without authority',1),(661,1,1,'2012-09-14 15:27:28','2012-09-14 15:27:28','it would appear that vehicle(s) [.] specified on your/the partnership(\'s)/the company(\'s)  operators licence is/are not being kept at the nominated operating centre when not in use. The vehicle(s) has/have been observed parked at [..].','specified vehicles not parked at nominated operating centre',1),(662,1,1,'2012-09-14 15:27:28','2012-09-14 15:27:28','an operating centre is defined in the Goods Vehicle (Licensing of Operators) as the base or centre at which authorised vehicles are normally kept.','operating centre defined as base which authorised vehicles are normally kept',1),(663,1,1,'2012-09-14 15:27:28','2012-09-14 15:27:28','I would draw your attention to Section 6(1) of the 2010 Act which states:-','I would draw your attention to Section 6(1) of the 2010 Act which states:-',1),(664,1,1,'2012-09-14 15:27:28','2012-09-14 15:27:28','a report has been received from [..] which indicates that the following alleged offences have been incurred by you/the partnership/the company and/or drivers in your employ','report indicating alleged offences against you/the partnership/the company',1),(665,1,1,'2012-09-14 15:27:28','2012-09-14 15:27:28','a report has been received from [] which indicates that you/the partnership/the company were fined [..] on [.] for failure to have a vehicle excise licence for vehicle registration number []','report indicating that you/the partnership company being fined for VED offences',1),(666,1,1,'2012-09-14 15:27:28','2012-09-14 15:27:28','you/the partnership/the company has/have incurred the following convictions under the London Borough Transport Scheme:- [Insert Table Date   Offence    Penalty ]','you/the partnership/the company incurred convictions under LBTS',1),(667,1,1,'2012-09-14 15:27:28','2012-09-14 15:27:28','','information held on file may be used in the future',1),(668,1,1,'2012-09-14 15:27:28','2012-09-14 15:27:28','a report has been received stating that vehicle registration number [..] was issued with a prohibition on [.] as a result of being overweight.','report received regarding overloading',1),(669,1,1,'2012-09-14 15:27:28','2012-09-14 15:27:28','and in particular to the community licences entitling you/the partnership/the company to carry out the international carriage of goods/passengers by road.','community licences entitling use by Goods/Public Service/Vehicle operators',1),(670,1,1,'2012-09-14 15:27:28','2012-09-14 15:27:28','the Department has received a report from the [..] Authorities relating to offences committed on [..] for [.].','report received from foreign authorities regarding EC Community Licences',1),(671,1,1,'2012-09-14 15:27:28','2012-09-14 15:27:28','GOODS VEHICLE OPERATOR LICENSING\\par\\ GOODS VEHICLES (LICENSING OF OPERATORS) ACT (NORTHERN IRELAND) 2010','GVOL Licensing Act (NI) 2010',1),(672,1,1,'2012-09-14 15:27:28','2012-09-14 15:27:28','The route description has not been completed/does not give sufficient details','The route description has not been completed/does not give sufficient details',1),(673,1,1,'2012-09-14 15:27:28','2012-09-14 15:27:28','The timetable was not attached','The timetable was not attached',1),(674,1,1,'2012-09-14 15:27:28','2012-09-14 15:27:28','The map or plan was not attached','The map or plan was not attached',1),(675,1,1,'2012-09-14 15:27:28','2012-09-14 15:27:28','The fee of 60 was not enclosed','The fee of 60 was not enclosed',1),(676,1,1,'2012-09-14 15:27:28','2012-09-14 15:27:28','- The principal points are more than 15 minutes apart','The principal points are more than 15 minutes apart',1),(677,1,1,'2012-09-14 15:27:28','2012-09-14 15:27:28','Failure to reply to our previous correspondence requesting additional information','Failure to reply to our previous correspondence requesting additional information',1),(678,1,1,'2012-09-14 15:27:28','2012-09-14 15:27:28','- Your PSV operators licence has a condition on it, which stops you from making this application','Your PSV operator\'s licence has a condition on it, which stops you from making this application',1),(679,1,1,'2012-09-14 15:27:28','2012-09-14 15:27:28','You have failed to supply a copy of this application to The Local Authority/PTE','You have failed to supply a copy of this application to the Local Authority/PTE',1),(680,1,1,'2012-09-14 15:27:28','2012-09-14 15:27:28','You have failed to supply the current fee of 60 for this application','You have failed to supply the current fee of 60 for this application',1),(681,1,1,'2012-09-14 15:27:28','2012-09-14 15:27:28','The service only operates as a specific event within set dates, and the Department has refused your request for short notice','The service only operates as a specific event within set dates, and the Department has refused your request for short notice',1),(682,1,1,'2012-09-14 15:27:28','2012-09-14 15:27:28','Eastern','Eastern',1),(683,1,1,'2012-09-14 15:27:28','2012-09-14 15:27:28','North Eastern','North Eastern',1),(684,1,1,'2012-09-14 15:27:28','2012-09-14 15:27:28','North Western','North Western',1),(685,1,1,'2012-09-14 15:27:28','2012-09-14 15:27:28','Scottish','Scottish',1),(686,1,1,'2012-09-14 15:27:28','2012-09-14 15:27:28','South Eastern and Metropolitan','South Eastern and Metropolitan',1),(687,1,1,'2012-09-14 15:27:28','2012-09-14 15:27:28','Welsh','Welsh',1),(688,1,1,'2012-09-14 15:27:28','2012-09-14 15:27:28','West Midland','West Midland',1),(689,1,1,'2012-09-14 15:27:28','2012-09-14 15:27:28','Western','Western',1),(690,1,1,'2012-09-14 15:27:28','2012-09-14 15:27:28','Northern Ireland','Northern Ireland',1),(691,1,1,'2012-09-14 15:27:28','2012-09-14 15:27:28','All licences have the same correspondence address','All licences have the same correspondence address',1),(692,1,1,'2012-09-14 15:27:28','2012-09-14 15:27:28','7 out of 8 licences have the same correspondence address','7 out of 8 licences have the same correspondence address',1),(693,1,1,'2012-09-14 15:27:28','2012-09-14 15:27:28','The licence with the largest number of operating centres','The licence with the largest number of operating centres',1),(694,1,1,'2012-09-14 15:27:28','2012-09-14 15:27:28','The licence with the largest vehicle authorisation','The licence with the largest vehicle authorisation',1),(695,1,1,'2012-09-14 15:27:28','2012-09-14 15:27:28','The licence with the largest number of specified vehicles','The licence with the largest number of specified vehicles',1),(696,1,1,'2012-09-14 15:27:28','2012-09-14 15:27:28','The licence whose traffic area comes first in the alphabet','The licence whose traffic area comes first in the alphabet',1),(697,1,1,'2012-09-14 15:27:28','2012-09-14 15:27:28','GOODS VEHICLE OPERATOR LICENSING\\par\\ GOODS VEHICLES (LICENSING OF OPERATORS) ACT (NORTHERN IRELAND) 2010','GVOL Licensing Act (Northern Ireland) 2010',1),(698,1,1,'2012-09-14 15:27:28','2012-09-14 15:27:28','PUBLIC SERVICE VEHICLE OPERATOR LICENSING\\par\\ PUBLIC PASSENGER VEHICLES ACT 1981\\par\\ TRANSPORT ACT 1985','PSV Licensing Act 1981',1),(699,1,1,'2012-09-14 15:27:28','2012-09-14 15:27:28','Driver Conduct','driver conduct',1);
/*!40000 ALTER TABLE `doc_paragraph` ENABLE KEYS */;
UNLOCK TABLES;

--
-- Dumping data for table `doc_paragraph_bookmark`
--

LOCK TABLES `doc_paragraph_bookmark` WRITE;
/*!40000 ALTER TABLE `doc_paragraph_bookmark` DISABLE KEYS */;
INSERT INTO `doc_paragraph_bookmark` (`id`, `created_by`, `doc_bookmark_id`, `doc_paragraph_id`, `last_modified_by`, `created_on`, `last_modified_on`, `version`) VALUES (1,479,3,2,479,'2002-05-14 17:45:01','2002-05-14 17:45:01',1),(2,479,3,3,479,'2002-05-14 17:45:01','2002-05-14 17:45:01',1),(3,479,5,4,479,'2002-05-14 17:45:01','2002-05-14 17:45:01',1),(4,479,5,5,479,'2002-05-14 17:45:01','2002-05-14 17:45:01',1),(5,479,5,6,479,'2002-05-14 17:45:01','2002-05-14 17:45:01',1),(6,479,7,7,479,'2002-05-14 17:45:01','2002-05-14 17:45:01',1),(7,479,7,8,479,'2002-05-14 17:45:01','2002-05-14 17:45:01',1),(8,479,6,9,479,'2002-05-14 17:45:01','2002-05-14 17:45:01',1),(9,479,6,10,479,'2002-05-14 17:45:01','2002-05-14 17:45:01',1),(10,479,4,19,479,'2002-05-14 17:45:01','2002-05-14 17:45:01',1),(11,479,4,20,479,'2002-05-14 17:45:01','2002-05-14 17:45:01',1),(12,479,4,21,479,'2002-05-14 17:45:01','2002-05-14 17:45:01',1),(13,479,4,22,479,'2002-05-14 17:45:01','2002-05-14 17:45:01',1),(14,479,4,23,479,'2002-05-14 17:45:01','2002-05-14 17:45:01',1),(15,479,4,24,479,'2002-05-14 17:45:01','2002-05-14 17:45:01',1),(16,479,4,25,479,'2002-05-14 17:45:01','2002-05-14 17:45:01',1),(17,479,4,26,479,'2002-05-14 17:45:01','2002-05-14 17:45:01',1),(18,479,1,27,479,'2002-05-14 17:45:01','2002-05-14 17:45:01',1),(19,479,1,28,479,'2002-05-14 17:45:01','2002-05-14 17:45:01',1),(20,479,2,29,479,'2002-05-14 17:45:01','2002-05-14 17:45:01',1),(21,479,2,30,479,'2002-05-14 17:45:01','2002-05-14 17:45:01',1),(22,479,2,31,479,'2002-05-14 17:45:01','2002-05-14 17:45:01',1),(23,479,2,32,479,'2002-05-14 17:45:01','2002-05-14 17:45:01',1),(24,479,8,33,479,'2002-05-14 17:45:01','2002-05-14 17:45:01',1),(25,479,8,34,479,'2002-05-14 17:45:01','2002-05-14 17:45:01',1),(26,479,9,40,479,'2002-05-14 17:45:01','2002-05-14 17:45:01',1),(27,479,9,41,479,'2002-05-14 17:45:01','2002-05-14 17:45:01',1),(28,479,9,42,479,'2002-05-14 17:45:01','2002-05-14 17:45:01',1),(29,479,11,44,479,'2002-05-14 17:45:01','2002-05-14 17:45:01',1),(30,479,11,45,479,'2002-05-14 17:45:01','2002-05-14 17:45:01',1),(31,479,11,46,479,'2002-05-14 17:45:01','2002-05-14 17:45:01',1),(32,479,10,48,479,'2002-05-14 17:45:01','2002-05-14 17:45:01',1),(33,479,10,49,479,'2002-05-14 17:45:01','2002-05-14 17:45:01',1),(34,479,12,50,479,'2002-05-14 17:45:01','2002-05-14 17:45:01',1),(35,479,45,50,479,'2002-05-14 17:45:01','2002-05-14 17:45:01',1),(36,479,62,50,479,'2002-05-14 17:45:01','2002-05-14 17:45:01',1),(37,479,12,51,479,'2002-05-14 17:45:01','2002-05-14 17:45:01',1),(38,479,45,51,479,'2002-05-14 17:45:01','2002-05-14 17:45:01',1),(39,479,61,52,479,'2002-05-14 17:45:01','2002-05-14 17:45:01',1),(40,479,61,53,479,'2002-05-14 17:45:01','2002-05-14 17:45:01',1),(41,479,61,54,479,'2002-05-14 17:45:01','2002-05-14 17:45:01',1),(42,479,61,55,479,'2002-05-14 17:45:01','2002-05-14 17:45:01',1),(43,479,61,56,479,'2002-05-14 17:45:01','2002-05-14 17:45:01',1),(44,479,61,57,479,'2002-05-14 17:45:01','2002-05-14 17:45:01',1),(45,479,61,58,479,'2002-05-14 17:45:01','2002-05-14 17:45:01',1),(46,479,61,59,479,'2002-05-14 17:45:01','2002-05-14 17:45:01',1),(47,479,61,60,479,'2002-05-14 17:45:01','2002-05-14 17:45:01',1),(48,479,61,61,479,'2002-05-14 17:45:01','2002-05-14 17:45:01',1),(49,479,61,62,479,'2002-05-14 17:45:01','2002-05-14 17:45:01',1),(50,479,61,63,479,'2002-05-14 17:45:01','2002-05-14 17:45:01',1),(51,479,61,64,479,'2002-05-14 17:45:01','2002-05-14 17:45:01',1),(52,479,61,65,479,'2002-05-14 17:45:01','2002-05-14 17:45:01',1),(53,479,61,66,479,'2002-05-14 17:45:01','2002-05-14 17:45:01',1),(54,479,61,67,479,'2002-05-14 17:45:01','2002-05-14 17:45:01',1),(55,479,61,68,479,'2002-05-14 17:45:01','2002-05-14 17:45:01',1),(56,479,61,69,479,'2002-05-14 17:45:01','2002-05-14 17:45:01',1),(57,479,61,70,479,'2002-05-14 17:45:01','2002-05-14 17:45:01',1),(58,479,61,71,479,'2002-05-14 17:45:01','2002-05-14 17:45:01',1),(59,479,61,72,479,'2002-05-14 17:45:01','2002-05-14 17:45:01',1),(60,479,61,73,479,'2002-05-14 17:45:01','2002-05-14 17:45:01',1),(61,479,61,74,479,'2002-05-14 17:45:01','2002-05-14 17:45:01',1),(62,479,61,75,479,'2002-05-14 17:45:01','2002-05-14 17:45:01',1),(63,479,32,76,479,'2002-05-14 17:45:01','2002-05-14 17:45:01',1),(64,479,32,77,479,'2002-05-14 17:45:01','2002-05-14 17:45:01',1),(65,479,32,78,479,'2002-05-14 17:45:01','2002-05-14 17:45:01',1),(66,479,32,79,479,'2002-05-14 17:45:01','2002-05-14 17:45:01',1),(67,479,32,80,479,'2002-05-14 17:45:01','2002-05-14 17:45:01',1),(68,479,32,81,479,'2002-05-14 17:45:01','2002-05-14 17:45:01',1),(69,479,32,82,479,'2002-05-14 17:45:01','2002-05-14 17:45:01',1),(70,479,32,83,479,'2002-05-14 17:45:01','2002-05-14 17:45:01',1),(71,479,32,84,479,'2002-05-14 17:45:01','2002-05-14 17:45:01',1),(72,479,32,85,479,'2002-05-14 17:45:01','2002-05-14 17:45:01',1),(73,479,32,86,479,'2002-05-14 17:45:01','2002-05-14 17:45:01',1),(74,479,32,87,479,'2002-05-14 17:45:01','2002-05-14 17:45:01',1),(75,479,32,88,479,'2002-05-14 17:45:01','2002-05-14 17:45:01',1),(76,479,32,89,479,'2002-05-14 17:45:01','2002-05-14 17:45:01',1),(77,479,32,90,479,'2002-05-14 17:45:01','2002-05-14 17:45:01',1),(78,479,32,91,479,'2002-05-14 17:45:01','2002-05-14 17:45:01',1),(79,479,32,92,479,'2002-05-14 17:45:01','2002-05-14 17:45:01',1),(80,479,32,93,479,'2002-05-14 17:45:01','2002-05-14 17:45:01',1),(81,479,32,94,479,'2002-05-14 17:45:01','2002-05-14 17:45:01',1),(82,479,32,95,479,'2002-05-14 17:45:01','2002-05-14 17:45:01',1),(83,479,32,96,479,'2002-05-14 17:45:01','2002-05-14 17:45:01',1),(84,479,32,97,479,'2002-05-14 17:45:01','2002-05-14 17:45:01',1),(85,479,32,98,479,'2002-05-14 17:45:01','2002-05-14 17:45:01',1),(86,479,32,99,479,'2002-05-14 17:45:01','2002-05-14 17:45:01',1),(87,479,32,100,479,'2002-05-14 17:45:01','2002-05-14 17:45:01',1),(88,479,32,101,479,'2002-05-14 17:45:01','2002-05-14 17:45:01',1),(89,479,32,102,479,'2002-05-14 17:45:01','2002-05-14 17:45:01',1),(90,479,32,103,479,'2002-05-14 17:45:01','2002-05-14 17:45:01',1),(91,479,33,104,479,'2002-05-14 17:45:01','2002-05-14 17:45:01',1),(92,479,37,104,479,'2002-05-14 17:45:01','2002-05-14 17:45:01',1),(93,479,42,104,479,'2002-05-14 17:45:01','2002-05-14 17:45:01',1),(94,479,57,104,479,'2002-05-14 17:45:01','2002-05-14 17:45:01',1),(95,479,33,105,479,'2002-05-14 17:45:01','2002-05-14 17:45:01',1),(96,479,33,106,479,'2002-05-14 17:45:01','2002-05-14 17:45:01',1),(97,479,33,107,479,'2002-05-14 17:45:01','2002-05-14 17:45:01',1),(98,479,33,108,479,'2002-05-14 17:45:01','2002-05-14 17:45:01',1),(99,479,33,109,479,'2002-05-14 17:45:01','2002-05-14 17:45:01',1),(100,479,33,110,479,'2002-05-14 17:45:01','2002-05-14 17:45:01',1),(101,479,33,111,479,'2002-05-14 17:45:01','2002-05-14 17:45:01',1),(102,479,33,112,479,'2002-05-14 17:45:01','2002-05-14 17:45:01',1),(103,479,33,113,479,'2002-05-14 17:45:01','2002-05-14 17:45:01',1),(104,479,33,114,479,'2002-05-14 17:45:01','2002-05-14 17:45:01',1),(105,479,33,115,479,'2002-05-14 17:45:01','2002-05-14 17:45:01',1),(106,479,33,116,479,'2002-05-14 17:45:01','2002-05-14 17:45:01',1),(107,479,33,117,479,'2002-05-14 17:45:01','2002-05-14 17:45:01',1),(108,479,33,118,479,'2002-05-14 17:45:01','2002-05-14 17:45:01',1),(109,479,33,119,479,'2002-05-14 17:45:01','2002-05-14 17:45:01',1),(110,479,33,120,479,'2002-05-14 17:45:01','2002-05-14 17:45:01',1),(111,479,33,121,479,'2002-05-14 17:45:01','2002-05-14 17:45:01',1),(112,479,33,122,479,'2002-05-14 17:45:01','2002-05-14 17:45:01',1),(113,479,33,123,479,'2002-05-14 17:45:01','2002-05-14 17:45:01',1),(114,479,33,124,479,'2002-05-14 17:45:01','2002-05-14 17:45:01',1),(115,479,33,125,479,'2002-05-14 17:45:01','2002-05-14 17:45:01',1),(116,479,33,126,479,'2002-05-14 17:45:01','2002-05-14 17:45:01',1),(117,479,33,127,479,'2002-05-14 17:45:01','2002-05-14 17:45:01',1),(118,479,33,128,479,'2002-05-14 17:45:01','2002-05-14 17:45:01',1),(119,479,33,129,479,'2002-05-14 17:45:01','2002-05-14 17:45:01',1),(120,479,33,130,479,'2002-05-14 17:45:01','2002-05-14 17:45:01',1),(121,479,33,131,479,'2002-05-14 17:45:01','2002-05-14 17:45:01',1),(122,479,33,132,479,'2002-05-14 17:45:01','2002-05-14 17:45:01',1),(123,479,33,133,479,'2002-05-14 17:45:01','2002-05-14 17:45:01',1),(124,479,33,134,479,'2002-05-14 17:45:01','2002-05-14 17:45:01',1),(125,479,33,135,479,'2002-05-14 17:45:01','2002-05-14 17:45:01',1),(126,479,33,136,479,'2002-05-14 17:45:01','2002-05-14 17:45:01',1),(127,479,33,137,479,'2002-05-14 17:45:01','2002-05-14 17:45:01',1),(128,479,33,138,479,'2002-05-14 17:45:01','2002-05-14 17:45:01',1),(129,479,33,139,479,'2002-05-14 17:45:01','2002-05-14 17:45:01',1),(130,479,33,140,479,'2002-05-14 17:45:01','2002-05-14 17:45:01',1),(131,479,33,141,479,'2002-05-14 17:45:01','2002-05-14 17:45:01',1),(132,479,33,142,479,'2002-05-14 17:45:01','2002-05-14 17:45:01',1),(133,479,33,143,479,'2002-05-14 17:45:01','2002-05-14 17:45:01',1),(134,479,33,144,479,'2002-05-14 17:45:01','2002-05-14 17:45:01',1),(135,479,33,145,479,'2002-05-14 17:45:01','2002-05-14 17:45:01',1),(136,479,33,146,479,'2002-05-14 17:45:01','2002-05-14 17:45:01',1),(137,479,33,147,479,'2002-05-14 17:45:01','2002-05-14 17:45:01',1),(138,479,33,148,479,'2002-05-14 17:45:01','2002-05-14 17:45:01',1),(139,479,33,149,479,'2002-05-14 17:45:01','2002-05-14 17:45:01',1),(140,479,33,150,479,'2002-05-14 17:45:01','2002-05-14 17:45:01',1),(141,479,33,151,479,'2002-05-14 17:45:01','2002-05-14 17:45:01',1),(142,479,33,152,479,'2002-05-14 17:45:01','2002-05-14 17:45:01',1),(143,479,33,153,479,'2002-05-14 17:45:01','2002-05-14 17:45:01',1),(144,479,33,154,479,'2002-05-14 17:45:01','2002-05-14 17:45:01',1),(145,479,33,155,479,'2002-05-14 17:45:01','2002-05-14 17:45:01',1),(146,479,33,156,479,'2002-05-14 17:45:01','2002-05-14 17:45:01',1),(147,479,33,157,479,'2002-05-14 17:45:01','2002-05-14 17:45:01',1),(148,479,34,158,479,'2002-05-14 17:45:01','2002-05-14 17:45:01',1),(149,479,34,159,479,'2002-05-14 17:45:01','2002-05-14 17:45:01',1),(150,479,34,160,479,'2002-05-14 17:45:01','2002-05-14 17:45:01',1),(151,479,34,161,479,'2002-05-14 17:45:01','2002-05-14 17:45:01',1),(152,479,34,162,479,'2002-05-14 17:45:01','2002-05-14 17:45:01',1),(153,479,34,163,479,'2002-05-14 17:45:01','2002-05-14 17:45:01',1),(154,479,34,164,479,'2002-05-14 17:45:01','2002-05-14 17:45:01',1),(155,479,34,165,479,'2002-05-14 17:45:01','2002-05-14 17:45:01',1),(156,479,34,166,479,'2002-05-14 17:45:01','2002-05-14 17:45:01',1),(157,479,34,167,479,'2002-05-14 17:45:01','2002-05-14 17:45:01',1),(158,479,34,168,479,'2002-05-14 17:45:01','2002-05-14 17:45:01',1),(159,479,34,169,479,'2002-05-14 17:45:01','2002-05-14 17:45:01',1),(160,479,34,170,479,'2002-05-14 17:45:01','2002-05-14 17:45:01',1),(161,479,34,171,479,'2002-05-14 17:45:01','2002-05-14 17:45:01',1),(162,479,34,172,479,'2002-05-14 17:45:01','2002-05-14 17:45:01',1),(163,479,34,173,479,'2002-05-14 17:45:01','2002-05-14 17:45:01',1),(164,479,34,174,479,'2002-05-14 17:45:01','2002-05-14 17:45:01',1),(165,479,34,175,479,'2002-05-14 17:45:01','2002-05-14 17:45:01',1),(166,479,34,176,479,'2002-05-14 17:45:01','2002-05-14 17:45:01',1),(167,479,34,177,479,'2002-05-14 17:45:01','2002-05-14 17:45:01',1),(168,479,34,178,479,'2002-05-14 17:45:01','2002-05-14 17:45:01',1),(169,479,34,179,479,'2002-05-14 17:45:01','2002-05-14 17:45:01',1),(170,479,34,180,479,'2002-05-14 17:45:01','2002-05-14 17:45:01',1),(171,479,34,181,479,'2002-05-14 17:45:01','2002-05-14 17:45:01',1),(172,479,34,182,479,'2002-05-14 17:45:01','2002-05-14 17:45:01',1),(173,479,34,183,479,'2002-05-14 17:45:01','2002-05-14 17:45:01',1),(174,479,34,184,479,'2002-05-14 17:45:01','2002-05-14 17:45:01',1),(175,479,34,185,479,'2002-05-14 17:45:01','2002-05-14 17:45:01',1),(176,479,34,186,479,'2002-05-14 17:45:01','2002-05-14 17:45:01',1),(177,479,34,187,479,'2002-05-14 17:45:01','2002-05-14 17:45:01',1),(178,479,34,188,479,'2002-05-14 17:45:01','2002-05-14 17:45:01',1),(179,479,34,189,479,'2002-05-14 17:45:01','2002-05-14 17:45:01',1),(180,479,34,190,479,'2002-05-14 17:45:01','2002-05-14 17:45:01',1),(181,479,34,191,479,'2002-05-14 17:45:01','2002-05-14 17:45:01',1),(182,479,34,192,479,'2002-05-14 17:45:01','2002-05-14 17:45:01',1),(183,479,34,193,479,'2002-05-14 17:45:01','2002-05-14 17:45:01',1),(184,479,34,194,479,'2002-05-14 17:45:01','2002-05-14 17:45:01',1),(185,479,34,195,479,'2002-05-14 17:45:01','2002-05-14 17:45:01',1),(186,479,34,196,479,'2002-05-14 17:45:01','2002-05-14 17:45:01',1),(187,479,34,197,479,'2002-05-14 17:45:01','2002-05-14 17:45:01',1),(188,479,34,198,479,'2002-05-14 17:45:01','2002-05-14 17:45:01',1),(189,479,34,199,479,'2002-05-14 17:45:01','2002-05-14 17:45:01',1),(190,479,34,200,479,'2002-05-14 17:45:01','2002-05-14 17:45:01',1),(191,479,34,201,479,'2002-05-14 17:45:01','2002-05-14 17:45:01',1),(192,479,34,202,479,'2002-05-14 17:45:01','2002-05-14 17:45:01',1),(193,479,34,203,479,'2002-05-14 17:45:01','2002-05-14 17:45:01',1),(194,479,34,204,479,'2002-05-14 17:45:01','2002-05-14 17:45:01',1),(195,479,34,205,479,'2002-05-14 17:45:01','2002-05-14 17:45:01',1),(196,479,34,206,479,'2002-05-14 17:45:01','2002-05-14 17:45:01',1),(197,479,34,207,479,'2002-05-14 17:45:01','2002-05-14 17:45:01',1),(198,479,34,208,479,'2002-05-14 17:45:01','2002-05-14 17:45:01',1),(199,479,34,209,479,'2002-05-14 17:45:01','2002-05-14 17:45:01',1),(200,479,34,210,479,'2002-05-14 17:45:01','2002-05-14 17:45:01',1),(201,479,34,211,479,'2002-05-14 17:45:01','2002-05-14 17:45:01',1),(202,479,34,212,479,'2002-05-14 17:45:01','2002-05-14 17:45:01',1),(203,479,34,213,479,'2002-05-14 17:45:01','2002-05-14 17:45:01',1),(204,479,34,214,479,'2002-05-14 17:45:01','2002-05-14 17:45:01',1),(205,479,34,215,479,'2002-05-14 17:45:01','2002-05-14 17:45:01',1),(206,479,34,216,479,'2002-05-14 17:45:01','2002-05-14 17:45:01',1),(207,479,35,217,479,'2002-05-14 17:45:01','2002-05-14 17:45:01',1),(208,479,35,218,479,'2002-05-14 17:45:01','2002-05-14 17:45:01',1),(209,479,35,219,479,'2002-05-14 17:45:01','2002-05-14 17:45:01',1),(210,479,35,220,479,'2002-05-14 17:45:01','2002-05-14 17:45:01',1),(211,479,35,221,479,'2002-05-14 17:45:01','2002-05-14 17:45:01',1),(212,479,35,222,479,'2002-05-14 17:45:01','2002-05-14 17:45:01',1),(213,479,35,223,479,'2002-05-14 17:45:01','2002-05-14 17:45:01',1),(214,479,35,224,479,'2002-05-14 17:45:01','2002-05-14 17:45:01',1),(215,479,35,225,479,'2002-05-14 17:45:01','2002-05-14 17:45:01',1),(216,479,35,226,479,'2002-05-14 17:45:01','2002-05-14 17:45:01',1),(217,479,35,227,479,'2002-05-14 17:45:01','2002-05-14 17:45:01',1),(218,479,35,228,479,'2002-05-14 17:45:01','2002-05-14 17:45:01',1),(219,479,35,229,479,'2002-05-14 17:45:01','2002-05-14 17:45:01',1),(220,479,35,230,479,'2002-05-14 17:45:01','2002-05-14 17:45:01',1),(221,479,36,231,479,'2002-05-14 17:45:01','2002-05-14 17:45:01',1),(222,479,41,231,479,'2002-05-14 17:45:01','2002-05-14 17:45:01',1),(223,479,56,231,479,'2002-05-14 17:45:01','2002-05-14 17:45:01',1),(224,479,36,232,479,'2002-05-14 17:45:01','2002-05-14 17:45:01',1),(225,479,41,232,479,'2002-05-14 17:45:01','2002-05-14 17:45:01',1),(226,479,56,232,479,'2002-05-14 17:45:01','2002-05-14 17:45:01',1),(227,479,36,233,479,'2002-05-14 17:45:01','2002-05-14 17:45:01',1),(228,479,37,234,479,'2002-05-14 17:45:01','2002-05-14 17:45:01',1),(229,479,37,235,479,'2002-05-14 17:45:01','2002-05-14 17:45:01',1),(230,479,37,236,479,'2002-05-14 17:45:01','2002-05-14 17:45:01',1),(231,479,38,237,479,'2002-05-14 17:45:01','2002-05-14 17:45:01',1),(232,479,43,237,479,'2002-05-14 17:45:01','2002-05-14 17:45:01',1),(233,479,58,237,479,'2002-05-14 17:45:01','2002-05-14 17:45:01',1),(234,479,38,238,479,'2002-05-14 17:45:01','2002-05-14 17:45:01',1),(235,479,38,239,479,'2002-05-14 17:45:01','2002-05-14 17:45:01',1),(236,479,38,240,479,'2002-05-14 17:45:01','2002-05-14 17:45:01',1),(237,479,38,241,479,'2002-05-14 17:45:01','2002-05-14 17:45:01',1),(238,479,38,242,479,'2002-05-14 17:45:01','2002-05-14 17:45:01',1),(239,479,38,243,479,'2002-05-14 17:45:01','2002-05-14 17:45:01',1),(240,479,38,244,479,'2002-05-14 17:45:01','2002-05-14 17:45:01',1),(241,479,38,245,479,'2002-05-14 17:45:01','2002-05-14 17:45:01',1),(242,479,38,246,479,'2002-05-14 17:45:01','2002-05-14 17:45:01',1),(243,479,39,247,479,'2002-05-14 17:45:01','2002-05-14 17:45:01',1),(244,479,44,247,479,'2002-05-14 17:45:01','2002-05-14 17:45:01',1),(245,479,59,247,479,'2002-05-14 17:45:01','2002-05-14 17:45:01',1),(246,479,39,248,479,'2002-05-14 17:45:01','2002-05-14 17:45:01',1),(247,479,44,248,479,'2002-05-14 17:45:01','2002-05-14 17:45:01',1),(248,479,59,248,479,'2002-05-14 17:45:01','2002-05-14 17:45:01',1),(249,479,39,249,479,'2002-05-14 17:45:01','2002-05-14 17:45:01',1),(250,479,39,250,479,'2002-05-14 17:45:01','2002-05-14 17:45:01',1),(251,479,39,251,479,'2002-05-14 17:45:01','2002-05-14 17:45:01',1),(252,479,39,252,479,'2002-05-14 17:45:01','2002-05-14 17:45:01',1),(253,479,41,253,479,'2002-05-14 17:45:01','2002-05-14 17:45:01',1),(254,479,42,254,479,'2002-05-14 17:45:01','2002-05-14 17:45:01',1),(255,479,42,255,479,'2002-05-14 17:45:01','2002-05-14 17:45:01',1),(256,479,42,256,479,'2002-05-14 17:45:01','2002-05-14 17:45:01',1),(257,479,43,257,479,'2002-05-14 17:45:01','2002-05-14 17:45:01',1),(258,479,43,258,479,'2002-05-14 17:45:01','2002-05-14 17:45:01',1),(259,479,43,259,479,'2002-05-14 17:45:01','2002-05-14 17:45:01',1),(260,479,43,260,479,'2002-05-14 17:45:01','2002-05-14 17:45:01',1),(261,479,43,261,479,'2002-05-14 17:45:01','2002-05-14 17:45:01',1),(262,479,43,262,479,'2002-05-14 17:45:01','2002-05-14 17:45:01',1),(263,479,43,263,479,'2002-05-14 17:45:01','2002-05-14 17:45:01',1),(264,479,44,264,479,'2002-05-14 17:45:01','2002-05-14 17:45:01',1),(265,479,44,265,479,'2002-05-14 17:45:01','2002-05-14 17:45:01',1),(266,479,44,266,479,'2002-05-14 17:45:01','2002-05-14 17:45:01',1),(267,479,44,267,479,'2002-05-14 17:45:01','2002-05-14 17:45:01',1),(268,479,44,268,479,'2002-05-14 17:45:01','2002-05-14 17:45:01',1),(269,479,57,269,479,'2002-05-14 17:45:01','2002-05-14 17:45:01',1),(270,479,57,270,479,'2002-05-14 17:45:01','2002-05-14 17:45:01',1),(271,479,57,271,479,'2002-05-14 17:45:01','2002-05-14 17:45:01',1),(272,479,57,272,479,'2002-05-14 17:45:01','2002-05-14 17:45:01',1),(273,479,58,273,479,'2002-05-14 17:45:01','2002-05-14 17:45:01',1),(274,479,58,274,479,'2002-05-14 17:45:01','2002-05-14 17:45:01',1),(275,479,58,275,479,'2002-05-14 17:45:01','2002-05-14 17:45:01',1),(276,479,59,276,479,'2002-05-14 17:45:01','2002-05-14 17:45:01',1),(277,479,59,277,479,'2002-05-14 17:45:01','2002-05-14 17:45:01',1),(278,479,59,278,479,'2002-05-14 17:45:01','2002-05-14 17:45:01',1),(279,479,59,279,479,'2002-05-14 17:45:01','2002-05-14 17:45:01',1),(280,479,59,280,479,'2002-05-14 17:45:01','2002-05-14 17:45:01',1),(281,479,59,281,479,'2002-05-14 17:45:01','2002-05-14 17:45:01',1),(282,479,59,282,479,'2002-05-14 17:45:01','2002-05-14 17:45:01',1),(283,479,55,284,479,'2002-05-14 17:45:01','2002-05-14 17:45:01',1),(284,479,55,286,479,'2002-05-14 17:45:01','2002-05-14 17:45:01',1),(285,479,60,287,479,'2002-05-14 17:45:01','2002-05-14 17:45:01',1),(286,479,40,287,479,'2002-05-14 17:45:01','2002-05-14 17:45:01',1),(287,479,40,288,479,'2002-05-14 17:45:01','2002-05-14 17:45:01',1),(288,479,45,289,479,'2002-05-14 17:45:01','2002-05-14 17:45:01',1),(289,479,53,290,479,'2002-05-14 17:45:01','2002-05-14 17:45:01',1),(290,479,54,291,479,'2002-05-14 17:45:01','2002-05-14 17:45:01',1),(291,479,55,292,479,'2002-05-14 17:45:01','2002-05-14 17:45:01',1),(292,479,60,293,479,'2002-05-14 17:45:01','2002-05-14 17:45:01',1),(293,479,5,350,479,'2002-05-14 17:45:01','2002-05-14 17:45:01',1),(294,479,63,351,479,'2002-05-14 17:45:01','2002-05-14 17:45:01',1),(295,479,63,352,479,'2002-05-14 17:45:01','2002-05-14 17:45:01',1),(296,479,63,353,479,'2002-05-14 17:45:01','2002-05-14 17:45:01',1),(297,479,63,354,479,'2002-05-14 17:45:01','2002-05-14 17:45:01',1),(298,479,63,355,479,'2002-05-14 17:45:01','2002-05-14 17:45:01',1),(299,479,64,356,479,'2002-05-14 17:45:01','2002-05-14 17:45:01',1),(300,479,64,357,479,'2002-05-14 17:45:01','2002-05-14 17:45:01',1),(301,479,64,358,479,'2002-05-14 17:45:01','2002-05-14 17:45:01',1),(302,479,64,359,479,'2002-05-14 17:45:01','2002-05-14 17:45:01',1),(303,479,64,360,479,'2002-05-14 17:45:01','2002-05-14 17:45:01',1),(304,1,69,375,1,'2007-10-23 15:41:35','2007-10-23 15:41:35',1),(305,1,69,376,1,'2007-10-23 15:41:35','2007-10-23 15:41:35',1),(306,1,69,377,1,'2007-10-23 15:41:35','2007-10-23 15:41:35',1),(307,1,69,378,1,'2007-10-23 15:41:35','2007-10-23 15:41:35',1),(308,1,69,379,1,'2007-10-23 15:41:35','2007-10-23 15:41:35',1),(309,1,69,380,1,'2007-10-23 15:41:35','2007-10-23 15:41:35',1),(310,1,69,381,1,'2007-10-23 15:41:35','2007-10-23 15:41:35',1),(311,1,69,382,1,'2007-10-23 15:41:35','2007-10-23 15:41:35',1),(312,1,70,383,1,'2007-10-23 15:41:35','2007-10-23 15:41:35',1),(313,1,70,384,1,'2007-10-23 15:41:35','2007-10-23 15:41:35',1),(314,1,70,385,1,'2007-10-23 15:41:35','2007-10-23 15:41:35',1),(315,1,70,386,1,'2007-10-23 15:41:35','2007-10-23 15:41:35',1),(316,1,70,387,1,'2007-10-23 15:41:35','2007-10-23 15:41:35',1),(317,1,70,388,1,'2007-10-23 15:41:35','2007-10-23 15:41:35',1),(318,1,71,389,1,'2012-09-14 15:27:27','2012-09-14 15:27:27',1),(319,1,71,390,1,'2012-09-14 15:27:27','2012-09-14 15:27:27',1),(320,1,72,391,1,'2012-09-14 15:27:27','2012-09-14 15:27:27',1),(321,1,72,392,1,'2012-09-14 15:27:27','2012-09-14 15:27:27',1),(322,1,72,393,1,'2012-09-14 15:27:27','2012-09-14 15:27:27',1),(323,1,72,394,1,'2012-09-14 15:27:27','2012-09-14 15:27:27',1),(324,1,73,395,1,'2012-09-14 15:27:27','2012-09-14 15:27:27',1),(325,1,73,396,1,'2012-09-14 15:27:27','2012-09-14 15:27:27',1),(326,1,74,397,1,'2012-09-14 15:27:27','2012-09-14 15:27:27',1),(327,1,74,398,1,'2012-09-14 15:27:27','2012-09-14 15:27:27',1),(328,1,74,399,1,'2012-09-14 15:27:27','2012-09-14 15:27:27',1),(329,1,74,400,1,'2012-09-14 15:27:27','2012-09-14 15:27:27',1),(330,1,74,401,1,'2012-09-14 15:27:27','2012-09-14 15:27:27',1),(331,1,74,402,1,'2012-09-14 15:27:27','2012-09-14 15:27:27',1),(332,1,74,403,1,'2012-09-14 15:27:27','2012-09-14 15:27:27',1),(333,1,74,404,1,'2012-09-14 15:27:27','2012-09-14 15:27:27',1),(334,1,75,405,1,'2012-09-14 15:27:27','2012-09-14 15:27:27',1),(335,1,75,406,1,'2012-09-14 15:27:27','2012-09-14 15:27:27',1),(336,1,75,407,1,'2012-09-14 15:27:27','2012-09-14 15:27:27',1),(337,1,75,408,1,'2012-09-14 15:27:27','2012-09-14 15:27:27',1),(338,1,76,409,1,'2012-09-14 15:27:27','2012-09-14 15:27:27',1),(339,1,76,410,1,'2012-09-14 15:27:27','2012-09-14 15:27:27',1),(340,1,76,411,1,'2012-09-14 15:27:27','2012-09-14 15:27:27',1),(341,1,76,412,1,'2012-09-14 15:27:27','2012-09-14 15:27:27',1),(342,1,77,413,1,'2012-09-14 15:27:27','2012-09-14 15:27:27',1),(343,1,77,414,1,'2012-09-14 15:27:27','2012-09-14 15:27:27',1),(344,1,78,415,1,'2012-09-14 15:27:27','2012-09-14 15:27:27',1),(345,1,78,416,1,'2012-09-14 15:27:27','2012-09-14 15:27:27',1),(346,1,78,417,1,'2012-09-14 15:27:27','2012-09-14 15:27:27',1),(347,1,79,418,1,'2012-09-14 15:27:27','2012-09-14 15:27:27',1),(348,1,79,419,1,'2012-09-14 15:27:27','2012-09-14 15:27:27',1),(349,1,80,420,1,'2012-09-14 15:27:27','2012-09-14 15:27:27',1),(350,1,80,421,1,'2012-09-14 15:27:27','2012-09-14 15:27:27',1),(351,1,80,422,1,'2012-09-14 15:27:27','2012-09-14 15:27:27',1),(352,1,81,423,1,'2012-09-14 15:27:27','2012-09-14 15:27:27',1),(353,1,81,424,1,'2012-09-14 15:27:27','2012-09-14 15:27:27',1),(354,1,82,425,1,'2012-09-14 15:27:27','2012-09-14 15:27:27',1),(355,1,82,426,1,'2012-09-14 15:27:27','2012-09-14 15:27:27',1),(356,1,82,427,1,'2012-09-14 15:27:27','2012-09-14 15:27:27',1),(357,1,82,428,1,'2012-09-14 15:27:27','2012-09-14 15:27:27',1),(358,1,82,429,1,'2012-09-14 15:27:27','2012-09-14 15:27:27',1),(359,1,82,430,1,'2012-09-14 15:27:27','2012-09-14 15:27:27',1),(360,1,82,431,1,'2012-09-14 15:27:27','2012-09-14 15:27:27',1),(361,1,82,432,1,'2012-09-14 15:27:27','2012-09-14 15:27:27',1),(362,1,82,433,1,'2012-09-14 15:27:27','2012-09-14 15:27:27',1),(363,1,82,434,1,'2012-09-14 15:27:27','2012-09-14 15:27:27',1),(364,1,82,435,1,'2012-09-14 15:27:27','2012-09-14 15:27:27',1),(365,1,82,436,1,'2012-09-14 15:27:27','2012-09-14 15:27:27',1),(366,1,82,437,1,'2012-09-14 15:27:27','2012-09-14 15:27:27',1),(367,1,82,438,1,'2012-09-14 15:27:27','2012-09-14 15:27:27',1),(368,1,82,439,1,'2012-09-14 15:27:27','2012-09-14 15:27:27',1),(369,1,82,440,1,'2012-09-14 15:27:27','2012-09-14 15:27:27',1),(370,1,82,441,1,'2012-09-14 15:27:27','2012-09-14 15:27:27',1),(371,1,82,442,1,'2012-09-14 15:27:27','2012-09-14 15:27:27',1),(372,1,82,443,1,'2012-09-14 15:27:27','2012-09-14 15:27:27',1),(373,1,82,444,1,'2012-09-14 15:27:27','2012-09-14 15:27:27',1),(374,1,82,445,1,'2012-09-14 15:27:27','2012-09-14 15:27:27',1),(375,1,82,446,1,'2012-09-14 15:27:27','2012-09-14 15:27:27',1),(376,1,82,447,1,'2012-09-14 15:27:27','2012-09-14 15:27:27',1),(377,1,82,448,1,'2012-09-14 15:27:27','2012-09-14 15:27:27',1),(378,1,82,449,1,'2012-09-14 15:27:27','2012-09-14 15:27:27',1),(379,1,82,450,1,'2012-09-14 15:27:27','2012-09-14 15:27:27',1),(380,1,82,451,1,'2012-09-14 15:27:27','2012-09-14 15:27:27',1),(381,1,82,452,1,'2012-09-14 15:27:27','2012-09-14 15:27:27',1),(382,1,83,453,1,'2012-09-14 15:27:27','2012-09-14 15:27:27',1),(383,1,83,454,1,'2012-09-14 15:27:27','2012-09-14 15:27:27',1),(384,1,83,455,1,'2012-09-14 15:27:27','2012-09-14 15:27:27',1),(385,1,83,456,1,'2012-09-14 15:27:27','2012-09-14 15:27:27',1),(386,1,83,457,1,'2012-09-14 15:27:27','2012-09-14 15:27:27',1),(387,1,83,458,1,'2012-09-14 15:27:27','2012-09-14 15:27:27',1),(388,1,83,459,1,'2012-09-14 15:27:27','2012-09-14 15:27:27',1),(389,1,83,460,1,'2012-09-14 15:27:27','2012-09-14 15:27:27',1),(390,1,83,461,1,'2012-09-14 15:27:27','2012-09-14 15:27:27',1),(391,1,83,462,1,'2012-09-14 15:27:27','2012-09-14 15:27:27',1),(392,1,83,463,1,'2012-09-14 15:27:27','2012-09-14 15:27:27',1),(393,1,83,464,1,'2012-09-14 15:27:27','2012-09-14 15:27:27',1),(394,1,83,465,1,'2012-09-14 15:27:27','2012-09-14 15:27:27',1),(395,1,83,466,1,'2012-09-14 15:27:27','2012-09-14 15:27:27',1),(396,1,83,467,1,'2012-09-14 15:27:27','2012-09-14 15:27:27',1),(397,1,83,468,1,'2012-09-14 15:27:27','2012-09-14 15:27:27',1),(398,1,83,469,1,'2012-09-14 15:27:27','2012-09-14 15:27:27',1),(399,1,83,470,1,'2012-09-14 15:27:27','2012-09-14 15:27:27',1),(400,1,83,471,1,'2012-09-14 15:27:27','2012-09-14 15:27:27',1),(401,1,83,472,1,'2012-09-14 15:27:27','2012-09-14 15:27:27',1),(402,1,83,473,1,'2012-09-14 15:27:27','2012-09-14 15:27:27',1),(403,1,83,474,1,'2012-09-14 15:27:27','2012-09-14 15:27:27',1),(404,1,83,475,1,'2012-09-14 15:27:27','2012-09-14 15:27:27',1),(405,1,83,476,1,'2012-09-14 15:27:27','2012-09-14 15:27:27',1),(406,1,83,477,1,'2012-09-14 15:27:27','2012-09-14 15:27:27',1),(407,1,83,478,1,'2012-09-14 15:27:27','2012-09-14 15:27:27',1),(408,1,83,479,1,'2012-09-14 15:27:27','2012-09-14 15:27:27',1),(409,1,83,480,1,'2012-09-14 15:27:27','2012-09-14 15:27:27',1),(410,1,83,481,1,'2012-09-14 15:27:27','2012-09-14 15:27:27',1),(411,1,83,482,1,'2012-09-14 15:27:27','2012-09-14 15:27:27',1),(412,1,83,483,1,'2012-09-14 15:27:27','2012-09-14 15:27:27',1),(413,1,83,484,1,'2012-09-14 15:27:27','2012-09-14 15:27:27',1),(414,1,83,485,1,'2012-09-14 15:27:27','2012-09-14 15:27:27',1),(415,1,83,486,1,'2012-09-14 15:27:27','2012-09-14 15:27:27',1),(416,1,83,487,1,'2012-09-14 15:27:27','2012-09-14 15:27:27',1),(417,1,83,488,1,'2012-09-14 15:27:27','2012-09-14 15:27:27',1),(418,1,83,489,1,'2012-09-14 15:27:27','2012-09-14 15:27:27',1),(419,1,83,490,1,'2012-09-14 15:27:27','2012-09-14 15:27:27',1),(420,1,83,491,1,'2012-09-14 15:27:27','2012-09-14 15:27:27',1),(421,1,83,492,1,'2012-09-14 15:27:27','2012-09-14 15:27:27',1),(422,1,83,493,1,'2012-09-14 15:27:27','2012-09-14 15:27:27',1),(423,1,83,494,1,'2012-09-14 15:27:27','2012-09-14 15:27:27',1),(424,1,83,495,1,'2012-09-14 15:27:27','2012-09-14 15:27:27',1),(425,1,83,496,1,'2012-09-14 15:27:27','2012-09-14 15:27:27',1),(426,1,83,497,1,'2012-09-14 15:27:27','2012-09-14 15:27:27',1),(427,1,83,498,1,'2012-09-14 15:27:27','2012-09-14 15:27:27',1),(428,1,83,499,1,'2012-09-14 15:27:27','2012-09-14 15:27:27',1),(429,1,83,500,1,'2012-09-14 15:27:27','2012-09-14 15:27:27',1),(430,1,83,501,1,'2012-09-14 15:27:27','2012-09-14 15:27:27',1),(431,1,83,502,1,'2012-09-14 15:27:27','2012-09-14 15:27:27',1),(432,1,83,503,1,'2012-09-14 15:27:27','2012-09-14 15:27:27',1),(433,1,84,504,1,'2012-09-14 15:27:27','2012-09-14 15:27:27',1),(434,1,84,505,1,'2012-09-14 15:27:27','2012-09-14 15:27:27',1),(435,1,84,506,1,'2012-09-14 15:27:27','2012-09-14 15:27:27',1),(436,1,84,507,1,'2012-09-14 15:27:27','2012-09-14 15:27:27',1),(437,1,84,508,1,'2012-09-14 15:27:27','2012-09-14 15:27:27',1),(438,1,84,509,1,'2012-09-14 15:27:27','2012-09-14 15:27:27',1),(439,1,84,510,1,'2012-09-14 15:27:27','2012-09-14 15:27:27',1),(440,1,84,511,1,'2012-09-14 15:27:27','2012-09-14 15:27:27',1),(441,1,84,512,1,'2012-09-14 15:27:27','2012-09-14 15:27:27',1),(442,1,84,513,1,'2012-09-14 15:27:27','2012-09-14 15:27:27',1),(443,1,84,514,1,'2012-09-14 15:27:27','2012-09-14 15:27:27',1),(444,1,84,515,1,'2012-09-14 15:27:27','2012-09-14 15:27:27',1),(445,1,84,516,1,'2012-09-14 15:27:27','2012-09-14 15:27:27',1),(446,1,84,517,1,'2012-09-14 15:27:27','2012-09-14 15:27:27',1),(447,1,84,518,1,'2012-09-14 15:27:27','2012-09-14 15:27:27',1),(448,1,84,519,1,'2012-09-14 15:27:27','2012-09-14 15:27:27',1),(449,1,84,520,1,'2012-09-14 15:27:27','2012-09-14 15:27:27',1),(450,1,84,521,1,'2012-09-14 15:27:27','2012-09-14 15:27:27',1),(451,1,84,522,1,'2012-09-14 15:27:27','2012-09-14 15:27:27',1),(452,1,84,523,1,'2012-09-14 15:27:27','2012-09-14 15:27:27',1),(453,1,84,524,1,'2012-09-14 15:27:27','2012-09-14 15:27:27',1),(454,1,84,525,1,'2012-09-14 15:27:27','2012-09-14 15:27:27',1),(455,1,84,526,1,'2012-09-14 15:27:27','2012-09-14 15:27:27',1),(456,1,84,527,1,'2012-09-14 15:27:27','2012-09-14 15:27:27',1),(457,1,84,528,1,'2012-09-14 15:27:27','2012-09-14 15:27:27',1),(458,1,84,529,1,'2012-09-14 15:27:27','2012-09-14 15:27:27',1),(459,1,84,530,1,'2012-09-14 15:27:27','2012-09-14 15:27:27',1),(460,1,84,531,1,'2012-09-14 15:27:27','2012-09-14 15:27:27',1),(461,1,84,532,1,'2012-09-14 15:27:27','2012-09-14 15:27:27',1),(462,1,84,533,1,'2012-09-14 15:27:27','2012-09-14 15:27:27',1),(463,1,84,534,1,'2012-09-14 15:27:27','2012-09-14 15:27:27',1),(464,1,84,535,1,'2012-09-14 15:27:27','2012-09-14 15:27:27',1),(465,1,84,536,1,'2012-09-14 15:27:27','2012-09-14 15:27:27',1),(466,1,84,537,1,'2012-09-14 15:27:27','2012-09-14 15:27:27',1),(467,1,84,538,1,'2012-09-14 15:27:27','2012-09-14 15:27:27',1),(468,1,84,539,1,'2012-09-14 15:27:27','2012-09-14 15:27:27',1),(469,1,84,540,1,'2012-09-14 15:27:27','2012-09-14 15:27:27',1),(470,1,84,541,1,'2012-09-14 15:27:27','2012-09-14 15:27:27',1),(471,1,84,542,1,'2012-09-14 15:27:27','2012-09-14 15:27:27',1),(472,1,84,543,1,'2012-09-14 15:27:27','2012-09-14 15:27:27',1),(473,1,84,544,1,'2012-09-14 15:27:27','2012-09-14 15:27:27',1),(474,1,84,545,1,'2012-09-14 15:27:27','2012-09-14 15:27:27',1),(475,1,84,546,1,'2012-09-14 15:27:27','2012-09-14 15:27:27',1),(476,1,84,547,1,'2012-09-14 15:27:27','2012-09-14 15:27:27',1),(477,1,84,548,1,'2012-09-14 15:27:27','2012-09-14 15:27:27',1),(478,1,84,549,1,'2012-09-14 15:27:27','2012-09-14 15:27:27',1),(479,1,84,550,1,'2012-09-14 15:27:27','2012-09-14 15:27:27',1),(480,1,84,551,1,'2012-09-14 15:27:27','2012-09-14 15:27:27',1),(481,1,84,552,1,'2012-09-14 15:27:27','2012-09-14 15:27:27',1),(482,1,84,553,1,'2012-09-14 15:27:27','2012-09-14 15:27:27',1),(483,1,84,554,1,'2012-09-14 15:27:27','2012-09-14 15:27:27',1),(484,1,84,555,1,'2012-09-14 15:27:27','2012-09-14 15:27:27',1),(485,1,84,556,1,'2012-09-14 15:27:27','2012-09-14 15:27:27',1),(486,1,84,557,1,'2012-09-14 15:27:27','2012-09-14 15:27:27',1),(487,1,84,558,1,'2012-09-14 15:27:27','2012-09-14 15:27:27',1),(488,1,84,559,1,'2012-09-14 15:27:27','2012-09-14 15:27:27',1),(489,1,84,560,1,'2012-09-14 15:27:27','2012-09-14 15:27:27',1),(490,1,84,561,1,'2012-09-14 15:27:27','2012-09-14 15:27:27',1),(491,1,84,562,1,'2012-09-14 15:27:27','2012-09-14 15:27:27',1),(492,1,85,563,1,'2012-09-14 15:27:27','2012-09-14 15:27:27',1),(493,1,85,564,1,'2012-09-14 15:27:27','2012-09-14 15:27:27',1),(494,1,85,565,1,'2012-09-14 15:27:27','2012-09-14 15:27:27',1),(495,1,85,566,1,'2012-09-14 15:27:27','2012-09-14 15:27:27',1),(496,1,85,567,1,'2012-09-14 15:27:27','2012-09-14 15:27:27',1),(497,1,85,568,1,'2012-09-14 15:27:27','2012-09-14 15:27:27',1),(498,1,85,569,1,'2012-09-14 15:27:27','2012-09-14 15:27:27',1),(499,1,85,570,1,'2012-09-14 15:27:27','2012-09-14 15:27:27',1),(500,1,85,571,1,'2012-09-14 15:27:27','2012-09-14 15:27:27',1),(501,1,85,572,1,'2012-09-14 15:27:27','2012-09-14 15:27:27',1),(502,1,85,573,1,'2012-09-14 15:27:27','2012-09-14 15:27:27',1),(503,1,85,574,1,'2012-09-14 15:27:27','2012-09-14 15:27:27',1),(504,1,85,575,1,'2012-09-14 15:27:27','2012-09-14 15:27:27',1),(505,1,85,576,1,'2012-09-14 15:27:27','2012-09-14 15:27:27',1),(506,1,86,577,1,'2012-09-14 15:27:27','2012-09-14 15:27:27',1),(507,1,86,578,1,'2012-09-14 15:27:27','2012-09-14 15:27:27',1),(508,1,86,579,1,'2012-09-14 15:27:27','2012-09-14 15:27:27',1),(509,1,87,580,1,'2012-09-14 15:27:27','2012-09-14 15:27:27',1),(510,1,87,581,1,'2012-09-14 15:27:27','2012-09-14 15:27:27',1),(511,1,87,582,1,'2012-09-14 15:27:27','2012-09-14 15:27:27',1),(512,1,87,583,1,'2012-09-14 15:27:27','2012-09-14 15:27:27',1),(513,1,88,584,1,'2012-09-14 15:27:27','2012-09-14 15:27:27',1),(514,1,88,585,1,'2012-09-14 15:27:27','2012-09-14 15:27:27',1),(515,1,88,586,1,'2012-09-14 15:27:27','2012-09-14 15:27:27',1),(516,1,88,587,1,'2012-09-14 15:27:27','2012-09-14 15:27:27',1),(517,1,88,588,1,'2012-09-14 15:27:27','2012-09-14 15:27:27',1),(518,1,88,589,1,'2012-09-14 15:27:27','2012-09-14 15:27:27',1),(519,1,88,590,1,'2012-09-14 15:27:27','2012-09-14 15:27:27',1),(520,1,88,591,1,'2012-09-14 15:27:27','2012-09-14 15:27:27',1),(521,1,89,592,1,'2012-09-14 15:27:27','2012-09-14 15:27:27',1),(522,1,89,593,1,'2012-09-14 15:27:27','2012-09-14 15:27:27',1),(523,1,89,594,1,'2012-09-14 15:27:27','2012-09-14 15:27:27',1),(524,1,89,595,1,'2012-09-14 15:27:27','2012-09-14 15:27:27',1),(525,1,89,596,1,'2012-09-14 15:27:27','2012-09-14 15:27:27',1),(526,1,89,597,1,'2012-09-14 15:27:27','2012-09-14 15:27:27',1),(527,1,90,598,1,'2012-09-14 15:27:27','2012-09-14 15:27:27',1),(528,1,90,599,1,'2012-09-14 15:27:27','2012-09-14 15:27:27',1),(529,1,91,600,1,'2012-09-14 15:27:27','2012-09-14 15:27:27',1),(530,1,91,601,1,'2012-09-14 15:27:27','2012-09-14 15:27:27',1),(531,1,91,602,1,'2012-09-14 15:27:27','2012-09-14 15:27:27',1),(532,1,92,603,1,'2012-09-14 15:27:27','2012-09-14 15:27:27',1),(533,1,92,604,1,'2012-09-14 15:27:27','2012-09-14 15:27:27',1),(534,1,92,605,1,'2012-09-14 15:27:27','2012-09-14 15:27:27',1),(535,1,92,606,1,'2012-09-14 15:27:27','2012-09-14 15:27:27',1),(536,1,93,607,1,'2012-09-14 15:27:27','2012-09-14 15:27:27',1),(537,1,93,608,1,'2012-09-14 15:27:27','2012-09-14 15:27:27',1),(538,1,93,609,1,'2012-09-14 15:27:27','2012-09-14 15:27:27',1),(539,1,93,610,1,'2012-09-14 15:27:27','2012-09-14 15:27:27',1),(540,1,93,611,1,'2012-09-14 15:27:27','2012-09-14 15:27:27',1),(541,1,93,612,1,'2012-09-14 15:27:27','2012-09-14 15:27:27',1),(542,1,93,613,1,'2012-09-14 15:27:27','2012-09-14 15:27:27',1),(543,1,93,614,1,'2012-09-14 15:27:27','2012-09-14 15:27:27',1),(544,1,94,615,1,'2012-09-14 15:27:27','2012-09-14 15:27:27',1),(545,1,94,616,1,'2012-09-14 15:27:27','2012-09-14 15:27:27',1),(546,1,94,617,1,'2012-09-14 15:27:27','2012-09-14 15:27:27',1),(547,1,94,618,1,'2012-09-14 15:27:27','2012-09-14 15:27:27',1),(548,1,94,619,1,'2012-09-14 15:27:27','2012-09-14 15:27:27',1),(549,1,94,620,1,'2012-09-14 15:27:27','2012-09-14 15:27:27',1),(550,1,94,621,1,'2012-09-14 15:27:27','2012-09-14 15:27:27',1),(551,1,95,622,1,'2012-09-14 15:27:27','2012-09-14 15:27:27',1),(552,1,95,623,1,'2012-09-14 15:27:27','2012-09-14 15:27:27',1),(553,1,95,624,1,'2012-09-14 15:27:27','2012-09-14 15:27:27',1),(554,1,96,625,1,'2012-09-14 15:27:27','2012-09-14 15:27:27',1),(555,1,96,626,1,'2012-09-14 15:27:27','2012-09-14 15:27:27',1),(556,1,97,627,1,'2012-09-14 15:27:27','2012-09-14 15:27:27',1),(557,1,97,628,1,'2012-09-14 15:27:27','2012-09-14 15:27:27',1),(558,1,97,629,1,'2012-09-14 15:27:27','2012-09-14 15:27:27',1),(559,1,97,630,1,'2012-09-14 15:27:27','2012-09-14 15:27:27',1),(560,1,97,631,1,'2012-09-14 15:27:27','2012-09-14 15:27:27',1),(561,1,98,632,1,'2012-09-14 15:27:27','2012-09-14 15:27:27',1),(562,1,98,633,1,'2012-09-14 15:27:27','2012-09-14 15:27:27',1),(563,1,98,634,1,'2012-09-14 15:27:27','2012-09-14 15:27:27',1),(564,1,98,635,1,'2012-09-14 15:27:27','2012-09-14 15:27:27',1),(565,1,99,636,1,'2012-09-14 15:27:27','2012-09-14 15:27:27',1),(566,1,99,637,1,'2012-09-14 15:27:27','2012-09-14 15:27:27',1),(567,1,99,638,1,'2012-09-14 15:27:27','2012-09-14 15:27:27',1),(568,1,99,639,1,'2012-09-14 15:27:27','2012-09-14 15:27:27',1),(569,1,99,640,1,'2012-09-14 15:27:27','2012-09-14 15:27:27',1),(570,1,99,641,1,'2012-09-14 15:27:27','2012-09-14 15:27:27',1),(571,1,99,642,1,'2012-09-14 15:27:27','2012-09-14 15:27:27',1),(572,1,99,643,1,'2012-09-14 15:27:27','2012-09-14 15:27:27',1),(573,1,99,644,1,'2012-09-14 15:27:27','2012-09-14 15:27:27',1),(574,1,100,645,1,'2012-09-14 15:27:27','2012-09-14 15:27:27',1),(575,1,100,646,1,'2012-09-14 15:27:27','2012-09-14 15:27:27',1),(576,1,101,647,1,'2012-09-14 15:27:28','2012-09-14 15:27:28',1),(577,1,101,648,1,'2012-09-14 15:27:28','2012-09-14 15:27:28',1),(578,1,101,649,1,'2012-09-14 15:27:28','2012-09-14 15:27:28',1),(579,1,101,650,1,'2012-09-14 15:27:28','2012-09-14 15:27:28',1),(580,1,101,651,1,'2012-09-14 15:27:28','2012-09-14 15:27:28',1),(581,1,101,652,1,'2012-09-14 15:27:28','2012-09-14 15:27:28',1),(582,1,101,653,1,'2012-09-14 15:27:28','2012-09-14 15:27:28',1),(583,1,101,654,1,'2012-09-14 15:27:28','2012-09-14 15:27:28',1),(584,1,101,655,1,'2012-09-14 15:27:28','2012-09-14 15:27:28',1),(585,1,101,656,1,'2012-09-14 15:27:28','2012-09-14 15:27:28',1),(586,1,101,657,1,'2012-09-14 15:27:28','2012-09-14 15:27:28',1),(587,1,101,658,1,'2012-09-14 15:27:28','2012-09-14 15:27:28',1),(588,1,101,659,1,'2012-09-14 15:27:28','2012-09-14 15:27:28',1),(589,1,101,660,1,'2012-09-14 15:27:28','2012-09-14 15:27:28',1),(590,1,101,661,1,'2012-09-14 15:27:28','2012-09-14 15:27:28',1),(591,1,101,662,1,'2012-09-14 15:27:28','2012-09-14 15:27:28',1),(592,1,101,663,1,'2012-09-14 15:27:28','2012-09-14 15:27:28',1),(593,1,101,664,1,'2012-09-14 15:27:28','2012-09-14 15:27:28',1),(594,1,101,665,1,'2012-09-14 15:27:28','2012-09-14 15:27:28',1),(595,1,101,666,1,'2012-09-14 15:27:28','2012-09-14 15:27:28',1),(596,1,101,667,1,'2012-09-14 15:27:28','2012-09-14 15:27:28',1),(597,1,101,668,1,'2012-09-14 15:27:28','2012-09-14 15:27:28',1),(598,1,101,669,1,'2012-09-14 15:27:28','2012-09-14 15:27:28',1),(599,1,101,670,1,'2012-09-14 15:27:28','2012-09-14 15:27:28',1),(600,1,102,671,1,'2012-09-14 15:27:28','2012-09-14 15:27:28',1),(601,1,103,672,1,'2012-09-14 15:27:28','2012-09-14 15:27:28',1),(602,1,103,673,1,'2012-09-14 15:27:28','2012-09-14 15:27:28',1),(603,1,103,674,1,'2012-09-14 15:27:28','2012-09-14 15:27:28',1),(604,1,103,675,1,'2012-09-14 15:27:28','2012-09-14 15:27:28',1),(605,1,103,676,1,'2012-09-14 15:27:28','2012-09-14 15:27:28',1),(606,1,104,677,1,'2012-09-14 15:27:28','2012-09-14 15:27:28',1),(607,1,104,678,1,'2012-09-14 15:27:28','2012-09-14 15:27:28',1),(608,1,104,679,1,'2012-09-14 15:27:28','2012-09-14 15:27:28',1),(609,1,104,680,1,'2012-09-14 15:27:28','2012-09-14 15:27:28',1),(610,1,104,681,1,'2012-09-14 15:27:28','2012-09-14 15:27:28',1),(611,1,105,682,1,'2012-09-14 15:27:28','2012-09-14 15:27:28',1),(612,1,105,683,1,'2012-09-14 15:27:28','2012-09-14 15:27:28',1),(613,1,105,684,1,'2012-09-14 15:27:28','2012-09-14 15:27:28',1),(614,1,105,685,1,'2012-09-14 15:27:28','2012-09-14 15:27:28',1),(615,1,105,686,1,'2012-09-14 15:27:28','2012-09-14 15:27:28',1),(616,1,105,687,1,'2012-09-14 15:27:28','2012-09-14 15:27:28',1),(617,1,105,688,1,'2012-09-14 15:27:28','2012-09-14 15:27:28',1),(618,1,105,689,1,'2012-09-14 15:27:28','2012-09-14 15:27:28',1),(619,1,105,690,1,'2012-09-14 15:27:28','2012-09-14 15:27:28',1),(620,1,106,691,1,'2012-09-14 15:27:28','2012-09-14 15:27:28',1),(621,1,106,692,1,'2012-09-14 15:27:28','2012-09-14 15:27:28',1),(622,1,106,693,1,'2012-09-14 15:27:28','2012-09-14 15:27:28',1),(623,1,106,694,1,'2012-09-14 15:27:28','2012-09-14 15:27:28',1),(624,1,106,695,1,'2012-09-14 15:27:28','2012-09-14 15:27:28',1),(625,1,106,696,1,'2012-09-14 15:27:28','2012-09-14 15:27:28',1),(626,1,107,697,1,'2012-09-14 15:27:28','2012-09-14 15:27:28',1),(627,1,107,698,1,'2012-09-14 15:27:28','2012-09-14 15:27:28',1),(628,1,107,699,1,'2012-09-14 15:27:28','2012-09-14 15:27:28',1);
/*!40000 ALTER TABLE `doc_paragraph_bookmark` ENABLE KEYS */;
UNLOCK TABLES;

--
-- Dumping data for table `doc_template`
--

LOCK TABLES `doc_template` WRITE;
/*!40000 ALTER TABLE `doc_template` DISABLE KEYS */;
INSERT INTO `doc_template` (`id`, `category_id`, `created_by`, `document_id`, `last_modified_by`, `sub_category_id`, `created_on`, `description`, `is_ni`, `last_modified_on`, `suppress_from_op`, `version`) VALUES (2,9,479,2,479,31,'2002-05-14 17:45:01','GV - New App Refusal - no advert',0,'2002-05-14 17:45:01',0,1),(3,9,479,3,479,31,'2002-05-14 17:45:01','GV - New App Refusal - no response to supporting docs requests',0,'2002-05-14 17:45:01',0,1),(4,999999,479,4,479,999999,'2002-05-14 17:45:01','GV - Var App - Wrong TAO',0,'2002-05-14 17:45:01',0,1),(5,9,479,5,479,31,'2002-05-14 17:45:01','GV - Var App Refusal - no advert',0,'2002-05-14 17:45:01',0,1),(6,9,479,6,479,31,'2002-05-14 17:45:01','GV - Var App Refusal - no response to supporting docs requests',0,'2002-05-14 17:45:01',0,1),(7,9,479,7,479,31,'2002-05-14 17:45:01','GV - New/Var App Incomplete - 1st request for supporting docs',0,'2002-05-14 17:45:01',0,1),(8,9,1,701,1,31,'2015-02-27 10:00:47','GV - New/Var Incomplete - final request for supporting docs',0,'2015-02-27 10:00:47',1,1),(9,999999,479,9,479,999999,'2002-05-14 17:45:01','GV - New applications - grant/refusal',0,'2002-05-14 17:45:01',1,1),(10,999999,479,10,479,999999,'2002-05-14 17:45:01','GV - Variation applications - grant/refusal',0,'2002-05-14 17:45:01',1,1),(11,999999,479,11,479,999999,'2002-05-14 17:45:01','GV - Licence continued - variation required',0,'2002-05-14 17:45:01',0,1),(12,999999,479,12,479,999999,'2002-05-14 17:45:01','GV - Licence continued - checklist not returned',0,'2002-05-14 17:45:01',0,1),(13,1,479,13,479,74,'2002-05-14 17:45:01','GV - Notification to licence holder of proposed conditions',0,'2002-05-14 17:45:01',1,1),(14,1,479,14,479,74,'2002-05-14 17:45:01','GV - Notification to licence holder of attached conditions',0,'2002-05-14 17:45:01',1,1),(15,999999,479,15,479,999999,'2002-05-14 17:45:01','GV - Notification to licence holder that no review to be conducted',0,'2002-05-14 17:45:01',0,1),(16,1,479,16,479,74,'2002-05-14 17:45:01','GV - Notification to complainant of conditions imposed/amended',0,'2002-05-14 17:45:01',1,1),(17,1,479,17,479,74,'2002-05-14 17:45:01','GV - Notification to complainant advising tht OC removed or Licence surrendered',0,'2002-05-14 17:45:01',1,1),(18,999999,479,18,479,999999,'2002-05-14 17:45:01','GV - Change of Entity - New App required',0,'2002-05-14 17:45:01',0,1),(19,999999,479,19,479,999999,'2002-05-14 17:45:01','GV - Letter to operator following 3rd party notification of TM loss',0,'2002-05-14 17:45:01',0,1),(20,999999,479,20,479,999999,'2002-05-14 17:45:01','GV - Letter allowing continuation of licence without TM',0,'2002-05-14 17:45:01',0,1),(21,999999,479,21,479,999999,'2002-05-14 17:45:01','GV - Letter to appointed person regarding possible Reg 31 direction',0,'2002-05-14 17:45:01',1,1),(22,999999,479,22,479,999999,'2002-05-14 17:45:01','GV - Letter confirming the Reg 31 direction given',0,'2002-05-14 17:45:01',1,1),(23,999999,479,23,479,999999,'2002-05-14 17:45:01','GV - Letter chasing new application prior to expiry of Reg 31',0,'2002-05-14 17:45:01',1,1),(24,999999,479,24,479,999999,'2002-05-14 17:45:01','ENV01 - Letter explaining that no application received',0,'2002-05-14 17:45:01',1,1),(25,999999,479,25,479,999999,'2002-05-14 17:45:01','ENV06 - Acknowledgement of rep - no ENV grounds',0,'2002-05-14 17:45:01',1,1),(27,999999,479,27,479,999999,'2002-05-14 17:45:01','ENV27 - Letter advising Valid Rep of non PI application decision',0,'2002-05-14 17:45:01',1,1),(28,999999,479,28,479,999999,'2002-05-14 17:45:01','ENV26 - Letter advising Valid Obj of non PI application decision',0,'2002-05-14 17:45:01',1,1),(29,999999,479,29,479,999999,'2002-05-14 17:45:01','GV - Refund Letter',0,'2002-05-14 17:45:01',0,1),(30,999999,479,30,479,999999,'2002-05-14 17:45:01','GV - Continuation falls bounced cheque',0,'2002-05-14 17:45:01',0,1),(31,999999,479,31,479,999999,'2002-05-14 17:45:01','GV - Continuation fresh fee required',0,'2002-05-14 17:45:01',0,1),(32,999999,479,32,479,999999,'2002-05-14 17:45:01','GV - New App grant set aside - Bounced cheque',0,'2002-05-14 17:45:01',0,1),(33,999999,479,33,479,999999,'2002-05-14 17:45:01','GV - New App fresh grant fee required',0,'2002-05-14 17:45:01',0,1),(38,999999,479,38,479,999999,'2002-05-14 17:45:01','GV -  Acceptance letter covering late or non fee payments',0,'2002-05-14 17:45:01',0,1),(39,999999,479,39,479,999999,'2002-05-14 17:45:01','GV - Non acceptance letter covering late or non fee payments',0,'2002-05-14 17:45:01',0,1),(41,999999,479,41,479,999999,'2002-05-14 17:45:01','GV - Termination letter following non payment of cont fee',0,'2002-05-14 17:45:01',0,1),(44,999999,479,44,479,999999,'2002-05-14 17:45:01','GV - Letter advising new app grant set aside',0,'2002-05-14 17:45:01',0,1),(47,7,479,47,479,62,'2002-05-14 17:45:01','ENV02 - Acknowledgement of objection',0,'2002-05-14 17:45:01',1,1),(48,999999,479,48,479,999999,'2002-05-14 17:45:01','ENV05 - Parish council rep not acceptable',0,'2002-05-14 17:45:01',1,1),(49,999999,479,49,479,999999,'2002-05-14 17:45:01','ENV30 - Objector advised of withdrawn pub app',0,'2002-05-14 17:45:01',1,1),(50,999999,479,50,479,999999,'2002-05-14 17:45:01','ENV31 - Rep advised of withdrawn pub app',0,'2002-05-14 17:45:01',1,1),(51,7,479,51,479,65,'2002-05-14 17:45:01','ENV04 - Acknowledgement of rep',0,'2002-05-14 17:45:01',1,1),(52,1,479,52,479,74,'2002-05-14 17:45:01','GV - Complainant advised that no review to be conducted',0,'2002-05-14 17:45:01',1,1),(53,1,479,53,479,74,'2002-05-14 17:45:01','GV - Acknowledgement of initial review complaint',0,'2002-05-14 17:45:01',1,1),(55,1,479,55,479,74,'2002-05-14 17:45:01','GV - Review no action result to operator',0,'2002-05-14 17:45:01',1,1),(57,999999,479,57,479,999999,'2002-05-14 17:45:01','GV - Reminder fee letter for pub var grant',0,'2002-05-14 17:45:01',0,1),(64,999999,479,64,479,999999,'2002-05-14 17:45:01','PSV - Letter advising of review of grant or refusal decision',0,'2002-05-14 17:45:01',0,1),(67,999999,479,67,479,999999,'2002-05-14 17:45:01','PSV - Change of entity - new app required',0,'2002-05-14 17:45:01',0,1),(75,999999,479,75,479,999999,'2002-05-14 17:45:01','PSV -  Letter confirming grant of minibus permit',0,'2002-05-14 17:45:01',0,1),(81,9,479,81,479,31,'2002-05-14 17:45:01','PSV - New app incomplete - 1st request for supporting docs',0,'2002-05-14 17:45:01',0,1),(83,999999,479,83,479,999999,'2002-05-14 17:45:01','PSV - New app grant set aside - bounced cheque',0,'2002-05-14 17:45:01',0,1),(84,999999,479,84,479,999999,'2002-05-14 17:45:01','PSV - Letter allowing continuation of licence without TM',0,'2002-05-14 17:45:01',0,1),(85,999999,479,85,479,999999,'2002-05-14 17:45:01','PSV - Letter to operator following 3rd party notification of TM loss',0,'2002-05-14 17:45:01',0,1),(86,999999,479,86,479,999999,'2002-05-14 17:45:01','PSV - Refund Letter',0,'2002-05-14 17:45:01',0,1),(90,9,479,90,479,31,'2002-05-14 17:45:01','PSV - Var app incomplete - 1st request for supporting docs',0,'2002-05-14 17:45:01',0,1),(91,9,479,91,479,31,'2002-05-14 17:45:01','PSV - Var app incomplete - final request for supporting docs',0,'2002-05-14 17:45:01',0,1),(92,999999,479,92,479,999999,'2002-05-14 17:45:01','PSV -  Var app grant set aside - bounced cheque',0,'2002-05-14 17:45:01',0,1),(93,999999,479,93,479,999999,'2002-05-14 17:45:01','Compliance: Permission from Complainant Letter',0,'2002-05-14 17:45:01',1,1),(94,999999,479,94,479,999999,'2002-05-14 17:45:01','Compliance: Apology/Referral to Complainant Letter',0,'2002-05-14 17:45:01',1,1),(95,999999,479,95,479,999999,'2002-05-14 17:45:01','Compliance: Acknowledgement to Complainant Letter',0,'2002-05-14 17:45:01',1,1),(96,999999,479,96,479,999999,'2002-05-14 17:45:01','Compliance: Further Information from Complainant Letter',0,'2002-05-14 17:45:01',1,1),(97,2,479,97,479,55,'2002-05-14 17:45:01','Compliance: Covering Letter Section 9 Statement',0,'2002-05-14 17:45:01',1,1),(98,2,479,98,479,55,'2002-05-14 17:45:01','Compliance: Statement of Witness',0,'2002-05-14 17:45:01',1,1),(99,2,479,99,479,55,'2002-05-14 17:45:01','Compliance: Covering Letter Section 43 Statement',0,'2002-05-14 17:45:01',1,1),(100,2,479,100,479,55,'2002-05-14 17:45:01','Compliance: Section 43 Certificate',0,'2002-05-14 17:45:01',1,1),(107,2,479,107,479,57,'2002-05-14 17:45:01','Compliance: No Further Action Letter',0,'2002-05-14 17:45:01',1,1),(108,999999,479,108,479,999999,'2002-05-14 17:45:01','Compliance: Request Explanation Letter',0,'2002-05-14 17:45:01',1,1),(109,2,479,109,479,57,'2002-05-14 17:45:01','Compliance: Warning Letter',0,'2002-05-14 17:45:01',1,1),(110,999999,479,110,479,999999,'2002-05-14 17:45:01','PTR Decision For TM Exercise',0,'2002-05-14 17:45:01',1,1),(111,999999,479,111,479,999999,'2002-05-14 17:45:01','Compliance: AD Interview Invitation Letter',0,'2002-05-14 17:45:01',1,1),(112,999999,479,112,479,999999,'2002-05-14 17:45:01','Compliance: AD Interview Confirmation Letter',0,'2002-05-14 17:45:01',1,1),(113,999999,479,113,479,999999,'2002-05-14 17:45:01','Compliance: In-Chambers Invitation Letter',0,'2002-05-14 17:45:01',1,1),(114,999999,479,114,479,999999,'2002-05-14 17:45:01','Compliance: In-Chambers Confirmation Letter',0,'2002-05-14 17:45:01',1,1),(115,999999,479,115,479,999999,'2002-05-14 17:45:01','Compliance: Public Inquiry Adjournment Letter',0,'2002-05-14 17:45:01',1,1),(116,2,479,116,479,49,'2002-05-14 17:45:01','Compliance: Disciplinary Public Inquiry Call-up letter',0,'2002-05-14 17:45:01',1,1),(117,999999,479,117,479,999999,'2002-05-14 17:45:01','Compliance: Disciplinary Annex D',0,'2002-05-14 17:45:01',1,1),(118,999999,479,118,479,999999,'2002-05-14 17:45:01','Compliance: Schedule of Prohibitions',0,'2002-05-14 17:45:01',1,1),(119,999999,479,119,479,999999,'2002-05-14 17:45:01','Compliance: Vehicles Currently Used under Operators Licence PSV Annex E',0,'2002-05-14 17:45:01',1,1),(120,999999,479,120,479,999999,'2002-05-14 17:45:01','Compliance: Attendance at Public Inquiry Return Proforma Annex F',0,'2002-05-14 17:45:01',1,1),(121,999999,479,121,479,999999,'2002-05-14 17:45:01','Compliance: Environmental Public Inquiry Call-up Letter',0,'2002-05-14 17:45:01',1,1),(122,999999,479,122,479,999999,'2002-05-14 17:45:01','Compliance: Environmental Annexes A',0,'2002-05-14 17:45:01',1,1),(123,999999,479,123,479,999999,'2002-05-14 17:45:01','Compliance: Review of Operating Centre Public Inquiry Call-up letter',0,'2002-05-14 17:45:01',1,1),(124,999999,479,124,479,999999,'2002-05-14 17:45:01','Compliance: Review Annexes A',0,'2002-05-14 17:45:01',1,1),(125,999999,479,125,479,999999,'2002-05-14 17:45:01','Compliance: Request for Stay Decision Letter',0,'2002-05-14 17:45:01',1,1),(126,999999,479,126,479,999999,'2002-05-14 17:45:01','Compliance: Partner Organisation Driver Request Information Letter',0,'2002-05-14 17:45:01',1,1),(127,999999,479,127,479,999999,'2002-05-14 17:45:01','Compliance: Standard Paragraphs',0,'2002-05-14 17:45:01',1,1),(128,999999,479,128,479,999999,'2002-05-14 17:45:01','Compliance: Letter Requesting Further Information from Operator',0,'2002-05-14 17:45:01',1,1),(129,999999,479,129,479,999999,'2002-05-14 17:45:01','Compliance: Reminder Letter (for all categories)',0,'2002-05-14 17:45:01',1,1),(130,999999,479,130,479,999999,'2002-05-14 17:45:01','Driver Conduct: Grant Provisional LGV/PCV Licence No Hearing Letter',0,'2002-05-14 17:45:01',1,1),(131,999999,479,131,479,999999,'2002-05-14 17:45:01','Driver Conduct: Call To Public Inquiry Provisional LGV/PCV Application Letter',0,'2002-05-14 17:45:01',1,1),(132,999999,479,132,479,999999,'2002-05-14 17:45:01','Driver Conduct: Grant Provisional LGV/PCV Licence At Public Inquiry With Warning',0,'2002-05-14 17:45:01',1,1),(133,999999,479,133,479,999999,'2002-05-14 17:45:01','Driver Conduct: Fit to Hold Licence Letter',0,'2002-05-14 17:45:01',1,1),(134,999999,479,134,479,999999,'2002-05-14 17:45:01','Driver Conduct: Restoration With Warning',0,'2002-05-14 17:45:01',1,1),(135,999999,479,135,479,999999,'2002-05-14 17:45:01','Driver Conduct: LGV/PCV Licence Restoration With Rehab Period, Option of Public Inquiry',0,'2002-05-14 17:45:01',1,1),(136,999999,479,136,479,999999,'2002-05-14 17:45:01','Driver Conduct: Reduction of Restoration Period LGV/PCV Licence',0,'2002-05-14 17:45:01',1,1),(137,999999,479,137,479,999999,'2002-05-14 17:45:01','Driver Conduct: Confirmation of Restoration of LGV/PCV With Rehab Period No Submission, No PI',0,'2002-05-14 17:45:01',1,1),(138,999999,479,138,479,999999,'2002-05-14 17:45:01','Driver Conduct: Refused LGV/PCV Licence Post PI until... ',0,'2002-05-14 17:45:01',1,1),(139,999999,479,139,479,999999,'2002-05-14 17:45:01','Driver Conduct: NFA of LGV/PCV Licence At Public Inquiry With Warning',0,'2002-05-14 17:45:01',1,1),(140,999999,479,140,479,999999,'2002-05-14 17:45:01','Driver Conduct: Suspension of LGV/PCV Licence At Public Inquiry',0,'2002-05-14 17:45:01',1,1),(141,999999,479,141,479,999999,'2002-05-14 17:45:01','Driver Conduct: Renewal Refused/Extended Disqual of LGV/PCV Licence At PI',0,'2002-05-14 17:45:01',1,1),(142,999999,479,142,479,999999,'2002-05-14 17:45:01','Driver Conduct: Revoked and Disqual of LGV/PCV Licence At PI',0,'2002-05-14 17:45:01',1,1),(143,999999,479,143,479,999999,'2002-05-14 17:45:01','Bus Registration: No Jurisdiction Letter',0,'2002-05-14 17:45:01',1,1),(144,999999,479,144,479,999999,'2002-05-14 17:45:01','Bus Registration: Acknowledge Complaint Letter',0,'2002-05-14 17:45:01',1,1),(145,999999,479,145,479,999999,'2002-05-14 17:45:01','Bus Registration: Ask Complainant For Further Details Letter',0,'2002-05-14 17:45:01',1,1),(146,999999,479,146,479,999999,'2002-05-14 17:45:01','Bus Registration: Acknowledgement For Vehicle Condition Letter',0,'2002-05-14 17:45:01',1,1),(147,999999,479,147,479,999999,'2002-05-14 17:45:01','Bus Registration: Reply To Complainant Letter',0,'2002-05-14 17:45:01',1,1),(148,999999,479,148,479,999999,'2002-05-14 17:45:01','Bus Registration: Vehicle Inspectorate No Problems Letter',0,'2002-05-14 17:45:01',1,1),(149,999999,479,149,479,999999,'2002-05-14 17:45:01','Bus Registration: Request Operator For Comments Letter',0,'2002-05-14 17:45:01',1,1),(150,999999,479,150,479,999999,'2002-05-14 17:45:01','Bus Registration: Operator Reply Not Acceptable',0,'2002-05-14 17:45:01',1,1),(151,999999,479,151,479,999999,'2002-05-14 17:45:01','Bus Registration: Reminder Letter',0,'2002-05-14 17:45:01',1,1),(152,999999,479,152,479,999999,'2002-05-14 17:45:01','Bus Registration: Acknowledgement To Operator OK Letter',0,'2002-05-14 17:45:01',1,1),(153,999999,479,153,479,999999,'2002-05-14 17:45:01','Bus Registration: Public Inquiry Call-up Letter',0,'2002-05-14 17:45:01',1,1),(154,999999,479,154,479,999999,'2002-05-14 17:45:01','Bus Registration: Public Inquiry Call-up Annex A',0,'2002-05-14 17:45:01',1,1),(155,999999,479,155,479,999999,'2002-05-14 17:45:01','Bus Registration: Schedule of Registered Bus Services Annex 1',0,'2002-05-14 17:45:01',1,1),(156,2,479,156,479,49,'2002-05-14 17:45:01','Compliance: Public Inquiry Decision Letter',0,'2002-05-14 17:45:01',1,1),(157,999999,479,157,479,999999,'2002-05-14 17:45:01','Compliance: Disciplinary Annex A',0,'2002-05-14 17:45:01',1,1),(158,999999,479,158,479,999999,'2002-05-14 17:45:01','Compliance: Disciplinary Annex B',0,'2002-05-14 17:45:01',1,1),(159,999999,479,159,479,999999,'2002-05-14 17:45:01','Compliance: Disciplinary Annex C',0,'2002-05-14 17:45:01',1,1),(160,999999,479,160,479,999999,'2002-05-14 17:45:01','Compliance: Environmental Annexes B',0,'2002-05-14 17:45:01',1,1),(161,999999,479,161,479,999999,'2002-05-14 17:45:01','Compliance: Environmental Annexes C',0,'2002-05-14 17:45:01',1,1),(162,999999,479,162,479,999999,'2002-05-14 17:45:01','Compliance: Environmental Annexes D',0,'2002-05-14 17:45:01',1,1),(163,999999,479,163,479,999999,'2002-05-14 17:45:01','Compliance: Review Annexes B',0,'2002-05-14 17:45:01',1,1),(164,999999,479,164,479,999999,'2002-05-14 17:45:01','Compliance: Review Annexes C',0,'2002-05-14 17:45:01',1,1),(165,999999,479,165,479,999999,'2002-05-14 17:45:01','Compliance: Review Annexes D',0,'2002-05-14 17:45:01',1,1),(166,999999,479,166,479,999999,'2002-05-14 17:45:01','Bus Registration: Public Inquiry Call-up Annex B',0,'2002-05-14 17:45:01',1,1),(167,999999,479,167,479,999999,'2002-05-14 17:45:01','Bus Registration: Public Inquiry Call-up Annex C',0,'2002-05-14 17:45:01',1,1),(168,999999,479,168,479,999999,'2002-05-14 17:45:01','Bus Registration: Public Inquiry Call-up Annex D',0,'2002-05-14 17:45:01',1,1),(169,999999,479,169,479,999999,'2002-05-14 17:45:01','Compliance: Request Further Investigation  Letter',0,'2002-05-14 17:45:01',1,1),(170,999999,479,170,479,999999,'2002-05-14 17:45:01','Compliance: Schedule of Convictions Annex 2',0,'2002-05-14 17:45:01',1,1),(171,999999,479,171,479,999999,'2002-05-14 17:45:01','Compliance: Vehicles Currently Used Under OL Goods Annex E',0,'2002-05-14 17:45:01',1,1),(201,999999,479,201,479,999999,'2002-05-14 17:45:01','Cheque Returned - Re-Apply',0,'2002-05-14 17:45:01',1,1),(202,999999,479,202,479,999999,'2002-05-14 17:45:01','Cheque Returned - App Withdrawn',0,'2002-05-14 17:45:01',1,1),(203,999999,479,203,479,999999,'2002-05-14 17:45:01','No Fee',0,'2002-05-14 17:45:01',1,1),(204,999999,479,204,479,999999,'2002-05-14 17:45:01','Request Supporting Docs',0,'2002-05-14 17:45:01',1,1),(205,999999,479,205,479,999999,'2002-05-14 17:45:01','Refusal',0,'2002-05-14 17:45:01',1,1),(206,999999,479,206,479,999999,'2002-05-14 17:45:01','ENV10 - Letter advising applicant of opposition received',0,'2002-05-14 17:45:01',1,1),(207,9,479,207,479,31,'2002-05-14 17:45:01','GV - acknowledgement of complete pub app',0,'2002-05-14 17:45:01',0,1),(208,9,479,208,479,31,'2002-05-14 17:45:01','PSV - acknowledgement of complete new app',0,'2002-05-14 17:45:01',0,1),(210,1,479,210,479,74,'2002-05-14 17:45:01','GV - Notification to Complainant that review to be conducted',0,'2002-05-14 17:45:01',1,1),(211,999999,479,211,479,999999,'2002-05-14 17:45:01','GV - Lic cont docs issued but finance declaration problems',0,'2002-05-14 17:45:01',0,1),(212,999999,479,212,479,999999,'2002-05-14 17:45:01','PSV - Lic cont docs issued but finance declaration problems',0,'2002-05-14 17:45:01',0,1),(213,999999,479,213,479,999999,'2002-05-14 17:45:01','GV - Lic cont fee paid - letter and proforma to complainants',0,'2002-05-14 17:45:01',1,1),(214,999999,479,214,479,999999,'2002-05-14 17:45:01','Refund of Permit Application Fee',0,'2002-05-14 17:45:01',0,1),(215,999999,479,215,479,999999,'2002-05-14 17:45:01','Sect 19 Permit - Request for further info',0,'2002-05-14 17:45:01',0,1),(216,999999,479,216,479,999999,'2002-05-14 17:45:01','Sect 22 Permit - Request for further info',0,'2002-05-14 17:45:01',0,1),(218,999999,479,218,479,999999,'2002-05-14 17:45:01','EARLY_REP_TEMPLATE',0,'2002-05-14 17:45:01',1,1),(228,1,479,228,479,79,'2002-05-14 17:45:01','REVIEW_COMPLAINT_STILL_VALID_QUERY',0,'2002-05-14 17:45:01',1,1),(229,999999,479,229,479,999999,'2002-05-14 17:45:01','FEE_REQ_INT_APP',0,'2002-05-14 17:45:01',0,1),(231,999999,479,231,479,999999,'2002-05-14 17:45:01','FEE_REQ_GRANT_GV',0,'2002-05-14 17:45:01',0,1),(236,3,479,236,479,40,'2002-05-14 17:45:01','BUS_REG_NEW_REGISTRATION_TAN21',0,'2002-05-14 17:45:01',1,1),(237,3,479,237,479,40,'2002-05-14 17:45:01','BUS_REG_VARIATION_TAN21',0,'2002-05-14 17:45:01',1,1),(238,3,479,238,479,40,'2002-05-14 17:45:01','BUS_REG_CANCELLATION',0,'2002-05-14 17:45:01',1,1),(239,999999,479,239,479,999999,'2002-05-14 17:45:01','BUS_REG_NEW_REGISTRATION_REFUSE_SHORT_NOTICE',0,'2002-05-14 17:45:01',1,1),(240,999999,479,240,479,999999,'2002-05-14 17:45:01','BUS_REG_VARIATION_REFUSE_SHORT_NOTICE',0,'2002-05-14 17:45:01',1,1),(241,999999,479,241,479,999999,'2002-05-14 17:45:01','BUS_REG_CANCELLATION_REFUSE_SHORT_NOTICE',0,'2002-05-14 17:45:01',1,1),(242,999999,479,242,479,999999,'2002-05-14 17:45:01','BUS_REG_COPY',0,'2002-05-14 17:45:01',1,1),(244,999999,479,244,479,999999,'2002-05-14 17:45:01','PERMIT_SMALL',0,'2002-05-14 17:45:01',0,1),(245,999999,479,245,479,999999,'2002-05-14 17:45:01','PERMIT_LARGE',0,'2002-05-14 17:45:01',0,1),(246,999999,479,246,479,999999,'2002-05-14 17:45:01','PERMIT_COMMUNITY',0,'2002-05-14 17:45:01',0,1),(247,999999,479,247,479,999999,'2002-05-14 17:45:01','PERMIT_SMALL_LETTER',0,'2002-05-14 17:45:01',0,1),(248,999999,479,248,479,999999,'2002-05-14 17:45:01','PERMIT_LARGE_LETTER',0,'2002-05-14 17:45:01',0,1),(249,999999,479,249,479,999999,'2002-05-14 17:45:01','PERMIT_COMMUNITY_LETTER',0,'2002-05-14 17:45:01',0,1),(252,999999,532,252,532,999999,'2002-08-21 18:15:11','5_YEAR_CHECKLIST_GV',0,'2002-08-21 18:15:11',0,1),(253,999999,532,253,532,999999,'2002-08-21 18:15:11','CHASEUP_LETTER_GV_5Year',0,'2002-08-21 18:15:11',0,1),(254,999999,532,254,532,999999,'2002-08-21 18:15:11','GV_LICENCE',0,'2002-08-21 18:15:11',0,1),(255,999999,532,255,532,999999,'2002-08-21 18:15:11','PSV_LICENCE',0,'2002-08-21 18:15:11',0,1),(256,999999,532,256,532,999999,'2002-08-21 18:15:11','GV_INTERIM_LICENCE',0,'2002-08-21 18:15:11',0,1),(257,999999,532,257,532,999999,'2002-08-21 18:15:11','GV_INTERIM_DIRECTION',0,'2002-08-21 18:15:11',0,1),(258,999999,532,258,532,999999,'2002-08-21 18:15:11','GV_VEHICLE_LIST',0,'2002-08-21 18:15:11',0,1),(260,999999,122,260,122,999999,'2003-03-31 18:02:49','FEE_REQ_INSUFFICIENT',0,'2003-03-31 18:02:49',0,1),(262,999999,2,262,2,999999,'2004-09-30 18:05:54','ENV20 - Letter advising applicant of proposed conditions',0,'2004-09-30 18:05:54',0,1),(263,999999,2,263,2,999999,'2004-09-30 18:05:54','GV - Letter to op advising that grant/refusal decision to be reviewed',0,'2004-09-30 18:05:54',0,1),(264,999999,2,264,2,999999,'2004-09-30 18:05:54','ENV18 - Letter advising objector of proposed conditions',0,'2004-09-30 18:05:54',1,1),(265,999999,2,265,2,999999,'2004-09-30 18:05:54','ENV19 - Letter advising rep of proposed conditions',0,'2004-09-30 18:05:54',1,1),(266,1,2,266,2,74,'2004-09-30 18:05:54','GV - Letter advising complainant of proposed conditions',0,'2004-09-30 18:05:54',1,1),(272,999999,1,272,1,999999,'2007-10-23 15:41:35','Multiple Licence Holder - letter to operator',0,'2007-10-23 15:41:35',1,1),(275,999999,1,275,1,999999,'2007-12-04 10:09:25','Failed credit/debit card-request for repayment',0,'2007-12-04 10:09:25',1,1),(276,999999,1,276,1,999999,'2007-12-04 10:09:25','Failed cheque-request for repayment',0,'2007-12-04 10:09:25',1,1),(281,9,1,281,1,31,'2007-12-06 17:35:32','GV - blank letter template to operator',0,'2007-12-06 17:35:32',0,1),(282,9,1,282,1,31,'2007-12-06 17:35:32','PSV - blank letter template to operator',0,'2007-12-06 17:35:32',0,1),(283,9,1,283,1,31,'2007-12-06 17:35:32','GV - Blank letter template to other than operator',0,'2007-12-06 17:35:32',1,1),(284,9,1,284,1,31,'2007-12-06 17:35:32','PSV - blank letter to other than operator',0,'2007-12-06 17:35:32',1,1),(288,9,1,288,1,31,'2007-12-18 15:23:01','PSV - App Refusal',0,'2007-12-18 15:23:01',1,1),(289,999999,1,289,1,999999,'2007-12-18 15:23:01','PSV - Propose to refuse - new app',0,'2007-12-18 15:23:01',1,1),(290,999999,1,290,1,999999,'2007-12-18 15:23:01','PSV - Response to objection (3rd Party)',0,'2007-12-18 15:23:01',1,1),(291,999999,479,291,479,999999,'2008-03-31 11:57:57','Scottish-Cheque Returned - Re-Apply',0,'2008-03-31 11:57:57',1,1),(292,999999,479,292,479,999999,'2008-03-31 11:57:57','Scottish-Cheque Returned - App Withdrawn',0,'2008-03-31 11:57:57',1,1),(293,999999,479,293,479,999999,'2008-03-31 11:57:57','Scottish-No Fee',0,'2008-03-31 11:57:57',1,1),(294,999999,479,294,479,999999,'2008-03-31 11:57:57','Scottish-Request Supporting Docs',0,'2008-03-31 11:57:57',1,1),(295,999999,1,295,1,999999,'2008-09-04 13:41:19','Original documents send back letter',0,'2008-09-04 13:41:19',1,1),(296,999999,291,296,291,999999,'2008-11-03 12:38:08','PSV - No application fee',0,'2008-11-03 12:38:08',0,1),(297,999999,291,297,291,999999,'2008-11-03 12:38:08','Incorrectly completed cheque',0,'2008-11-03 12:38:08',0,1),(298,999999,291,298,291,999999,'2008-11-03 12:38:08','GV - no application fee GV81',0,'2008-11-03 12:38:08',0,1),(299,999999,291,299,291,999999,'2008-11-03 12:38:08','GV - no fee sched 4 auth increasing',0,'2008-11-03 12:38:08',0,1),(300,999999,1,300,1,999999,'2008-12-12 16:41:28','Vehicle Registration Check',0,'2008-12-12 16:41:28',1,1),(301,999999,479,301,479,999999,'2009-01-12 11:00:49','GV - Reg 31 notification of death of licence holder',0,'2009-01-12 11:00:49',1,1),(302,999999,1,302,1,999999,'2009-04-18 14:38:14','5_YEAR_CHECKLIST_PSV',0,'2009-04-18 14:38:14',0,1),(303,999999,1,303,1,999999,'2009-04-18 14:38:14','5_YEAR_CHECKLIST_PSVSR',0,'2009-04-18 14:38:14',0,1),(307,999999,1,307,1,999999,'2009-04-18 14:38:14','CHASEUP_LETTER_PSVSR',0,'2009-04-18 14:38:14',0,1),(309,999999,1,309,1,999999,'2009-04-18 14:38:14','PSV - Licence continued - checklist not returned',0,'2009-04-18 14:38:14',0,1),(310,999999,1,310,1,999999,'2009-04-18 14:38:14','PSVSR_Licence',0,'2009-04-18 14:38:14',0,1),(312,1,1,312,1,79,'2009-09-25 14:14:32','GV - Surrender request letter',0,'2009-09-25 14:14:32',1,1),(313,1,1,313,1,79,'2009-09-25 14:14:32','PSV - Surrender request letter',0,'2009-09-25 14:14:32',1,1),(314,1,479,314,479,79,'2009-05-14 17:50:00','NEW_APP_INT_GRANTED',0,'2009-05-14 17:50:00',0,1),(315,999999,479,315,479,999999,'2009-05-14 17:50:00','NEW_APP_INT_REFUSED',0,'2009-05-14 17:50:00',0,1),(316,1,479,316,479,79,'2009-05-14 17:50:00','VAR_APP_INT_GRANTED',0,'2009-05-14 17:50:00',0,1),(317,999999,479,317,479,999999,'2009-05-14 17:50:00','VAR_APP_INT_REFUSED',0,'2009-05-14 17:50:00',0,1),(318,999999,122,318,122,999999,'2009-03-31 00:00:00','PSV_VEHICLE_LIST',0,'2009-03-31 00:00:00',0,1),(319,9,479,319,479,31,'2002-05-14 17:45:01','GV - Letter confirming grant of new app',0,'2002-05-14 17:45:01',0,1),(320,9,479,320,479,31,'2002-05-14 17:45:01','PSV - Letter confirming grant of new app',0,'2002-05-14 17:45:01',0,1),(321,9,479,321,479,31,'2002-05-14 17:45:01','PSV - Letter confirming grant of var app',0,'2002-05-14 17:45:01',0,1),(322,9,479,322,479,31,'2002-05-14 17:45:01','GV - Letter confirming grant of pub var',0,'2002-05-14 17:45:01',0,1),(323,9,1,323,1,31,'2010-01-13 13:19:16','ENV09 - New/Var App Incomplete - 1st request for supporting docs',0,'2010-01-13 13:19:16',1,1),(324,999999,1,324,1,999999,'2010-01-13 13:21:06','GV - Letter informing OP of PI to be held-Var app',0,'2010-01-13 13:21:06',1,1),(325,999999,1,325,1,999999,'2010-01-13 13:21:06','GV - Letter informing OP of PI to be held-New app',0,'2010-01-13 13:21:06',1,1),(326,999999,1,326,1,999999,'2010-01-13 13:21:06','ENV34 - letter informing obj or rep that PI to be held',0,'2010-01-13 13:21:06',1,1),(327,999999,1,327,1,999999,'2010-01-13 13:21:06','PSV - Licence continued - variation required',0,'2010-01-13 13:21:06',0,1),(328,999999,291,328,291,999999,'2010-11-25 13:42:26','PSV - Letter informing OP of PI to be held',0,'2010-11-25 13:42:26',0,1),(329,9,291,329,291,31,'2010-11-25 13:42:26','ENV12 - New/Var App Incomplete - final request for supporting docs',0,'2010-11-25 13:42:26',0,1),(330,999999,291,330,291,999999,'2010-11-25 13:42:26','ENV13 - GV79E reminder letter',0,'2010-11-25 13:42:26',0,1),(331,999999,291,331,291,999999,'2010-11-25 13:42:26','GV - Initial letter advising OP of complaint',0,'2010-11-25 13:42:26',0,1),(332,999999,291,332,291,999999,'2010-11-25 13:42:26','ENV14 - Letter to OP with copies of reps',0,'2010-11-25 13:42:26',0,1),(333,1,291,333,291,74,'2010-11-25 13:42:26','GV - Review notice served on operator - more info needed',0,'2010-11-25 13:42:26',0,1),(334,1,291,334,291,74,'2010-11-25 13:42:26','GV - Review notice served on operator - propose conditions',0,'2010-11-25 13:42:26',0,1),(335,999999,479,335,479,999999,'2011-06-29 13:00:00','GV/PSV - Licence cont maint details required',0,'2011-06-29 13:00:00',0,1),(336,999999,479,336,479,999999,'2011-06-29 13:00:00','GV/PSV - Licence cont multiple further info required',0,'2011-06-29 13:00:00',0,1),(337,999999,479,337,479,999999,'2011-06-29 13:00:00','GV/PSV - Licence cont new director noted',0,'2011-06-29 13:00:00',0,1),(338,999999,1,338,1,999999,'2011-09-22 09:57:55','Community Licence Office Copy Cover Letter',0,'2011-09-22 09:57:55',0,1),(339,999999,1,339,1,999999,'2011-09-22 09:57:55','Address of Establishment Letter',0,'2011-09-22 09:57:55',0,1),(340,5,1,340,1,99,'2011-11-04 17:49:55','TM BLANK LETTER TEMPLATE GV',0,'2011-11-04 17:49:55',1,1),(341,5,1,341,1,99,'2011-11-04 17:49:55','TM BLANK LETTER TEMPLATE PSV',0,'2011-11-04 17:49:55',1,1),(342,999999,1,342,1,999999,'2011-11-04 17:49:55','TM_Comp_AttendanceAtPIReturnProformaAnnexF',0,'2011-11-04 17:49:55',1,1),(343,999999,1,343,1,999999,'2011-11-04 17:49:55','TM_Comp_PIAdjournmentLetter',0,'2011-11-04 17:49:55',1,1),(344,999999,1,344,1,999999,'2011-11-04 17:49:55','TM_Comp_PIDecisionLetter - GV',0,'2011-11-04 17:49:55',1,1),(345,999999,1,345,1,999999,'2011-11-04 17:49:55','TM_Comp_PIDecisionLetter - PSV',0,'2011-11-04 17:49:55',1,1),(346,999999,1,346,1,999999,'2011-11-04 17:49:55','TM_PIDisciplinaryAnnexA',0,'2011-11-04 17:49:55',1,1),(347,999999,1,347,1,999999,'2011-11-04 17:49:55','TM_Comp_RequestForStayDecisionLetter',0,'2011-11-04 17:49:55',1,1),(348,999999,1,348,1,999999,'2011-11-04 17:50:08','Compliance - Blank letter to Operator GV',0,'2011-11-04 17:50:08',1,1),(349,999999,1,349,1,999999,'2011-11-04 17:50:08','Compliance - Blank letter to Operator PSV',0,'2011-11-04 17:50:08',1,1),(350,999999,1,350,1,999999,'2011-11-04 17:50:08','TM_PICallUpLetterGV',0,'2011-11-04 17:50:08',1,1),(351,999999,1,351,1,999999,'2011-11-04 17:50:08','TM_PICallUpLetterPSV',0,'2011-11-04 17:50:08',1,1),(352,999999,1,352,1,999999,'2011-11-04 17:50:08','TM_PIDecisionLetterGV',0,'2011-11-04 17:50:08',1,1),(353,999999,1,353,1,999999,'2011-11-04 17:50:08','TM_PIDecisionLetterPSV',0,'2011-11-04 17:50:08',1,1),(354,999999,1,354,1,999999,'2011-11-04 17:50:08','Compliance - Remove undertaking non PI',0,'2011-11-04 17:50:08',1,1),(355,999999,1,355,1,999999,'2011-11-04 17:50:08','Compliance - Remove undertaking following PI',0,'2011-11-04 17:50:08',1,1),(356,999999,1,356,1,999999,'2011-11-04 17:50:08','Impounding - PSV509 Notification to DVSA',0,'2011-11-04 17:50:08',1,1),(357,999999,1,357,1,999999,'2011-11-04 17:50:08','Impounding - HGV509 Notification to DVSA',0,'2011-11-04 17:50:08',1,1),(358,999999,1,358,1,999999,'2011-11-04 17:50:08','Impounding - PSV502 OTC letter about hearing',0,'2011-11-04 17:50:08',1,1),(359,999999,1,359,1,999999,'2011-11-04 17:50:08','Impounding - HGV502 OTC letter about hearing',0,'2011-11-04 17:50:08',1,1),(360,999999,1,360,1,999999,'2011-11-04 17:50:08','Impounding - PSV508 Application received after 21 days',0,'2011-11-04 17:50:08',1,1),(361,999999,1,361,1,999999,'2011-11-04 17:50:08','Impounding - HGV508 Application received after 21 days',0,'2011-11-04 17:50:08',1,1),(362,999999,1,362,1,999999,'2011-11-04 17:50:08','Impounding - HGV507 Notification to DVSA Disposal after 21 days',0,'2011-11-04 17:50:08',1,1),(363,999999,1,363,1,999999,'2011-11-04 17:50:08','Impounding - PSV507 Notification to DVSA Disposal after 21 days',0,'2011-11-04 17:50:08',1,1),(364,999999,1,364,1,999999,'2011-11-04 17:50:08','Impounding - HGV503 Release after written representations',0,'2011-11-04 17:50:08',1,1),(365,999999,1,365,1,999999,'2011-11-04 17:50:08','Impounding - PSV503 Release after written representations',0,'2011-11-04 17:50:08',1,1),(366,999999,1,366,1,999999,'2011-11-04 17:50:08','Impounding - HGV504 Release after Hearing',0,'2011-11-04 17:50:08',1,1),(367,999999,1,367,1,999999,'2011-11-04 17:50:08','Impounding - PSV504 Release after Hearing',0,'2011-11-04 17:50:08',1,1),(368,999999,1,368,1,999999,'2011-11-04 17:50:08','Impounding - HGV505 Detention after written representations',0,'2011-11-04 17:50:08',1,1),(369,999999,1,369,1,999999,'2011-11-04 17:50:08','Impounding - PSV505 Detention after written representations',0,'2011-11-04 17:50:08',1,1),(370,999999,1,370,1,999999,'2011-11-04 17:50:08','Impounding - HGV506 Detention after Hearing',0,'2011-11-04 17:50:08',1,1),(371,999999,1,371,1,999999,'2011-11-04 17:50:08','Impounding - PSV506 Detention after Hearing',0,'2011-11-04 17:50:08',1,1),(372,999999,479,372,479,999999,'2012-01-05 13:00:00','OTC Submission template Goods',0,'2012-01-05 13:00:00',1,1),(373,999999,479,373,479,999999,'2012-01-05 13:00:00','OTC Submission template PSV',0,'2012-01-05 13:00:00',1,1),(374,999999,479,374,479,999999,'2012-01-05 13:00:00','Goods Submission template',0,'2012-01-05 13:00:00',1,1),(375,999999,479,375,479,999999,'2012-01-05 13:00:00','PSV Submission template',0,'2012-01-05 13:00:00',1,1),(376,999999,479,376,479,999999,'2012-01-12 14:31:55','ENV03 - Individual councillor not entitled to raise objections',0,'2012-01-12 14:31:55',1,1),(377,999999,479,377,479,999999,'2012-01-12 14:31:55','ENV07 - Letter to lead petitioner (representation)',0,'2012-01-12 14:31:55',1,1),(378,999999,479,378,479,999999,'2012-01-12 14:31:55','ENV08 - Letter to remaining petitioners (representation)',0,'2012-01-12 14:31:55',1,1),(379,999999,479,379,479,999999,'2012-01-12 14:31:55','ENV11 - ENV case received after app processed - no opposition',0,'2012-01-12 14:31:55',1,1),(380,999999,479,380,479,999999,'2012-01-12 14:31:55','ENV15 - Letter to representor - operating centre follow up',0,'2012-01-12 14:31:55',1,1),(381,999999,479,381,479,999999,'2012-01-12 14:31:55','ENV16 -  Letter to objector - operating centre follow up',0,'2012-01-12 14:31:55',1,1),(382,999999,479,382,479,999999,'2012-01-12 14:31:55','ENV17 - Letter to applicant - operating centre follow up',0,'2012-01-12 14:31:55',1,1),(383,999999,479,383,479,999999,'2012-01-12 14:31:55','ENV21 - Propose to refuse letter - oc issues',0,'2012-01-12 14:31:55',1,1),(384,9,479,384,479,31,'2012-01-12 14:31:55','ENV22- Letter confirming grant of new app',0,'2012-01-12 14:31:55',1,1),(385,9,479,385,479,31,'2012-01-12 14:31:55','ENV23 - Letter confirming grant of pub var',0,'2012-01-12 14:31:55',1,1),(386,999999,479,386,479,999999,'2012-01-12 14:31:55','ENV24 - Refusal of new application - oc issues',0,'2012-01-12 14:31:55',1,1),(387,999999,479,387,479,999999,'2012-01-12 14:31:55','ENV25 - Refusal of variation - oc issues',0,'2012-01-12 14:31:55',1,1),(388,7,479,388,479,62,'2012-01-12 14:31:55','ENV28 - letter advising invalid obj of non PI application decision',0,'2012-01-12 14:31:55',1,1),(389,7,479,389,479,65,'2012-01-12 14:31:55','ENV29 - letter advising invalid rep of non PI application decision',0,'2012-01-12 14:31:55',1,1),(390,7,479,390,479,63,'2012-01-12 14:31:55','ENV32 - Letter informing op of PI to be held - New app',0,'2012-01-12 14:31:55',1,1),(391,7,479,391,479,63,'2012-01-12 14:31:55','ENV33 - Letter informing op of PI to be held - var app',0,'2012-01-12 14:31:55',1,1),(392,9,1,392,1,31,'2012-09-14 00:00:00','GV - acknowledgement of complete pub app (NI)',1,'2012-09-14 00:00:00',0,1),(393,999999,1,393,1,999999,'2012-09-14 00:00:00','GV - Change of Entity - New App required (NI)',1,'2012-09-14 00:00:00',0,1),(394,999999,1,394,1,999999,'2012-09-14 00:00:00','GV - Letter advising new app grant set aside (NI)',1,'2012-09-14 00:00:00',0,1),(395,9,1,395,1,31,'2012-09-14 00:00:00','GV - Letter confirming grant of new app (NI)',1,'2012-09-14 00:00:00',0,1),(396,9,1,396,1,31,'2012-09-14 00:00:00','GV - Letter confirming grant of pub var (NI)',1,'2012-09-14 00:00:00',0,1),(397,999999,1,397,1,999999,'2012-09-14 00:00:00','GV - Letter to op advising that grant/refusal decision reviewed (NI)',1,'2012-09-14 00:00:00',0,1),(398,9,1,398,1,31,'2012-09-14 00:00:00','GV - New App Refusal - no advert (NI)',1,'2012-09-14 00:00:00',0,1),(399,9,1,399,1,31,'2012-09-14 00:00:00','GV - New App Refusal - no response to supporting doc request (NI)',1,'2012-09-14 00:00:00',0,1),(400,9,1,400,1,31,'2012-09-14 00:00:00','GV - New/Var App Incomplete - 1st request for supporting docs (NI)',1,'2012-09-14 00:00:00',0,1),(401,9,1,700,1,31,'2015-02-27 10:00:47','GV - New/Var Incomplete - final request for supporting docs (NI)',1,'2015-02-27 10:00:47',1,1),(402,999999,1,402,1,999999,'2012-09-14 00:00:00','GV - Var App - O/C not in Northern Ireland (NI)',1,'2012-09-14 00:00:00',0,1),(403,9,1,403,1,31,'2012-09-14 00:00:00','GV - Var App Refusal - no response to supporting doc request (NI)',1,'2012-09-14 00:00:00',0,1),(404,9,1,404,1,31,'2012-09-14 00:00:00','GV - Var App Refusal -no advert (NI)',1,'2012-09-14 00:00:00',0,1),(405,999999,1,405,1,999999,'2012-09-14 00:00:00','PSV - acknowledgement of complete new app (NI)',1,'2012-09-14 00:00:00',0,1),(406,9,1,406,1,31,'2012-09-14 00:00:00','PSV - App Refusal (NI)',1,'2012-09-14 00:00:00',1,1),(407,999999,1,407,1,999999,'2012-09-14 00:00:00','PSV - Change of entity - new app required (NI)',1,'2012-09-14 00:00:00',0,1),(408,999999,1,408,1,999999,'2012-09-14 00:00:00','PSV - Letter advising of review of grant or refusal decision (NI)',1,'2012-09-14 00:00:00',0,1),(409,999999,1,409,1,999999,'2012-09-14 00:00:00','PSV - Letter confirming grant of new app (NI)',1,'2012-09-14 00:00:00',0,1),(410,999999,1,410,1,999999,'2012-09-14 00:00:00','PSV - New app incomplete - 1st request for supporting docs (NI)',1,'2012-09-14 00:00:00',0,1),(411,999999,1,411,1,999999,'2012-09-14 00:00:00','PSV - New app incomplete - final request for supporting docs (NI)',1,'2012-09-14 00:00:00',0,1),(412,999999,1,412,1,999999,'2012-09-14 00:00:00','PSV - Propose to refuse - new app (NI)',1,'2012-09-14 00:00:00',1,1),(413,999999,1,413,1,999999,'2012-09-14 00:00:00','PSV - Response to objection (3rd Party) (NI)',1,'2012-09-14 00:00:00',1,1),(414,999999,1,414,1,999999,'2012-09-14 00:00:00','PSV - Var app incomplete - 1st request for supporting docs (NI)',1,'2012-09-14 00:00:00',0,1),(415,999999,1,415,1,999999,'2012-09-14 00:00:00','PSV - Var app incomplete - final request for supporting docs (NI)',1,'2012-09-14 00:00:00',0,1),(416,999999,1,416,1,999999,'2012-09-14 00:00:00','GV - Lic cont docs issued but finance declaration problems (NI)',1,'2012-09-14 00:00:00',0,1),(417,999999,1,417,1,999999,'2012-09-14 00:00:00','PSV - Lic cont docs issued but finance declaration problems (NI)',1,'2012-09-14 00:00:00',0,1),(418,1,1,418,1,74,'2012-09-14 00:00:00','GV - Acknowledgement of initial review complaint (NI)',1,'2012-09-14 00:00:00',1,1),(419,1,1,419,1,74,'2012-09-14 00:00:00','GV - Complainant advised that no review to be conducted (NI)',1,'2012-09-14 00:00:00',1,1),(420,999999,1,420,1,999999,'2012-09-14 00:00:00','GV - Initial letter advising OP of complaint (NI)',1,'2012-09-14 00:00:00',0,1),(421,1,1,421,1,74,'2012-09-14 00:00:00','GV - Letter advising complainant of proposed conditions (NI)',1,'2012-09-14 00:00:00',1,1),(422,999999,1,422,1,999999,'2012-09-14 00:00:00','GV - Licence continued - checklist not returned (NI)',1,'2012-09-14 00:00:00',0,1),(423,999999,1,423,1,999999,'2012-09-14 00:00:00','GV - Licence continued - variation required (NI)',1,'2012-09-14 00:00:00',0,1),(424,1,1,424,1,74,'2012-09-14 00:00:00','GV - Notification to complainant advise OC removed or Lic surrd (NI)',1,'2012-09-14 00:00:00',1,1),(425,1,1,425,1,74,'2012-09-14 00:00:00','GV - Notification to complainant of condition imposed/amended (NI)',1,'2012-09-14 00:00:00',1,1),(426,1,1,426,1,74,'2012-09-14 00:00:00','GV - Notification to Complainant that review to be conducted (NI)',1,'2012-09-14 00:00:00',1,1),(427,999999,1,427,1,999999,'2012-09-14 00:00:00','GV - Notification to lic holder that no review to be conducted (NI)',1,'2012-09-14 00:00:00',0,1),(428,1,1,428,1,74,'2012-09-14 00:00:00','GV - Notification to licence holder of attached conditions (NI)',1,'2012-09-14 00:00:00',1,1),(429,1,1,429,1,74,'2012-09-14 00:00:00','GV - Notification to licence holder of proposed conditions (NI)',1,'2012-09-14 00:00:00',1,1),(430,1,1,430,1,74,'2012-09-14 00:00:00','GV - Review no action result to operator (NI)',1,'2012-09-14 00:00:00',1,1),(431,1,1,431,1,74,'2012-09-14 00:00:00','GV - Review notice served on operator - more info needed (NI)',1,'2012-09-14 00:00:00',0,1),(432,1,1,432,1,74,'2012-09-14 00:00:00','GV - Review notice served on operator - propose conditions (NI)',1,'2012-09-14 00:00:00',0,1),(433,999999,1,433,1,999999,'2012-09-14 00:00:00','GV - Termination letter following non payment of cont fee (NI)',1,'2012-09-14 00:00:00',0,1),(434,999999,1,434,1,999999,'2012-09-14 00:00:00','GV/PSV - Licence cont maint details required (NI)',1,'2012-09-14 00:00:00',0,1),(435,999999,1,435,1,999999,'2012-09-14 00:00:00','GV/PSV - Licence cont multiple further info required (NI)',1,'2012-09-14 00:00:00',0,1),(436,999999,1,436,1,999999,'2012-09-14 00:00:00','GV/PSV - Licence cont new director noted (NI)',1,'2012-09-14 00:00:00',0,1),(437,999999,1,437,1,999999,'2012-09-14 00:00:00','PSV - Licence continued - checklist not returned (NI)',1,'2012-09-14 00:00:00',0,1),(438,999999,1,438,1,999999,'2012-09-14 00:00:00','PSV - Licence continued - variation required (NI)',1,'2012-09-14 00:00:00',0,1),(439,999999,1,439,1,999999,'2012-09-14 00:00:00','GV - New applications - grant/refusal (NI)',1,'2012-09-14 00:00:00',1,1),(440,999999,1,440,1,999999,'2012-09-14 00:00:00','GV - Variation applications - grant/refusal (NI)',1,'2012-09-14 00:00:00',1,1),(441,999999,1,441,1,999999,'2012-09-14 00:00:00','GV - Letter allowing continuation of licence without TM (NI)',1,'2012-09-14 00:00:00',0,1),(442,999999,1,442,1,999999,'2012-09-14 00:00:00','GV - Letter to operator following 3rd party notification of TM loss (NI)',1,'2012-09-14 00:00:00',0,1),(443,999999,1,443,1,999999,'2012-09-14 00:00:00','PSV - Letter allowing continuation of licence without TM (NI)',1,'2012-09-14 00:00:00',0,1),(444,999999,1,444,1,999999,'2012-09-14 00:00:00','PSV - Letter to op following 3rd party notification of TM loss (NI)',1,'2012-09-14 00:00:00',0,1),(445,999999,1,445,1,999999,'2012-09-14 00:00:00','GV - Letter chasing new application prior to expiry of Reg 29 (NI)',1,'2012-09-14 00:00:00',1,1),(446,999999,1,446,1,999999,'2012-09-14 00:00:00','GV - Letter confirming the Reg 29 direction given (NI)',1,'2012-09-14 00:00:00',1,1),(447,999999,1,447,1,999999,'2012-09-14 00:00:00','GV - Letter to appointed person re possible Reg 29 direction (NI)',1,'2012-09-14 00:00:00',1,1),(448,999999,1,448,1,999999,'2012-09-14 00:00:00','GV - Reg 29 notification of death of licence holder (NI)',1,'2012-09-14 00:00:00',1,1),(449,9,1,449,1,31,'2012-09-14 00:00:00','ENV09 - New/Var App Incomplete - 1st request for supporting docs (NI)',1,'2012-09-14 00:00:00',1,1),(450,999999,1,450,1,999999,'2012-09-14 00:00:00','ENV10 - Letter advising applicant of opposition received (NI)',1,'2012-09-14 00:00:00',0,1),(451,9,1,451,1,31,'2012-09-14 00:00:00','ENV12 - New/Var App Incomplete - final request for supporting docs (NI)',1,'2012-09-14 00:00:00',0,1),(452,999999,1,452,1,999999,'2012-09-14 00:00:00','ENV20 - Letter advising applicant of proposed conditions (NI)',1,'2012-09-14 00:00:00',0,1),(453,999999,1,453,1,999999,'2012-09-14 00:00:00','ENV01 - Letter explaining that no application received (NI)',1,'2012-09-14 00:00:00',1,1),(454,7,1,454,1,62,'2012-09-14 00:00:00','ENV02 - Acknowledgement of objection (NI)',1,'2012-09-14 00:00:00',1,1),(455,999999,1,455,1,999999,'2012-09-14 00:00:00','ENV03 - Individual councillor not entitled to raise objections (NI)',1,'2012-09-14 00:00:00',1,1),(456,7,1,456,1,65,'2012-09-14 00:00:00','ENV04 - Acknowledgement of rep (NI)',1,'2012-09-14 00:00:00',1,1),(457,999999,1,457,1,999999,'2012-09-14 00:00:00','ENV05 - Parish council rep not acceptable (NI)',1,'2012-09-14 00:00:00',1,1),(458,999999,1,458,1,999999,'2012-09-14 00:00:00','ENV06 - Acknowledgement of rep - no ENV grounds (NI)',1,'2012-09-14 00:00:00',1,1),(459,999999,1,459,1,999999,'2012-09-14 00:00:00','ENV07 - Letter to lead petitioner (representation) (NI)',1,'2012-09-14 00:00:00',1,1),(460,999999,1,460,1,999999,'2012-09-14 00:00:00','ENV08 - Letter to remaining petitioners (representation) (NI)',1,'2012-09-14 00:00:00',1,1),(461,999999,1,461,1,999999,'2012-09-14 00:00:00','ENV11 - ENV case received after app processed - no opposition (NI)',1,'2012-09-14 00:00:00',1,1),(462,999999,1,462,1,999999,'2012-09-14 00:00:00','ENV13 - GV79E reminder letter (NI)',1,'2012-09-14 00:00:00',0,1),(463,999999,1,463,1,999999,'2012-09-14 00:00:00','ENV14 - Letter to OP with copies of reps (NI)',1,'2012-09-14 00:00:00',0,1),(464,999999,1,464,1,999999,'2012-09-14 00:00:00','ENV15 - Letter to representor - operating centre follow up (NI)',1,'2012-09-14 00:00:00',1,1),(465,999999,1,465,1,999999,'2012-09-14 00:00:00','ENV16 - Letter to objector - operating centre follow up (NI)',1,'2012-09-14 00:00:00',1,1),(466,999999,1,466,1,999999,'2012-09-14 00:00:00','ENV17 - Letter to applicant - operating centre follow up (NI)',1,'2012-09-14 00:00:00',1,1),(467,999999,1,467,1,999999,'2012-09-14 00:00:00','ENV18 - Letter advising objector of proposed conditions (NI)',1,'2012-09-14 00:00:00',1,1),(468,999999,1,468,1,999999,'2012-09-14 00:00:00','ENV19 - Letter advising rep of proposed conditions (NI)',1,'2012-09-14 00:00:00',1,1),(469,999999,1,469,1,999999,'2012-09-14 00:00:00','ENV21 - Propose to refuse letter - oc issues (NI)',1,'2012-09-14 00:00:00',1,1),(470,9,1,470,1,31,'2012-09-14 00:00:00','ENV22 - Letter confirming grant of new app (NI)',1,'2012-09-14 00:00:00',1,1),(471,9,1,471,1,31,'2012-09-14 00:00:00','ENV23 - Letter confirming grant of pub var (NI)',1,'2012-09-14 00:00:00',1,1),(472,999999,1,472,1,999999,'2012-09-14 00:00:00','ENV24 - Refusal of new application - oc issues (NI)',1,'2012-09-14 00:00:00',1,1),(473,999999,1,473,1,999999,'2012-09-14 00:00:00','ENV25 - Refusal of variation - oc issues (NI)',1,'2012-09-14 00:00:00',1,1),(474,999999,1,474,1,999999,'2012-09-14 00:00:00','ENV26 - Letter advising Valid Obj of non PI app decision (NI)',1,'2012-09-14 00:00:00',1,1),(475,999999,1,475,1,999999,'2012-09-14 00:00:00','ENV27 - Letter advising Valid Rep of non PI app decision (NI)',1,'2012-09-14 00:00:00',1,1),(476,7,1,476,1,62,'2012-09-14 00:00:00','ENV28 - letter advising invalid obj of non PI application decision (NI)',1,'2012-09-14 00:00:00',1,1),(477,7,1,477,1,65,'2012-09-14 00:00:00','ENV29 - letter advising invalid rep of non PI application decision (NI)',1,'2012-09-14 00:00:00',1,1),(478,999999,1,478,1,999999,'2012-09-14 00:00:00','ENV30 - Objector advised of withdrawn pub app (NI)',1,'2012-09-14 00:00:00',1,1),(479,999999,1,479,1,999999,'2012-09-14 00:00:00','ENV31 - Rep advised of withdrawn pub app (NI)',1,'2012-09-14 00:00:00',1,1),(480,7,1,480,1,63,'2012-09-14 00:00:00','ENV32 - Letter informing op of PI to be held - New app (NI)',1,'2012-09-14 00:00:00',1,1),(481,7,1,481,1,63,'2012-09-14 00:00:00','ENV33 - Letter informing op of PI to be held - var app (NI)',1,'2012-09-14 00:00:00',1,1),(482,999999,1,482,1,999999,'2012-09-14 00:00:00','ENV34 - letter informing obj or rep that PI to be held (NI)',1,'2012-09-14 00:00:00',1,1),(483,999999,1,483,1,999999,'2012-09-14 00:00:00','GV - Refund Letter (NI)',1,'2012-09-14 00:00:00',0,1),(484,999999,1,484,1,999999,'2012-09-14 00:00:00','PSV - Refund Letter (NI)',1,'2012-09-14 00:00:00',0,1),(485,999999,1,485,1,999999,'2012-09-14 00:00:00','Failed cheque-request for repayment (NI)',1,'2012-09-14 00:00:00',1,1),(486,999999,1,486,1,999999,'2012-09-14 00:00:00','Failed credit/debit card-request for repayment (NI)',1,'2012-09-14 00:00:00',1,1),(487,999999,1,487,1,999999,'2012-09-14 00:00:00','GV - Continuation falls bounced cheque (NI)',1,'2012-09-14 00:00:00',0,1),(488,999999,1,488,1,999999,'2012-09-14 00:00:00','GV - Continuation fresh fee required (NI)',1,'2012-09-14 00:00:00',0,1),(489,999999,1,489,1,999999,'2012-09-14 00:00:00','GV - New App fresh grant fee required (NI)',1,'2012-09-14 00:00:00',0,1),(490,999999,1,490,1,999999,'2012-09-14 00:00:00','GV - New App grant set aside - Bounced cheque (NI)',1,'2012-09-14 00:00:00',0,1),(491,999999,1,491,1,999999,'2012-09-14 00:00:00','PSV - Var app grant set aside - bounced cheque (NI)',1,'2012-09-14 00:00:00',0,1),(492,999999,1,492,1,999999,'2012-09-14 00:00:00','PSV - New app grant set aside - bounced cheque (NI)',1,'2012-09-14 00:00:00',0,1),(493,999999,1,493,1,999999,'2012-09-14 00:00:00','PSV - Letter confirming grant of minibus permit (NI)',1,'2012-09-14 00:00:00',0,1),(494,999999,1,494,1,999999,'2012-09-14 00:00:00','PSV - Letter confirming grant of var app (NI)',1,'2012-09-14 00:00:00',0,1),(495,999999,1,495,1,999999,'2012-09-14 00:00:00','GV -  Acceptance letter covering late or non fee payments (NI)',1,'2012-09-14 00:00:00',0,1),(496,999999,1,496,1,999999,'2012-09-14 00:00:00','GV - no application fee GV81 (NI)',1,'2012-09-14 00:00:00',0,1),(497,999999,1,497,1,999999,'2012-09-14 00:00:00','GV - no fee sched 1 auth increasing (NI)',1,'2012-09-14 00:00:00',0,1),(498,999999,1,498,1,999999,'2012-09-14 00:00:00','GV - Non acceptance letter covering late or non fee payments (NI)',1,'2012-09-14 00:00:00',0,1),(499,999999,1,499,1,999999,'2012-09-14 00:00:00','Incorrectly completed cheque (NI)',1,'2012-09-14 00:00:00',0,1),(500,999999,1,500,1,999999,'2012-09-14 00:00:00','PSV - No application fee (NI)',1,'2012-09-14 00:00:00',0,1),(501,999999,1,501,1,999999,'2012-09-14 00:00:00','5_YEAR_CHECKLIST_GV (NI)',1,'2012-09-14 00:00:00',0,1),(502,999999,1,502,1,999999,'2012-09-14 00:00:00','5_YEAR_CHECKLIST_PSV (NI)',1,'2012-09-14 00:00:00',0,1),(503,999999,1,503,1,999999,'2012-09-14 00:00:00','5_YEAR_CHECKLIST_PSVSR (NI)',1,'2012-09-14 00:00:00',0,1),(504,999999,1,504,1,999999,'2012-09-14 00:00:00','CHASEUP_LETTER_GV_5Year (NI)',1,'2012-09-14 00:00:00',0,1),(505,999999,1,505,1,999999,'2012-09-14 00:00:00','CHASEUP_LETTER_PSVSR (NI)',1,'2012-09-14 00:00:00',0,1),(506,999999,1,506,1,999999,'2012-09-14 00:00:00','EARLY_REP_TEMPLATE (NI)',1,'2012-09-14 00:00:00',1,1),(507,999999,1,507,1,999999,'2012-09-14 00:00:00','FEE_REQ_GRANT_GV (NI)',1,'2012-09-14 00:00:00',0,1),(508,999999,1,508,1,999999,'2012-09-14 00:00:00','FEE_REQ_INSUFFICIENT (NI)',1,'2012-09-14 00:00:00',0,1),(509,999999,1,509,1,999999,'2012-09-14 00:00:00','FEE_REQ_INT_APP (NI)',1,'2012-09-14 00:00:00',0,1),(510,999999,1,510,1,999999,'2012-09-14 00:00:00','GV_INTERIM_DIRECTION (NI)',1,'2012-09-14 00:00:00',0,1),(511,999999,1,511,1,999999,'2012-09-14 00:00:00','GV_INTERIM_LICENCE (NI)',1,'2012-09-14 00:00:00',0,1),(512,999999,1,512,1,999999,'2012-09-14 00:00:00','GV_LICENCE (NI)',1,'2012-09-14 00:00:00',0,1),(513,999999,1,513,1,999999,'2012-09-14 00:00:00','GV_VEHICLE_LIST (NI)',1,'2012-09-14 00:00:00',0,1),(514,1,1,514,1,79,'2012-09-14 00:00:00','NEW_APP_INT_GRANTED (NI)',1,'2012-09-14 00:00:00',0,1),(515,999999,1,515,1,999999,'2012-09-14 00:00:00','NEW_APP_INT_REFUSED (NI)',1,'2012-09-14 00:00:00',0,1),(516,999999,1,516,1,999999,'2012-09-14 00:00:00','PSV_LICENCE (NI)',1,'2012-09-14 00:00:00',0,1),(517,999999,1,517,1,999999,'2012-09-14 00:00:00','PSV_VEHICLE_LIST (NI)',1,'2012-09-14 00:00:00',0,1),(518,999999,1,518,1,999999,'2012-09-14 00:00:00','PSVSR_Licence (NI)',1,'2012-09-14 00:00:00',0,1),(519,1,1,519,1,79,'2012-09-14 00:00:00','REVIEW_COMPLAINT_STILL_VALID_QUERY (NI)',1,'2012-09-14 00:00:00',1,1),(520,1,1,520,1,79,'2012-09-14 00:00:00','VAR_APP_INT_GRANTED (NI)',1,'2012-09-14 00:00:00',0,1),(521,999999,1,521,1,999999,'2012-09-14 00:00:00','VAR_APP_INT_REFUSED (NI)',1,'2012-09-14 00:00:00',0,1),(522,999999,1,522,1,999999,'2012-09-14 00:00:00','Vehicle Registration Check (NI)',1,'2012-09-14 00:00:00',0,1),(523,999999,1,523,1,999999,'2012-09-14 00:00:00','Compliance: Acknowledgement to Complainant Letter (NI)',1,'2012-09-14 00:00:00',1,1),(524,999999,1,524,1,999999,'2012-09-14 00:00:00','Compliance: Apology/Referral to Complainant Letter (NI)',1,'2012-09-14 00:00:00',1,1),(525,2,1,525,1,44,'2012-09-14 00:00:00','Compliance: Further Information from Complainant Letter (NI)',1,'2012-09-14 00:00:00',1,1),(526,999999,1,526,1,999999,'2012-09-14 00:00:00','Compliance: Permission from Complainant Letter (NI)',1,'2012-09-14 00:00:00',1,1),(527,2,1,527,1,55,'2012-09-14 00:00:00','Compliance: Covering Letter Section 9 Statement (NI)',1,'2012-09-14 00:00:00',1,1),(528,2,1,528,1,55,'2012-09-14 00:00:00','Compliance: Statement of Witness (NI)',1,'2012-09-14 00:00:00',1,1),(529,999999,1,529,1,999999,'2012-09-14 00:00:00','Compliance: Covering Letter Section 43 Statement (NI)',1,'2012-09-14 00:00:00',1,1),(530,999999,1,530,1,999999,'2012-09-14 00:00:00','Compliance: Section 43 Certificate (NI)',1,'2012-09-14 00:00:00',1,1),(531,999999,1,531,1,999999,'2012-09-14 00:00:00','Impounding - HGV502 TRU letter about hearing (NI)',1,'2012-09-14 00:00:00',1,1),(532,999999,1,532,1,999999,'2012-09-14 00:00:00','Impounding - HGV503 Release after written representations (NI)',1,'2012-09-14 00:00:00',1,1),(533,999999,1,533,1,999999,'2012-09-14 00:00:00','Impounding - HGV504 Release after Hearing (NI)',1,'2012-09-14 00:00:00',1,1),(534,999999,1,534,1,999999,'2012-09-14 00:00:00','Impounding - HGV505 Detention after written representations (NI)',1,'2012-09-14 00:00:00',1,1),(535,999999,1,535,1,999999,'2012-09-14 00:00:00','Impounding - HGV506 Detention after Hearing (NI)',1,'2012-09-14 00:00:00',1,1),(536,999999,1,536,1,999999,'2012-09-14 00:00:00','Impounding - HGV507 Note to DVA Disposal after 21 days (NI)',1,'2012-09-14 00:00:00',1,1),(537,999999,1,537,1,999999,'2012-09-14 00:00:00','Impounding - HGV508 Application received after 21 days (NI)',1,'2012-09-14 00:00:00',1,1),(538,999999,1,538,1,999999,'2012-09-14 00:00:00','Impounding - HGV509 Notification to DVA (NI)',1,'2012-09-14 00:00:00',1,1),(539,999999,1,539,1,999999,'2012-09-14 00:00:00','Impounding - PSV502 TRU letter about hearing (NI)',1,'2012-09-14 00:00:00',1,1),(540,999999,1,540,1,999999,'2012-09-14 00:00:00','Impounding - PSV503 Release after written representations (NI)',1,'2012-09-14 00:00:00',1,1),(541,999999,1,541,1,999999,'2012-09-14 00:00:00','Impounding - PSV504 Release after Hearing (NI)',1,'2012-09-14 00:00:00',1,1),(542,999999,1,542,1,999999,'2012-09-14 00:00:00','Impounding - PSV505 Detention after written representations (NI)',1,'2012-09-14 00:00:00',1,1),(543,999999,1,543,1,999999,'2012-09-14 00:00:00','Impounding - PSV506 Detention after Hearing (NI)',1,'2012-09-14 00:00:00',1,1),(544,999999,1,544,1,999999,'2012-09-14 00:00:00','Impounding - PSV507 Note to DVA Disposal after 21 days (NI)',1,'2012-09-14 00:00:00',1,1),(545,999999,1,545,1,999999,'2012-09-14 00:00:00','Impounding - PSV508 Application received after 21 days (NI)',1,'2012-09-14 00:00:00',1,1),(546,999999,1,546,1,999999,'2012-09-14 00:00:00','Impounding - PSV509 Notification to DVA (NI)',1,'2012-09-14 00:00:00',1,1),(547,999999,1,547,1,999999,'2012-09-14 00:00:00','PTR Decision For TM Exercise (NI)',1,'2012-09-14 00:00:00',1,1),(548,2,1,548,1,57,'2012-09-14 00:00:00','Compliance: No Further Action Letter (NI)',1,'2012-09-14 00:00:00',1,1),(549,999999,1,549,1,999999,'2012-09-14 00:00:00','Compliance: Request Explanation Letter (NI)',1,'2012-09-14 00:00:00',1,1),(550,2,1,550,1,57,'2012-09-14 00:00:00','Compliance: Warning Letter (NI)',1,'2012-09-14 00:00:00',1,1),(551,999999,1,551,1,999999,'2012-09-14 00:00:00','Compliance: AD Interview Confirmation Letter (NI)',1,'2012-09-14 00:00:00',1,1),(552,999999,1,552,1,999999,'2012-09-14 00:00:00','Compliance: AD Interview Invitation Letter (NI)',1,'2012-09-14 00:00:00',1,1),(553,999999,1,553,1,999999,'2012-09-14 00:00:00','Compliance: In-Chambers Confirmation Letter (NI)',1,'2012-09-14 00:00:00',1,1),(554,999999,1,554,1,999999,'2012-09-14 00:00:00','Compliance: In-Chambers Invitation Letter (NI)',1,'2012-09-14 00:00:00',1,1),(555,999999,1,555,1,999999,'2012-09-14 00:00:00','Bus Registration: Public Inquiry Call-up Annex A (NI)',1,'2012-09-14 00:00:00',1,1),(556,999999,1,556,1,999999,'2012-09-14 00:00:00','Bus Registration: Public Inquiry Call-up Annex B (NI)',1,'2012-09-14 00:00:00',1,1),(557,999999,1,557,1,999999,'2012-09-14 00:00:00','Bus Registration: Public Inquiry Call-up Annex C (NI)',1,'2012-09-14 00:00:00',1,1),(558,999999,1,558,1,999999,'2012-09-14 00:00:00','Bus Registration: Public Inquiry Call-up Annex D (NI)',1,'2012-09-14 00:00:00',1,1),(559,999999,1,559,1,999999,'2012-09-14 00:00:00','Bus Registration: Public Inquiry Call-up Letter (NI)',1,'2012-09-14 00:00:00',1,1),(560,999999,1,560,1,999999,'2012-09-14 00:00:00','Bus Registration: Schedule of Registered Bus Services Annex 1 (NI)',1,'2012-09-14 00:00:00',1,1),(561,999999,1,561,1,999999,'2012-09-14 00:00:00','Compliance: Attendance at PI Return Proforma Annex F (NI)',1,'2012-09-14 00:00:00',1,1),(562,999999,1,562,1,999999,'2012-09-14 00:00:00','Compliance: Disciplinary Annex A (NI)',1,'2012-09-14 00:00:00',1,1),(563,999999,1,563,1,999999,'2012-09-14 00:00:00','Compliance: Disciplinary Annex B (NI)',1,'2012-09-14 00:00:00',1,1),(564,999999,1,564,1,999999,'2012-09-14 00:00:00','Compliance: Disciplinary Annex C (NI)',1,'2012-09-14 00:00:00',1,1),(565,999999,1,565,1,999999,'2012-09-14 00:00:00','Compliance: Disciplinary Annex D (NI)',1,'2012-09-14 00:00:00',1,1),(566,2,1,566,1,49,'2012-09-14 00:00:00','Compliance: Disciplinary Public Inquiry Call-up letter (NI)',1,'2012-09-14 00:00:00',1,1),(567,999999,1,567,1,999999,'2012-09-14 00:00:00','Compliance: Environmental Annexes A (NI)',1,'2012-09-14 00:00:00',1,1),(568,999999,1,568,1,999999,'2012-09-14 00:00:00','Compliance: Environmental Annexes B (NI)',1,'2012-09-14 00:00:00',1,1),(569,999999,1,569,1,999999,'2012-09-14 00:00:00','Compliance: Environmental Annexes C (NI)',1,'2012-09-14 00:00:00',1,1),(570,999999,1,570,1,999999,'2012-09-14 00:00:00','Compliance: Environmental Annexes D (NI)',1,'2012-09-14 00:00:00',1,1),(571,999999,1,571,1,999999,'2012-09-14 00:00:00','Compliance: Environmental Public Inquiry Call-up Letter (NI)',1,'2012-09-14 00:00:00',1,1),(572,999999,1,572,1,999999,'2012-09-14 00:00:00','Compliance: Public Inquiry Adjournment Letter (NI)',1,'2012-09-14 00:00:00',1,1),(573,2,1,573,1,49,'2012-09-14 00:00:00','Compliance: Public Inquiry Decision Letter (NI)',1,'2012-09-14 00:00:00',1,1),(574,999999,1,574,1,999999,'2012-09-14 00:00:00','Compliance: Review Annexes A (NI)',1,'2012-09-14 00:00:00',1,1),(575,999999,1,575,1,999999,'2012-09-14 00:00:00','Compliance: Review Annexes B (NI)',1,'2012-09-14 00:00:00',1,1),(576,999999,1,576,1,999999,'2012-09-14 00:00:00','Compliance: Review Annexes C (NI)',1,'2012-09-14 00:00:00',1,1),(577,999999,1,577,1,999999,'2012-09-14 00:00:00','Compliance: Review Annexes D (NI)',1,'2012-09-14 00:00:00',1,1),(578,999999,1,578,1,999999,'2012-09-14 00:00:00','Compliance: Review of Op Centre Public Inquiry Call-up letter (NI)',1,'2012-09-14 00:00:00',1,1),(579,999999,1,579,1,999999,'2012-09-14 00:00:00','Compliance: Schedule of Convictions Annex 2 (NI)',1,'2012-09-14 00:00:00',1,1),(580,999999,1,580,1,999999,'2012-09-14 00:00:00','Compliance: Schedule of Prohibitions (NI)',1,'2012-09-14 00:00:00',1,1),(581,999999,1,581,1,999999,'2012-09-14 00:00:00','Compliance: Vehicles currently on Op Licence PSV Annex E (NI)',1,'2012-09-14 00:00:00',1,1),(582,999999,1,582,1,999999,'2012-09-14 00:00:00','Compliance: Vehicles Used Under OL Goods Annex E (NI)',1,'2012-09-14 00:00:00',1,1),(583,999999,1,583,1,999999,'2012-09-14 00:00:00','Compliance: Blank letter to Operator GV (NI)',1,'2012-09-14 00:00:00',1,1),(584,999999,1,584,1,999999,'2012-09-14 00:00:00','Compliance: Blank letter to Operator PSV (NI)',1,'2012-09-14 00:00:00',1,1),(585,999999,1,585,1,999999,'2012-09-14 00:00:00','Compliance: Remove undertaking following PI (NI)',1,'2012-09-14 00:00:00',1,1),(586,999999,1,586,1,999999,'2012-09-14 00:00:00','Compliance: Remove undertaking non PI (NI)',1,'2012-09-14 00:00:00',1,1),(587,999999,1,587,1,999999,'2012-09-14 00:00:00','Compliance: Letter Requesting Further Info from Operator (NI)',1,'2012-09-14 00:00:00',1,1),(588,999999,1,588,1,999999,'2012-09-14 00:00:00','Compliance: Partner Organisation Driver Request Info Letter (NI)',1,'2012-09-14 00:00:00',1,1),(589,999999,1,589,1,999999,'2012-09-14 00:00:00','Compliance: Reminder Letter (for all categories) (NI)',1,'2012-09-14 00:00:00',1,1),(590,999999,1,590,1,999999,'2012-09-14 00:00:00','Compliance: Request for Stay Decision Letter (NI)',1,'2012-09-14 00:00:00',1,1),(591,999999,1,591,1,999999,'2012-09-14 00:00:00','Compliance: Request Further Investigation  Letter (NI)',1,'2012-09-14 00:00:00',1,1),(592,999999,1,592,1,999999,'2012-09-14 00:00:00','Compliance: Standard Paragraphs (NI)',1,'2012-09-14 00:00:00',1,1),(593,999999,1,593,1,999999,'2012-09-14 00:00:00','TRU Submission template Goods (NI)',1,'2012-09-14 00:00:00',1,1),(594,999999,1,594,1,999999,'2012-09-14 00:00:00','TRU Submission template PSV (NI)',1,'2012-09-14 00:00:00',1,1),(595,999999,1,595,1,999999,'2012-09-14 00:00:00','Driver Conduct: Call To PI Provisional LGV/PCV Application (NI)',1,'2012-09-14 00:00:00',1,1),(596,999999,1,596,1,999999,'2012-09-14 00:00:00','Driver Conduct: Conf Restored Lic Rehab Period, No Sub, No PI (NI)',1,'2012-09-14 00:00:00',1,1),(597,999999,1,597,1,999999,'2012-09-14 00:00:00','Driver Conduct: Fit to Hold Licence Letter (NI)',1,'2012-09-14 00:00:00',1,1),(598,999999,1,598,1,999999,'2012-09-14 00:00:00','Driver Conduct: Grant Provisional LGV/PCV Lic No Hearing (NI)',1,'2012-09-14 00:00:00',1,1),(599,999999,1,599,1,999999,'2012-09-14 00:00:00','Driver Conduct: Grant Provisional Lic At PI With Warning (NI)',1,'2012-09-14 00:00:00',1,1),(600,999999,1,600,1,999999,'2012-09-14 00:00:00','Driver Conduct: Lic Restoration With Rehab Period, Option of PI (NI)',1,'2012-09-14 00:00:00',1,1),(601,999999,1,601,1,999999,'2012-09-14 00:00:00','Driver Conduct: NFA of Licence At PI With Warning (NI)',1,'2012-09-14 00:00:00',1,1),(602,999999,1,602,1,999999,'2012-09-14 00:00:00','Driver Conduct: Reduction of Restoration Period LGV/PCV Lic (NI)',1,'2012-09-14 00:00:00',1,1),(603,999999,1,603,1,999999,'2012-09-14 00:00:00','Driver Conduct: Refused LGV/PCV Licence Post PI until. (NI)',1,'2012-09-14 00:00:00',1,1),(604,999999,1,604,1,999999,'2012-09-14 00:00:00','Driver Conduct: Renewal Refused/Extended Disqual of  Lic At PI (NI)',1,'2012-09-14 00:00:00',1,1),(605,999999,1,605,1,999999,'2012-09-14 00:00:00','Driver Conduct: Restoration With Warning (NI)',1,'2012-09-14 00:00:00',1,1),(606,999999,1,606,1,999999,'2012-09-14 00:00:00','Driver Conduct: Revoked and Disqual of LGV/PCV Licence At PI (NI)',1,'2012-09-14 00:00:00',1,1),(607,999999,1,607,1,999999,'2012-09-14 00:00:00','Driver Conduct: Suspension of LGV/PCV Licence At PI (NI)',1,'2012-09-14 00:00:00',1,1),(608,999999,1,608,1,999999,'2012-09-14 00:00:00','Bus Registration: Acknowledge Complaint Letter (NI)',1,'2012-09-14 00:00:00',1,1),(609,999999,1,609,1,999999,'2012-09-14 00:00:00','Bus Registration: Acknowledgement To Operator OK Letter (NI)',1,'2012-09-14 00:00:00',1,1),(610,999999,1,610,1,999999,'2012-09-14 00:00:00','Bus Registration: Acknowledgement Vehicle Condition Letter (NI)',1,'2012-09-14 00:00:00',1,1),(611,999999,1,611,1,999999,'2012-09-14 00:00:00','Bus Registration: Ask Complainant For Further Details Letter (NI)',1,'2012-09-14 00:00:00',1,1),(612,999999,1,612,1,999999,'2012-09-14 00:00:00','Bus Registration: DVA No Problems Letter (NI)',1,'2012-09-14 00:00:00',1,1),(613,999999,1,613,1,999999,'2012-09-14 00:00:00','Bus Registration: No Jurisdiction Letter (NI)',1,'2012-09-14 00:00:00',1,1),(614,999999,1,614,1,999999,'2012-09-14 00:00:00','Bus Registration: Operator Reply Not Acceptable (NI)',1,'2012-09-14 00:00:00',1,1),(615,999999,1,615,1,999999,'2012-09-14 00:00:00','Bus Registration: Reminder Letter (NI)',1,'2012-09-14 00:00:00',1,1),(616,999999,1,616,1,999999,'2012-09-14 00:00:00','Bus Registration: Reply To Complainant Letter (NI)',1,'2012-09-14 00:00:00',1,1),(617,999999,1,617,1,999999,'2012-09-14 00:00:00','Bus Registration: Request Operator For Comments Letter (NI)',1,'2012-09-14 00:00:00',1,1),(618,3,1,618,1,40,'2012-09-14 00:00:00','BUS_REG_CANCELLATION (NI)',1,'2012-09-14 00:00:00',1,1),(619,999999,1,619,1,999999,'2012-09-14 00:00:00','BUS_REG_CANCELLATION_REFUSE_SHORT_NOTICE (NI)',1,'2012-09-14 00:00:00',1,1),(620,999999,1,620,1,999999,'2012-09-14 00:00:00','BUS_REG_COPY (NI)',1,'2012-09-14 00:00:00',1,1),(621,999999,1,621,1,999999,'2012-09-14 00:00:00','BUS_REG_NEW_REGISTRATION (NI)',1,'2012-09-14 00:00:00',1,1),(622,999999,1,622,1,999999,'2012-09-14 00:00:00','BUS_REG_NEW_REGISTRATION_REFUSE_SHORT_NOTICE (NI)',1,'2012-09-14 00:00:00',1,1),(623,999999,1,623,1,999999,'2012-09-14 00:00:00','BUS_REG_VARIATION (NI)',1,'2012-09-14 00:00:00',1,1),(624,999999,1,624,1,999999,'2012-09-14 00:00:00','BUS_REG_VARIATION_REFUSE_SHORT_NOTICE (NI)',1,'2012-09-14 00:00:00',1,1),(625,999999,1,625,1,999999,'2012-09-14 00:00:00','Cheque Returned - App Withdrawn (NI)',1,'2012-09-14 00:00:00',1,1),(626,999999,1,626,1,999999,'2012-09-14 00:00:00','Cheque Returned - Re-Apply (NI)',1,'2012-09-14 00:00:00',1,1),(627,999999,1,627,1,999999,'2012-09-14 00:00:00','No Fee (NI)',1,'2012-09-14 00:00:00',1,1),(628,999999,1,628,1,999999,'2012-09-14 00:00:00','Refusal (NI)',1,'2012-09-14 00:00:00',1,1),(629,999999,1,629,1,999999,'2012-09-14 00:00:00','Request Supporting Docs (NI)',1,'2012-09-14 00:00:00',1,1),(630,999999,1,630,1,999999,'2012-09-14 00:00:00','Scottish-Cheque Returned - App Withdrawn (NI)',1,'2012-09-14 00:00:00',1,1),(631,999999,1,631,1,999999,'2012-09-14 00:00:00','Scottish-Cheque Returned - Re-Apply (NI)',1,'2012-09-14 00:00:00',1,1),(632,999999,1,632,1,999999,'2012-09-14 00:00:00','Scottish-No Fee (NI)',1,'2012-09-14 00:00:00',1,1),(633,999999,1,633,1,999999,'2012-09-14 00:00:00','Scottish-Request Supporting Docs (NI)',1,'2012-09-14 00:00:00',1,1),(634,999999,1,634,1,999999,'2012-09-14 00:00:00','PERMIT_COMMUNITY (NI)',1,'2012-09-14 00:00:00',0,1),(635,999999,1,635,1,999999,'2012-09-14 00:00:00','PERMIT_COMMUNITY_LETTER (NI)',1,'2012-09-14 00:00:00',0,1),(636,999999,1,636,1,999999,'2012-09-14 00:00:00','PERMIT_LARGE (NI)',1,'2012-09-14 00:00:00',0,1),(637,999999,1,637,1,999999,'2012-09-14 00:00:00','PERMIT_LARGE_LETTER (NI)',1,'2012-09-14 00:00:00',0,1),(638,999999,1,638,1,999999,'2012-09-14 00:00:00','PERMIT_SMALL (NI)',1,'2012-09-14 00:00:00',0,1),(639,999999,1,639,1,999999,'2012-09-14 00:00:00','PERMIT_SMALL_LETTER (NI)',1,'2012-09-14 00:00:00',0,1),(640,999999,1,640,1,999999,'2012-09-14 00:00:00','Refund of Permit Application Fee (NI)',1,'2012-09-14 00:00:00',0,1),(641,999999,1,641,1,999999,'2012-09-14 00:00:00','Sect 19 Permit - Request for further info (NI)',1,'2012-09-14 00:00:00',0,1),(642,999999,1,642,1,999999,'2012-09-14 00:00:00','Sect 22 Permit - Request for further info (NI)',1,'2012-09-14 00:00:00',0,1),(643,999999,1,643,1,999999,'2012-09-14 00:00:00','Address of Establishment Letter (NI)',1,'2012-09-14 00:00:00',0,1),(644,999999,1,644,1,999999,'2012-09-14 00:00:00','Community Licence Office Copy Cover Letter (NI)',1,'2012-09-14 00:00:00',0,1),(645,999999,1,645,1,999999,'2012-09-14 00:00:00','Goods Submission template (NI)',1,'2012-09-14 00:00:00',1,1),(646,9,1,646,1,31,'2012-09-14 00:00:00','GV - blank letter template to operator (NI)',1,'2012-09-14 00:00:00',0,1),(647,9,1,647,1,31,'2012-09-14 00:00:00','GV - Blank letter template to other than operator (NI)',1,'2012-09-14 00:00:00',1,1),(648,1,1,648,1,79,'2012-09-14 00:00:00','GV - Surrender request letter (NI)',1,'2012-09-14 00:00:00',1,1),(649,999999,1,649,1,999999,'2012-09-14 00:00:00','Multiple Licence Holder - letter to operator (NI)',1,'2012-09-14 00:00:00',1,1),(650,999999,1,650,1,999999,'2012-09-14 00:00:00','Original documents send back letter (NI)',1,'2012-09-14 00:00:00',1,1),(651,999999,1,651,1,999999,'2012-09-14 00:00:00','PSV - blank letter template to operator (NI)',1,'2012-09-14 00:00:00',0,1),(652,999999,1,652,1,999999,'2012-09-14 00:00:00','PSV - Blank letter template to other than operator (NI)',1,'2012-09-14 00:00:00',1,1),(653,999999,1,653,1,999999,'2012-09-14 00:00:00','PSV - Letter informing OP of PI to be held (NI)',1,'2012-09-14 00:00:00',0,1),(654,999999,1,654,1,999999,'2012-09-14 00:00:00','PSV - Submission template (NI)',1,'2012-09-14 00:00:00',1,1),(655,1,1,655,1,79,'2012-09-14 00:00:00','PSV - Surrender request letter (NI)',1,'2012-09-14 00:00:00',1,1),(656,5,1,656,1,99,'2012-09-14 00:00:00','TM BLANK LETTER TEMPLATE GV (NI)',1,'2012-09-14 00:00:00',1,1),(657,5,1,657,1,99,'2012-09-14 00:00:00','TM BLANK LETTER TEMPLATE PSV (NI)',1,'2012-09-14 00:00:00',1,1),(658,999999,1,658,1,999999,'2012-09-14 00:00:00','TM_PICallUpLetterGV (NI)',1,'2012-09-14 00:00:00',1,1),(659,999999,1,659,1,999999,'2012-09-14 00:00:00','TM_PICallUpLetterPSV (NI)',1,'2012-09-14 00:00:00',1,1),(660,999999,1,660,1,999999,'2012-09-14 00:00:00','TM_PIDecisionLetterGV (NI)',1,'2012-09-14 00:00:00',1,1),(661,999999,1,661,1,999999,'2012-09-14 00:00:00','TM_PIDecisionLetterPSV (NI)',1,'2012-09-14 00:00:00',1,1),(662,999999,1,662,1,999999,'2012-09-14 00:00:00','TM_Comp_AttendanceAtPIReturnProformaAnnexF (NI)',1,'2012-09-14 00:00:00',1,1),(663,999999,1,663,1,999999,'2012-09-14 00:00:00','TM_Comp_PIAdjournmentLetter (NI)',1,'2012-09-14 00:00:00',1,1),(664,999999,1,664,1,999999,'2012-09-14 00:00:00','TM_Comp_PIDecisionLetter - GV (NI)',1,'2012-09-14 00:00:00',1,1),(665,999999,1,665,1,999999,'2012-09-14 00:00:00','TM_Comp_PIDecisionLetter - PSV (NI)',1,'2012-09-14 00:00:00',1,1),(666,999999,1,666,1,999999,'2012-09-14 00:00:00','TM_Comp_RequestForStayDecisionLetter (NI)',1,'2012-09-14 00:00:00',1,1),(667,999999,1,667,1,999999,'2012-09-14 00:00:00','TM_PIDisciplinaryAnnexA (NI)',1,'2012-09-14 00:00:00',1,1),(669,999999,479,669,479,999999,'2013-06-12 15:04:50','Compliance: Public Inquiry Decision Letter SEMTA',0,'2013-06-12 15:04:50',1,1),(670,999999,1,670,1,999999,'2013-09-04 10:00:47','Compliance: Public Inquiry Brief',0,'2013-09-04 10:00:47',1,1),(671,2,1,671,1,55,'2013-09-04 10:00:47','Compliance: Proforma 38-36 statement (NI)',1,'2013-09-04 10:00:47',0,1),(683,11,1,683,1,113,'2015-02-27 10:00:47','Publication: A&D East of England',0,'2015-02-27 10:00:47',1,1),(684,11,1,684,1,113,'2015-02-27 10:00:47','Publication: A&D London and the South East of England',0,'2015-02-27 10:00:47',1,1),(685,11,1,685,1,113,'2015-02-27 10:00:47','Publication: A&D North East of England',0,'2015-02-27 10:00:47',1,1),(686,11,1,686,1,113,'2015-02-27 10:00:47','Publication: A&D North West of England',0,'2015-02-27 10:00:47',1,1),(687,11,1,687,1,113,'2015-02-27 10:00:47','Publication: A&D Northern Ireland',1,'2015-02-27 10:00:47',1,1),(688,11,1,688,1,113,'2015-02-27 10:00:47','Publication: A&D Scotland',0,'2015-02-27 10:00:47',1,1),(689,11,1,689,1,113,'2015-02-27 10:00:47','Publication: A&D West Midlands',0,'2015-02-27 10:00:47',1,1),(690,11,1,690,1,113,'2015-02-27 10:00:47','Publication: A&D West of England',0,'2015-02-27 10:00:47',1,1),(691,11,1,691,1,113,'2015-02-27 10:00:47','Publication: N&P East of England',0,'2015-02-27 10:00:47',1,1),(692,11,1,692,1,113,'2015-02-27 10:00:47','Publication: N&P London and the South East of England',0,'2015-02-27 10:00:47',1,1),(693,11,1,693,1,113,'2015-02-27 10:00:47','Publication: N&P North East of England',0,'2015-02-27 10:00:47',1,1),(694,11,1,694,1,113,'2015-02-27 10:00:47','Publication: N&P North West of England',0,'2015-02-27 10:00:47',1,1),(695,11,1,695,1,113,'2015-02-27 10:00:47','Publication: N&P Scotland',0,'2015-02-27 10:00:47',1,1),(696,11,1,696,1,113,'2015-02-27 10:00:47','Publication: N&P West Midlands',0,'2015-02-27 10:00:47',1,1),(697,11,1,697,1,113,'2015-02-27 10:00:47','Publication: N&P West of England',0,'2015-02-27 10:00:47',1,1),(698,11,1,698,1,113,'2015-02-27 10:00:47','Publication: A&D Wales',0,'2015-02-27 10:00:47',1,1),(699,11,1,699,1,113,'2015-02-27 10:00:47','Publication: N&P Wales',0,'2015-02-27 10:00:47',1,1),(702,999999,479,702,479,999999,'2015-01-01 00:00:00','GV Continuation checklist',0,'2015-01-01 00:00:00',1,1),(703,999999,479,703,479,999999,'2015-01-01 00:00:00','GV Continuation checklist',0,'2015-01-01 00:00:00',1,1),(704,999999,479,704,479,999999,'2015-01-01 00:00:00','PSV Continuation checklist',0,'2015-01-01 00:00:00',1,1),(705,999999,479,705,479,999999,'2015-01-01 00:00:00','PSV SR Continuation checklist',0,'2015-01-01 00:00:00',1,1),(706,999999,479,706,479,999999,'2015-01-01 00:00:00','GV Duplicate vehicle letter',0,'2015-01-01 00:00:00',1,1),(707,999999,479,707,479,999999,'2015-01-01 00:00:00','GV Duplicate vehicle letter (NI)',1,'2015-01-01 00:00:00',1,1);
/*!40000 ALTER TABLE `doc_template` ENABLE KEYS */;
UNLOCK TABLES;

--
-- Dumping data for table `doc_template_bookmark`
--

LOCK TABLES `doc_template_bookmark` WRITE;
/*!40000 ALTER TABLE `doc_template_bookmark` DISABLE KEYS */;
INSERT INTO `doc_template_bookmark` (`id`, `created_by`, `doc_bookmark_id`, `doc_template_id`, `last_modified_by`, `created_on`, `last_modified_on`, `version`) VALUES (1,479,1,14,479,'2002-05-14 17:45:01','2002-05-14 17:45:01',1),(2,479,2,52,479,'2002-05-14 17:45:01','2002-05-14 17:45:01',1),(3,479,3,7,479,'2002-05-14 17:45:01','2002-05-14 17:45:01',1),(4,479,3,8,479,'2002-05-14 17:45:01','2002-05-14 17:45:01',1),(5,479,3,206,479,'2002-05-14 17:45:01','2002-05-14 17:45:01',1),(6,479,3,207,479,'2002-05-14 17:45:01','2002-05-14 17:45:01',1),(7,1,3,262,1,'2004-09-30 18:05:54','2004-09-30 18:05:54',1),(8,1,3,323,1,'2010-01-13 13:20:47','2010-01-13 13:20:47',1),(9,291,3,329,291,'2010-11-25 13:43:02','2010-11-25 13:43:02',1),(10,479,4,7,479,'2002-05-14 17:45:01','2002-05-14 17:45:01',1),(11,479,4,207,479,'2002-05-14 17:45:01','2002-05-14 17:45:01',1),(12,1,4,323,1,'2010-01-13 13:20:47','2010-01-13 13:20:47',1),(13,479,5,7,479,'2002-05-14 17:45:01','2002-05-14 17:45:01',1),(14,479,5,8,479,'2002-05-14 17:45:01','2002-05-14 17:45:01',1),(15,1,5,323,1,'2010-01-13 13:20:47','2010-01-13 13:20:47',1),(16,291,5,329,291,'2010-11-25 13:43:02','2010-11-25 13:43:02',1),(17,479,6,10,479,'2002-05-14 17:45:01','2002-05-14 17:45:01',1),(18,479,7,9,479,'2002-05-14 17:45:01','2002-05-14 17:45:01',1),(19,479,8,17,479,'2002-05-14 17:45:01','2002-05-14 17:45:01',1),(20,479,9,38,479,'2002-05-14 17:45:01','2002-05-14 17:45:01',1),(21,479,9,39,479,'2002-05-14 17:45:01','2002-05-14 17:45:01',1),(22,479,10,39,479,'2002-05-14 17:45:01','2002-05-14 17:45:01',1),(23,479,11,38,479,'2002-05-14 17:45:01','2002-05-14 17:45:01',1),(24,479,12,93,479,'2002-05-14 17:45:01','2002-05-14 17:45:01',1),(25,479,12,94,479,'2002-05-14 17:45:01','2002-05-14 17:45:01',1),(26,479,12,95,479,'2002-05-14 17:45:01','2002-05-14 17:45:01',1),(27,479,12,96,479,'2002-05-14 17:45:01','2002-05-14 17:45:01',1),(28,479,12,97,479,'2002-05-14 17:45:01','2002-05-14 17:45:01',1),(29,479,12,107,479,'2002-05-14 17:45:01','2002-05-14 17:45:01',1),(30,479,12,108,479,'2002-05-14 17:45:01','2002-05-14 17:45:01',1),(31,479,12,109,479,'2002-05-14 17:45:01','2002-05-14 17:45:01',1),(32,479,12,110,479,'2002-05-14 17:45:01','2002-05-14 17:45:01',1),(33,479,12,111,479,'2002-05-14 17:45:01','2002-05-14 17:45:01',1),(34,479,12,112,479,'2002-05-14 17:45:01','2002-05-14 17:45:01',1),(35,479,12,113,479,'2002-05-14 17:45:01','2002-05-14 17:45:01',1),(36,479,12,114,479,'2002-05-14 17:45:01','2002-05-14 17:45:01',1),(37,479,12,115,479,'2002-05-14 17:45:01','2002-05-14 17:45:01',1),(38,479,12,125,479,'2002-05-14 17:45:01','2002-05-14 17:45:01',1),(39,479,12,128,479,'2002-05-14 17:45:01','2002-05-14 17:45:01',1),(40,479,12,129,479,'2002-05-14 17:45:01','2002-05-14 17:45:01',1),(41,479,12,169,479,'2002-05-14 17:45:01','2002-05-14 17:45:01',1),(42,479,31,116,479,'2002-05-14 17:45:01','2002-05-14 17:45:01',1),(43,479,31,121,479,'2002-05-14 17:45:01','2002-05-14 17:45:01',1),(44,479,32,157,479,'2002-05-14 17:45:01','2002-05-14 17:45:01',1),(45,479,33,158,479,'2002-05-14 17:45:01','2002-05-14 17:45:01',1),(46,479,34,159,479,'2002-05-14 17:45:01','2002-05-14 17:45:01',1),(47,479,35,117,479,'2002-05-14 17:45:01','2002-05-14 17:45:01',1),(48,479,36,122,479,'2002-05-14 17:45:01','2002-05-14 17:45:01',1),(49,479,37,160,479,'2002-05-14 17:45:01','2002-05-14 17:45:01',1),(50,479,38,161,479,'2002-05-14 17:45:01','2002-05-14 17:45:01',1),(51,479,39,162,479,'2002-05-14 17:45:01','2002-05-14 17:45:01',1),(52,479,40,123,479,'2002-05-14 17:45:01','2002-05-14 17:45:01',1),(53,479,41,124,479,'2002-05-14 17:45:01','2002-05-14 17:45:01',1),(54,479,42,163,479,'2002-05-14 17:45:01','2002-05-14 17:45:01',1),(55,479,43,164,479,'2002-05-14 17:45:01','2002-05-14 17:45:01',1),(56,479,44,165,479,'2002-05-14 17:45:01','2002-05-14 17:45:01',1),(57,479,45,126,479,'2002-05-14 17:45:01','2002-05-14 17:45:01',1),(58,479,46,127,479,'2002-05-14 17:45:01','2002-05-14 17:45:01',1),(59,479,47,127,479,'2002-05-14 17:45:01','2002-05-14 17:45:01',1),(60,479,48,127,479,'2002-05-14 17:45:01','2002-05-14 17:45:01',1),(61,479,49,127,479,'2002-05-14 17:45:01','2002-05-14 17:45:01',1),(62,479,50,127,479,'2002-05-14 17:45:01','2002-05-14 17:45:01',1),(63,479,51,127,479,'2002-05-14 17:45:01','2002-05-14 17:45:01',1),(64,479,52,127,479,'2002-05-14 17:45:01','2002-05-14 17:45:01',1),(65,479,53,130,479,'2002-05-14 17:45:01','2002-05-14 17:45:01',1),(66,479,53,131,479,'2002-05-14 17:45:01','2002-05-14 17:45:01',1),(67,479,53,132,479,'2002-05-14 17:45:01','2002-05-14 17:45:01',1),(68,479,53,133,479,'2002-05-14 17:45:01','2002-05-14 17:45:01',1),(69,479,53,134,479,'2002-05-14 17:45:01','2002-05-14 17:45:01',1),(70,479,53,135,479,'2002-05-14 17:45:01','2002-05-14 17:45:01',1),(71,479,53,136,479,'2002-05-14 17:45:01','2002-05-14 17:45:01',1),(72,479,53,137,479,'2002-05-14 17:45:01','2002-05-14 17:45:01',1),(73,479,53,138,479,'2002-05-14 17:45:01','2002-05-14 17:45:01',1),(74,479,53,139,479,'2002-05-14 17:45:01','2002-05-14 17:45:01',1),(75,479,53,140,479,'2002-05-14 17:45:01','2002-05-14 17:45:01',1),(76,479,53,141,479,'2002-05-14 17:45:01','2002-05-14 17:45:01',1),(77,479,53,142,479,'2002-05-14 17:45:01','2002-05-14 17:45:01',1),(78,479,54,143,479,'2002-05-14 17:45:01','2002-05-14 17:45:01',1),(79,479,54,144,479,'2002-05-14 17:45:01','2002-05-14 17:45:01',1),(80,479,54,145,479,'2002-05-14 17:45:01','2002-05-14 17:45:01',1),(81,479,54,146,479,'2002-05-14 17:45:01','2002-05-14 17:45:01',1),(82,479,54,147,479,'2002-05-14 17:45:01','2002-05-14 17:45:01',1),(83,479,54,148,479,'2002-05-14 17:45:01','2002-05-14 17:45:01',1),(84,479,54,149,479,'2002-05-14 17:45:01','2002-05-14 17:45:01',1),(85,479,54,150,479,'2002-05-14 17:45:01','2002-05-14 17:45:01',1),(86,479,54,151,479,'2002-05-14 17:45:01','2002-05-14 17:45:01',1),(87,479,54,152,479,'2002-05-14 17:45:01','2002-05-14 17:45:01',1),(88,479,55,153,479,'2002-05-14 17:45:01','2002-05-14 17:45:01',1),(89,479,56,154,479,'2002-05-14 17:45:01','2002-05-14 17:45:01',1),(90,479,57,166,479,'2002-05-14 17:45:01','2002-05-14 17:45:01',1),(91,479,58,167,479,'2002-05-14 17:45:01','2002-05-14 17:45:01',1),(92,479,59,168,479,'2002-05-14 17:45:01','2002-05-14 17:45:01',1),(93,479,60,156,479,'2002-05-14 17:45:01','2002-05-14 17:45:01',1),(94,479,60,669,479,'2013-06-12 15:05:16','2013-06-12 15:05:16',1),(95,479,61,108,479,'2002-05-14 17:45:01','2002-05-14 17:45:01',1),(96,479,63,204,479,'2002-05-14 17:45:01','2002-05-14 17:45:01',1),(97,479,64,205,479,'2002-05-14 17:45:01','2002-05-14 17:45:01',1),(98,1,69,272,1,'2007-10-23 15:41:35','2007-10-23 15:41:35',1),(99,1,70,272,1,'2007-10-23 15:41:35','2007-10-23 15:41:35',1),(100,1,71,428,1,'2012-09-14 15:27:27','2012-09-14 15:27:27',1),(101,1,72,419,1,'2012-09-14 15:27:27','2012-09-14 15:27:27',1),(102,1,73,392,1,'2012-09-14 15:27:27','2012-09-14 15:27:27',1),(103,1,73,400,1,'2012-09-14 15:27:27','2012-09-14 15:27:27',1),(104,1,73,401,1,'2012-09-14 15:27:27','2012-09-14 15:27:27',1),(105,1,73,449,1,'2012-09-14 15:27:27','2012-09-14 15:27:27',1),(106,1,73,450,1,'2012-09-14 15:27:27','2012-09-14 15:27:27',1),(107,1,73,451,1,'2012-09-14 15:27:27','2012-09-14 15:27:27',1),(108,1,73,452,1,'2012-09-14 15:27:27','2012-09-14 15:27:27',1),(109,1,74,392,1,'2012-09-14 15:27:27','2012-09-14 15:27:27',1),(110,1,74,400,1,'2012-09-14 15:27:27','2012-09-14 15:27:27',1),(111,1,74,449,1,'2012-09-14 15:27:27','2012-09-14 15:27:27',1),(112,1,75,400,1,'2012-09-14 15:27:27','2012-09-14 15:27:27',1),(113,1,75,401,1,'2012-09-14 15:27:27','2012-09-14 15:27:27',1),(114,1,75,449,1,'2012-09-14 15:27:27','2012-09-14 15:27:27',1),(115,1,75,451,1,'2012-09-14 15:27:27','2012-09-14 15:27:27',1),(116,1,76,440,1,'2012-09-14 15:27:27','2012-09-14 15:27:27',1),(117,1,77,424,1,'2012-09-14 15:27:27','2012-09-14 15:27:27',1),(118,1,78,495,1,'2012-09-14 15:27:27','2012-09-14 15:27:27',1),(119,1,78,498,1,'2012-09-14 15:27:27','2012-09-14 15:27:27',1),(120,1,79,498,1,'2012-09-14 15:27:27','2012-09-14 15:27:27',1),(121,1,80,495,1,'2012-09-14 15:27:27','2012-09-14 15:27:27',1),(122,1,81,523,1,'2012-09-14 15:27:27','2012-09-14 15:27:27',1),(123,1,81,524,1,'2012-09-14 15:27:27','2012-09-14 15:27:27',1),(124,1,81,525,1,'2012-09-14 15:27:27','2012-09-14 15:27:27',1),(125,1,81,526,1,'2012-09-14 15:27:27','2012-09-14 15:27:27',1),(126,1,81,527,1,'2012-09-14 15:27:27','2012-09-14 15:27:27',1),(127,1,81,547,1,'2012-09-14 15:27:27','2012-09-14 15:27:27',1),(128,1,81,548,1,'2012-09-14 15:27:27','2012-09-14 15:27:27',1),(129,1,81,549,1,'2012-09-14 15:27:27','2012-09-14 15:27:27',1),(130,1,81,550,1,'2012-09-14 15:27:27','2012-09-14 15:27:27',1),(131,1,81,551,1,'2012-09-14 15:27:27','2012-09-14 15:27:27',1),(132,1,81,552,1,'2012-09-14 15:27:27','2012-09-14 15:27:27',1),(133,1,81,553,1,'2012-09-14 15:27:27','2012-09-14 15:27:27',1),(134,1,81,554,1,'2012-09-14 15:27:27','2012-09-14 15:27:27',1),(135,1,81,572,1,'2012-09-14 15:27:27','2012-09-14 15:27:27',1),(136,1,81,587,1,'2012-09-14 15:27:27','2012-09-14 15:27:27',1),(137,1,81,589,1,'2012-09-14 15:27:27','2012-09-14 15:27:27',1),(138,1,81,590,1,'2012-09-14 15:27:27','2012-09-14 15:27:27',1),(139,1,81,591,1,'2012-09-14 15:27:27','2012-09-14 15:27:27',1),(140,1,82,562,1,'2012-09-14 15:27:27','2012-09-14 15:27:27',1),(141,1,82,667,1,'2012-09-14 15:27:27','2012-09-14 15:27:27',1),(142,1,83,563,1,'2012-09-14 15:27:27','2012-09-14 15:27:27',1),(143,1,84,564,1,'2012-09-14 15:27:27','2012-09-14 15:27:27',1),(144,1,85,565,1,'2012-09-14 15:27:27','2012-09-14 15:27:27',1),(145,1,86,567,1,'2012-09-14 15:27:27','2012-09-14 15:27:27',1),(146,1,87,568,1,'2012-09-14 15:27:27','2012-09-14 15:27:27',1),(147,1,88,569,1,'2012-09-14 15:27:27','2012-09-14 15:27:27',1),(148,1,89,570,1,'2012-09-14 15:27:27','2012-09-14 15:27:27',1),(149,1,90,578,1,'2012-09-14 15:27:27','2012-09-14 15:27:27',1),(150,1,91,574,1,'2012-09-14 15:27:27','2012-09-14 15:27:27',1),(151,1,92,575,1,'2012-09-14 15:27:27','2012-09-14 15:27:27',1),(152,1,93,576,1,'2012-09-14 15:27:27','2012-09-14 15:27:27',1),(153,1,94,577,1,'2012-09-14 15:27:27','2012-09-14 15:27:27',1),(154,1,95,559,1,'2012-09-14 15:27:27','2012-09-14 15:27:27',1),(155,1,96,555,1,'2012-09-14 15:27:27','2012-09-14 15:27:27',1),(156,1,97,556,1,'2012-09-14 15:27:27','2012-09-14 15:27:27',1),(157,1,98,557,1,'2012-09-14 15:27:27','2012-09-14 15:27:27',1),(158,1,98,569,1,'2012-09-14 15:27:27','2012-09-14 15:27:27',1),(159,1,99,558,1,'2012-09-14 15:27:27','2012-09-14 15:27:27',1),(160,1,99,570,1,'2012-09-14 15:27:27','2012-09-14 15:27:27',1),(161,1,100,573,1,'2012-09-14 15:27:27','2012-09-14 15:27:27',1),(162,1,101,549,1,'2012-09-14 15:27:28','2012-09-14 15:27:28',1),(163,1,103,629,1,'2012-09-14 15:27:28','2012-09-14 15:27:28',1),(164,1,104,628,1,'2012-09-14 15:27:28','2012-09-14 15:27:28',1),(165,1,105,649,1,'2012-09-14 15:27:28','2012-09-14 15:27:28',1),(166,1,106,649,1,'2012-09-14 15:27:28','2012-09-14 15:27:28',1),(167,1,107,588,1,'2012-09-14 15:27:28','2012-09-14 15:27:28',1);
/*!40000 ALTER TABLE `doc_template_bookmark` ENABLE KEYS */;
UNLOCK TABLES;

--
-- Dumping data for table `document`
--

LOCK TABLES `document` WRITE;
/*!40000 ALTER TABLE `document` DISABLE KEYS */;
INSERT INTO `document` (`id`, `application_id`, `bus_reg_id`, `case_id`, `category_id`, `created_by`, `irfo_organisation_id`, `last_modified_by`, `licence_id`, `operating_centre_id`, `opposition_id`, `sub_category_id`, `submission_id`, `traffic_area_id`, `transport_manager_id`, `created_on`, `deleted_date`, `description`, `filename`, `document_store_id`, `is_external`, `is_read_only`, `is_scan`, `issued_date`, `last_modified_on`, `metadata`, `olbs_key`, `olbs_type`, `size`, `version`) VALUES (2,NULL,NULL,NULL,9,479,NULL,479,NULL,NULL,NULL,31,NULL,NULL,NULL,'2002-05-14 17:45:01',NULL,'GV - New App Refusal - no advert',NULL,'/templates/GB/NEW_APP_REFUSED_NO_ADVERT.rtf',0,NULL,0,NULL,'2002-05-14 17:45:01',NULL,NULL,NULL,NULL,1),(3,NULL,NULL,NULL,9,479,NULL,479,NULL,NULL,NULL,31,NULL,NULL,NULL,'2002-05-14 17:45:01',NULL,'GV - New App Refusal - no response to supporting docs requests',NULL,'/templates/GB/NEW_APP_REFUSED_SUPP_DOCS.rtf',0,NULL,0,NULL,'2002-05-14 17:45:01',NULL,NULL,NULL,NULL,1),(4,NULL,NULL,NULL,999999,479,NULL,479,NULL,NULL,NULL,999999,NULL,NULL,NULL,'2002-05-14 17:45:01',NULL,'GV - Var App - Wrong TAO',NULL,'/templates/GB/VAR_APP_WRONG_TAO.rtf',0,NULL,0,NULL,'2002-05-14 17:45:01',NULL,NULL,NULL,NULL,1),(5,NULL,NULL,NULL,9,479,NULL,479,NULL,NULL,NULL,31,NULL,NULL,NULL,'2002-05-14 17:45:01',NULL,'GV - Var App Refusal -no advert',NULL,'/templates/GB/VAR_APP_REFUSED_NO_ADVERT.rtf',0,NULL,0,NULL,'2002-05-14 17:45:01',NULL,NULL,NULL,NULL,1),(6,NULL,NULL,NULL,9,479,NULL,479,NULL,NULL,NULL,31,NULL,NULL,NULL,'2002-05-14 17:45:01',NULL,'GV - Var App Refusal - no response to supporting docs requests',NULL,'/templates/GB/VAR_APP_REFUSED_SUPP_DOCS.rtf',0,NULL,0,NULL,'2002-05-14 17:45:01',NULL,NULL,NULL,NULL,1),(7,NULL,NULL,NULL,85,479,NULL,479,NULL,NULL,NULL,1,NULL,NULL,NULL,'2002-05-14 17:45:01',NULL,'GV - New/Var App Incomplete - 1st request for supporting docs',NULL,'/templates/GB/PUB_APPS_SUPP_DOCS_1ST.rtf',0,NULL,0,NULL,'2002-05-14 17:45:01',NULL,NULL,NULL,NULL,1),(9,NULL,NULL,NULL,999999,479,NULL,479,NULL,NULL,NULL,999999,NULL,NULL,NULL,'2002-05-14 17:45:01',NULL,'GV - New applications - grant/refusal',NULL,'/templates/GB/SCH4_NEW_APP_DECISION.rtf',0,NULL,0,NULL,'2002-05-14 17:45:01',NULL,NULL,NULL,NULL,1),(10,NULL,NULL,NULL,999999,479,NULL,479,NULL,NULL,NULL,999999,NULL,NULL,NULL,'2002-05-14 17:45:01',NULL,'GV - Variation applications - grant/refusal',NULL,'/templates/GB/SCH4_VAR_APP_DECISION.rtf',0,NULL,0,NULL,'2002-05-14 17:45:01',NULL,NULL,NULL,NULL,1),(11,NULL,NULL,NULL,999999,479,NULL,479,NULL,NULL,NULL,999999,NULL,NULL,NULL,'2002-05-14 17:45:01',NULL,'GV - Licence continued - variation required',NULL,'/templates/GB/LIC_CONTD_VAR_REQD.rtf',0,NULL,0,NULL,'2002-05-14 17:45:01',NULL,NULL,NULL,NULL,1),(12,NULL,NULL,NULL,999999,479,NULL,479,NULL,NULL,NULL,999999,NULL,NULL,NULL,'2002-05-14 17:45:01',NULL,'GV - Licence continued - checklist not returned',NULL,'/templates/GB/LIC_CONTD_NO_CHECKLIST_GV.rtf',0,NULL,0,NULL,'2002-05-14 17:45:01',NULL,NULL,NULL,NULL,1),(13,NULL,NULL,NULL,1,479,NULL,479,NULL,NULL,NULL,74,NULL,NULL,NULL,'2002-05-14 17:45:01',NULL,'GV - Notification to licence holder of proposed conditions',NULL,'/templates/GB/REVIEW_PROPOSED_CONDITIONS.rtf',0,NULL,0,NULL,'2002-05-14 17:45:01',NULL,NULL,NULL,NULL,1),(14,NULL,NULL,NULL,1,479,NULL,479,NULL,NULL,NULL,74,NULL,NULL,NULL,'2002-05-14 17:45:01',NULL,'GV - Notification to licence holder of attached conditions',NULL,'/templates/GB/REVIEW_CONDITIONS_IMPOSED_OP.rtf',0,NULL,0,NULL,'2002-05-14 17:45:01',NULL,NULL,NULL,NULL,1),(15,NULL,NULL,NULL,999999,479,NULL,479,NULL,NULL,NULL,999999,NULL,NULL,NULL,'2002-05-14 17:45:01',NULL,'GV - Notification to licence holder that no review to be conducted',NULL,'/templates/GB/NO_REVIEW_HELD_OP_TOLD.rtf',0,NULL,0,NULL,'2002-05-14 17:45:01',NULL,NULL,NULL,NULL,1),(16,NULL,NULL,NULL,1,479,NULL,479,NULL,NULL,NULL,74,NULL,NULL,NULL,'2002-05-14 17:45:01',NULL,'GV - Notification to complainant of conditions imposed/amended',NULL,'/templates/GB/REVIEW_RESULT_COMPLAINANT.rtf',0,NULL,0,NULL,'2002-05-14 17:45:01',NULL,NULL,NULL,NULL,1),(17,NULL,NULL,NULL,1,479,NULL,479,NULL,NULL,NULL,74,NULL,NULL,NULL,'2002-05-14 17:45:01',NULL,'GV - Notification to complainant advising tht OC removed or Licence surrendered',NULL,'/templates/GB/REVIEW_COMPLAINANT_OPERATOR_NOW_MOVED.rtf',0,NULL,0,NULL,'2002-05-14 17:45:01',NULL,NULL,NULL,NULL,1),(18,NULL,NULL,NULL,999999,479,NULL,479,NULL,NULL,NULL,999999,NULL,NULL,NULL,'2002-05-14 17:45:01',NULL,'GV - Change of Entity - New App required',NULL,'/templates/GB/ENTITY_CHANGE_NEW_APP_REQD.rtf',0,NULL,0,NULL,'2002-05-14 17:45:01',NULL,NULL,NULL,NULL,1),(19,NULL,NULL,NULL,999999,479,NULL,479,NULL,NULL,NULL,999999,NULL,NULL,NULL,'2002-05-14 17:45:01',NULL,'GV - Letter to operator following 3rd party notification of TM loss',NULL,'/templates/GB/NO_TM_REQUEST_OP_COMMENTS.rtf',0,NULL,0,NULL,'2002-05-14 17:45:01',NULL,NULL,NULL,NULL,1),(20,NULL,NULL,NULL,999999,479,NULL,479,NULL,NULL,NULL,999999,NULL,NULL,NULL,'2002-05-14 17:45:01',NULL,'GV - Letter allowing continuation of licence without TM',NULL,'/templates/GB/NO_TM_LICENCE_CONT.rtf',0,NULL,0,NULL,'2002-05-14 17:45:01',NULL,NULL,NULL,NULL,1),(21,NULL,NULL,NULL,999999,479,NULL,479,NULL,NULL,NULL,999999,NULL,NULL,NULL,'2002-05-14 17:45:01',NULL,'GV - Letter to appointed person regarding possible Reg 31 direction',NULL,'/templates/GB/REG31_LETTER_REQUESTING_INFO.rtf',0,NULL,0,NULL,'2002-05-14 17:45:01',NULL,NULL,NULL,NULL,1),(22,NULL,NULL,NULL,999999,479,NULL,479,NULL,NULL,NULL,999999,NULL,NULL,NULL,'2002-05-14 17:45:01',NULL,'GV - Letter confirming the Reg 31 direction given',NULL,'/templates/GB/REG31_DIRECTION_GIVEN.rtf',0,NULL,0,NULL,'2002-05-14 17:45:01',NULL,NULL,NULL,NULL,1),(23,NULL,NULL,NULL,999999,479,NULL,479,NULL,NULL,NULL,999999,NULL,NULL,NULL,'2002-05-14 17:45:01',NULL,'GV - Letter chasing new application prior to expiry of Reg 31',NULL,'/templates/GB/REG31_NEW_APP_REMINDER.rtf',0,NULL,0,NULL,'2002-05-14 17:45:01',NULL,NULL,NULL,NULL,1),(24,NULL,NULL,NULL,999999,479,NULL,479,NULL,NULL,NULL,999999,NULL,NULL,NULL,'2002-05-14 17:45:01',NULL,'ENV01 - Letter explaining that no application received',NULL,'/templates/GB/REP_NO_APP_RECVD.rtf',0,NULL,0,NULL,'2002-05-14 17:45:01',NULL,NULL,NULL,NULL,1),(25,NULL,NULL,NULL,999999,479,NULL,479,NULL,NULL,NULL,999999,NULL,NULL,NULL,'2002-05-14 17:45:01',NULL,'ENV06 - Acknowledgement of rep - no ENV grounds',NULL,'/templates/GB/REP_INVALID_TECH_SUITABILITY.rtf',0,NULL,0,NULL,'2002-05-14 17:45:01',NULL,NULL,NULL,NULL,1),(27,NULL,NULL,NULL,999999,479,NULL,479,NULL,NULL,NULL,999999,NULL,NULL,NULL,'2002-05-14 17:45:01',NULL,'ENV27 - Letter advising Valid Rep of non PI application decision',NULL,'/templates/GB/PUB_APP_DECISION_TO_REP.rtf',0,NULL,0,NULL,'2002-05-14 17:45:01',NULL,NULL,NULL,NULL,1),(28,NULL,NULL,NULL,999999,479,NULL,479,NULL,NULL,NULL,999999,NULL,NULL,NULL,'2002-05-14 17:45:01',NULL,'ENV26 - Letter advising Valid Obj of non PI application decision',NULL,'/templates/GB/PUB_APP_DECISION_TO_OBJECTOR.rtf',0,NULL,0,NULL,'2002-05-14 17:45:01',NULL,NULL,NULL,NULL,1),(29,NULL,NULL,NULL,999999,479,NULL,479,NULL,NULL,NULL,999999,NULL,NULL,NULL,'2002-05-14 17:45:01',NULL,'GV - Refund Letter',NULL,'/templates/GB/REFUND_LETTER.rtf',0,NULL,0,NULL,'2002-05-14 17:45:01',NULL,NULL,NULL,NULL,1),(30,NULL,NULL,NULL,999999,479,NULL,479,NULL,NULL,NULL,999999,NULL,NULL,NULL,'2002-05-14 17:45:01',NULL,'GV - Continuation falls bounced cheque',NULL,'/templates/GB/CONTINUATION_FALLS_BOUNCED_CHEQUE.rtf',0,NULL,0,NULL,'2002-05-14 17:45:01',NULL,NULL,NULL,NULL,1),(31,NULL,NULL,NULL,999999,479,NULL,479,NULL,NULL,NULL,999999,NULL,NULL,NULL,'2002-05-14 17:45:01',NULL,'GV - Continuation fresh fee required',NULL,'/templates/GB/CONTINUATION_FRESH_FEE_REQD.rtf',0,NULL,0,NULL,'2002-05-14 17:45:01',NULL,NULL,NULL,NULL,1),(32,NULL,NULL,NULL,999999,479,NULL,479,NULL,NULL,NULL,999999,NULL,NULL,NULL,'2002-05-14 17:45:01',NULL,'GV - New App grant set aside - Bounced cheque',NULL,'/templates/GB/NEW_APP_GRANT_SET_ASIDE.rtf',0,NULL,0,NULL,'2002-05-14 17:45:01',NULL,NULL,NULL,NULL,1),(33,NULL,NULL,NULL,999999,479,NULL,479,NULL,NULL,NULL,999999,NULL,NULL,NULL,'2002-05-14 17:45:01',NULL,'GV - New App fresh grant fee required',NULL,'/templates/GB/NEW_APP_FRESH_GRANT_FEE.rtf',0,NULL,0,NULL,'2002-05-14 17:45:01',NULL,NULL,NULL,NULL,1),(38,NULL,NULL,NULL,999999,479,NULL,479,NULL,NULL,NULL,999999,NULL,NULL,NULL,'2002-05-14 17:45:01',NULL,'GV -  Acceptance letter covering late or non fee payments',NULL,'/templates/GB/LATE_OR_NON_FEE_ACCEPTED.rtf',0,NULL,0,NULL,'2002-05-14 17:45:01',NULL,NULL,NULL,NULL,1),(39,NULL,NULL,NULL,999999,479,NULL,479,NULL,NULL,NULL,999999,NULL,NULL,NULL,'2002-05-14 17:45:01',NULL,'GV - Non acceptance letter covering late or non fee payments',NULL,'/templates/GB/LATE_OR_NON_FEE_NOT_ACCEPTED.rtf',0,NULL,0,NULL,'2002-05-14 17:45:01',NULL,NULL,NULL,NULL,1),(41,NULL,NULL,NULL,999999,479,NULL,479,NULL,NULL,NULL,999999,NULL,NULL,NULL,'2002-05-14 17:45:01',NULL,'GV - Termination letter following non payment of cont fee',NULL,'/templates/GB/LICENCE_TERMINATED_CONT_FEE_NOT_PAID.rtf',0,NULL,0,NULL,'2002-05-14 17:45:01',NULL,NULL,NULL,NULL,1),(44,NULL,NULL,NULL,999999,479,NULL,479,NULL,NULL,NULL,999999,NULL,NULL,NULL,'2002-05-14 17:45:01',NULL,'GV - Letter advising new app grant set aside',NULL,'/templates/GB/NEW_APP_GRANT_NOT_TAKEN_UP.rtf',0,NULL,0,NULL,'2002-05-14 17:45:01',NULL,NULL,NULL,NULL,1),(47,NULL,NULL,NULL,7,479,NULL,479,NULL,NULL,NULL,62,NULL,NULL,NULL,'2002-05-14 17:45:01',NULL,'ENV02 - Acknowledgement of objection',NULL,'/templates/GB/OBJECTION_ACKNOWLEDGEMENT_OF.rtf',0,NULL,0,NULL,'2002-05-14 17:45:01',NULL,NULL,NULL,NULL,1),(48,NULL,NULL,NULL,999999,479,NULL,479,NULL,NULL,NULL,999999,NULL,NULL,NULL,'2002-05-14 17:45:01',NULL,'ENV05 - Parish council rep not acceptable',NULL,'/templates/GB/PARISH_COUNCIL_REP_INVALID.rtf',0,NULL,0,NULL,'2002-05-14 17:45:01',NULL,NULL,NULL,NULL,1),(49,NULL,NULL,NULL,999999,479,NULL,479,NULL,NULL,NULL,999999,NULL,NULL,NULL,'2002-05-14 17:45:01',NULL,'ENV30 - Objector advised of withdrawn pub app',NULL,'/templates/GB/PUB_APP_WITHDRAWN_OBJ_TOLD.rtf',0,NULL,0,NULL,'2002-05-14 17:45:01',NULL,NULL,NULL,NULL,1),(50,NULL,NULL,NULL,999999,479,NULL,479,NULL,NULL,NULL,999999,NULL,NULL,NULL,'2002-05-14 17:45:01',NULL,'ENV31 - Rep advised of withdrawn pub app',NULL,'/templates/GB/PUB_APP_WITHDRAWN_REP_TOLD.rtf',0,NULL,0,NULL,'2002-05-14 17:45:01',NULL,NULL,NULL,NULL,1),(51,NULL,NULL,NULL,7,479,NULL,479,NULL,NULL,NULL,65,NULL,NULL,NULL,'2002-05-14 17:45:01',NULL,'ENV04 - Acknowledgement of rep',NULL,'/templates/GB/REP_ACKNOWLEDGEMENT_OF.rtf',0,NULL,0,NULL,'2002-05-14 17:45:01',NULL,NULL,NULL,NULL,1),(52,NULL,NULL,NULL,1,479,NULL,479,NULL,NULL,NULL,74,NULL,NULL,NULL,'2002-05-14 17:45:01',NULL,'GV - Complainant advised that no review to be conducted',NULL,'/templates/GB/REVIEW_COMPLAINANT_NO_REVIEW.rtf',0,NULL,0,NULL,'2002-05-14 17:45:01',NULL,NULL,NULL,NULL,1),(53,NULL,NULL,NULL,1,479,NULL,479,NULL,NULL,NULL,74,NULL,NULL,NULL,'2002-05-14 17:45:01',NULL,'GV - Acknowledgement of initial review complaint',NULL,'/templates/GB/REVIEW_COMPLAINT_INITIAL_RESPONSE.rtf',0,NULL,0,NULL,'2002-05-14 17:45:01',NULL,NULL,NULL,NULL,1),(55,NULL,NULL,NULL,1,479,NULL,479,NULL,NULL,NULL,74,NULL,NULL,NULL,'2002-05-14 17:45:01',NULL,'GV - Review no action result to operator',NULL,'/templates/GB/REVIEW_RESULT_TO_LICENCE_HOLDER.rtf',0,NULL,0,NULL,'2002-05-14 17:45:01',NULL,NULL,NULL,NULL,1),(57,NULL,NULL,NULL,999999,479,NULL,479,NULL,NULL,NULL,999999,NULL,NULL,NULL,'2002-05-14 17:45:01',NULL,'GV - Reminder fee letter for pub var grant',NULL,'/templates/GB/VAR_APP_FULL_GRANT_FINAL_REMINDER.rtf',0,NULL,0,NULL,'2002-05-14 17:45:01',NULL,NULL,NULL,NULL,1),(64,NULL,NULL,NULL,999999,479,NULL,479,NULL,NULL,NULL,999999,NULL,NULL,NULL,'2002-05-14 17:45:01',NULL,'PSV - Letter advising of review of grant or refusal decision',NULL,'/templates/GB/PSV_APPLICATION_DECISION_REVIEWED.rtf',0,NULL,0,NULL,'2002-05-14 17:45:01',NULL,NULL,NULL,NULL,1),(67,NULL,NULL,NULL,999999,479,NULL,479,NULL,NULL,NULL,999999,NULL,NULL,NULL,'2002-05-14 17:45:01',NULL,'PSV - Change of entity - new app required',NULL,'/templates/GB/PSV_ENTITY_CHANGE_NEW_APP_REQD.rtf',0,NULL,0,NULL,'2002-05-14 17:45:01',NULL,NULL,NULL,NULL,1),(75,NULL,NULL,NULL,999999,479,NULL,479,NULL,NULL,NULL,999999,NULL,NULL,NULL,'2002-05-14 17:45:01',NULL,'PSV -  Letter confirming grant of minibus permit',NULL,'/templates/GB/PSV_MINIBUS_PERMIT_GRANT.rtf',0,NULL,0,NULL,'2002-05-14 17:45:01',NULL,NULL,NULL,NULL,1),(81,NULL,NULL,NULL,85,479,NULL,479,NULL,NULL,NULL,1,NULL,NULL,NULL,'2002-05-14 17:45:01',NULL,'PSV - New app incomplete - 1st request for supporting docs',NULL,'/templates/GB/PSV_NEW_APP_SUPP_DOCS_1ST.rtf',0,NULL,0,NULL,'2002-05-14 17:45:01',NULL,NULL,NULL,NULL,1),(82,NULL,NULL,NULL,999999,479,NULL,479,NULL,NULL,NULL,999999,NULL,NULL,NULL,'2002-05-14 17:45:01',NULL,'PSV - New app incomplete - final request for supporting docs',NULL,'/templates/GB/PSV_NEW_APP_SUPP_DOCS_FINAL.rtf',0,NULL,0,NULL,'2002-05-14 17:45:01',NULL,NULL,NULL,NULL,1),(83,NULL,NULL,NULL,999999,479,NULL,479,NULL,NULL,NULL,999999,NULL,NULL,NULL,'2002-05-14 17:45:01',NULL,'PSV - New app grant set aside - bounced cheque',NULL,'/templates/GB/PSV_NEW_APP_WITHDRAWN_BOUNCED_CHEQUE.rtf',0,NULL,0,NULL,'2002-05-14 17:45:01',NULL,NULL,NULL,NULL,1),(84,NULL,NULL,NULL,999999,479,NULL,479,NULL,NULL,NULL,999999,NULL,NULL,NULL,'2002-05-14 17:45:01',NULL,'PSV - Letter allowing continuation of licence without TM',NULL,'/templates/GB/PSV_NO_TM_LICENCE_CONTINUES.rtf',0,NULL,0,NULL,'2002-05-14 17:45:01',NULL,NULL,NULL,NULL,1),(85,NULL,NULL,NULL,999999,479,NULL,479,NULL,NULL,NULL,999999,NULL,NULL,NULL,'2002-05-14 17:45:01',NULL,'PSV - Letter to operator following 3rd party notification of TM loss',NULL,'/templates/GB/PSV_NO_TM_REQUEST_OP_COMMENTS.rtf',0,NULL,0,NULL,'2002-05-14 17:45:01',NULL,NULL,NULL,NULL,1),(86,NULL,NULL,NULL,999999,479,NULL,479,NULL,NULL,NULL,999999,NULL,NULL,NULL,'2002-05-14 17:45:01',NULL,'PSV - Refund Letter',NULL,'/templates/GB/PSV_REFUND_LETTER.rtf',0,NULL,0,NULL,'2002-05-14 17:45:01',NULL,NULL,NULL,NULL,1),(90,NULL,NULL,NULL,999999,479,NULL,479,NULL,NULL,NULL,999999,NULL,NULL,NULL,'2002-05-14 17:45:01',NULL,'PSV - Var app incomplete - 1st request for supporting docs',NULL,'/templates/GB/PSV_VAR_APP_SUPP_DOCS_1ST.rtf',0,NULL,0,NULL,'2002-05-14 17:45:01',NULL,NULL,NULL,NULL,1),(91,NULL,NULL,NULL,9,479,NULL,479,NULL,NULL,NULL,31,NULL,NULL,NULL,'2002-05-14 17:45:01',NULL,'PSV - Var app incomplete - final request for supporting docs',NULL,'/templates/GB/PSV_VAR_APP_SUPP_DOCS_FINAL.rtf',0,NULL,0,NULL,'2002-05-14 17:45:01',NULL,NULL,NULL,NULL,1),(92,NULL,NULL,NULL,999999,479,NULL,479,NULL,NULL,NULL,999999,NULL,NULL,NULL,'2002-05-14 17:45:01',NULL,'PSV -  Var app grant set aside - bounced cheque',NULL,'/templates/GB/PSV_VAR_APP_WITHDRAWN_BOUNCED_CHEQUE.rtf',0,NULL,0,NULL,'2002-05-14 17:45:01',NULL,NULL,NULL,NULL,1),(93,NULL,NULL,NULL,999999,479,NULL,479,NULL,NULL,NULL,999999,NULL,NULL,NULL,'2002-05-14 17:45:01',NULL,'Compliance: Permission from Complainant Letter',NULL,'/templates/GB/Comp_PermissionFromComplainantLetter.rtf',0,NULL,0,NULL,'2002-05-14 17:45:01',NULL,NULL,NULL,NULL,1),(94,NULL,NULL,NULL,999999,479,NULL,479,NULL,NULL,NULL,999999,NULL,NULL,NULL,'2002-05-14 17:45:01',NULL,'Compliance: Apology/Referral to Complainant Letter',NULL,'/templates/GB/Comp_ApologyReferralToComplainantLetter.rtf',0,NULL,0,NULL,'2002-05-14 17:45:01',NULL,NULL,NULL,NULL,1),(95,NULL,NULL,NULL,999999,479,NULL,479,NULL,NULL,NULL,999999,NULL,NULL,NULL,'2002-05-14 17:45:01',NULL,'Compliance: Acknowledgement to Complainant Letter',NULL,'/templates/GB/Comp_AcknowledgementToComplainantLetter.rtf',0,NULL,0,NULL,'2002-05-14 17:45:01',NULL,NULL,NULL,NULL,1),(96,NULL,NULL,NULL,999999,479,NULL,479,NULL,NULL,NULL,999999,NULL,NULL,NULL,'2002-05-14 17:45:01',NULL,'Compliance: Further Information from Complainant Letter',NULL,'/templates/GB/Comp_FurtherInfoFromComplainantLetter.rtf',0,NULL,0,NULL,'2002-05-14 17:45:01',NULL,NULL,NULL,NULL,1),(97,NULL,NULL,NULL,2,479,NULL,479,NULL,NULL,NULL,55,NULL,NULL,NULL,'2002-05-14 17:45:01',NULL,'Compliance: Covering Letter Section 9 Statement',NULL,'/templates/GB/Comp_Section9CoveringLetter.rtf',0,NULL,0,NULL,'2002-05-14 17:45:01',NULL,NULL,NULL,NULL,1),(98,NULL,NULL,NULL,2,479,NULL,479,NULL,NULL,NULL,55,NULL,NULL,NULL,'2002-05-14 17:45:01',NULL,'Compliance: Statement of Witness',NULL,'/templates/GB/Comp_Section9Statement.rtf',0,NULL,0,NULL,'2002-05-14 17:45:01',NULL,NULL,NULL,NULL,1),(99,NULL,NULL,NULL,2,479,NULL,479,NULL,NULL,NULL,55,NULL,NULL,NULL,'2002-05-14 17:45:01',NULL,'Compliance: Covering Letter Section 43 Statement',NULL,'/templates/GB/Comp_Section43CoveringLetter.rtf',0,NULL,0,NULL,'2002-05-14 17:45:01',NULL,NULL,NULL,NULL,1),(100,NULL,NULL,NULL,2,479,NULL,479,NULL,NULL,NULL,55,NULL,NULL,NULL,'2002-05-14 17:45:01',NULL,'Compliance: Section 43 Certificate',NULL,'/templates/GB/Comp_Section43Certificate.rtf',0,NULL,0,NULL,'2002-05-14 17:45:01',NULL,NULL,NULL,NULL,1),(107,NULL,NULL,NULL,2,479,NULL,479,NULL,NULL,NULL,57,NULL,NULL,NULL,'2002-05-14 17:45:01',NULL,'Compliance: No Further Action Letter',NULL,'/templates/GB/Comp_NoFurtherActionLetter.rtf',0,NULL,0,NULL,'2002-05-14 17:45:01',NULL,NULL,NULL,NULL,1),(108,NULL,NULL,NULL,999999,479,NULL,479,NULL,NULL,NULL,999999,NULL,NULL,NULL,'2002-05-14 17:45:01',NULL,'Compliance: Request Explanation Letter',NULL,'/templates/GB/Comp_RequestExplanationLetter.rtf',0,NULL,0,NULL,'2002-05-14 17:45:01',NULL,NULL,NULL,NULL,1),(109,NULL,NULL,NULL,2,479,NULL,479,NULL,NULL,NULL,57,NULL,NULL,NULL,'2002-05-14 17:45:01',NULL,'Compliance: Warning Letter',NULL,'/templates/GB/Comp_WarningLetter.rtf',0,NULL,0,NULL,'2002-05-14 17:45:01',NULL,NULL,NULL,NULL,1),(110,NULL,NULL,NULL,999999,479,NULL,479,NULL,NULL,NULL,999999,NULL,NULL,NULL,'2002-05-14 17:45:01',NULL,'PTR Decision For TM Exercise',NULL,'/templates/GB/Comp_ADWarningLetter.rtf',0,NULL,0,NULL,'2002-05-14 17:45:01',NULL,NULL,NULL,NULL,1),(111,NULL,NULL,NULL,999999,479,NULL,479,NULL,NULL,NULL,999999,NULL,NULL,NULL,'2002-05-14 17:45:01',NULL,'Compliance: AD Interview Invitation Letter',NULL,'/templates/GB/Comp_ADInterviewInvitationLetter.rtf',0,NULL,0,NULL,'2002-05-14 17:45:01',NULL,NULL,NULL,NULL,1),(112,NULL,NULL,NULL,999999,479,NULL,479,NULL,NULL,NULL,999999,NULL,NULL,NULL,'2002-05-14 17:45:01',NULL,'Compliance: AD Interview Confirmation Letter',NULL,'/templates/GB/Comp_ADInterviewConfirmationLetter.rtf',0,NULL,0,NULL,'2002-05-14 17:45:01',NULL,NULL,NULL,NULL,1),(113,NULL,NULL,NULL,999999,479,NULL,479,NULL,NULL,NULL,999999,NULL,NULL,NULL,'2002-05-14 17:45:01',NULL,'Compliance: In-Chambers Invitation Letter',NULL,'/templates/GB/Comp_InChambersInvitationLetter.rtf',0,NULL,0,NULL,'2002-05-14 17:45:01',NULL,NULL,NULL,NULL,1),(114,NULL,NULL,NULL,999999,479,NULL,479,NULL,NULL,NULL,999999,NULL,NULL,NULL,'2002-05-14 17:45:01',NULL,'Compliance:In-Chambers Confirmation Letter',NULL,'/templates/GB/Comp_InChambersConfirmationLetter.rtf',0,NULL,0,NULL,'2002-05-14 17:45:01',NULL,NULL,NULL,NULL,1),(115,NULL,NULL,NULL,999999,479,NULL,479,NULL,NULL,NULL,999999,NULL,NULL,NULL,'2002-05-14 17:45:01',NULL,'Compliance:Public Inquiry Adjournment Letter',NULL,'/templates/GB/Comp_PIAdjournmentLetter.rtf',0,NULL,0,NULL,'2002-05-14 17:45:01',NULL,NULL,NULL,NULL,1),(116,NULL,NULL,NULL,2,479,NULL,479,NULL,NULL,NULL,49,NULL,NULL,NULL,'2002-05-14 17:45:01',NULL,'Compliance: Disciplinary Public Inquiry Call-up letter',NULL,'/templates/GB/Comp_PIDisciplinaryCallUpLetter.rtf',0,NULL,0,NULL,'2002-05-14 17:45:01',NULL,NULL,NULL,NULL,1),(117,NULL,NULL,NULL,999999,479,NULL,479,NULL,NULL,NULL,999999,NULL,NULL,NULL,'2002-05-14 17:45:01',NULL,'Compliance:Disciplinary Annex D',NULL,'/templates/GB/Comp_PIDisciplinaryAnnexD.rtf',0,NULL,0,NULL,'2002-05-14 17:45:01',NULL,NULL,NULL,NULL,1),(118,NULL,NULL,NULL,999999,479,NULL,479,NULL,NULL,NULL,999999,NULL,NULL,NULL,'2002-05-14 17:45:01',NULL,'Compliance: Schedule of Prohibitions',NULL,'/templates/GB/Comp_ScheduleofRoadworthinessProhibitionsAnnex1.rtf',0,NULL,0,NULL,'2002-05-14 17:45:01',NULL,NULL,NULL,NULL,1),(119,NULL,NULL,NULL,999999,479,NULL,479,NULL,NULL,NULL,999999,NULL,NULL,NULL,'2002-05-14 17:45:01',NULL,'Compliance: Vehicles Currently Used under Operators Licence PSV Annex E',NULL,'/templates/GB/Comp_VehiclesCurrentlyUsedUnderOLPSVAnnexE.rtf',0,NULL,0,NULL,'2002-05-14 17:45:01',NULL,NULL,NULL,NULL,1),(120,NULL,NULL,NULL,999999,479,NULL,479,NULL,NULL,NULL,999999,NULL,NULL,NULL,'2002-05-14 17:45:01',NULL,'Compliance: Attendance at Public Inquiry Return Proforma Annex F',NULL,'/templates/GB/Comp_AttendanceAtPIReturnProformaAnnexF.rtf',0,NULL,0,NULL,'2002-05-14 17:45:01',NULL,NULL,NULL,NULL,1),(121,NULL,NULL,NULL,999999,479,NULL,479,NULL,NULL,NULL,999999,NULL,NULL,NULL,'2002-05-14 17:45:01',NULL,'Compliance: Environmental Public Inquiry Call-up Letter',NULL,'/templates/GB/Comp_PIEnvironmentalCallUpLetter.rtf',0,NULL,0,NULL,'2002-05-14 17:45:01',NULL,NULL,NULL,NULL,1),(122,NULL,NULL,NULL,999999,479,NULL,479,NULL,NULL,NULL,999999,NULL,NULL,NULL,'2002-05-14 17:45:01',NULL,'Compliance: Environmental Annexes A',NULL,'/templates/GB/Comp_PIEnvironmentalCallUpLetterAnnexA.rtf',0,NULL,0,NULL,'2002-05-14 17:45:01',NULL,NULL,NULL,NULL,1),(123,NULL,NULL,NULL,999999,479,NULL,479,NULL,NULL,NULL,999999,NULL,NULL,NULL,'2002-05-14 17:45:01',NULL,'Compliance: Review of Operating Centre Public Inquiry Call-up letter',NULL,'/templates/GB/Comp_PIReviewOfOperatingCentreCallUpLetter.rtf',0,NULL,0,NULL,'2002-05-14 17:45:01',NULL,NULL,NULL,NULL,1),(124,NULL,NULL,NULL,999999,479,NULL,479,NULL,NULL,NULL,999999,NULL,NULL,NULL,'2002-05-14 17:45:01',NULL,'Compliance: Review Annexes A',NULL,'/templates/GB/Comp_PIReviewOfOperatingCentreCallUpLetterAnnexA.rtf',0,NULL,0,NULL,'2002-05-14 17:45:01',NULL,NULL,NULL,NULL,1),(125,NULL,NULL,NULL,999999,479,NULL,479,NULL,NULL,NULL,999999,NULL,NULL,NULL,'2002-05-14 17:45:01',NULL,'Compliance: Request for Stay Decision Letter',NULL,'/templates/GB/Comp_RequestForStayDecisionLetter.rtf',0,NULL,0,NULL,'2002-05-14 17:45:01',NULL,NULL,NULL,NULL,1),(126,NULL,NULL,NULL,999999,479,NULL,479,NULL,NULL,NULL,999999,NULL,NULL,NULL,'2002-05-14 17:45:01',NULL,'Compliance: Partner Organisation Driver Request Information Letter',NULL,'/templates/GB/Comp_PartnerOrganisationRequestLetter.rtf',0,NULL,0,NULL,'2002-05-14 17:45:01',NULL,NULL,NULL,NULL,1),(127,NULL,NULL,NULL,999999,479,NULL,479,NULL,NULL,NULL,999999,NULL,NULL,NULL,'2002-05-14 17:45:01',NULL,'Compliance: Standard Paragraphs',NULL,'/templates/GB/Comp_StandardParagraphs.rtf',0,NULL,0,NULL,'2002-05-14 17:45:01',NULL,NULL,NULL,NULL,1),(128,NULL,NULL,NULL,999999,479,NULL,479,NULL,NULL,NULL,999999,NULL,NULL,NULL,'2002-05-14 17:45:01',NULL,'Compliance: Letter Requesting Further Information from Operator',NULL,'/templates/GB/Comp_RequestFurtherInfoFromOperatorLetter.rtf',0,NULL,0,NULL,'2002-05-14 17:45:01',NULL,NULL,NULL,NULL,1),(129,NULL,NULL,NULL,999999,479,NULL,479,NULL,NULL,NULL,999999,NULL,NULL,NULL,'2002-05-14 17:45:01',NULL,'Compliance: Reminder Letter (for all categories)',NULL,'/templates/GB/Comp_ReminderLetter.rtf',0,NULL,0,NULL,'2002-05-14 17:45:01',NULL,NULL,NULL,NULL,1),(130,NULL,NULL,NULL,999999,479,NULL,479,NULL,NULL,NULL,999999,NULL,NULL,NULL,'2002-05-14 17:45:01',NULL,'Driver Conduct: Grant Provisional LGV/PCV Licence No Hearing Letter',NULL,'/templates/GB/Comp_DCGrantWithWarningNoHearingLetter.rtf',0,NULL,0,NULL,'2002-05-14 17:45:01',NULL,NULL,NULL,NULL,1),(131,NULL,NULL,NULL,999999,479,NULL,479,NULL,NULL,NULL,999999,NULL,NULL,NULL,'2002-05-14 17:45:01',NULL,'Driver Conduct: Call To Public Inquiry Provisional LGV/PCV Application Letter',NULL,'/templates/GB/Comp_DCInvitationToHearingLetter.rtf',0,NULL,0,NULL,'2002-05-14 17:45:01',NULL,NULL,NULL,NULL,1),(132,NULL,NULL,NULL,999999,479,NULL,479,NULL,NULL,NULL,999999,NULL,NULL,NULL,'2002-05-14 17:45:01',NULL,'Driver Conduct: Grant Provisional LGV/PCV Licence At Public Inquiry With Warning',NULL,'/templates/GB/Comp_DCGrantAfterHearingLetter.rtf',0,NULL,0,NULL,'2002-05-14 17:45:01',NULL,NULL,NULL,NULL,1),(133,NULL,NULL,NULL,999999,479,NULL,479,NULL,NULL,NULL,999999,NULL,NULL,NULL,'2002-05-14 17:45:01',NULL,'Driver Conduct: Fit to Hold Licence Letter',NULL,'/templates/GB/Comp_DCFitToHoldLetter.rtf',0,NULL,0,NULL,'2002-05-14 17:45:01',NULL,NULL,NULL,NULL,1),(134,NULL,NULL,NULL,999999,479,NULL,479,NULL,NULL,NULL,999999,NULL,NULL,NULL,'2002-05-14 17:45:01',NULL,'Driver Conduct: Restoration With Warning',NULL,'/templates/GB/Comp_DCWarningLetter.rtf',0,NULL,0,NULL,'2002-05-14 17:45:01',NULL,NULL,NULL,NULL,1),(135,NULL,NULL,NULL,999999,479,NULL,479,NULL,NULL,NULL,999999,NULL,NULL,NULL,'2002-05-14 17:45:01',NULL,'Driver Conduct: LGV/PCV Licence Restoration With Rehab Period, Option of Public Inquiry',NULL,'/templates/GB/Comp_DCRequestExplanationLetter.rtf',0,NULL,0,NULL,'2002-05-14 17:45:01',NULL,NULL,NULL,NULL,1),(136,NULL,NULL,NULL,999999,479,NULL,479,NULL,NULL,NULL,999999,NULL,NULL,NULL,'2002-05-14 17:45:01',NULL,'Driver Conduct: Reduction of Restoration Period LGV/PCV Licence',NULL,'/templates/GB/Comp_DCReplyLetter.rtf',0,NULL,0,NULL,'2002-05-14 17:45:01',NULL,NULL,NULL,NULL,1),(137,NULL,NULL,NULL,999999,479,NULL,479,NULL,NULL,NULL,999999,NULL,NULL,NULL,'2002-05-14 17:45:01',NULL,'Driver Conduct: Confirmation of Restoration of LGV/PCV With Rehab Period No Submission, No PI',NULL,'/templates/GB/Comp_DCFailureToReplyLetter.rtf',0,NULL,0,NULL,'2002-05-14 17:45:01',NULL,NULL,NULL,NULL,1),(138,NULL,NULL,NULL,999999,479,NULL,479,NULL,NULL,NULL,999999,NULL,NULL,NULL,'2002-05-14 17:45:01',NULL,'Driver Conduct: Refused LGV/PCV Licence Post PI until... ',NULL,'/templates/GB/Comp_DCRefuseRenewalWithWarningAfterHearingLetter.rtf',0,NULL,0,NULL,'2002-05-14 17:45:01',NULL,NULL,NULL,NULL,1),(139,NULL,NULL,NULL,999999,479,NULL,479,NULL,NULL,NULL,999999,NULL,NULL,NULL,'2002-05-14 17:45:01',NULL,'Driver Conduct: NFA of LGV/PCV Licence At Public Inquiry With Warning',NULL,'/templates/GB/Comp_DCWarningAfterHearingLetter.rtf',0,NULL,0,NULL,'2002-05-14 17:45:01',NULL,NULL,NULL,NULL,1),(140,NULL,NULL,NULL,999999,479,NULL,479,NULL,NULL,NULL,999999,NULL,NULL,NULL,'2002-05-14 17:45:01',NULL,'Driver Conduct: Suspension of LGV/PCV Licence At Public Inquiry',NULL,'/templates/GB/Comp_DCSuspendAfterHearingLetter.rtf',0,NULL,0,NULL,'2002-05-14 17:45:01',NULL,NULL,NULL,NULL,1),(141,NULL,NULL,NULL,999999,479,NULL,479,NULL,NULL,NULL,999999,NULL,NULL,NULL,'2002-05-14 17:45:01',NULL,'Driver Conduct: Renewal Refused/Extended Disqual of LGV/PCV Licence At PI',NULL,'/templates/GB/Comp_DCRefuseExtendDisqualificationAfterHearingLetter.rtf',0,NULL,0,NULL,'2002-05-14 17:45:01',NULL,NULL,NULL,NULL,1),(142,NULL,NULL,NULL,999999,479,NULL,479,NULL,NULL,NULL,999999,NULL,NULL,NULL,'2002-05-14 17:45:01',NULL,'Driver Conduct: Revoked and Disqual of LGV/PCV Licence At PI',NULL,'/templates/GB/Comp_DCRevokeDisqualifyAfterHearingLetter.rtf',0,NULL,0,NULL,'2002-05-14 17:45:01',NULL,NULL,NULL,NULL,1),(143,NULL,NULL,NULL,999999,479,NULL,479,NULL,NULL,NULL,999999,NULL,NULL,NULL,'2002-05-14 17:45:01',NULL,'Bus Registration: No Jurisdiction Letter',NULL,'/templates/GB/Comp_BusRegistrationNoJurisdictionLetter.rtf',0,NULL,0,NULL,'2002-05-14 17:45:01',NULL,NULL,NULL,NULL,1),(144,NULL,NULL,NULL,999999,479,NULL,479,NULL,NULL,NULL,999999,NULL,NULL,NULL,'2002-05-14 17:45:01',NULL,'Bus Registration: Acknowledge Complaint Letter',NULL,'/templates/GB/Comp_BusRegistrationAcknowledgeComplaintLetter.rtf',0,NULL,0,NULL,'2002-05-14 17:45:01',NULL,NULL,NULL,NULL,1),(145,NULL,NULL,NULL,999999,479,NULL,479,NULL,NULL,NULL,999999,NULL,NULL,NULL,'2002-05-14 17:45:01',NULL,'Bus Registration: Ask Complainant For Further Details Letter',NULL,'/templates/GB/Comp_BusRegistrationAskComplainantFurtherDetailsLetter.rtf',0,NULL,0,NULL,'2002-05-14 17:45:01',NULL,NULL,NULL,NULL,1),(146,NULL,NULL,NULL,999999,479,NULL,479,NULL,NULL,NULL,999999,NULL,NULL,NULL,'2002-05-14 17:45:01',NULL,'Bus Registration: Acknowledgement For Vehicle Condition Letter',NULL,'/templates/GB/Comp_BusRegistrationAcknowledgementForVehicleConditionLetter.rtf',0,NULL,0,NULL,'2002-05-14 17:45:01',NULL,NULL,NULL,NULL,1),(147,NULL,NULL,NULL,999999,479,NULL,479,NULL,NULL,NULL,999999,NULL,NULL,NULL,'2002-05-14 17:45:01',NULL,'Bus Registration: Reply To Complainant Letter',NULL,'/templates/GB/Comp_BusRegistrationReplyToComplainantLetter.rtf',0,NULL,0,NULL,'2002-05-14 17:45:01',NULL,NULL,NULL,NULL,1),(148,NULL,NULL,NULL,999999,479,NULL,479,NULL,NULL,NULL,999999,NULL,NULL,NULL,'2002-05-14 17:45:01',NULL,'Bus Registration: Vehicle Inspectorate No Problems Letter',NULL,'/templates/GB/Comp_BusRegistrationVIFoundNoProblemLetter.rtf',0,NULL,0,NULL,'2002-05-14 17:45:01',NULL,NULL,NULL,NULL,1),(149,NULL,NULL,NULL,999999,479,NULL,479,NULL,NULL,NULL,999999,NULL,NULL,NULL,'2002-05-14 17:45:01',NULL,'Bus Registration: Request Operator For Comments Letter',NULL,'/templates/GB/Comp_BusRegistrationRequestOperatorForCommentsLetter.rtf',0,NULL,0,NULL,'2002-05-14 17:45:01',NULL,NULL,NULL,NULL,1),(150,NULL,NULL,NULL,999999,479,NULL,479,NULL,NULL,NULL,999999,NULL,NULL,NULL,'2002-05-14 17:45:01',NULL,'Bus Registration: Operator Reply Not Acceptable',NULL,'/templates/GB/Comp_BusRegistrationOperatorReplyNotAcceptableLetter.rtf',0,NULL,0,NULL,'2002-05-14 17:45:01',NULL,NULL,NULL,NULL,1),(151,NULL,NULL,NULL,999999,479,NULL,479,NULL,NULL,NULL,999999,NULL,NULL,NULL,'2002-05-14 17:45:01',NULL,'Bus Registration: Reminder Letter',NULL,'/templates/GB/Comp_BusRegistrationReminderLetter.rtf',0,NULL,0,NULL,'2002-05-14 17:45:01',NULL,NULL,NULL,NULL,1),(152,NULL,NULL,NULL,999999,479,NULL,479,NULL,NULL,NULL,999999,NULL,NULL,NULL,'2002-05-14 17:45:01',NULL,'Bus Registration: Acknowledgement To Operator OK Letter',NULL,'/templates/GB/Comp_BusRegistrationAcknowledgementToOperatorOKReplyLetter.rtf',0,NULL,0,NULL,'2002-05-14 17:45:01',NULL,NULL,NULL,NULL,1),(153,NULL,NULL,NULL,999999,479,NULL,479,NULL,NULL,NULL,999999,NULL,NULL,NULL,'2002-05-14 17:45:01',NULL,'Bus Registration: Public Inquiry Call-up Letter',NULL,'/templates/GB/Comp_PIBusRegistrationCallUpLetter.rtf',0,NULL,0,NULL,'2002-05-14 17:45:01',NULL,NULL,NULL,NULL,1),(154,NULL,NULL,NULL,999999,479,NULL,479,NULL,NULL,NULL,999999,NULL,NULL,NULL,'2002-05-14 17:45:01',NULL,'Bus Registration: Public Inquiry Call-up Annex A',NULL,'/templates/GB/Comp_PIBusRegistrationCallUpLetterAnnexA.rtf',0,NULL,0,NULL,'2002-05-14 17:45:01',NULL,NULL,NULL,NULL,1),(155,NULL,NULL,NULL,999999,479,NULL,479,NULL,NULL,NULL,999999,NULL,NULL,NULL,'2002-05-14 17:45:01',NULL,'Bus Registration:Schedule of Registered Bus Services Annex 1',NULL,'/templates/GB/Comp_PIBusRegistrationCallUpLetterScheduleServicesAnnex.rtf',0,NULL,0,NULL,'2002-05-14 17:45:01',NULL,NULL,NULL,NULL,1),(156,NULL,NULL,NULL,2,479,NULL,479,NULL,NULL,NULL,49,NULL,NULL,NULL,'2002-05-14 17:45:01',NULL,'Compliance: Public Inquiry Decision Letter',NULL,'/templates/GB/Comp_PIDecisionLetter.rtf',0,NULL,0,NULL,'2002-05-14 17:45:01',NULL,NULL,NULL,NULL,1),(157,NULL,NULL,NULL,999999,479,NULL,479,NULL,NULL,NULL,999999,NULL,NULL,NULL,'2002-05-14 17:45:01',NULL,'Compliance:Disciplinary Annex A',NULL,'/templates/GB/Comp_PIDisciplinaryAnnexA.rtf',0,NULL,0,NULL,'2002-05-14 17:45:01',NULL,NULL,NULL,NULL,1),(158,NULL,NULL,NULL,999999,479,NULL,479,NULL,NULL,NULL,999999,NULL,NULL,NULL,'2002-05-14 17:45:01',NULL,'Compliance:Disciplinary Annex B',NULL,'/templates/GB/Comp_PIDisciplinaryAnnexB.rtf',0,NULL,0,NULL,'2002-05-14 17:45:01',NULL,NULL,NULL,NULL,1),(159,NULL,NULL,NULL,999999,479,NULL,479,NULL,NULL,NULL,999999,NULL,NULL,NULL,'2002-05-14 17:45:01',NULL,'Compliance:Disciplinary Annex C',NULL,'/templates/GB/Comp_PIDisciplinaryAnnexC.rtf',0,NULL,0,NULL,'2002-05-14 17:45:01',NULL,NULL,NULL,NULL,1),(160,NULL,NULL,NULL,999999,479,NULL,479,NULL,NULL,NULL,999999,NULL,NULL,NULL,'2002-05-14 17:45:01',NULL,'Compliance:Environmental Annexes B',NULL,'/templates/GB/Comp_PIEnvironmentalCallUpLetterAnnexB.rtf',0,NULL,0,NULL,'2002-05-14 17:45:01',NULL,NULL,NULL,NULL,1),(161,NULL,NULL,NULL,999999,479,NULL,479,NULL,NULL,NULL,999999,NULL,NULL,NULL,'2002-05-14 17:45:01',NULL,'Compliance:Environmental Annexes C',NULL,'/templates/GB/Comp_PIEnvironmentalCallUpLetterAnnexC.rtf',0,NULL,0,NULL,'2002-05-14 17:45:01',NULL,NULL,NULL,NULL,1),(162,NULL,NULL,NULL,999999,479,NULL,479,NULL,NULL,NULL,999999,NULL,NULL,NULL,'2002-05-14 17:45:01',NULL,'Compliance:Environmental Annexes D',NULL,'/templates/GB/Comp_PIEnvironmentalCallUpLetterAnnexD.rtf',0,NULL,0,NULL,'2002-05-14 17:45:01',NULL,NULL,NULL,NULL,1),(163,NULL,NULL,NULL,999999,479,NULL,479,NULL,NULL,NULL,999999,NULL,NULL,NULL,'2002-05-14 17:45:01',NULL,'Compliance:Review Annexes B',NULL,'/templates/GB/Comp_PIReviewOfOperatingCentreCallUpLetterAnnexB.rtf',0,NULL,0,NULL,'2002-05-14 17:45:01',NULL,NULL,NULL,NULL,1),(164,NULL,NULL,NULL,999999,479,NULL,479,NULL,NULL,NULL,999999,NULL,NULL,NULL,'2002-05-14 17:45:01',NULL,'Compliance:Review Annexes C',NULL,'/templates/GB/Comp_PIReviewOfOperatingCentreCallUpLetterAnnexC.rtf',0,NULL,0,NULL,'2002-05-14 17:45:01',NULL,NULL,NULL,NULL,1),(165,NULL,NULL,NULL,999999,479,NULL,479,NULL,NULL,NULL,999999,NULL,NULL,NULL,'2002-05-14 17:45:01',NULL,'Compliance:Review Annexes D',NULL,'/templates/GB/Comp_PIReviewOfOperatingCentreCallUpLetterAnnexD.rtf',0,NULL,0,NULL,'2002-05-14 17:45:01',NULL,NULL,NULL,NULL,1),(166,NULL,NULL,NULL,999999,479,NULL,479,NULL,NULL,NULL,999999,NULL,NULL,NULL,'2002-05-14 17:45:01',NULL,'Bus Registration: Public Inquiry Call-up Annex B',NULL,'/templates/GB/Comp_PIBusRegistrationCallUpLetterAnnexB.rtf',0,NULL,0,NULL,'2002-05-14 17:45:01',NULL,NULL,NULL,NULL,1),(167,NULL,NULL,NULL,999999,479,NULL,479,NULL,NULL,NULL,999999,NULL,NULL,NULL,'2002-05-14 17:45:01',NULL,'Bus Registration: Public Inquiry Call-up Annex C',NULL,'/templates/GB/Comp_PIBusRegistrationCallUpLetterAnnexC.rtf',0,NULL,0,NULL,'2002-05-14 17:45:01',NULL,NULL,NULL,NULL,1),(168,NULL,NULL,NULL,999999,479,NULL,479,NULL,NULL,NULL,999999,NULL,NULL,NULL,'2002-05-14 17:45:01',NULL,'Bus Registration: Public Inquiry Call-up Annex D',NULL,'/templates/GB/Comp_PIBusRegistrationCallUpLetterAnnexD.rtf',0,NULL,0,NULL,'2002-05-14 17:45:01',NULL,NULL,NULL,NULL,1),(169,NULL,NULL,NULL,999999,479,NULL,479,NULL,NULL,NULL,999999,NULL,NULL,NULL,'2002-05-14 17:45:01',NULL,'Compliance:Request Further Investigation  Letter',NULL,'/templates/GB/Comp_RequestFurtherInvestigationLetter.rtf',0,NULL,0,NULL,'2002-05-14 17:45:01',NULL,NULL,NULL,NULL,1),(170,NULL,NULL,NULL,999999,479,NULL,479,NULL,NULL,NULL,999999,NULL,NULL,NULL,'2002-05-14 17:45:01',NULL,'Compliance: Schedule of Convictions Annex 2',NULL,'/templates/GB/Comp_ScheduleofConvictionsAnnex2.rtf',0,NULL,0,NULL,'2002-05-14 17:45:01',NULL,NULL,NULL,NULL,1),(171,NULL,NULL,NULL,999999,479,NULL,479,NULL,NULL,NULL,999999,NULL,NULL,NULL,'2002-05-14 17:45:01',NULL,'Compliance: Vehicles Currently Used Under OL Goods Annex E',NULL,'/templates/GB/Comp_VehiclesCurrentlyUsedUnderOLGoodsAnnexE.rtf',0,NULL,0,NULL,'2002-05-14 17:45:01',NULL,NULL,NULL,NULL,1),(201,NULL,NULL,NULL,999999,479,NULL,479,NULL,NULL,NULL,999999,NULL,NULL,NULL,'2002-05-14 17:45:01',NULL,'Cheque Returned - Re-Apply',NULL,'/templates/GB/BUS_REG_CHEQUE_RETD_REAPPLY_TAN21.rtf',0,NULL,0,NULL,'2002-05-14 17:45:01',NULL,NULL,NULL,NULL,1),(202,NULL,NULL,NULL,999999,479,NULL,479,NULL,NULL,NULL,999999,NULL,NULL,NULL,'2002-05-14 17:45:01',NULL,'Cheque Returned - App Withdrawn',NULL,'/templates/GB/BUS_REGS_CHEQUE_ RETD_APP_WITHDRAWN_TAN21.rtf',0,NULL,0,NULL,'2002-05-14 17:45:01',NULL,NULL,NULL,NULL,1),(203,NULL,NULL,NULL,999999,479,NULL,479,NULL,NULL,NULL,999999,NULL,NULL,NULL,'2002-05-14 17:45:01',NULL,'No Fee',NULL,'/templates/GB/BUS_REG_NO_FEE_TAN21.rtf',0,NULL,0,NULL,'2002-05-14 17:45:01',NULL,NULL,NULL,NULL,1),(204,NULL,NULL,NULL,999999,479,NULL,479,NULL,NULL,NULL,999999,NULL,NULL,NULL,'2002-05-14 17:45:01',NULL,'Request Supporting Docs',NULL,'/templates/GB/BUS_REGS_ REQUEST_SUPPORTING_DOCS_TAN21.rtf',0,NULL,0,NULL,'2002-05-14 17:45:01',NULL,NULL,NULL,NULL,1),(205,NULL,NULL,NULL,999999,479,NULL,479,NULL,NULL,NULL,999999,NULL,NULL,NULL,'2002-05-14 17:45:01',NULL,'Refusal',NULL,'/templates/GB/BUS_REG_REFUSE_ALL.rtf',0,NULL,0,NULL,'2002-05-14 17:45:01',NULL,NULL,NULL,NULL,1),(206,NULL,NULL,NULL,999999,479,NULL,479,NULL,NULL,NULL,999999,NULL,NULL,NULL,'2002-05-14 17:45:01',NULL,'ENV10 - Letter advising applicant of opposition received',NULL,'/templates/GB/PUB_APP_OPPOSITION_RECEIVED.rtf',0,NULL,0,NULL,'2002-05-14 17:45:01',NULL,NULL,NULL,NULL,1),(207,NULL,NULL,NULL,999999,479,NULL,479,NULL,NULL,NULL,999999,NULL,NULL,NULL,'2002-05-14 17:45:01',NULL,'GV - acknowledgement of complete pub app',NULL,'/templates/GB/COMPLETE_PUB_APP_ACK.rtf',0,NULL,0,NULL,'2002-05-14 17:45:01',NULL,NULL,NULL,NULL,1),(208,NULL,NULL,NULL,999999,479,NULL,479,NULL,NULL,NULL,999999,NULL,NULL,NULL,'2002-05-14 17:45:01',NULL,'PSV - acknowledgement of complete new app',NULL,'/templates/GB/PSV_COMPLETE_NEW_APP_ACK.rtf',0,NULL,0,NULL,'2002-05-14 17:45:01',NULL,NULL,NULL,NULL,1),(210,NULL,NULL,NULL,1,479,NULL,479,NULL,NULL,NULL,74,NULL,NULL,NULL,'2002-05-14 17:45:01',NULL,'GV - Notification to Complainant that review to be conducted',NULL,'/templates/GB/REVIEW_TO_BE_HELD_COMPLAINANT_TOLD.rtf',0,NULL,0,NULL,'2002-05-14 17:45:01',NULL,NULL,NULL,NULL,1),(211,NULL,NULL,NULL,999999,479,NULL,479,NULL,NULL,NULL,999999,NULL,NULL,NULL,'2002-05-14 17:45:01',NULL,'GV - Lic cont docs issued but finance declaration problems',NULL,'/templates/GB/LIC_CONTD_BUT FINANCE_PROFORMA_ISSUES.rtf',0,NULL,0,NULL,'2002-05-14 17:45:01',NULL,NULL,NULL,NULL,1),(212,NULL,NULL,NULL,999999,479,NULL,479,NULL,NULL,NULL,999999,NULL,NULL,NULL,'2002-05-14 17:45:01',NULL,'PSV - Lic cont docs issued but finance declaration problems',NULL,'/templates/GB/PSV_LIC_CONTD_BUT FINANCE_PROFORMA_ISSUES.rtf',0,NULL,0,NULL,'2002-05-14 17:45:01',NULL,NULL,NULL,NULL,1),(213,NULL,NULL,NULL,999999,479,NULL,479,NULL,NULL,NULL,999999,NULL,NULL,NULL,'2002-05-14 17:45:01',NULL,'GV - Lic cont fee paid - letter and proforma to complainants',NULL,'/templates/GB/REVIEW_COMPLAINT_STILL_VALID_QUERY.rtf',0,NULL,0,NULL,'2002-05-14 17:45:01',NULL,NULL,NULL,NULL,1),(214,NULL,NULL,NULL,999999,479,NULL,479,NULL,NULL,NULL,999999,NULL,NULL,NULL,'2002-05-14 17:45:01',NULL,'Refund of Permit Application Fee',NULL,'/templates/GB/PERMIT_REFUND_LETTER.rtf',0,NULL,0,NULL,'2002-05-14 17:45:01',NULL,NULL,NULL,NULL,1),(215,NULL,NULL,NULL,999999,479,NULL,479,NULL,NULL,NULL,999999,NULL,NULL,NULL,'2002-05-14 17:45:01',NULL,'Sect 19 Permit - Request for further info',NULL,'/templates/GB/PERMIT_SECT19_REQUEST_FURTHER_INFO.rtf',0,NULL,0,NULL,'2002-05-14 17:45:01',NULL,NULL,NULL,NULL,1),(216,NULL,NULL,NULL,999999,479,NULL,479,NULL,NULL,NULL,999999,NULL,NULL,NULL,'2002-05-14 17:45:01',NULL,'Sect 22 Permit - Request for further info',NULL,'/templates/GB/PERMIT_SECT22_REQUEST_FURTHER_INFO.rtf',0,NULL,0,NULL,'2002-05-14 17:45:01',NULL,NULL,NULL,NULL,1),(218,NULL,NULL,NULL,999999,479,NULL,479,NULL,NULL,NULL,999999,NULL,NULL,NULL,'2002-05-14 17:45:01',NULL,'EARLY_REP_TEMPLATE',NULL,'/templates/GB/EARLY_REP_TEMPLATE.rtf',0,NULL,0,NULL,'2002-05-14 17:45:01',NULL,NULL,NULL,NULL,1),(228,NULL,NULL,NULL,1,479,NULL,479,NULL,NULL,NULL,79,NULL,NULL,NULL,'2002-05-14 17:45:01',NULL,'REVIEW_COMPLAINT_STILL_VALID_QUERY',NULL,'/templates/GB/REVIEW_COMPLAINT_STILL_VALID_QUERY.rtf',0,NULL,0,NULL,'2002-05-14 17:45:01',NULL,NULL,NULL,NULL,1),(229,NULL,NULL,NULL,999999,479,NULL,479,NULL,NULL,NULL,999999,NULL,NULL,NULL,'2002-05-14 17:45:01',NULL,'FEE_REQ_INT_APP',NULL,'/templates/GB/FEE_REQ_INT_APP.rtf',0,NULL,0,NULL,'2002-05-14 17:45:01',NULL,NULL,NULL,NULL,1),(231,NULL,NULL,NULL,999999,479,NULL,479,NULL,NULL,NULL,999999,NULL,NULL,NULL,'2002-05-14 17:45:01',NULL,'FEE_REQ_GRANT_GV',NULL,'/templates/GB/FEE_REQ_GRANT_GV.rtf',0,NULL,0,NULL,'2002-05-14 17:45:01',NULL,NULL,NULL,NULL,1),(236,NULL,NULL,NULL,3,479,NULL,479,NULL,NULL,NULL,40,NULL,NULL,NULL,'2002-05-14 17:45:01',NULL,'BUS_REG_NEW_REGISTRATION_TAN21',NULL,'/templates/GB/BUS_REG_NEW_REGISTRATION_TAN21.rtf',0,NULL,0,NULL,'2002-05-14 17:45:01',NULL,NULL,NULL,NULL,1),(237,NULL,NULL,NULL,3,479,NULL,479,NULL,NULL,NULL,40,NULL,NULL,NULL,'2002-05-14 17:45:01',NULL,'BUS_REG_VARIATION_TAN21',NULL,'/templates/GB/BUS_REG_VARIATION_TAN21.rtf',0,NULL,0,NULL,'2002-05-14 17:45:01',NULL,NULL,NULL,NULL,1),(238,NULL,NULL,NULL,3,479,NULL,479,NULL,NULL,NULL,40,NULL,NULL,NULL,'2002-05-14 17:45:01',NULL,'BUS_REG_CANCELLATION',NULL,'/templates/GB/BUS_REG_CANCELLATION.rtf',0,NULL,0,NULL,'2002-05-14 17:45:01',NULL,NULL,NULL,NULL,1),(239,NULL,NULL,NULL,999999,479,NULL,479,NULL,NULL,NULL,999999,NULL,NULL,NULL,'2002-05-14 17:45:01',NULL,'BUS_REG_NEW_REGISTRATION_REFUSE_SHORT_NOTICE',NULL,'/templates/GB/BUS_REG_NEW_REGISTRATION_REFUSE_SHORT_NOTICE.rtf',0,NULL,0,NULL,'2002-05-14 17:45:01',NULL,NULL,NULL,NULL,1),(240,NULL,NULL,NULL,999999,479,NULL,479,NULL,NULL,NULL,999999,NULL,NULL,NULL,'2002-05-14 17:45:01',NULL,'BUS_REG_VARIATION_REFUSE_SHORT_NOTICE',NULL,'/templates/GB/BUS_REG_VARIATION_REFUSE_SHORT_NOTICE.rtf',0,NULL,0,NULL,'2002-05-14 17:45:01',NULL,NULL,NULL,NULL,1),(241,NULL,NULL,NULL,999999,479,NULL,479,NULL,NULL,NULL,999999,NULL,NULL,NULL,'2002-05-14 17:45:01',NULL,'BUS_REG_CANCELLATION_REFUSE_SHORT_NOTICE',NULL,'/templates/GB/BUS_REG_CANCELLATION_REFUSE_SHORT_NOTICE.rtf',0,NULL,0,NULL,'2002-05-14 17:45:01',NULL,NULL,NULL,NULL,1),(242,NULL,NULL,NULL,999999,479,NULL,479,NULL,NULL,NULL,999999,NULL,NULL,NULL,'2002-05-14 17:45:01',NULL,'BUS_REG_COPY',NULL,'/templates/GB/BUS_REG_COPY.rtf',0,NULL,0,NULL,'2002-05-14 17:45:01',NULL,NULL,NULL,NULL,1),(244,NULL,NULL,NULL,999999,479,NULL,479,NULL,NULL,NULL,999999,NULL,NULL,NULL,'2002-05-14 17:45:01',NULL,'PERMIT_SMALL',NULL,'/templates/GB/PERMIT_SMALL.rtf',0,NULL,0,NULL,'2002-05-14 17:45:01',NULL,NULL,NULL,NULL,1),(245,NULL,NULL,NULL,999999,479,NULL,479,NULL,NULL,NULL,999999,NULL,NULL,NULL,'2002-05-14 17:45:01',NULL,'PERMIT_LARGE',NULL,'/templates/GB/PERMIT_LARGE.rtf',0,NULL,0,NULL,'2002-05-14 17:45:01',NULL,NULL,NULL,NULL,1),(246,NULL,NULL,NULL,999999,479,NULL,479,NULL,NULL,NULL,999999,NULL,NULL,NULL,'2002-05-14 17:45:01',NULL,'PERMIT_COMMUNITY',NULL,'/templates/GB/PERMIT_COMMUNITY.rtf',0,NULL,0,NULL,'2002-05-14 17:45:01',NULL,NULL,NULL,NULL,1),(247,NULL,NULL,NULL,999999,479,NULL,479,NULL,NULL,NULL,999999,NULL,NULL,NULL,'2002-05-14 17:45:01',NULL,'PERMIT_SMALL_LETTER',NULL,'/templates/GB/PERMIT_SMALL_LETTER.rtf',0,NULL,0,NULL,'2002-05-14 17:45:01',NULL,NULL,NULL,NULL,1),(248,NULL,NULL,NULL,999999,479,NULL,479,NULL,NULL,NULL,999999,NULL,NULL,NULL,'2002-05-14 17:45:01',NULL,'PERMIT_LARGE_LETTER',NULL,'/templates/GB/PERMIT_LARGE_LETTER.rtf',0,NULL,0,NULL,'2002-05-14 17:45:01',NULL,NULL,NULL,NULL,1),(249,NULL,NULL,NULL,999999,479,NULL,479,NULL,NULL,NULL,999999,NULL,NULL,NULL,'2002-05-14 17:45:01',NULL,'PERMIT_COMMUNITY_LETTER',NULL,'/templates/GB/PERMIT_COMMUNITY_LETTER.rtf',0,NULL,0,NULL,'2002-05-14 17:45:01',NULL,NULL,NULL,NULL,1),(252,NULL,NULL,NULL,999999,532,NULL,532,NULL,NULL,NULL,999999,NULL,NULL,NULL,'2002-08-21 18:15:11',NULL,'5_YEAR_CHECKLIST_GV',NULL,'/templates/GB/GVChecklist.rtf',0,NULL,0,NULL,'2002-08-21 18:15:11',NULL,NULL,NULL,NULL,1),(253,NULL,NULL,NULL,999999,532,NULL,532,NULL,NULL,NULL,999999,NULL,NULL,NULL,'2002-08-21 18:15:11',NULL,'CHASEUP_LETTER_GV_5Year',NULL,'/templates/GB/GVChaseUp5Year.rtf',0,NULL,0,NULL,'2002-08-21 18:15:11',NULL,NULL,NULL,NULL,1),(254,NULL,NULL,NULL,999999,532,NULL,532,NULL,NULL,NULL,999999,NULL,NULL,NULL,'2002-08-21 18:15:11',NULL,'GV_LICENCE',NULL,'/templates/GB/GV_LICENCE_V1.rtf',0,NULL,0,NULL,'2002-08-21 18:15:11',NULL,NULL,NULL,NULL,1),(255,NULL,NULL,NULL,999999,532,NULL,532,NULL,NULL,NULL,999999,NULL,NULL,NULL,'2002-08-21 18:15:11',NULL,'PSV_LICENCE',NULL,'/templates/GB/PSV_LICENCE_V1.rtf',0,NULL,0,NULL,'2002-08-21 18:15:11',NULL,NULL,NULL,NULL,1),(256,NULL,NULL,NULL,999999,532,NULL,532,NULL,NULL,NULL,999999,NULL,NULL,NULL,'2002-08-21 18:15:11',NULL,'GV_INTERIM_LICENCE',NULL,'/templates/GB/GV_INT_LICENCE_V1.rtf',0,NULL,0,NULL,'2002-08-21 18:15:11',NULL,NULL,NULL,NULL,1),(257,NULL,NULL,NULL,999999,532,NULL,532,NULL,NULL,NULL,999999,NULL,NULL,NULL,'2002-08-21 18:15:11',NULL,'GV_INTERIM_DIRECTION',NULL,'/templates/GB/GV_INT_DIRECTION_V1.rtf',0,NULL,0,NULL,'2002-08-21 18:15:11',NULL,NULL,NULL,NULL,1),(258,NULL,NULL,NULL,999999,532,NULL,532,NULL,NULL,NULL,999999,NULL,NULL,NULL,'2002-08-21 18:15:11',NULL,'GV_VEHICLE_LIST',NULL,'/templates/GB/GVVehiclesList.rtf',0,NULL,0,NULL,'2002-08-21 18:15:11',NULL,NULL,NULL,NULL,1),(260,NULL,NULL,NULL,999999,122,NULL,122,NULL,NULL,NULL,999999,NULL,NULL,NULL,'2003-03-31 18:02:49',NULL,'FEE_REQ_INSUFFICIENT',NULL,'/templates/GB/FEE_REQ_INSUFFICIENT.rtf',0,NULL,0,NULL,'2003-03-31 18:02:49',NULL,NULL,NULL,NULL,1),(262,NULL,NULL,NULL,999999,2,NULL,2,NULL,NULL,NULL,999999,NULL,NULL,NULL,'2004-09-30 18:05:54',NULL,'ENV20 - Letter advising applicant of proposed conditions',NULL,'/templates/GB/PUB_APP_PROPOSED_CONDITIONS_APP.rtf',0,NULL,0,NULL,'2004-09-30 18:05:54',NULL,NULL,NULL,NULL,1),(263,NULL,NULL,NULL,999999,2,NULL,2,NULL,NULL,NULL,999999,NULL,NULL,NULL,'2004-09-30 18:05:54',NULL,'GV - Letter to op advising that grant/refusal decision to be reviewed',NULL,'/templates/GB/APPLICATION_DECISION_REVIEWED.rtf',0,NULL,0,NULL,'2004-09-30 18:05:54',NULL,NULL,NULL,NULL,1),(264,NULL,NULL,NULL,999999,2,NULL,2,NULL,NULL,NULL,999999,NULL,NULL,NULL,'2004-09-30 18:05:54',NULL,'ENV18 - Letter advising objector of proposed conditions',NULL,'/templates/GB/PUB_APP_PROPOSED_CONDITIONS_OBJ.rtf',0,NULL,0,NULL,'2004-09-30 18:05:54',NULL,NULL,NULL,NULL,1),(265,NULL,NULL,NULL,999999,2,NULL,2,NULL,NULL,NULL,999999,NULL,NULL,NULL,'2004-09-30 18:05:54',NULL,'ENV19 - Letter advising rep of proposed conditions',NULL,'/templates/GB/PUB_APP_PROPOSED_CONDITIONS_REP.rtf',0,NULL,0,NULL,'2004-09-30 18:05:54',NULL,NULL,NULL,NULL,1),(266,NULL,NULL,NULL,1,2,NULL,2,NULL,NULL,NULL,74,NULL,NULL,NULL,'2004-09-30 18:05:54',NULL,'GV - Letter advising complainant of proposed conditions',NULL,'/templates/GB/REVIEW_PROPOSED_CONDITIONS_COMPLAINANT.rtf',0,NULL,0,NULL,'2004-09-30 18:05:54',NULL,NULL,NULL,NULL,1),(272,NULL,NULL,NULL,999999,1,NULL,1,NULL,NULL,NULL,999999,NULL,NULL,NULL,'2007-10-23 15:41:35',NULL,'Multiple Licence Holder - letter to operator',NULL,'/templates/GB/MLH_Op_Letter.RTF',0,NULL,0,NULL,'2007-10-23 15:41:35',NULL,NULL,NULL,NULL,1),(275,NULL,NULL,NULL,999999,1,NULL,1,NULL,NULL,NULL,999999,NULL,NULL,NULL,'2007-12-04 10:09:25',NULL,'Failed credit/debit card-request for repayment',NULL,'/templates/GB/Failed_credit_debit_card_request.rtf',0,NULL,0,NULL,'2007-12-04 10:09:25',NULL,NULL,NULL,NULL,1),(276,NULL,NULL,NULL,999999,1,NULL,1,NULL,NULL,NULL,999999,NULL,NULL,NULL,'2007-12-04 10:09:25',NULL,'Failed cheque-request for repayment',NULL,'/templates/GB/Failed_cheque_request_repayment.rtf',0,NULL,0,NULL,'2007-12-04 10:09:25',NULL,NULL,NULL,NULL,1),(281,NULL,NULL,NULL,999999,1,NULL,1,NULL,NULL,NULL,999999,NULL,NULL,NULL,'2007-12-06 17:35:32',NULL,'GV - blank letter template to operator',NULL,'/templates/GB/BLANK_LETTER_TEMPLATE_OPERATOR_GV.rtf',0,NULL,0,NULL,'2007-12-06 17:35:32',NULL,NULL,NULL,NULL,1),(282,NULL,NULL,NULL,999999,1,NULL,1,NULL,NULL,NULL,999999,NULL,NULL,NULL,'2007-12-06 17:35:32',NULL,'PSV - blank letter template to operator',NULL,'/templates/GB/BLANK_LETTER_TEMPLATE_OPERATOR_PSV.rtf',0,NULL,0,NULL,'2007-12-06 17:35:32',NULL,NULL,NULL,NULL,1),(283,NULL,NULL,NULL,999999,1,NULL,1,NULL,NULL,NULL,999999,NULL,NULL,NULL,'2007-12-06 17:35:32',NULL,'GV - Blank letter template to other than operator',NULL,'/templates/GB/BLANK_LETTER_TEMPLATE_OTHER_THAN_OPERATOR_GV.rtf',0,NULL,0,NULL,'2007-12-06 17:35:32',NULL,NULL,NULL,NULL,1),(284,NULL,NULL,NULL,999999,1,NULL,1,NULL,NULL,NULL,999999,NULL,NULL,NULL,'2007-12-06 17:35:32',NULL,'PSV - Blank letter template to other than operator',NULL,'/templates/GB/BLANK_LETTER_TEMPLATE_OTHER_THAN_OPERATOR_PSV.rtf',0,NULL,0,NULL,'2007-12-06 17:35:32',NULL,NULL,NULL,NULL,1),(288,NULL,NULL,NULL,9,1,NULL,1,NULL,NULL,NULL,31,NULL,NULL,NULL,'2007-12-18 15:23:01',NULL,'PSV - App Refusal',NULL,'/templates/GB/PSV_APP_REFUSED.rtf',0,NULL,0,NULL,'2007-12-18 15:23:01',NULL,NULL,NULL,NULL,1),(289,NULL,NULL,NULL,999999,1,NULL,1,NULL,NULL,NULL,999999,NULL,NULL,NULL,'2007-12-18 15:23:01',NULL,'PSV - Propose to refuse - new app',NULL,'/templates/GB/PSV_FOLLOWUP_FINANCES_ON_GRANT.rtf',0,NULL,0,NULL,'2007-12-18 15:23:01',NULL,NULL,NULL,NULL,1),(290,NULL,NULL,NULL,999999,1,NULL,1,NULL,NULL,NULL,999999,NULL,NULL,NULL,'2007-12-18 15:23:01',NULL,'PSV - Response to objection (3rd Party)',NULL,'/templates/GB/PSV_RESPONSE_TO_OBJECTION_3RD_PARTY.rtf',0,NULL,0,NULL,'2007-12-18 15:23:01',NULL,NULL,NULL,NULL,1),(291,NULL,NULL,NULL,999999,479,NULL,479,NULL,NULL,NULL,999999,NULL,NULL,NULL,'2008-03-31 11:57:57',NULL,'Scottish-Cheque Returned - Re-Apply',NULL,'/templates/GB/SCOTTISH_BUS_REG_CHEQUE_RETD_REAPPLY_TAN21.rtf',0,NULL,0,NULL,'2008-03-31 11:57:57',NULL,NULL,NULL,NULL,1),(292,NULL,NULL,NULL,999999,479,NULL,479,NULL,NULL,NULL,999999,NULL,NULL,NULL,'2008-03-31 11:57:57',NULL,'Scottish-Cheque Returned - App Withdrawn',NULL,'/templates/GB/SCOTTISH_BUS_REGS_CHEQUE_ RETD_APP_WITHDRAWN_TAN21.rtf',0,NULL,0,NULL,'2008-03-31 11:57:57',NULL,NULL,NULL,NULL,1),(293,NULL,NULL,NULL,999999,479,NULL,479,NULL,NULL,NULL,999999,NULL,NULL,NULL,'2008-03-31 11:57:57',NULL,'Scottish-No Fee',NULL,'/templates/GB/SCOTTISH_BUS_REG_NO_FEE_TAN21.rtf',0,NULL,0,NULL,'2008-03-31 11:57:57',NULL,NULL,NULL,NULL,1),(294,NULL,NULL,NULL,999999,479,NULL,479,NULL,NULL,NULL,999999,NULL,NULL,NULL,'2008-03-31 11:57:57',NULL,'Scottish-Request Supporting Docs',NULL,'/templates/GB/SCOTTISH_BUS_REGS_ REQUEST_SUPPORTING_DOCS_TAN21.rtf',0,NULL,0,NULL,'2008-03-31 11:57:57',NULL,NULL,NULL,NULL,1),(295,NULL,NULL,NULL,999999,1,NULL,1,NULL,NULL,NULL,999999,NULL,NULL,NULL,'2008-09-04 13:41:19',NULL,'Original documents send back letter',NULL,'/templates/GB/Original documents send back letter.rtf',0,NULL,0,NULL,'2008-09-04 13:41:19',NULL,NULL,NULL,NULL,1),(296,NULL,NULL,NULL,999999,291,NULL,291,NULL,NULL,NULL,999999,NULL,NULL,NULL,'2008-11-03 12:38:08',NULL,'PSV - No application fee',NULL,'/templates/GB/NO_FEE_PSV431.rtf',0,NULL,0,NULL,'2008-11-03 12:38:08',NULL,NULL,NULL,NULL,1),(297,NULL,NULL,NULL,999999,291,NULL,291,NULL,NULL,NULL,999999,NULL,NULL,NULL,'2008-11-03 12:38:08',NULL,'Incorrectly completed cheque',NULL,'/templates/GB/INCORRECTLY_COMPLETED_CHEQUE.rtf',0,NULL,0,NULL,'2008-11-03 12:38:08',NULL,NULL,NULL,NULL,1),(298,NULL,NULL,NULL,999999,291,NULL,291,NULL,NULL,NULL,999999,NULL,NULL,NULL,'2008-11-03 12:38:08',NULL,'GV - no application fee GV81',NULL,'/templates/GB/NO_FEE_GV81.rtf',0,NULL,0,NULL,'2008-11-03 12:38:08',NULL,NULL,NULL,NULL,1),(299,NULL,NULL,NULL,999999,291,NULL,291,NULL,NULL,NULL,999999,NULL,NULL,NULL,'2008-11-03 12:38:08',NULL,'GV - no fee sched 4 auth increasing',NULL,'/templates/GB/NO_FEE_SCHED4_AUTH_INCREASING.rtf',0,NULL,0,NULL,'2008-11-03 12:38:08',NULL,NULL,NULL,NULL,1),(300,NULL,NULL,NULL,999999,1,NULL,1,NULL,NULL,NULL,999999,NULL,NULL,NULL,'2008-12-12 16:41:28',NULL,'Vehicle Registration Check',NULL,'/templates/GB/VehicleRegistrationCheck.rtf',0,NULL,0,NULL,'2008-12-12 16:41:28',NULL,NULL,NULL,NULL,1),(301,NULL,NULL,NULL,999999,479,NULL,479,NULL,NULL,NULL,999999,NULL,NULL,NULL,'2009-01-12 11:00:49',NULL,'GV - Reg 31 notification of death of licence holder',NULL,'/templates/GB/REG31_LETTER_NOTIFICATION_OF_DEATH_OF_LIC_HOLDER.rtf',0,NULL,0,NULL,'2009-01-12 11:00:49',NULL,NULL,NULL,NULL,1),(302,NULL,NULL,NULL,999999,1,NULL,1,NULL,NULL,NULL,999999,NULL,NULL,NULL,'2009-04-18 14:38:14',NULL,'5_YEAR_CHECKLIST_PSV',NULL,'/templates/GB/PSVChecklist.rtf',0,NULL,0,NULL,'2009-04-18 14:38:14',NULL,NULL,NULL,NULL,1),(303,NULL,NULL,NULL,999999,1,NULL,1,NULL,NULL,NULL,999999,NULL,NULL,NULL,'2009-04-18 14:38:14',NULL,'5_YEAR_CHECKLIST_PSVSR',NULL,'/templates/GB/PSVSRChecklist.rtf',0,NULL,0,NULL,'2009-04-18 14:38:14',NULL,NULL,NULL,NULL,1),(307,NULL,NULL,NULL,999999,1,NULL,1,NULL,NULL,NULL,999999,NULL,NULL,NULL,'2009-04-18 14:38:14',NULL,'CHASEUP_LETTER_PSVSR',NULL,'/templates/GB/PSVSRChaseUp.rtf',0,NULL,0,NULL,'2009-04-18 14:38:14',NULL,NULL,NULL,NULL,1),(309,NULL,NULL,NULL,999999,1,NULL,1,NULL,NULL,NULL,999999,NULL,NULL,NULL,'2009-04-18 14:38:14',NULL,'PSV - Licence continued - checklist not returned',NULL,'/templates/GB/LIC_CONTD_NO_CHECKLIST_PSV.rtf',0,NULL,0,NULL,'2009-04-18 14:38:14',NULL,NULL,NULL,NULL,1),(310,NULL,NULL,NULL,999999,1,NULL,1,NULL,NULL,NULL,999999,NULL,NULL,NULL,'2009-04-18 14:38:14',NULL,'PSVSR_Licence',NULL,'/templates/GB/PSVSRLicence.rtf',0,NULL,0,NULL,'2009-04-18 14:38:14',NULL,NULL,NULL,NULL,1),(312,NULL,NULL,NULL,1,1,NULL,1,NULL,NULL,NULL,79,NULL,NULL,NULL,'2009-09-25 14:14:32',NULL,'GV-Surrender request letter',NULL,'/templates/GB/Surrender_letter_GV.rtf',0,NULL,0,NULL,'2009-09-25 14:14:32',NULL,NULL,NULL,NULL,1),(313,NULL,NULL,NULL,1,1,NULL,1,NULL,NULL,NULL,79,NULL,NULL,NULL,'2009-09-25 14:14:32',NULL,'PSV-Surrender request letter',NULL,'/templates/GB/Surrender_letter_PSV.rtf',0,NULL,0,NULL,'2009-09-25 14:14:32',NULL,NULL,NULL,NULL,1),(314,NULL,NULL,NULL,1,479,NULL,479,NULL,NULL,NULL,79,NULL,NULL,NULL,'2009-05-14 17:50:00',NULL,'NEW_APP_INT_GRANTED',NULL,'/templates/GB/NEW_APP_INT_GRANTED.rtf',0,NULL,0,NULL,'2009-05-14 17:50:00',NULL,NULL,NULL,NULL,1),(315,NULL,NULL,NULL,999999,479,NULL,479,NULL,NULL,NULL,999999,NULL,NULL,NULL,'2009-05-14 17:50:00',NULL,'NEW_APP_INT_REFUSED',NULL,'/templates/GB/NEW_APP_INT_REFUSED.rtf',0,NULL,0,NULL,'2009-05-14 17:50:00',NULL,NULL,NULL,NULL,1),(316,NULL,NULL,NULL,1,479,NULL,479,NULL,NULL,NULL,79,NULL,NULL,NULL,'2009-05-14 17:50:00',NULL,'VAR_APP_INT_GRANTED',NULL,'/templates/GB/VAR_APP_INT_GRANTED.rtf',0,NULL,0,NULL,'2009-05-14 17:50:00',NULL,NULL,NULL,NULL,1),(317,NULL,NULL,NULL,999999,479,NULL,479,NULL,NULL,NULL,999999,NULL,NULL,NULL,'2009-05-14 17:50:00',NULL,'VAR_APP_INT_REFUSED',NULL,'/templates/GB/VAR_APP_INT_REFUSED.rtf',0,NULL,0,NULL,'2009-05-14 17:50:00',NULL,NULL,NULL,NULL,1),(318,NULL,NULL,NULL,999999,122,NULL,122,NULL,NULL,NULL,999999,NULL,NULL,NULL,'2009-03-31 00:00:00',NULL,'PSV_VEHICLE_LIST',NULL,'/templates/GB/PSVVehiclesList.rtf',0,NULL,0,NULL,'2009-03-31 00:00:00',NULL,NULL,NULL,NULL,1),(319,NULL,NULL,NULL,9,479,NULL,479,NULL,NULL,NULL,31,NULL,NULL,NULL,'2002-05-14 17:45:01',NULL,'GV - Letter confirming grant of new app',NULL,'/templates/GB/NEW_APP_FULL_GRANT.rtf',0,NULL,0,NULL,'2002-05-14 17:45:01',NULL,NULL,NULL,NULL,1),(320,NULL,NULL,NULL,9,479,NULL,479,NULL,NULL,NULL,31,NULL,NULL,NULL,'2002-05-14 17:45:01',NULL,'PSV - Letter confirming grant of new app',NULL,'/templates/GB/PSV_NEW_APP_FULL_GRANT.rtf',0,NULL,0,NULL,'2002-05-14 17:45:01',NULL,NULL,NULL,NULL,1),(321,NULL,NULL,NULL,9,479,NULL,479,NULL,NULL,NULL,31,NULL,NULL,NULL,'2002-05-14 17:45:01',NULL,'PSV - Letter confirming grant of var app',NULL,'/templates/GB/PSV_VAR_APP_FULL_GRANT.rtf',0,NULL,0,NULL,'2002-05-14 17:45:01',NULL,NULL,NULL,NULL,1),(322,NULL,NULL,NULL,9,479,NULL,479,NULL,NULL,NULL,31,NULL,NULL,NULL,'2002-05-14 17:45:01',NULL,'GV - Letter confirming grant of pub var',NULL,'/templates/GB/VAR_APP_FULL_GRANT.rtf',0,NULL,0,NULL,'2002-05-14 17:45:01',NULL,NULL,NULL,NULL,1),(323,NULL,NULL,NULL,999999,1,NULL,1,NULL,NULL,NULL,999999,NULL,NULL,NULL,'2010-01-13 13:19:16',NULL,'ENV09 - New/Var App Incomplete - 1st request for supporting docs',NULL,'/templates/GB/ENV_PUB_APPS_SUPP_DOCS_1ST.rtf',0,NULL,0,NULL,'2010-01-13 13:19:16',NULL,NULL,NULL,NULL,1),(324,NULL,NULL,NULL,999999,1,NULL,1,NULL,NULL,NULL,999999,NULL,NULL,NULL,'2010-01-13 13:21:06',NULL,'GV - Letter informing OP of PI to be held-Var app',NULL,'/templates/GB/INFORM_OP_OF_PI_VAR_APP.rtf',0,NULL,0,NULL,'2010-01-13 13:21:06',NULL,NULL,NULL,NULL,1),(325,NULL,NULL,NULL,999999,1,NULL,1,NULL,NULL,NULL,999999,NULL,NULL,NULL,'2010-01-13 13:21:06',NULL,'GV - Letter informing OP of PI to be held-New app',NULL,'/templates/GB/INFORM_OP_OF_PI_NEW_APP.rtf',0,NULL,0,NULL,'2010-01-13 13:21:06',NULL,NULL,NULL,NULL,1),(326,NULL,NULL,NULL,999999,1,NULL,1,NULL,NULL,NULL,999999,NULL,NULL,NULL,'2010-01-13 13:21:06',NULL,'ENV34 - letter informing obj or rep that PI to be held',NULL,'/templates/GB/INFORM_OBJ_OR_REP_OF_PI.rtf',0,NULL,0,NULL,'2010-01-13 13:21:06',NULL,NULL,NULL,NULL,1),(327,NULL,NULL,NULL,999999,1,NULL,1,NULL,NULL,NULL,999999,NULL,NULL,NULL,'2010-01-13 13:21:06',NULL,'PSV - Licence continued - variation required',NULL,'/templates/GB/PSV_LIC_CONTD_VAR_REQD.rtf',0,NULL,0,NULL,'2010-01-13 13:21:06',NULL,NULL,NULL,NULL,1),(328,NULL,NULL,NULL,999999,291,NULL,291,NULL,NULL,NULL,999999,NULL,NULL,NULL,'2010-11-25 13:42:26',NULL,'PSV - Letter informing OP of PI to be held',NULL,'/templates/GB/Referred_To_PI_Letter_PSV.rtf',0,NULL,0,NULL,'2010-11-25 13:42:26',NULL,NULL,NULL,NULL,1),(329,NULL,NULL,NULL,9,291,NULL,291,NULL,NULL,NULL,31,NULL,NULL,NULL,'2010-11-25 13:42:26',NULL,'ENV12 - New/Var App Incomplete - final request for supporting docs',NULL,'/templates/GB/ENV_PUB_APPS_SUPP_DOCS_FINAL.rtf',0,NULL,0,NULL,'2010-11-25 13:42:26',NULL,NULL,NULL,NULL,1),(330,NULL,NULL,NULL,999999,291,NULL,291,NULL,NULL,NULL,999999,NULL,NULL,NULL,'2010-11-25 13:42:26',NULL,'ENV13 - GV79E reminder letter',NULL,'/templates/GB/GV79E_Reminder_Letter.rtf',0,NULL,0,NULL,'2010-11-25 13:42:26',NULL,NULL,NULL,NULL,1),(331,NULL,NULL,NULL,999999,291,NULL,291,NULL,NULL,NULL,999999,NULL,NULL,NULL,'2010-11-25 13:42:26',NULL,'GV - Initial letter advising OP of complaint',NULL,'/templates/GB/Initial_Letter_Advising_Op_Of_Complaint.rtf',0,NULL,0,NULL,'2010-11-25 13:42:26',NULL,NULL,NULL,NULL,1),(332,NULL,NULL,NULL,999999,291,NULL,291,NULL,NULL,NULL,999999,NULL,NULL,NULL,'2010-11-25 13:42:26',NULL,'ENV14 - Letter to OP with copies of reps',NULL,'/templates/GB/Letter_To_Send_With_Copies_Of_Representations_To_Op.rtf',0,NULL,0,NULL,'2010-11-25 13:42:26',NULL,NULL,NULL,NULL,1),(333,NULL,NULL,NULL,1,291,NULL,291,NULL,NULL,NULL,74,NULL,NULL,NULL,'2010-11-25 13:42:26',NULL,'GV - Review notice served on operator - more info needed',NULL,'/templates/GB/Review_Notice_Served_On_Op_MoreInfoNeeded.rtf',0,NULL,0,NULL,'2010-11-25 13:42:26',NULL,NULL,NULL,NULL,1),(334,NULL,NULL,NULL,1,291,NULL,291,NULL,NULL,NULL,74,NULL,NULL,NULL,'2010-11-25 13:42:26',NULL,'GV - Review notice served on operator - propose conditions',NULL,'/templates/GB/Review_Notice_Served_On_Op_ProposeConditions.rtf',0,NULL,0,NULL,'2010-11-25 13:42:26',NULL,NULL,NULL,NULL,1),(335,NULL,NULL,NULL,999999,479,NULL,479,NULL,NULL,NULL,999999,NULL,NULL,NULL,'2011-06-29 13:00:00',NULL,'GV/PSV - Licence cont maint details required',NULL,'/templates/GB/Maintenance_Letter_And_Form.rtf',0,NULL,0,NULL,'2011-06-29 13:00:00',NULL,NULL,NULL,NULL,1),(336,NULL,NULL,NULL,999999,479,NULL,479,NULL,NULL,NULL,999999,NULL,NULL,NULL,'2011-06-29 13:00:00',NULL,'GV/PSV - Licence cont multiple further info required',NULL,'/templates/GB/Multiple_Further_Info_Required.rtf',0,NULL,0,NULL,'2011-06-29 13:00:00',NULL,NULL,NULL,NULL,1),(337,NULL,NULL,NULL,999999,479,NULL,479,NULL,NULL,NULL,999999,NULL,NULL,NULL,'2011-06-29 13:00:00',NULL,'GV/PSV - Licence cont new director noted',NULL,'/templates/GB/New_Director_Letter.rtf',0,NULL,0,NULL,'2011-06-29 13:00:00',NULL,NULL,NULL,NULL,1),(338,NULL,NULL,NULL,999999,1,NULL,1,NULL,NULL,NULL,999999,NULL,NULL,NULL,'2011-09-22 09:57:55',NULL,'Community Licence Office Copy Cover Letter',NULL,'/templates/GB/Community_Licence_Office_Copy_Cover_Letter.rtf',0,NULL,0,NULL,'2011-09-22 09:57:55',NULL,NULL,NULL,NULL,1),(339,NULL,NULL,NULL,999999,1,NULL,1,NULL,NULL,NULL,999999,NULL,NULL,NULL,'2011-09-22 09:57:55',NULL,'Address of Establishment Letter',NULL,'/templates/GB/Address_Of_Establishment_Letter.rtf',0,NULL,0,NULL,'2011-09-22 09:57:55',NULL,NULL,NULL,NULL,1),(340,NULL,NULL,NULL,5,1,NULL,1,NULL,NULL,NULL,99,NULL,NULL,NULL,'2011-11-04 17:49:55',NULL,'TM BLANK LETTER TEMPLATE GV',NULL,'/templates/GB/TM_BLANK_LETTER_GV.rtf',0,NULL,0,NULL,'2011-11-04 17:49:55',NULL,NULL,NULL,NULL,1),(341,NULL,NULL,NULL,5,1,NULL,1,NULL,NULL,NULL,99,NULL,NULL,NULL,'2011-11-04 17:49:55',NULL,'TM BLANK LETTER TEMPLATE PSV',NULL,'/templates/GB/TM_BLANK_LETTER_PSV.rtf',0,NULL,0,NULL,'2011-11-04 17:49:55',NULL,NULL,NULL,NULL,1),(342,NULL,NULL,NULL,999999,1,NULL,1,NULL,NULL,NULL,999999,NULL,NULL,NULL,'2011-11-04 17:49:55',NULL,'TM_Comp_AttendanceAtPIReturnProformaAnnexF',NULL,'/templates/GB/TM_Comp_AttendancePIReturnProformaAnnexF.rtf',0,NULL,0,NULL,'2011-11-04 17:49:55',NULL,NULL,NULL,NULL,1),(343,NULL,NULL,NULL,999999,1,NULL,1,NULL,NULL,NULL,999999,NULL,NULL,NULL,'2011-11-04 17:49:55',NULL,'TM_Comp_PIAdjournmentLetter',NULL,'/templates/GB/TM_Comp_PIAdjournmentLetter.rtf',0,NULL,0,NULL,'2011-11-04 17:49:55',NULL,NULL,NULL,NULL,1),(344,NULL,NULL,NULL,999999,1,NULL,1,NULL,NULL,NULL,999999,NULL,NULL,NULL,'2011-11-04 17:49:55',NULL,'TM_Comp_PIDecisionLetter - GV',NULL,'/templates/GB/TM_Comp_PIDecisionLetterGV.rtf',0,NULL,0,NULL,'2011-11-04 17:49:55',NULL,NULL,NULL,NULL,1),(345,NULL,NULL,NULL,999999,1,NULL,1,NULL,NULL,NULL,999999,NULL,NULL,NULL,'2011-11-04 17:49:55',NULL,'TM_Comp_PIDecisionLetter - PSV',NULL,'/templates/GB/TM_Comp_PIDecisionLetterPSV.rtf',0,NULL,0,NULL,'2011-11-04 17:49:55',NULL,NULL,NULL,NULL,1),(346,NULL,NULL,NULL,999999,1,NULL,1,NULL,NULL,NULL,999999,NULL,NULL,NULL,'2011-11-04 17:49:55',NULL,'TM_PIDisciplinaryAnnexA',NULL,'/templates/GB/TM_Comp_PIDisciplinaryAnnexA.rtf',0,NULL,0,NULL,'2011-11-04 17:49:55',NULL,NULL,NULL,NULL,1),(347,NULL,NULL,NULL,999999,1,NULL,1,NULL,NULL,NULL,999999,NULL,NULL,NULL,'2011-11-04 17:49:55',NULL,'TM_Comp_RequestForStayDecisionLetter',NULL,'/templates/GB/TM_Comp_RequestForStayDecisionLetter.rtf',0,NULL,0,NULL,'2011-11-04 17:49:55',NULL,NULL,NULL,NULL,1),(348,NULL,NULL,NULL,999999,1,NULL,1,NULL,NULL,NULL,999999,NULL,NULL,NULL,'2011-11-04 17:50:08',NULL,'Compliance - Blank letter to Operator GV',NULL,'/templates/GB/Comp_blank_letter_to_operator_GV.rtf',0,NULL,0,NULL,'2011-11-04 17:50:08',NULL,NULL,NULL,NULL,1),(349,NULL,NULL,NULL,999999,1,NULL,1,NULL,NULL,NULL,999999,NULL,NULL,NULL,'2011-11-04 17:50:08',NULL,'Compliance - Blank letter to Operator PSV',NULL,'/templates/GB/Comp_blank_letter_to_operator_PSV.rtf',0,NULL,0,NULL,'2011-11-04 17:50:08',NULL,NULL,NULL,NULL,1),(350,NULL,NULL,NULL,999999,1,NULL,1,NULL,NULL,NULL,999999,NULL,NULL,NULL,'2011-11-04 17:50:08',NULL,'TM_PICallUpLetterGV',NULL,'/templates/GB/TM_PICallUpLetterGV.rtf',0,NULL,0,NULL,'2011-11-04 17:50:08',NULL,NULL,NULL,NULL,1),(351,NULL,NULL,NULL,999999,1,NULL,1,NULL,NULL,NULL,999999,NULL,NULL,NULL,'2011-11-04 17:50:08',NULL,'TM_PICallUpLetterPSV',NULL,'/templates/GB/TM_PICallUpLetterPSV.rtf',0,NULL,0,NULL,'2011-11-04 17:50:08',NULL,NULL,NULL,NULL,1),(352,NULL,NULL,NULL,999999,1,NULL,1,NULL,NULL,NULL,999999,NULL,NULL,NULL,'2011-11-04 17:50:08',NULL,'TM_PIDecisionLetterGV',NULL,'/templates/GB/TM_PIDecisionLetterGV.rtf',0,NULL,0,NULL,'2011-11-04 17:50:08',NULL,NULL,NULL,NULL,1),(353,NULL,NULL,NULL,999999,1,NULL,1,NULL,NULL,NULL,999999,NULL,NULL,NULL,'2011-11-04 17:50:08',NULL,'TM_PIDecisionLetterPSV',NULL,'/templates/GB/TM_PIDecisionLetterPSV.rtf',0,NULL,0,NULL,'2011-11-04 17:50:08',NULL,NULL,NULL,NULL,1),(354,NULL,NULL,NULL,999999,1,NULL,1,NULL,NULL,NULL,999999,NULL,NULL,NULL,'2011-11-04 17:50:08',NULL,'Compliance - Remove undertaking non PI',NULL,'/templates/GB/Removal of undertaking not PI.rtf',0,NULL,0,NULL,'2011-11-04 17:50:08',NULL,NULL,NULL,NULL,1),(355,NULL,NULL,NULL,999999,1,NULL,1,NULL,NULL,NULL,999999,NULL,NULL,NULL,'2011-11-04 17:50:08',NULL,'Compliance - Remove undertaking following PI',NULL,'/templates/GB/Removal of undertaking following PI.rtf',0,NULL,0,NULL,'2011-11-04 17:50:08',NULL,NULL,NULL,NULL,1),(356,NULL,NULL,NULL,999999,1,NULL,1,NULL,NULL,NULL,999999,NULL,NULL,NULL,'2011-11-04 17:50:08',NULL,'Impounding - PSV509 Notification to DVSA',NULL,'/templates/GB/PSV509 - Notification to VOSA after Admin Appeal.rtf',0,NULL,0,NULL,'2011-11-04 17:50:08',NULL,NULL,NULL,NULL,1),(357,NULL,NULL,NULL,999999,1,NULL,1,NULL,NULL,NULL,999999,NULL,NULL,NULL,'2011-11-04 17:50:08',NULL,'Impounding - HGV509 Notification to DVSA',NULL,'/templates/GB/HGV509 - Notification to VOSA following appeal period.rtf',0,NULL,0,NULL,'2011-11-04 17:50:08',NULL,NULL,NULL,NULL,1),(358,NULL,NULL,NULL,999999,1,NULL,1,NULL,NULL,NULL,999999,NULL,NULL,NULL,'2011-11-04 17:50:08',NULL,'Impounding - PSV502 OTC letter about hearing',NULL,'/templates/GB/PSV502 - OTC letter about hearing.rtf',0,NULL,0,NULL,'2011-11-04 17:50:08',NULL,NULL,NULL,NULL,1),(359,NULL,NULL,NULL,999999,1,NULL,1,NULL,NULL,NULL,999999,NULL,NULL,NULL,'2011-11-04 17:50:08',NULL,'Impounding - HGV502 OTC letter about hearing',NULL,'/templates/GB/HGV502 - OTC letter about hearing.rtf',0,NULL,0,NULL,'2011-11-04 17:50:08',NULL,NULL,NULL,NULL,1),(360,NULL,NULL,NULL,999999,1,NULL,1,NULL,NULL,NULL,999999,NULL,NULL,NULL,'2011-11-04 17:50:08',NULL,'Impounding - PSV508 Application received after 21 days',NULL,'/templates/GB/PSV508 - Application received after 21 days.rtf',0,NULL,0,NULL,'2011-11-04 17:50:08',NULL,NULL,NULL,NULL,1),(361,NULL,NULL,NULL,999999,1,NULL,1,NULL,NULL,NULL,999999,NULL,NULL,NULL,'2011-11-04 17:50:08',NULL,'Impounding - HGV508 Application received after 21 days',NULL,'/templates/GB/HGV508 - Application received after 21 days.rtf',0,NULL,0,NULL,'2011-11-04 17:50:08',NULL,NULL,NULL,NULL,1),(362,NULL,NULL,NULL,999999,1,NULL,1,NULL,NULL,NULL,999999,NULL,NULL,NULL,'2011-11-04 17:50:08',NULL,'Impounding - HGV507 Notification to DVSA Disposal after 21 days',NULL,'/templates/GB/HGV507 - Disposal after 21 days.rtf',0,NULL,0,NULL,'2011-11-04 17:50:08',NULL,NULL,NULL,NULL,1),(363,NULL,NULL,NULL,999999,1,NULL,1,NULL,NULL,NULL,999999,NULL,NULL,NULL,'2011-11-04 17:50:08',NULL,'Impounding - PSV507 Notification to DVSA Disposal after 21 days',NULL,'/templates/GB/PSV507 - Disposal after 21 days.rtf',0,NULL,0,NULL,'2011-11-04 17:50:08',NULL,NULL,NULL,NULL,1),(364,NULL,NULL,NULL,999999,1,NULL,1,NULL,NULL,NULL,999999,NULL,NULL,NULL,'2011-11-04 17:50:08',NULL,'Impounding - HGV503 Release after written representations',NULL,'/templates/GB/HGV503 - Release after written representations.rtf',0,NULL,0,NULL,'2011-11-04 17:50:08',NULL,NULL,NULL,NULL,1),(365,NULL,NULL,NULL,999999,1,NULL,1,NULL,NULL,NULL,999999,NULL,NULL,NULL,'2011-11-04 17:50:08',NULL,'Impounding - PSV503 Release after written representations',NULL,'/templates/GB/PSV503 - Release after written representations.rtf',0,NULL,0,NULL,'2011-11-04 17:50:08',NULL,NULL,NULL,NULL,1),(366,NULL,NULL,NULL,999999,1,NULL,1,NULL,NULL,NULL,999999,NULL,NULL,NULL,'2011-11-04 17:50:08',NULL,'Impounding - HGV504 Release after Hearing',NULL,'/templates/GB/HGV504 - Release after Hearing.rtf',0,NULL,0,NULL,'2011-11-04 17:50:08',NULL,NULL,NULL,NULL,1),(367,NULL,NULL,NULL,999999,1,NULL,1,NULL,NULL,NULL,999999,NULL,NULL,NULL,'2011-11-04 17:50:08',NULL,'Impounding - PSV504 Release after Hearing',NULL,'/templates/GB/PSV504 - Release after Hearing.rtf',0,NULL,0,NULL,'2011-11-04 17:50:08',NULL,NULL,NULL,NULL,1),(368,NULL,NULL,NULL,999999,1,NULL,1,NULL,NULL,NULL,999999,NULL,NULL,NULL,'2011-11-04 17:50:08',NULL,'Impounding - HGV505 Detention after written representations',NULL,'/templates/GB/HGV505 - Detention after written representations.rtf',0,NULL,0,NULL,'2011-11-04 17:50:08',NULL,NULL,NULL,NULL,1),(369,NULL,NULL,NULL,999999,1,NULL,1,NULL,NULL,NULL,999999,NULL,NULL,NULL,'2011-11-04 17:50:08',NULL,'Impounding - PSV505 Detention after written representations',NULL,'/templates/GB/PSV505 - Detention after written representations.rtf',0,NULL,0,NULL,'2011-11-04 17:50:08',NULL,NULL,NULL,NULL,1),(370,NULL,NULL,NULL,999999,1,NULL,1,NULL,NULL,NULL,999999,NULL,NULL,NULL,'2011-11-04 17:50:08',NULL,'Impounding - HGV506 Detention after Hearing',NULL,'/templates/GB/HGV506 - Detention after Hearing.rtf',0,NULL,0,NULL,'2011-11-04 17:50:08',NULL,NULL,NULL,NULL,1),(371,NULL,NULL,NULL,999999,1,NULL,1,NULL,NULL,NULL,999999,NULL,NULL,NULL,'2011-11-04 17:50:08',NULL,'Impounding - PSV506 Detention after Hearing',NULL,'/templates/GB/PSV506 - Detention after Hearing.rtf',0,NULL,0,NULL,'2011-11-04 17:50:08',NULL,NULL,NULL,NULL,1),(372,NULL,NULL,NULL,999999,479,NULL,479,NULL,NULL,NULL,999999,NULL,NULL,NULL,'2012-01-05 13:00:00',NULL,'OTC Submission template Goods',NULL,'/templates/GB/OTC_Submission_GV.rtf',0,NULL,0,NULL,'2012-01-05 13:00:00',NULL,NULL,NULL,NULL,1),(373,NULL,NULL,NULL,999999,479,NULL,479,NULL,NULL,NULL,999999,NULL,NULL,NULL,'2012-01-05 13:00:00',NULL,'OTC Submission template PSV',NULL,'/templates/GB/OTC_Submission_PSV.rtf',0,NULL,0,NULL,'2012-01-05 13:00:00',NULL,NULL,NULL,NULL,1),(374,NULL,NULL,NULL,999999,479,NULL,479,NULL,NULL,NULL,999999,NULL,NULL,NULL,'2012-01-05 13:00:00',NULL,'Goods Submission template',NULL,'/templates/GB/Goods_Submission_template.rtf',0,NULL,0,NULL,'2012-01-05 13:00:00',NULL,NULL,NULL,NULL,1),(375,NULL,NULL,NULL,999999,479,NULL,479,NULL,NULL,NULL,999999,NULL,NULL,NULL,'2012-01-05 13:00:00',NULL,'PSV Submission template',NULL,'/templates/GB/PSV_Submission_Template.rtf',0,NULL,0,NULL,'2012-01-05 13:00:00',NULL,NULL,NULL,NULL,1),(376,NULL,NULL,NULL,999999,479,NULL,479,NULL,NULL,NULL,999999,NULL,NULL,NULL,'2012-01-12 14:31:55',NULL,'ENV03 - Individual councillor not entitled to raise objections',NULL,'/templates/GB/ENV03 - Individual councillor not entitled to raise objections.rtf',0,NULL,0,NULL,'2012-01-12 14:31:55',NULL,NULL,NULL,NULL,1),(377,NULL,NULL,NULL,999999,479,NULL,479,NULL,NULL,NULL,999999,NULL,NULL,NULL,'2012-01-12 14:31:55',NULL,'ENV07 - Letter to lead petitioner (representation)',NULL,'/templates/GB/ENV07 - Letter to lead petitioner (representation).rtf',0,NULL,0,NULL,'2012-01-12 14:31:55',NULL,NULL,NULL,NULL,1),(378,NULL,NULL,NULL,999999,479,NULL,479,NULL,NULL,NULL,999999,NULL,NULL,NULL,'2012-01-12 14:31:55',NULL,'ENV08 - Letter to remaining petitioners (representation)',NULL,'/templates/GB/ENV08 - Letter to remaining petitioners (representation).rtf',0,NULL,0,NULL,'2012-01-12 14:31:55',NULL,NULL,NULL,NULL,1),(379,NULL,NULL,NULL,999999,479,NULL,479,NULL,NULL,NULL,999999,NULL,NULL,NULL,'2012-01-12 14:31:55',NULL,'ENV11 - ENV case received after app processed - no opposition',NULL,'/templates/GB/ENV11 - ENV case received after app processed - no opposition.rtf',0,NULL,0,NULL,'2012-01-12 14:31:55',NULL,NULL,NULL,NULL,1),(380,NULL,NULL,NULL,999999,479,NULL,479,NULL,NULL,NULL,999999,NULL,NULL,NULL,'2012-01-12 14:31:55',NULL,'ENV15 - Letter to representor - operating centre follow up',NULL,'/templates/GB/ENV15 - Letter to representor - operating centre follow up.rtf',0,NULL,0,NULL,'2012-01-12 14:31:55',NULL,NULL,NULL,NULL,1),(381,NULL,NULL,NULL,999999,479,NULL,479,NULL,NULL,NULL,999999,NULL,NULL,NULL,'2012-01-12 14:31:55',NULL,'ENV16 -  Letter to objector - operating centre follow up',NULL,'/templates/GB/ENV16 -  Letter to objector - operating centre follow up.rtf',0,NULL,0,NULL,'2012-01-12 14:31:55',NULL,NULL,NULL,NULL,1),(382,NULL,NULL,NULL,999999,479,NULL,479,NULL,NULL,NULL,999999,NULL,NULL,NULL,'2012-01-12 14:31:55',NULL,'ENV17 - Letter to applicant - operating centre follow up',NULL,'/templates/GB/ENV17 - Letter to applicant - operating centre follow up.rtf',0,NULL,0,NULL,'2012-01-12 14:31:55',NULL,NULL,NULL,NULL,1),(383,NULL,NULL,NULL,999999,479,NULL,479,NULL,NULL,NULL,999999,NULL,NULL,NULL,'2012-01-12 14:31:55',NULL,'ENV21 - Propose to refuse letter - oc issues',NULL,'/templates/GB/ENV21 - Propose to refuse letter - oc issues.rtf',0,NULL,0,NULL,'2012-01-12 14:31:55',NULL,NULL,NULL,NULL,1),(384,NULL,NULL,NULL,9,479,NULL,479,NULL,NULL,NULL,31,NULL,NULL,NULL,'2012-01-12 14:31:55',NULL,'ENV22- Letter confirming grant of new app',NULL,'/templates/GB/ENV22_NEW_APP_FULL_GRANT.rtf',0,NULL,0,NULL,'2012-01-12 14:31:55',NULL,NULL,NULL,NULL,1),(385,NULL,NULL,NULL,9,479,NULL,479,NULL,NULL,NULL,31,NULL,NULL,NULL,'2012-01-12 14:31:55',NULL,'ENV23 - Letter confirming grant of pub var',NULL,'/templates/GB/ENV23_VAR_APP_FULL_GRANT.rtf',0,NULL,0,NULL,'2012-01-12 14:31:55',NULL,NULL,NULL,NULL,1),(386,NULL,NULL,NULL,999999,479,NULL,479,NULL,NULL,NULL,999999,NULL,NULL,NULL,'2012-01-12 14:31:55',NULL,'ENV24 - Refusal of new application - oc issues',NULL,'/templates/GB/ENV24 - Refusal of new application - oc issues.rtf',0,NULL,0,NULL,'2012-01-12 14:31:55',NULL,NULL,NULL,NULL,1),(387,NULL,NULL,NULL,999999,479,NULL,479,NULL,NULL,NULL,999999,NULL,NULL,NULL,'2012-01-12 14:31:55',NULL,'ENV25 - Refusal of variation - oc issues',NULL,'/templates/GB/ENV25 - Refusal of variation - oc issues.rtf',0,NULL,0,NULL,'2012-01-12 14:31:55',NULL,NULL,NULL,NULL,1),(388,NULL,NULL,NULL,7,479,NULL,479,NULL,NULL,NULL,62,NULL,NULL,NULL,'2012-01-12 14:31:55',NULL,'ENV28 - letter advising invalid obj of non PI application decision',NULL,'/templates/GB/ENV28 - letter advising invalid obj of non PI application decision.rtf',0,NULL,0,NULL,'2012-01-12 14:31:55',NULL,NULL,NULL,NULL,1),(389,NULL,NULL,NULL,7,479,NULL,479,NULL,NULL,NULL,65,NULL,NULL,NULL,'2012-01-12 14:31:55',NULL,'ENV29 - letter advising invalid rep of non PI application decision',NULL,'/templates/GB/ENV29 - letter advising invalid rep of non PI application decision.rtf',0,NULL,0,NULL,'2012-01-12 14:31:55',NULL,NULL,NULL,NULL,1),(390,NULL,NULL,NULL,7,479,NULL,479,NULL,NULL,NULL,63,NULL,NULL,NULL,'2012-01-12 14:31:55',NULL,'ENV32 - Letter informing op of PI to be held - New app',NULL,'/templates/GB/ENV32_INFORM_OP_OF_PI_NEW_APP.rtf',0,NULL,0,NULL,'2012-01-12 14:31:55',NULL,NULL,NULL,NULL,1),(391,NULL,NULL,NULL,7,479,NULL,479,NULL,NULL,NULL,63,NULL,NULL,NULL,'2012-01-12 14:31:55',NULL,'ENV33 - Letter informing op of PI to be held - var app',NULL,'/templates/GB/ENV33_INFORM_OP_OF_PI_VAR_APP.rtf',0,NULL,0,NULL,'2012-01-12 14:31:55',NULL,NULL,NULL,NULL,1),(392,NULL,NULL,NULL,999999,1,NULL,1,NULL,NULL,NULL,999999,NULL,NULL,NULL,'2012-09-14 00:00:00',NULL,'GV - acknowledgement of complete pub app (NI)',NULL,'/templates/NI/COMPLETE_PUB_APP_ACK.rtf',0,NULL,0,NULL,'2012-09-14 00:00:00',NULL,NULL,NULL,NULL,1),(393,NULL,NULL,NULL,999999,1,NULL,1,NULL,NULL,NULL,999999,NULL,NULL,NULL,'2012-09-14 00:00:00',NULL,'GV - Change of Entity - New App required (NI)',NULL,'/templates/NI/ENTITY_CHANGE_NEW_APP_REQD.rtf',0,NULL,0,NULL,'2012-09-14 00:00:00',NULL,NULL,NULL,NULL,1),(394,NULL,NULL,NULL,999999,1,NULL,1,NULL,NULL,NULL,999999,NULL,NULL,NULL,'2012-09-14 00:00:00',NULL,'GV - Letter advising new app grant set aside (NI)',NULL,'/templates/NI/NEW_APP_GRANT_NOT_TAKEN_UP.rtf',0,NULL,0,NULL,'2012-09-14 00:00:00',NULL,NULL,NULL,NULL,1),(395,NULL,NULL,NULL,9,1,NULL,1,NULL,NULL,NULL,31,NULL,NULL,NULL,'2012-09-14 00:00:00',NULL,'GV - Letter confirming grant of new app (NI)',NULL,'/templates/NI/NEW_APP_FULL_GRANT.rtf',0,NULL,0,NULL,'2012-09-14 00:00:00',NULL,NULL,NULL,NULL,1),(396,NULL,NULL,NULL,9,1,NULL,1,NULL,NULL,NULL,31,NULL,NULL,NULL,'2012-09-14 00:00:00',NULL,'GV - Letter confirming grant of pub var (NI)',NULL,'/templates/NI/VAR_APP_FULL_GRANT.rtf',0,NULL,0,NULL,'2012-09-14 00:00:00',NULL,NULL,NULL,NULL,1),(397,NULL,NULL,NULL,999999,1,NULL,1,NULL,NULL,NULL,999999,NULL,NULL,NULL,'2012-09-14 00:00:00',NULL,'GV - Letter to op advising that grant/refusal decision reviewed (NI)',NULL,'/templates/NI/APPLICATION_DECISION_REVIEWED.rtf',0,NULL,0,NULL,'2012-09-14 00:00:00',NULL,NULL,NULL,NULL,1),(398,NULL,NULL,NULL,9,1,NULL,1,NULL,NULL,NULL,31,NULL,NULL,NULL,'2012-09-14 00:00:00',NULL,'GV - New App Refusal - no advert (NI)',NULL,'/templates/NI/NEW_APP_REFUSED_NO_ADVERT.rtf',0,NULL,0,NULL,'2012-09-14 00:00:00',NULL,NULL,NULL,NULL,1),(399,NULL,NULL,NULL,9,1,NULL,1,NULL,NULL,NULL,31,NULL,NULL,NULL,'2012-09-14 00:00:00',NULL,'GV - New App Refusal - no response to supporting doc request (NI)',NULL,'/templates/NI/NEW_APP_REFUSED_SUPP_DOCS.rtf',0,NULL,0,NULL,'2012-09-14 00:00:00',NULL,NULL,NULL,NULL,1),(400,NULL,NULL,NULL,85,1,NULL,1,NULL,NULL,NULL,1,NULL,NULL,NULL,'2012-09-14 00:00:00',NULL,'GV - New/Var App Incomplete - 1st request for supporting docs (NI)',NULL,'/templates/NI/PUB_APPS_SUPP_DOCS_1ST.rtf',0,NULL,0,NULL,'2012-09-14 00:00:00',NULL,NULL,NULL,NULL,1),(402,NULL,NULL,NULL,999999,1,NULL,1,NULL,NULL,NULL,999999,NULL,NULL,NULL,'2012-09-14 00:00:00',NULL,'GV - Var App - O/C not in Northern Ireland (NI)',NULL,'/templates/NI/VAR_APP_OC not in Northern Ireland.rtf',0,NULL,0,NULL,'2012-09-14 00:00:00',NULL,NULL,NULL,NULL,1),(403,NULL,NULL,NULL,9,1,NULL,1,NULL,NULL,NULL,31,NULL,NULL,NULL,'2012-09-14 00:00:00',NULL,'GV - Var App Refusal - no response to supporting doc request (NI)',NULL,'/templates/NI/VAR_APP_REFUSED_SUPP_DOCS.rtf',0,NULL,0,NULL,'2012-09-14 00:00:00',NULL,NULL,NULL,NULL,1),(404,NULL,NULL,NULL,9,1,NULL,1,NULL,NULL,NULL,31,NULL,NULL,NULL,'2012-09-14 00:00:00',NULL,'GV - Var App Refusal -no advert (NI)',NULL,'/templates/NI/VAR_APP_REFUSED_NO_ADVERT.rtf',0,NULL,0,NULL,'2012-09-14 00:00:00',NULL,NULL,NULL,NULL,1),(405,NULL,NULL,NULL,999999,1,NULL,1,NULL,NULL,NULL,999999,NULL,NULL,NULL,'2012-09-14 00:00:00',NULL,'PSV - acknowledgement of complete new app (NI)',NULL,'/templates/NI/PSV_COMPLETE_NEW_APP_ACK.rtf',0,NULL,0,NULL,'2012-09-14 00:00:00',NULL,NULL,NULL,NULL,1),(406,NULL,NULL,NULL,9,1,NULL,1,NULL,NULL,NULL,31,NULL,NULL,NULL,'2012-09-14 00:00:00',NULL,'PSV - App Refusal (NI)',NULL,'/templates/NI/PSV_APP_REFUSED.rtf',0,NULL,0,NULL,'2012-09-14 00:00:00',NULL,NULL,NULL,NULL,1),(407,NULL,NULL,NULL,999999,1,NULL,1,NULL,NULL,NULL,999999,NULL,NULL,NULL,'2012-09-14 00:00:00',NULL,'PSV - Change of entity - new app required (NI)',NULL,'/templates/NI/PSV_ENTITY_CHANGE_NEW_APP_REQD.rtf',0,NULL,0,NULL,'2012-09-14 00:00:00',NULL,NULL,NULL,NULL,1),(408,NULL,NULL,NULL,999999,1,NULL,1,NULL,NULL,NULL,999999,NULL,NULL,NULL,'2012-09-14 00:00:00',NULL,'PSV - Letter advising of review of grant or refusal decision (NI)',NULL,'/templates/NI/PSV_APPLICATION_DECISION_REVIEWED.rtf',0,NULL,0,NULL,'2012-09-14 00:00:00',NULL,NULL,NULL,NULL,1),(409,NULL,NULL,NULL,999999,1,NULL,1,NULL,NULL,NULL,999999,NULL,NULL,NULL,'2012-09-14 00:00:00',NULL,'PSV - Letter confirming grant of new app (NI)',NULL,'/templates/NI/PSV_NEW_APP_FULL_GRANT.rtf',0,NULL,0,NULL,'2012-09-14 00:00:00',NULL,NULL,NULL,NULL,1),(410,NULL,NULL,NULL,999999,1,NULL,1,NULL,NULL,NULL,999999,NULL,NULL,NULL,'2012-09-14 00:00:00',NULL,'PSV - New app incomplete - 1st request for supporting docs (NI)',NULL,'/templates/NI/PSV_NEW_APP_SUPP_DOCS_1ST.rtf',0,NULL,0,NULL,'2012-09-14 00:00:00',NULL,NULL,NULL,NULL,1),(411,NULL,NULL,NULL,85,1,NULL,1,NULL,NULL,NULL,1,NULL,NULL,NULL,'2012-09-14 00:00:00',NULL,'PSV - New app incomplete - final request for supporting docs (NI)',NULL,'/templates/NI/PSV_New_app_incomplete_final_request_for_supporting_docs.rtf',0,NULL,0,NULL,'2012-09-14 00:00:00',NULL,NULL,NULL,NULL,1),(412,NULL,NULL,NULL,999999,1,NULL,1,NULL,NULL,NULL,999999,NULL,NULL,NULL,'2012-09-14 00:00:00',NULL,'PSV - Propose to refuse - new app (NI)',NULL,'/templates/NI/PSV_FOLLOWUP_FINANCES_ON_GRANT.rtf',0,NULL,0,NULL,'2012-09-14 00:00:00',NULL,NULL,NULL,NULL,1),(413,NULL,NULL,NULL,999999,1,NULL,1,NULL,NULL,NULL,999999,NULL,NULL,NULL,'2012-09-14 00:00:00',NULL,'PSV - Response to objection (3rd Party) (NI)',NULL,'/templates/NI/PSV_RESPONSE_TO_OBJECTION_3RD_PARTY.rtf',0,NULL,0,NULL,'2012-09-14 00:00:00',NULL,NULL,NULL,NULL,1),(414,NULL,NULL,NULL,999999,1,NULL,1,NULL,NULL,NULL,999999,NULL,NULL,NULL,'2012-09-14 00:00:00',NULL,'PSV - Var app incomplete - 1st request for supporting docs (NI)',NULL,'/templates/NI/PSV_VAR_APP_SUPP_DOCS_1ST.rtf',0,NULL,0,NULL,'2012-09-14 00:00:00',NULL,NULL,NULL,NULL,1),(415,NULL,NULL,NULL,999999,1,NULL,1,NULL,NULL,NULL,999999,NULL,NULL,NULL,'2012-09-14 00:00:00',NULL,'PSV - Var app incomplete - final request for supporting docs (NI)',NULL,'/templates/NI/PSV_VAR_APP_SUPP_DOCS_FINAL.rtf',0,NULL,0,NULL,'2012-09-14 00:00:00',NULL,NULL,NULL,NULL,1),(416,NULL,NULL,NULL,999999,1,NULL,1,NULL,NULL,NULL,999999,NULL,NULL,NULL,'2012-09-14 00:00:00',NULL,'GV - Lic cont docs issued but finance declaration problems (NI)',NULL,'/templates/NI/LIC_CONTD_BUT FINANCE_PROFORMA_ISSUES.rtf',0,NULL,0,NULL,'2012-09-14 00:00:00',NULL,NULL,NULL,NULL,1),(417,NULL,NULL,NULL,999999,1,NULL,1,NULL,NULL,NULL,999999,NULL,NULL,NULL,'2012-09-14 00:00:00',NULL,'PSV - Lic cont docs issued but finance declaration problems (NI)',NULL,'/templates/NI/PSV_LIC_CONTD_BUT FINANCE_PROFORMA_ISSUES.rtf',0,NULL,0,NULL,'2012-09-14 00:00:00',NULL,NULL,NULL,NULL,1),(418,NULL,NULL,NULL,1,1,NULL,1,NULL,NULL,NULL,74,NULL,NULL,NULL,'2012-09-14 00:00:00',NULL,'GV - Acknowledgement of initial review complaint (NI)',NULL,'/templates/NI/REVIEW_COMPLAINT_INITIAL_RESPONSE.rtf',0,NULL,0,NULL,'2012-09-14 00:00:00',NULL,NULL,NULL,NULL,1),(419,NULL,NULL,NULL,1,1,NULL,1,NULL,NULL,NULL,74,NULL,NULL,NULL,'2012-09-14 00:00:00',NULL,'GV - Complainant advised that no review to be conducted (NI)',NULL,'/templates/NI/REVIEW_COMPLAINANT_NO_REVIEW.rtf',0,NULL,0,NULL,'2012-09-14 00:00:00',NULL,NULL,NULL,NULL,1),(420,NULL,NULL,NULL,999999,1,NULL,1,NULL,NULL,NULL,999999,NULL,NULL,NULL,'2012-09-14 00:00:00',NULL,'GV - Initial letter advising OP of complaint (NI)',NULL,'/templates/NI/Initial_Letter_Advising_Op_Of_Complaint.rtf',0,NULL,0,NULL,'2012-09-14 00:00:00',NULL,NULL,NULL,NULL,1),(421,NULL,NULL,NULL,1,1,NULL,1,NULL,NULL,NULL,74,NULL,NULL,NULL,'2012-09-14 00:00:00',NULL,'GV - Letter advising complainant of proposed conditions (NI)',NULL,'/templates/NI/REVIEW_PROPOSED_CONDITIONS_COMPLAINANT.rtf',0,NULL,0,NULL,'2012-09-14 00:00:00',NULL,NULL,NULL,NULL,1),(422,NULL,NULL,NULL,999999,1,NULL,1,NULL,NULL,NULL,999999,NULL,NULL,NULL,'2012-09-14 00:00:00',NULL,'GV - Licence continued - checklist not returned (NI)',NULL,'/templates/NI/LIC_CONTD_NO_CHECKLIST_GV.rtf',0,NULL,0,NULL,'2012-09-14 00:00:00',NULL,NULL,NULL,NULL,1),(423,NULL,NULL,NULL,999999,1,NULL,1,NULL,NULL,NULL,999999,NULL,NULL,NULL,'2012-09-14 00:00:00',NULL,'GV - Licence continued - variation required (NI)',NULL,'/templates/NI/LIC_CONTD_VAR_REQD.rtf',0,NULL,0,NULL,'2012-09-14 00:00:00',NULL,NULL,NULL,NULL,1),(424,NULL,NULL,NULL,1,1,NULL,1,NULL,NULL,NULL,74,NULL,NULL,NULL,'2012-09-14 00:00:00',NULL,'GV - Notification to complainant advise OC removed or Lic surrd (NI)',NULL,'/templates/NI/REVIEW_COMPLAINANT_OPERATOR_NOW_MOVED.rtf',0,NULL,0,NULL,'2012-09-14 00:00:00',NULL,NULL,NULL,NULL,1),(425,NULL,NULL,NULL,1,1,NULL,1,NULL,NULL,NULL,74,NULL,NULL,NULL,'2012-09-14 00:00:00',NULL,'GV - Notification to complainant of condition imposed/amended (NI)',NULL,'/templates/NI/REVIEW_RESULT_COMPLAINANT.rtf',0,NULL,0,NULL,'2012-09-14 00:00:00',NULL,NULL,NULL,NULL,1),(426,NULL,NULL,NULL,1,1,NULL,1,NULL,NULL,NULL,74,NULL,NULL,NULL,'2012-09-14 00:00:00',NULL,'GV - Notification to Complainant that review to be conducted (NI)',NULL,'/templates/NI/REVIEW_TO_BE_HELD_COMPLAINANT_TOLD.rtf',0,NULL,0,NULL,'2012-09-14 00:00:00',NULL,NULL,NULL,NULL,1),(427,NULL,NULL,NULL,999999,1,NULL,1,NULL,NULL,NULL,999999,NULL,NULL,NULL,'2012-09-14 00:00:00',NULL,'GV - Notification to lic holder that no review to be conducted (NI)',NULL,'/templates/NI/NO_REVIEW_HELD_OP_TOLD.rtf',0,NULL,0,NULL,'2012-09-14 00:00:00',NULL,NULL,NULL,NULL,1),(428,NULL,NULL,NULL,1,1,NULL,1,NULL,NULL,NULL,74,NULL,NULL,NULL,'2012-09-14 00:00:00',NULL,'GV - Notification to licence holder of attached conditions (NI)',NULL,'/templates/NI/REVIEW_CONDITIONS_IMPOSED_OP.rtf',0,NULL,0,NULL,'2012-09-14 00:00:00',NULL,NULL,NULL,NULL,1),(429,NULL,NULL,NULL,1,1,NULL,1,NULL,NULL,NULL,74,NULL,NULL,NULL,'2012-09-14 00:00:00',NULL,'GV - Notification to licence holder of proposed conditions (NI)',NULL,'/templates/NI/REVIEW_PROPOSED_CONDITIONS.rtf',0,NULL,0,NULL,'2012-09-14 00:00:00',NULL,NULL,NULL,NULL,1),(430,NULL,NULL,NULL,1,1,NULL,1,NULL,NULL,NULL,74,NULL,NULL,NULL,'2012-09-14 00:00:00',NULL,'GV - Review no action result to operator (NI)',NULL,'/templates/NI/REVIEW_RESULT_TO_LICENCE_HOLDER.rtf',0,NULL,0,NULL,'2012-09-14 00:00:00',NULL,NULL,NULL,NULL,1),(431,NULL,NULL,NULL,1,1,NULL,1,NULL,NULL,NULL,74,NULL,NULL,NULL,'2012-09-14 00:00:00',NULL,'GV - Review notice served on operator - more info needed (NI)',NULL,'/templates/NI/Review_Notice_Served_On_Op_MoreInfoNeeded.rtf',0,NULL,0,NULL,'2012-09-14 00:00:00',NULL,NULL,NULL,NULL,1),(432,NULL,NULL,NULL,1,1,NULL,1,NULL,NULL,NULL,74,NULL,NULL,NULL,'2012-09-14 00:00:00',NULL,'GV - Review notice served on operator - propose conditions (NI)',NULL,'/templates/NI/Review_Notice_Served_On_Op_ProposeConditions.rtf',0,NULL,0,NULL,'2012-09-14 00:00:00',NULL,NULL,NULL,NULL,1),(433,NULL,NULL,NULL,999999,1,NULL,1,NULL,NULL,NULL,999999,NULL,NULL,NULL,'2012-09-14 00:00:00',NULL,'GV - Termination letter following non payment of cont fee (NI)',NULL,'/templates/NI/LICENCE_TERMINATED_CONT_FEE_NOT_PAID.rtf',0,NULL,0,NULL,'2012-09-14 00:00:00',NULL,NULL,NULL,NULL,1),(434,NULL,NULL,NULL,999999,1,NULL,1,NULL,NULL,NULL,999999,NULL,NULL,NULL,'2012-09-14 00:00:00',NULL,'GV/PSV - Licence cont maint details required (NI)',NULL,'/templates/NI/Maintenance_Letter_And_Form.rtf',0,NULL,0,NULL,'2012-09-14 00:00:00',NULL,NULL,NULL,NULL,1),(435,NULL,NULL,NULL,999999,1,NULL,1,NULL,NULL,NULL,999999,NULL,NULL,NULL,'2012-09-14 00:00:00',NULL,'GV/PSV - Licence cont multiple further info required (NI)',NULL,'/templates/NI/Multiple_Further_Info_Required.rtf',0,NULL,0,NULL,'2012-09-14 00:00:00',NULL,NULL,NULL,NULL,1),(436,NULL,NULL,NULL,999999,1,NULL,1,NULL,NULL,NULL,999999,NULL,NULL,NULL,'2012-09-14 00:00:00',NULL,'GV/PSV - Licence cont new director noted (NI)',NULL,'/templates/NI/New_Director_Letter.rtf',0,NULL,0,NULL,'2012-09-14 00:00:00',NULL,NULL,NULL,NULL,1),(437,NULL,NULL,NULL,999999,1,NULL,1,NULL,NULL,NULL,999999,NULL,NULL,NULL,'2012-09-14 00:00:00',NULL,'PSV - Licence continued - checklist not returned (NI)',NULL,'/templates/NI/LIC_CONTD_NO_CHECKLIST_PSV.rtf',0,NULL,0,NULL,'2012-09-14 00:00:00',NULL,NULL,NULL,NULL,1),(438,NULL,NULL,NULL,999999,1,NULL,1,NULL,NULL,NULL,999999,NULL,NULL,NULL,'2012-09-14 00:00:00',NULL,'PSV - Licence continued - variation required (NI)',NULL,'/templates/NI/PSV_LIC_CONTD_VAR_REQD.rtf',0,NULL,0,NULL,'2012-09-14 00:00:00',NULL,NULL,NULL,NULL,1),(439,NULL,NULL,NULL,999999,1,NULL,1,NULL,NULL,NULL,999999,NULL,NULL,NULL,'2012-09-14 00:00:00',NULL,'GV - New applications - grant/refusal (NI)',NULL,'/templates/NI/SCH4_NEW_APP_DECISION.rtf',0,NULL,0,NULL,'2012-09-14 00:00:00',NULL,NULL,NULL,NULL,1),(440,NULL,NULL,NULL,999999,1,NULL,1,NULL,NULL,NULL,999999,NULL,NULL,NULL,'2012-09-14 00:00:00',NULL,'GV - Variation applications - grant/refusal (NI)',NULL,'/templates/NI/SCH4_VAR_APP_DECISION.rtf',0,NULL,0,NULL,'2012-09-14 00:00:00',NULL,NULL,NULL,NULL,1),(441,NULL,NULL,NULL,999999,1,NULL,1,NULL,NULL,NULL,999999,NULL,NULL,NULL,'2012-09-14 00:00:00',NULL,'GV - Letter allowing continuation of licence without TM (NI)',NULL,'/templates/NI/NO_TM_LICENCE_CONT.rtf',0,NULL,0,NULL,'2012-09-14 00:00:00',NULL,NULL,NULL,NULL,1),(442,NULL,NULL,NULL,999999,1,NULL,1,NULL,NULL,NULL,999999,NULL,NULL,NULL,'2012-09-14 00:00:00',NULL,'GV - Letter to operator following 3rd party notification of TM loss (NI)',NULL,'/templates/NI/NO_TM_REQUEST_OP_COMMENTS.rtf',0,NULL,0,NULL,'2012-09-14 00:00:00',NULL,NULL,NULL,NULL,1),(443,NULL,NULL,NULL,999999,1,NULL,1,NULL,NULL,NULL,999999,NULL,NULL,NULL,'2012-09-14 00:00:00',NULL,'PSV - Letter allowing continuation of licence without TM (NI)',NULL,'/templates/NI/PSV_NO_TM_LICENCE_CONTINUES.rtf',0,NULL,0,NULL,'2012-09-14 00:00:00',NULL,NULL,NULL,NULL,1),(444,NULL,NULL,NULL,999999,1,NULL,1,NULL,NULL,NULL,999999,NULL,NULL,NULL,'2012-09-14 00:00:00',NULL,'PSV - Letter to op following 3rd party notification of TM loss (NI)',NULL,'/templates/NI/PSV_NO_TM_REQUEST_OP_COMMENTS.rtf',0,NULL,0,NULL,'2012-09-14 00:00:00',NULL,NULL,NULL,NULL,1),(445,NULL,NULL,NULL,999999,1,NULL,1,NULL,NULL,NULL,999999,NULL,NULL,NULL,'2012-09-14 00:00:00',NULL,'GV - Letter chasing new application prior to expiry of Reg 29 (NI)',NULL,'/templates/NI/REG29_NEW_APP_REMINDER.rtf',0,NULL,0,NULL,'2012-09-14 00:00:00',NULL,NULL,NULL,NULL,1),(446,NULL,NULL,NULL,999999,1,NULL,1,NULL,NULL,NULL,999999,NULL,NULL,NULL,'2012-09-14 00:00:00',NULL,'GV - Letter confirming the Reg 29 direction given (NI)',NULL,'/templates/NI/REG29_DIRECTION_GIVEN.rtf',0,NULL,0,NULL,'2012-09-14 00:00:00',NULL,NULL,NULL,NULL,1),(447,NULL,NULL,NULL,999999,1,NULL,1,NULL,NULL,NULL,999999,NULL,NULL,NULL,'2012-09-14 00:00:00',NULL,'GV - Letter to appointed person re possible Reg 29 direction (NI)',NULL,'/templates/NI/REG29_LETTER_REQUESTING_INFO.rtf',0,NULL,0,NULL,'2012-09-14 00:00:00',NULL,NULL,NULL,NULL,1),(448,NULL,NULL,NULL,999999,1,NULL,1,NULL,NULL,NULL,999999,NULL,NULL,NULL,'2012-09-14 00:00:00',NULL,'GV - Reg 29 notification of death of licence holder (NI)',NULL,'/templates/NI/REG29_LETTER_NOTIFICATION_OF_DEATH_OF_LIC_HOLDER.rtf',0,NULL,0,NULL,'2012-09-14 00:00:00',NULL,NULL,NULL,NULL,1),(449,NULL,NULL,NULL,999999,1,NULL,1,NULL,NULL,NULL,999999,NULL,NULL,NULL,'2012-09-14 00:00:00',NULL,'ENV09 - New/Var App Incomplete - 1st request for supp docs (NI)',NULL,'/templates/NI/ENV09_-_ENV_PUB_APPS_SUPP_DOCS_1ST.rtf',0,NULL,0,NULL,'2012-09-14 00:00:00',NULL,NULL,NULL,NULL,1),(450,NULL,NULL,NULL,999999,1,NULL,1,NULL,NULL,NULL,999999,NULL,NULL,NULL,'2012-09-14 00:00:00',NULL,'ENV10 - Letter advising applicant of opposition received (NI)',NULL,'/templates/NI/ENV10 - PUB_APP_OPPOSITION_RECEIVED.rtf',0,NULL,0,NULL,'2012-09-14 00:00:00',NULL,NULL,NULL,NULL,1),(451,NULL,NULL,NULL,9,1,NULL,1,NULL,NULL,NULL,31,NULL,NULL,NULL,'2012-09-14 00:00:00',NULL,'ENV12 - New/Var App Incomplete - final request for supporting docs (NI)',NULL,'/templates/NI/ENV_PUB_APPS_SUPP_DOCS_FINAL.rtf',0,NULL,0,NULL,'2012-09-14 00:00:00',NULL,NULL,NULL,NULL,1),(452,NULL,NULL,NULL,999999,1,NULL,1,NULL,NULL,NULL,999999,NULL,NULL,NULL,'2012-09-14 00:00:00',NULL,'ENV20 - Letter advising applicant of proposed conditions (NI)',NULL,'/templates/NI/ENV20 - PUB_APP_PROPOSED_CONDITIONS_APP.rtf',0,NULL,0,NULL,'2012-09-14 00:00:00',NULL,NULL,NULL,NULL,1),(453,NULL,NULL,NULL,999999,1,NULL,1,NULL,NULL,NULL,999999,NULL,NULL,NULL,'2012-09-14 00:00:00',NULL,'ENV01 - Letter explaining that no application received (NI)',NULL,'/templates/NI/ENV01 - REP_NO_APP_RECVD.rtf',0,NULL,0,NULL,'2012-09-14 00:00:00',NULL,NULL,NULL,NULL,1),(454,NULL,NULL,NULL,7,1,NULL,1,NULL,NULL,NULL,62,NULL,NULL,NULL,'2012-09-14 00:00:00',NULL,'ENV02 - Acknowledgement of objection (NI)',NULL,'/templates/NI/ENV02 - OBJECTION_ACKNOWLEDGEMENT_OF.rtf',0,NULL,0,NULL,'2012-09-14 00:00:00',NULL,NULL,NULL,NULL,1),(455,NULL,NULL,NULL,999999,1,NULL,1,NULL,NULL,NULL,999999,NULL,NULL,NULL,'2012-09-14 00:00:00',NULL,'ENV03 - Individual councillor not entitled to raise objections (NI)',NULL,'/templates/NI/ENV03 - Individual councillor not entitled to raise objections.rtf',0,NULL,0,NULL,'2012-09-14 00:00:00',NULL,NULL,NULL,NULL,1),(456,NULL,NULL,NULL,7,1,NULL,1,NULL,NULL,NULL,65,NULL,NULL,NULL,'2012-09-14 00:00:00',NULL,'ENV04 - Acknowledgement of rep (NI)',NULL,'/templates/NI/ENV04 - REP_ACKNOWLEDGEMENT_OF.rtf',0,NULL,0,NULL,'2012-09-14 00:00:00',NULL,NULL,NULL,NULL,1),(457,NULL,NULL,NULL,999999,1,NULL,1,NULL,NULL,NULL,999999,NULL,NULL,NULL,'2012-09-14 00:00:00',NULL,'ENV05 - Parish council rep not acceptable (NI)',NULL,'/templates/NI/ENV05 - PARISH_COUNCIL_REP_INVALID.rtf',0,NULL,0,NULL,'2012-09-14 00:00:00',NULL,NULL,NULL,NULL,1),(458,NULL,NULL,NULL,999999,1,NULL,1,NULL,NULL,NULL,999999,NULL,NULL,NULL,'2012-09-14 00:00:00',NULL,'ENV06 - Acknowledgement of rep - no ENV grounds (NI)',NULL,'/templates/NI/ENV06 - REP_INVALID_TECH_SUITABILITY.rtf',0,NULL,0,NULL,'2012-09-14 00:00:00',NULL,NULL,NULL,NULL,1),(459,NULL,NULL,NULL,999999,1,NULL,1,NULL,NULL,NULL,999999,NULL,NULL,NULL,'2012-09-14 00:00:00',NULL,'ENV07 - Letter to lead petitioner (representation) (NI)',NULL,'/templates/NI/ENV07 - Letter to lead petitioner (representation).rtf',0,NULL,0,NULL,'2012-09-14 00:00:00',NULL,NULL,NULL,NULL,1),(460,NULL,NULL,NULL,999999,1,NULL,1,NULL,NULL,NULL,999999,NULL,NULL,NULL,'2012-09-14 00:00:00',NULL,'ENV08 - Letter to remaining petitioners (representation) (NI)',NULL,'/templates/NI/ENV08 - Letter to remaining petitioners (representation).rtf',0,NULL,0,NULL,'2012-09-14 00:00:00',NULL,NULL,NULL,NULL,1),(461,NULL,NULL,NULL,999999,1,NULL,1,NULL,NULL,NULL,999999,NULL,NULL,NULL,'2012-09-14 00:00:00',NULL,'ENV11 - ENV case received after app processed - no opposition (NI)',NULL,'/templates/NI/ENV11 - ENV case received after app processed - no opposition.rtf',0,NULL,0,NULL,'2012-09-14 00:00:00',NULL,NULL,NULL,NULL,1),(462,NULL,NULL,NULL,999999,1,NULL,1,NULL,NULL,NULL,999999,NULL,NULL,NULL,'2012-09-14 00:00:00',NULL,'ENV13 - GV79E reminder letter (NI)',NULL,'/templates/NI/ENV13 - GV79E_Reminder_Letter.rtf',0,NULL,0,NULL,'2012-09-14 00:00:00',NULL,NULL,NULL,NULL,1),(463,NULL,NULL,NULL,999999,1,NULL,1,NULL,NULL,NULL,999999,NULL,NULL,NULL,'2012-09-14 00:00:00',NULL,'ENV14 - Letter to OP with copies of reps (NI)',NULL,'/templates/NI/ENV14 - Letter_To_Send_With_Copies_Of_Representations_To_Op.rtf',0,NULL,0,NULL,'2012-09-14 00:00:00',NULL,NULL,NULL,NULL,1),(464,NULL,NULL,NULL,999999,1,NULL,1,NULL,NULL,NULL,999999,NULL,NULL,NULL,'2012-09-14 00:00:00',NULL,'ENV15 - Letter to representor - operating centre follow up (NI)',NULL,'/templates/NI/ENV15 - Letter to representor - operating centre follow up.rtf',0,NULL,0,NULL,'2012-09-14 00:00:00',NULL,NULL,NULL,NULL,1),(465,NULL,NULL,NULL,999999,1,NULL,1,NULL,NULL,NULL,999999,NULL,NULL,NULL,'2012-09-14 00:00:00',NULL,'ENV16 - Letter to objector - operating centre follow up (NI)',NULL,'/templates/NI/ENV16 - Letter to objector - operating centre follow up.rtf',0,NULL,0,NULL,'2012-09-14 00:00:00',NULL,NULL,NULL,NULL,1),(466,NULL,NULL,NULL,999999,1,NULL,1,NULL,NULL,NULL,999999,NULL,NULL,NULL,'2012-09-14 00:00:00',NULL,'ENV17 - Letter to applicant - operating centre follow up (NI)',NULL,'/templates/NI/ENV17 - Letter to applicant - operating centre follow up.rtf',0,NULL,0,NULL,'2012-09-14 00:00:00',NULL,NULL,NULL,NULL,1),(467,NULL,NULL,NULL,999999,1,NULL,1,NULL,NULL,NULL,999999,NULL,NULL,NULL,'2012-09-14 00:00:00',NULL,'ENV18 - Letter advising objector of proposed conditions (NI)',NULL,'/templates/NI/ENV18 - PUB_APP_PROPOSED_CONDITIONS_OBJ.rtf',0,NULL,0,NULL,'2012-09-14 00:00:00',NULL,NULL,NULL,NULL,1),(468,NULL,NULL,NULL,999999,1,NULL,1,NULL,NULL,NULL,999999,NULL,NULL,NULL,'2012-09-14 00:00:00',NULL,'ENV19 - Letter advising rep of proposed conditions (NI)',NULL,'/templates/NI/ENV19 - PUB_APP_PROPOSED_CONDITIONS_REP.rtf',0,NULL,0,NULL,'2012-09-14 00:00:00',NULL,NULL,NULL,NULL,1),(469,NULL,NULL,NULL,999999,1,NULL,1,NULL,NULL,NULL,999999,NULL,NULL,NULL,'2012-09-14 00:00:00',NULL,'ENV21 - Propose to refuse letter - oc issues (NI)',NULL,'/templates/NI/ENV21 - Propose to refuse letter - oc issues.rtf',0,NULL,0,NULL,'2012-09-14 00:00:00',NULL,NULL,NULL,NULL,1),(470,NULL,NULL,NULL,9,1,NULL,1,NULL,NULL,NULL,31,NULL,NULL,NULL,'2012-09-14 00:00:00',NULL,'ENV22 - Letter confirming grant of new app (NI)',NULL,'/templates/NI/ENV22_NEW_APP_FULL_GRANT.rtf',0,NULL,0,NULL,'2012-09-14 00:00:00',NULL,NULL,NULL,NULL,1),(471,NULL,NULL,NULL,9,1,NULL,1,NULL,NULL,NULL,31,NULL,NULL,NULL,'2012-09-14 00:00:00',NULL,'ENV23 - Letter confirming grant of pub var (NI)',NULL,'/templates/NI/ENV23_VAR_APP_FULL_GRANT.rtf',0,NULL,0,NULL,'2012-09-14 00:00:00',NULL,NULL,NULL,NULL,1),(472,NULL,NULL,NULL,999999,1,NULL,1,NULL,NULL,NULL,999999,NULL,NULL,NULL,'2012-09-14 00:00:00',NULL,'ENV24 - Refusal of new application - oc issues (NI)',NULL,'/templates/NI/ENV24 - Refusal of new application - oc issues.rtf',0,NULL,0,NULL,'2012-09-14 00:00:00',NULL,NULL,NULL,NULL,1),(473,NULL,NULL,NULL,999999,1,NULL,1,NULL,NULL,NULL,999999,NULL,NULL,NULL,'2012-09-14 00:00:00',NULL,'ENV25 - Refusal of variation - oc issues (NI)',NULL,'/templates/NI/ENV25 - Refusal of variation - oc issues.rtf',0,NULL,0,NULL,'2012-09-14 00:00:00',NULL,NULL,NULL,NULL,1),(474,NULL,NULL,NULL,999999,1,NULL,1,NULL,NULL,NULL,999999,NULL,NULL,NULL,'2012-09-14 00:00:00',NULL,'ENV26 - Letter advising Valid Obj of non PI app decision (NI)',NULL,'/templates/NI/ENV26 - PUB_APP_DECISION_TO_OBJECTOR.rtf',0,NULL,0,NULL,'2012-09-14 00:00:00',NULL,NULL,NULL,NULL,1),(475,NULL,NULL,NULL,999999,1,NULL,1,NULL,NULL,NULL,999999,NULL,NULL,NULL,'2012-09-14 00:00:00',NULL,'ENV27 - Letter advising Valid Rep of non PI app decision (NI)',NULL,'/templates/NI/ENV27 - PUB_APP_DECISION_TO_REP.rtf',0,NULL,0,NULL,'2012-09-14 00:00:00',NULL,NULL,NULL,NULL,1),(476,NULL,NULL,NULL,7,1,NULL,1,NULL,NULL,NULL,62,NULL,NULL,NULL,'2012-09-14 00:00:00',NULL,'ENV28 - letter advising invalid obj of non PI application decision (NI)',NULL,'/templates/NI/ENV28 - letter advising invalid obj of non PI application decision.rtf',0,NULL,0,NULL,'2012-09-14 00:00:00',NULL,NULL,NULL,NULL,1),(477,NULL,NULL,NULL,7,1,NULL,1,NULL,NULL,NULL,65,NULL,NULL,NULL,'2012-09-14 00:00:00',NULL,'ENV29 - letter advising invalid rep of non PI application decision (NI)',NULL,'/templates/NI/ENV29 - letter advising invalid rep of non PI application decision.rtf',0,NULL,0,NULL,'2012-09-14 00:00:00',NULL,NULL,NULL,NULL,1),(478,NULL,NULL,NULL,999999,1,NULL,1,NULL,NULL,NULL,999999,NULL,NULL,NULL,'2012-09-14 00:00:00',NULL,'ENV30 - Objector advised of withdrawn pub app (NI)',NULL,'/templates/NI/ENV30 - PUB_APP_WITHDRAWN_OBJ_TOLD.rtf',0,NULL,0,NULL,'2012-09-14 00:00:00',NULL,NULL,NULL,NULL,1),(479,NULL,NULL,NULL,999999,1,NULL,1,NULL,NULL,NULL,999999,NULL,NULL,NULL,'2012-09-14 00:00:00',NULL,'ENV31 - Rep advised of withdrawn pub app (NI)',NULL,'/templates/NI/ENV31 - PUB_APP_WITHDRAWN_REP_TOLD.rtf',0,NULL,0,NULL,'2012-09-14 00:00:00',NULL,NULL,NULL,NULL,1),(480,NULL,NULL,NULL,7,1,NULL,1,NULL,NULL,NULL,63,NULL,NULL,NULL,'2012-09-14 00:00:00',NULL,'ENV32 - Letter informing op of PI to be held - New app (NI)',NULL,'/templates/NI/ENV32 - INFORM_OP_OF_PI_NEW_APP.rtf',0,NULL,0,NULL,'2012-09-14 00:00:00',NULL,NULL,NULL,NULL,1),(481,NULL,NULL,NULL,7,1,NULL,1,NULL,NULL,NULL,63,NULL,NULL,NULL,'2012-09-14 00:00:00',NULL,'ENV33 - Letter informing op of PI to be held - var app (NI)',NULL,'/templates/NI/ENV33 - INFORM_OP_OF_PI_VAR_APP.rtf',0,NULL,0,NULL,'2012-09-14 00:00:00',NULL,NULL,NULL,NULL,1),(482,NULL,NULL,NULL,999999,1,NULL,1,NULL,NULL,NULL,999999,NULL,NULL,NULL,'2012-09-14 00:00:00',NULL,'ENV34 - letter informing obj or rep that PI to be held (NI)',NULL,'/templates/NI/ENV34 - INFORM_OBJ_OR_REP_OF_PI.rtf',0,NULL,0,NULL,'2012-09-14 00:00:00',NULL,NULL,NULL,NULL,1),(483,NULL,NULL,NULL,999999,1,NULL,1,NULL,NULL,NULL,999999,NULL,NULL,NULL,'2012-09-14 00:00:00',NULL,'GV - Refund Letter (NI)',NULL,'/templates/NI/REFUND_LETTER.rtf',0,NULL,0,NULL,'2012-09-14 00:00:00',NULL,NULL,NULL,NULL,1),(484,NULL,NULL,NULL,999999,1,NULL,1,NULL,NULL,NULL,999999,NULL,NULL,NULL,'2012-09-14 00:00:00',NULL,'PSV - Refund Letter (NI)',NULL,'/templates/NI/PSV_REFUND_LETTER.rtf',0,NULL,0,NULL,'2012-09-14 00:00:00',NULL,NULL,NULL,NULL,1),(485,NULL,NULL,NULL,999999,1,NULL,1,NULL,NULL,NULL,999999,NULL,NULL,NULL,'2012-09-14 00:00:00',NULL,'Failed cheque-request for repayment (NI)',NULL,'/templates/NI/Failed_cheque_request_repayment.rtf',0,NULL,0,NULL,'2012-09-14 00:00:00',NULL,NULL,NULL,NULL,1),(486,NULL,NULL,NULL,999999,1,NULL,1,NULL,NULL,NULL,999999,NULL,NULL,NULL,'2012-09-14 00:00:00',NULL,'Failed credit/debit card-request for repayment (NI)',NULL,'/templates/NI/Failed_credit_debit_card_request.rtf',0,NULL,0,NULL,'2012-09-14 00:00:00',NULL,NULL,NULL,NULL,1),(487,NULL,NULL,NULL,999999,1,NULL,1,NULL,NULL,NULL,999999,NULL,NULL,NULL,'2012-09-14 00:00:00',NULL,'GV - Continuation falls bounced cheque (NI)',NULL,'/templates/NI/CONTINUATION_FALLS_BOUNCED_CHEQUE.rtf',0,NULL,0,NULL,'2012-09-14 00:00:00',NULL,NULL,NULL,NULL,1),(488,NULL,NULL,NULL,999999,1,NULL,1,NULL,NULL,NULL,999999,NULL,NULL,NULL,'2012-09-14 00:00:00',NULL,'GV - Continuation fresh fee required (NI)',NULL,'/templates/NI/CONTINUATION_FRESH_FEE_REQD.rtf',0,NULL,0,NULL,'2012-09-14 00:00:00',NULL,NULL,NULL,NULL,1),(489,NULL,NULL,NULL,999999,1,NULL,1,NULL,NULL,NULL,999999,NULL,NULL,NULL,'2012-09-14 00:00:00',NULL,'GV - New App fresh grant fee required (NI)',NULL,'/templates/NI/NEW_APP_FRESH_GRANT_FEE.rtf',0,NULL,0,NULL,'2012-09-14 00:00:00',NULL,NULL,NULL,NULL,1),(490,NULL,NULL,NULL,999999,1,NULL,1,NULL,NULL,NULL,999999,NULL,NULL,NULL,'2012-09-14 00:00:00',NULL,'GV - New App grant set aside - Bounced cheque (NI)',NULL,'/templates/NI/NEW_APP_GRANT_SET_ASIDE.rtf',0,NULL,0,NULL,'2012-09-14 00:00:00',NULL,NULL,NULL,NULL,1),(491,NULL,NULL,NULL,999999,1,NULL,1,NULL,NULL,NULL,999999,NULL,NULL,NULL,'2012-09-14 00:00:00',NULL,'PSV -  Var app grant set aside - bounced cheque (NI)',NULL,'/templates/NI/PSV_VAR_APP_WITHDRAWN_BOUNCED_CHEQUE.rtf',0,NULL,0,NULL,'2012-09-14 00:00:00',NULL,NULL,NULL,NULL,1),(492,NULL,NULL,NULL,999999,1,NULL,1,NULL,NULL,NULL,999999,NULL,NULL,NULL,'2012-09-14 00:00:00',NULL,'PSV - New app grant set aside - bounced cheque (NI)',NULL,'/templates/NI/PSV_NEW_APP_WITHDRAWN_BOUNCED_CHEQUE.rtf',0,NULL,0,NULL,'2012-09-14 00:00:00',NULL,NULL,NULL,NULL,1),(493,NULL,NULL,NULL,999999,1,NULL,1,NULL,NULL,NULL,999999,NULL,NULL,NULL,'2012-09-14 00:00:00',NULL,'PSV -  Letter confirming grant of minibus permit (NI)',NULL,'/templates/NI/PSV_MINIBUS_PERMIT_GRANT.rtf',0,NULL,0,NULL,'2012-09-14 00:00:00',NULL,NULL,NULL,NULL,1),(494,NULL,NULL,NULL,999999,1,NULL,1,NULL,NULL,NULL,999999,NULL,NULL,NULL,'2012-09-14 00:00:00',NULL,'PSV - Letter confirming grant of var app (NI)',NULL,'/templates/NI/PSV_VAR_APP_FULL_GRANT.rtf',0,NULL,0,NULL,'2012-09-14 00:00:00',NULL,NULL,NULL,NULL,1),(495,NULL,NULL,NULL,999999,1,NULL,1,NULL,NULL,NULL,999999,NULL,NULL,NULL,'2012-09-14 00:00:00',NULL,'GV -  Acceptance letter covering late or non fee payments (NI)',NULL,'/templates/NI/LATE_OR_NON_FEE_ACCEPTED.rtf',0,NULL,0,NULL,'2012-09-14 00:00:00',NULL,NULL,NULL,NULL,1),(496,NULL,NULL,NULL,999999,1,NULL,1,NULL,NULL,NULL,999999,NULL,NULL,NULL,'2012-09-14 00:00:00',NULL,'GV - no application fee GV81 (NI)',NULL,'/templates/NI/NO_FEE_GV81.rtf',0,NULL,0,NULL,'2012-09-14 00:00:00',NULL,NULL,NULL,NULL,1),(497,NULL,NULL,NULL,999999,1,NULL,1,NULL,NULL,NULL,999999,NULL,NULL,NULL,'2012-09-14 00:00:00',NULL,'GV - no fee sched 1 auth increasing (NI)',NULL,'/templates/NI/NO_FEE_SCHED1_AUTH_INCREASING.rtf',0,NULL,0,NULL,'2012-09-14 00:00:00',NULL,NULL,NULL,NULL,1),(498,NULL,NULL,NULL,999999,1,NULL,1,NULL,NULL,NULL,999999,NULL,NULL,NULL,'2012-09-14 00:00:00',NULL,'GV - Non acceptance letter covering late or non fee payments (NI)',NULL,'/templates/NI/LATE_OR_NON_FEE_NOT_ACCEPTED.rtf',0,NULL,0,NULL,'2012-09-14 00:00:00',NULL,NULL,NULL,NULL,1),(499,NULL,NULL,NULL,999999,1,NULL,1,NULL,NULL,NULL,999999,NULL,NULL,NULL,'2012-09-14 00:00:00',NULL,'Incorrectly completed cheque (NI)',NULL,'/templates/NI/INCORRECTLY_COMPLETED_CHEQUE.rtf',0,NULL,0,NULL,'2012-09-14 00:00:00',NULL,NULL,NULL,NULL,1),(500,NULL,NULL,NULL,999999,1,NULL,1,NULL,NULL,NULL,999999,NULL,NULL,NULL,'2012-09-14 00:00:00',NULL,'PSV - No application fee (NI)',NULL,'/templates/NI/NO_FEE_PSV431.rtf',0,NULL,0,NULL,'2012-09-14 00:00:00',NULL,NULL,NULL,NULL,1),(501,NULL,NULL,NULL,999999,1,NULL,1,NULL,NULL,NULL,999999,NULL,NULL,NULL,'2012-09-14 00:00:00',NULL,'5_YEAR_CHECKLIST_GV (NI)',NULL,'/templates/NI/GVChecklist.rtf',0,NULL,0,NULL,'2012-09-14 00:00:00',NULL,NULL,NULL,NULL,1),(502,NULL,NULL,NULL,999999,1,NULL,1,NULL,NULL,NULL,999999,NULL,NULL,NULL,'2012-09-14 00:00:00',NULL,'5_YEAR_CHECKLIST_PSV (NI)',NULL,'/templates/NI/PSVChecklist.rtf',0,NULL,0,NULL,'2012-09-14 00:00:00',NULL,NULL,NULL,NULL,1),(503,NULL,NULL,NULL,999999,1,NULL,1,NULL,NULL,NULL,999999,NULL,NULL,NULL,'2012-09-14 00:00:00',NULL,'5_YEAR_CHECKLIST_PSVSR (NI)',NULL,'/templates/NI/PSVSRChecklist.rtf',0,NULL,0,NULL,'2012-09-14 00:00:00',NULL,NULL,NULL,NULL,1),(504,NULL,NULL,NULL,999999,1,NULL,1,NULL,NULL,NULL,999999,NULL,NULL,NULL,'2012-09-14 00:00:00',NULL,'CHASEUP_LETTER_GV_5Year (NI)',NULL,'/templates/NI/GVChaseUp5Year.rtf',0,NULL,0,NULL,'2012-09-14 00:00:00',NULL,NULL,NULL,NULL,1),(505,NULL,NULL,NULL,999999,1,NULL,1,NULL,NULL,NULL,999999,NULL,NULL,NULL,'2012-09-14 00:00:00',NULL,'CHASEUP_LETTER_PSVSR (NI)',NULL,'/templates/NI/PSVSRChaseUp.rtf',0,NULL,0,NULL,'2012-09-14 00:00:00',NULL,NULL,NULL,NULL,1),(506,NULL,NULL,NULL,999999,1,NULL,1,NULL,NULL,NULL,999999,NULL,NULL,NULL,'2012-09-14 00:00:00',NULL,'EARLY_REP_TEMPLATE (NI)',NULL,'/templates/NI/EARLY_REP_TEMPLATE.rtf',0,NULL,0,NULL,'2012-09-14 00:00:00',NULL,NULL,NULL,NULL,1),(507,NULL,NULL,NULL,999999,1,NULL,1,NULL,NULL,NULL,999999,NULL,NULL,NULL,'2012-09-14 00:00:00',NULL,'FEE_REQ_GRANT_GV (NI)',NULL,'/templates/NI/FEE_REQ_GRANT_GV.rtf',0,NULL,0,NULL,'2012-09-14 00:00:00',NULL,NULL,NULL,NULL,1),(508,NULL,NULL,NULL,999999,1,NULL,1,NULL,NULL,NULL,999999,NULL,NULL,NULL,'2012-09-14 00:00:00',NULL,'FEE_REQ_INSUFFICIENT (NI)',NULL,'/templates/NI/FEE_REQ_INSUFFICIENT.rtf',0,NULL,0,NULL,'2012-09-14 00:00:00',NULL,NULL,NULL,NULL,1),(509,NULL,NULL,NULL,999999,1,NULL,1,NULL,NULL,NULL,999999,NULL,NULL,NULL,'2012-09-14 00:00:00',NULL,'FEE_REQ_INT_APP (NI)',NULL,'/templates/NI/FEE_REQ_INT_APP.rtf',0,NULL,0,NULL,'2012-09-14 00:00:00',NULL,NULL,NULL,NULL,1),(510,NULL,NULL,NULL,999999,1,NULL,1,NULL,NULL,NULL,999999,NULL,NULL,NULL,'2012-09-14 00:00:00',NULL,'GV_INTERIM_DIRECTION (NI)',NULL,'/templates/NI/GV_INT_DIRECTION_V1.rtf',0,NULL,0,NULL,'2012-09-14 00:00:00',NULL,NULL,NULL,NULL,1),(511,NULL,NULL,NULL,999999,1,NULL,1,NULL,NULL,NULL,999999,NULL,NULL,NULL,'2012-09-14 00:00:00',NULL,'GV_INTERIM_LICENCE (NI)',NULL,'/templates/NI/GV_INT_LICENCE_V1.rtf',0,NULL,0,NULL,'2012-09-14 00:00:00',NULL,NULL,NULL,NULL,1),(512,NULL,NULL,NULL,999999,1,NULL,1,NULL,NULL,NULL,999999,NULL,NULL,NULL,'2012-09-14 00:00:00',NULL,'GV_LICENCE (NI)',NULL,'/templates/NI/GV_LICENCE_V1.rtf',0,NULL,0,NULL,'2012-09-14 00:00:00',NULL,NULL,NULL,NULL,1),(513,NULL,NULL,NULL,999999,1,NULL,1,NULL,NULL,NULL,999999,NULL,NULL,NULL,'2012-09-14 00:00:00',NULL,'GV_VEHICLE_LIST (NI)',NULL,'/templates/NI/GVVehiclesList.rtf',0,NULL,0,NULL,'2012-09-14 00:00:00',NULL,NULL,NULL,NULL,1),(514,NULL,NULL,NULL,1,1,NULL,1,NULL,NULL,NULL,79,NULL,NULL,NULL,'2012-09-14 00:00:00',NULL,'NEW_APP_INT_GRANTED (NI)',NULL,'/templates/NI/NEW_APP_INT_GRANTED.rtf',0,NULL,0,NULL,'2012-09-14 00:00:00',NULL,NULL,NULL,NULL,1),(515,NULL,NULL,NULL,999999,1,NULL,1,NULL,NULL,NULL,999999,NULL,NULL,NULL,'2012-09-14 00:00:00',NULL,'NEW_APP_INT_REFUSED (NI)',NULL,'/templates/NI/NEW_APP_INT_REFUSED.rtf',0,NULL,0,NULL,'2012-09-14 00:00:00',NULL,NULL,NULL,NULL,1),(516,NULL,NULL,NULL,999999,1,NULL,1,NULL,NULL,NULL,999999,NULL,NULL,NULL,'2012-09-14 00:00:00',NULL,'PSV_LICENCE (NI)',NULL,'/templates/NI/PSV_LICENCE_V1.rtf',0,NULL,0,NULL,'2012-09-14 00:00:00',NULL,NULL,NULL,NULL,1),(517,NULL,NULL,NULL,999999,1,NULL,1,NULL,NULL,NULL,999999,NULL,NULL,NULL,'2012-09-14 00:00:00',NULL,'PSV_VEHICLE_LIST (NI)',NULL,'/templates/NI/PSVVehiclesList.rtf',0,NULL,0,NULL,'2012-09-14 00:00:00',NULL,NULL,NULL,NULL,1),(518,NULL,NULL,NULL,999999,1,NULL,1,NULL,NULL,NULL,999999,NULL,NULL,NULL,'2012-09-14 00:00:00',NULL,'PSVSR_Licence (NI)',NULL,'/templates/NI/PSVSRLicence.rtf',0,NULL,0,NULL,'2012-09-14 00:00:00',NULL,NULL,NULL,NULL,1),(519,NULL,NULL,NULL,1,1,NULL,1,NULL,NULL,NULL,79,NULL,NULL,NULL,'2012-09-14 00:00:00',NULL,'REVIEW_COMPLAINT_STILL_VALID_QUERY (NI)',NULL,'/templates/NI/REVIEW_COMPLAINT_STILL_VALID_QUERY.rtf',0,NULL,0,NULL,'2012-09-14 00:00:00',NULL,NULL,NULL,NULL,1),(520,NULL,NULL,NULL,1,1,NULL,1,NULL,NULL,NULL,79,NULL,NULL,NULL,'2012-09-14 00:00:00',NULL,'VAR_APP_INT_GRANTED (NI)',NULL,'/templates/NI/VAR_APP_INT_GRANTED.rtf',0,NULL,0,NULL,'2012-09-14 00:00:00',NULL,NULL,NULL,NULL,1),(521,NULL,NULL,NULL,999999,1,NULL,1,NULL,NULL,NULL,999999,NULL,NULL,NULL,'2012-09-14 00:00:00',NULL,'VAR_APP_INT_REFUSED (NI)',NULL,'/templates/NI/VAR_APP_INT_REFUSED.rtf',0,NULL,0,NULL,'2012-09-14 00:00:00',NULL,NULL,NULL,NULL,1),(522,NULL,NULL,NULL,999999,1,NULL,1,NULL,NULL,NULL,999999,NULL,NULL,NULL,'2012-09-14 00:00:00',NULL,'Vehicle Registration Check (NI)',NULL,'/templates/NI/VehicleRegistrationCheck.rtf',0,NULL,0,NULL,'2012-09-14 00:00:00',NULL,NULL,NULL,NULL,1),(523,NULL,NULL,NULL,999999,1,NULL,1,NULL,NULL,NULL,999999,NULL,NULL,NULL,'2012-09-14 00:00:00',NULL,'Compliance: Acknowledgement to Complainant Letter (NI)',NULL,'/templates/NI/Comp_AcknowledgementToComplainantLetter.rtf',0,NULL,0,NULL,'2012-09-14 00:00:00',NULL,NULL,NULL,NULL,1),(524,NULL,NULL,NULL,999999,1,NULL,1,NULL,NULL,NULL,999999,NULL,NULL,NULL,'2012-09-14 00:00:00',NULL,'Compliance: Apology/Referral to Complainant Letter (NI)',NULL,'/templates/NI/Comp_ApologyReferralToComplainantLetter.rtf',0,NULL,0,NULL,'2012-09-14 00:00:00',NULL,NULL,NULL,NULL,1),(525,NULL,NULL,NULL,2,1,NULL,1,NULL,NULL,NULL,44,NULL,NULL,NULL,'2012-09-14 00:00:00',NULL,'Compliance: Further Information from Complainant Letter (NI)',NULL,'/templates/NI/Comp_FurtherInfoFromComplainantLetter.rtf',0,NULL,0,NULL,'2012-09-14 00:00:00',NULL,NULL,NULL,NULL,1),(526,NULL,NULL,NULL,999999,1,NULL,1,NULL,NULL,NULL,999999,NULL,NULL,NULL,'2012-09-14 00:00:00',NULL,'Compliance: Permission from Complainant Letter (NI)',NULL,'/templates/NI/Comp_PermissionFromComplainantLetter.rtf',0,NULL,0,NULL,'2012-09-14 00:00:00',NULL,NULL,NULL,NULL,1),(527,NULL,NULL,NULL,2,1,NULL,1,NULL,NULL,NULL,55,NULL,NULL,NULL,'2012-09-14 00:00:00',NULL,'Compliance: Covering Letter Section 9 Statement (NI)',NULL,'/templates/NI/Comp_Section9CoveringLetter.rtf',0,NULL,0,NULL,'2012-09-14 00:00:00',NULL,NULL,NULL,NULL,1),(528,NULL,NULL,NULL,2,1,NULL,1,NULL,NULL,NULL,55,NULL,NULL,NULL,'2012-09-14 00:00:00',NULL,'Compliance: Statement of Witness (NI)',NULL,'/templates/NI/Comp_Section9Statement.rtf',0,NULL,0,NULL,'2012-09-14 00:00:00',NULL,NULL,NULL,NULL,1),(529,NULL,NULL,NULL,999999,1,NULL,1,NULL,NULL,NULL,999999,NULL,NULL,NULL,'2012-09-14 00:00:00',NULL,'Compliance: Covering Letter Section 43 Statement (NI)',NULL,'/templates/NI/Comp_Section43CoveringLetter.rtf',0,NULL,0,NULL,'2012-09-14 00:00:00',NULL,NULL,NULL,NULL,1),(530,NULL,NULL,NULL,999999,1,NULL,1,NULL,NULL,NULL,999999,NULL,NULL,NULL,'2012-09-14 00:00:00',NULL,'Compliance: Section 43 Certificate (NI)',NULL,'/templates/NI/Comp_Section43Certificate.rtf',0,NULL,0,NULL,'2012-09-14 00:00:00',NULL,NULL,NULL,NULL,1),(531,NULL,NULL,NULL,999999,1,NULL,1,NULL,NULL,NULL,999999,NULL,NULL,NULL,'2012-09-14 00:00:00',NULL,'Impounding - HGV502 TRU letter about hearing (NI)',NULL,'/templates/NI/HGV502 - TRU letter about hearing.rtf',0,NULL,0,NULL,'2012-09-14 00:00:00',NULL,NULL,NULL,NULL,1),(532,NULL,NULL,NULL,999999,1,NULL,1,NULL,NULL,NULL,999999,NULL,NULL,NULL,'2012-09-14 00:00:00',NULL,'Impounding - HGV503 Release after written representations (NI)',NULL,'/templates/NI/HGV503 - Release after written representations.rtf',0,NULL,0,NULL,'2012-09-14 00:00:00',NULL,NULL,NULL,NULL,1),(533,NULL,NULL,NULL,999999,1,NULL,1,NULL,NULL,NULL,999999,NULL,NULL,NULL,'2012-09-14 00:00:00',NULL,'Impounding - HGV504 Release after Hearing (NI)',NULL,'/templates/NI/HGV504 - Release after Hearing.rtf',0,NULL,0,NULL,'2012-09-14 00:00:00',NULL,NULL,NULL,NULL,1),(534,NULL,NULL,NULL,999999,1,NULL,1,NULL,NULL,NULL,999999,NULL,NULL,NULL,'2012-09-14 00:00:00',NULL,'Impounding - HGV505 Detention after written representations (NI)',NULL,'/templates/NI/HGV505 - Detention after written representations.rtf',0,NULL,0,NULL,'2012-09-14 00:00:00',NULL,NULL,NULL,NULL,1),(535,NULL,NULL,NULL,999999,1,NULL,1,NULL,NULL,NULL,999999,NULL,NULL,NULL,'2012-09-14 00:00:00',NULL,'Impounding - HGV506 Detention after Hearing (NI)',NULL,'/templates/NI/HGV506 - Detention after Hearing.rtf',0,NULL,0,NULL,'2012-09-14 00:00:00',NULL,NULL,NULL,NULL,1),(536,NULL,NULL,NULL,999999,1,NULL,1,NULL,NULL,NULL,999999,NULL,NULL,NULL,'2012-09-14 00:00:00',NULL,'Impounding - HGV507 Note to DVA Disposal after 21 days (NI)',NULL,'/templates/NI/HGV507 - Disposal after 21 days.rtf',0,NULL,0,NULL,'2012-09-14 00:00:00',NULL,NULL,NULL,NULL,1),(537,NULL,NULL,NULL,999999,1,NULL,1,NULL,NULL,NULL,999999,NULL,NULL,NULL,'2012-09-14 00:00:00',NULL,'Impounding - HGV508 Application received after 21 days (NI)',NULL,'/templates/NI/HGV508 - Application received after 21 days.rtf',0,NULL,0,NULL,'2012-09-14 00:00:00',NULL,NULL,NULL,NULL,1),(538,NULL,NULL,NULL,999999,1,NULL,1,NULL,NULL,NULL,999999,NULL,NULL,NULL,'2012-09-14 00:00:00',NULL,'Impounding - HGV509 Notification to DVA (NI)',NULL,'/templates/NI/HGV509 - Notification to DVA following appeal period.rtf',0,NULL,0,NULL,'2012-09-14 00:00:00',NULL,NULL,NULL,NULL,1),(539,NULL,NULL,NULL,999999,1,NULL,1,NULL,NULL,NULL,999999,NULL,NULL,NULL,'2012-09-14 00:00:00',NULL,'Impounding - PSV502 TRU letter about hearing (NI)',NULL,'/templates/NI/PSV502 - TRU letter about hearing.rtf',0,NULL,0,NULL,'2012-09-14 00:00:00',NULL,NULL,NULL,NULL,1),(540,NULL,NULL,NULL,999999,1,NULL,1,NULL,NULL,NULL,999999,NULL,NULL,NULL,'2012-09-14 00:00:00',NULL,'Impounding - PSV503 Release after written representations (NI)',NULL,'/templates/NI/PSV503 - Release after written representations.rtf',0,NULL,0,NULL,'2012-09-14 00:00:00',NULL,NULL,NULL,NULL,1),(541,NULL,NULL,NULL,999999,1,NULL,1,NULL,NULL,NULL,999999,NULL,NULL,NULL,'2012-09-14 00:00:00',NULL,'Impounding - PSV504 Release after Hearing (NI)',NULL,'/templates/NI/PSV504 - Release after Hearing.rtf',0,NULL,0,NULL,'2012-09-14 00:00:00',NULL,NULL,NULL,NULL,1),(542,NULL,NULL,NULL,999999,1,NULL,1,NULL,NULL,NULL,999999,NULL,NULL,NULL,'2012-09-14 00:00:00',NULL,'Impounding - PSV505 Detention after written representations (NI)',NULL,'/templates/NI/PSV505 - Detention after written representations.rtf',0,NULL,0,NULL,'2012-09-14 00:00:00',NULL,NULL,NULL,NULL,1),(543,NULL,NULL,NULL,999999,1,NULL,1,NULL,NULL,NULL,999999,NULL,NULL,NULL,'2012-09-14 00:00:00',NULL,'Impounding - PSV506 Detention after Hearing (NI)',NULL,'/templates/NI/PSV506 - Detention after Hearing.rtf',0,NULL,0,NULL,'2012-09-14 00:00:00',NULL,NULL,NULL,NULL,1),(544,NULL,NULL,NULL,999999,1,NULL,1,NULL,NULL,NULL,999999,NULL,NULL,NULL,'2012-09-14 00:00:00',NULL,'Impounding - PSV507 Note to DVA Disposal after 21 days (NI)',NULL,'/templates/NI/PSV507 - Disposal after 21 days.rtf',0,NULL,0,NULL,'2012-09-14 00:00:00',NULL,NULL,NULL,NULL,1),(545,NULL,NULL,NULL,999999,1,NULL,1,NULL,NULL,NULL,999999,NULL,NULL,NULL,'2012-09-14 00:00:00',NULL,'Impounding - PSV508 Application received after 21 days (NI)',NULL,'/templates/NI/PSV508 - Application received after 21 days.rtf',0,NULL,0,NULL,'2012-09-14 00:00:00',NULL,NULL,NULL,NULL,1),(546,NULL,NULL,NULL,999999,1,NULL,1,NULL,NULL,NULL,999999,NULL,NULL,NULL,'2012-09-14 00:00:00',NULL,'Impounding - PSV509 Notification to DVA (NI)',NULL,'/templates/NI/PSV509 - Notification to DVA after Admin Appeal.rtf',0,NULL,0,NULL,'2012-09-14 00:00:00',NULL,NULL,NULL,NULL,1),(547,NULL,NULL,NULL,999999,1,NULL,1,NULL,NULL,NULL,999999,NULL,NULL,NULL,'2012-09-14 00:00:00',NULL,'PTR Decision For TM Exercise (NI)',NULL,'/templates/NI/Comp_ADWarningLetter.rtf',0,NULL,0,NULL,'2012-09-14 00:00:00',NULL,NULL,NULL,NULL,1),(548,NULL,NULL,NULL,2,1,NULL,1,NULL,NULL,NULL,57,NULL,NULL,NULL,'2012-09-14 00:00:00',NULL,'Compliance: No Further Action Letter (NI)',NULL,'/templates/NI/Comp_NoFurtherActionLetter.rtf',0,NULL,0,NULL,'2012-09-14 00:00:00',NULL,NULL,NULL,NULL,1),(549,NULL,NULL,NULL,999999,1,NULL,1,NULL,NULL,NULL,999999,NULL,NULL,NULL,'2012-09-14 00:00:00',NULL,'Compliance: Request Explanation Letter (NI)',NULL,'/templates/NI/Comp_RequestExplanationLetter.rtf',0,NULL,0,NULL,'2012-09-14 00:00:00',NULL,NULL,NULL,NULL,1),(550,NULL,NULL,NULL,2,1,NULL,1,NULL,NULL,NULL,57,NULL,NULL,NULL,'2012-09-14 00:00:00',NULL,'Compliance: Warning Letter (NI)',NULL,'/templates/NI/Comp_WarningLetter.rtf',0,NULL,0,NULL,'2012-09-14 00:00:00',NULL,NULL,NULL,NULL,1),(551,NULL,NULL,NULL,999999,1,NULL,1,NULL,NULL,NULL,999999,NULL,NULL,NULL,'2012-09-14 00:00:00',NULL,'Compliance: AD Interview Confirmation Letter (NI)',NULL,'/templates/NI/Comp_ADInterviewConfirmationLetter.rtf',0,NULL,0,NULL,'2012-09-14 00:00:00',NULL,NULL,NULL,NULL,1),(552,NULL,NULL,NULL,999999,1,NULL,1,NULL,NULL,NULL,999999,NULL,NULL,NULL,'2012-09-14 00:00:00',NULL,'Compliance: AD Interview Invitation Letter (NI)',NULL,'/templates/NI/Comp_ADInterviewInvitationLetter.rtf',0,NULL,0,NULL,'2012-09-14 00:00:00',NULL,NULL,NULL,NULL,1),(553,NULL,NULL,NULL,999999,1,NULL,1,NULL,NULL,NULL,999999,NULL,NULL,NULL,'2012-09-14 00:00:00',NULL,'Compliance: In-Chambers Confirmation Letter (NI)',NULL,'/templates/NI/Comp_InChambersConfirmationLetter.rtf',0,NULL,0,NULL,'2012-09-14 00:00:00',NULL,NULL,NULL,NULL,1),(554,NULL,NULL,NULL,999999,1,NULL,1,NULL,NULL,NULL,999999,NULL,NULL,NULL,'2012-09-14 00:00:00',NULL,'Compliance: In-Chambers Invitation Letter (NI)',NULL,'/templates/NI/Comp_InChambersInvitationLetter.rtf',0,NULL,0,NULL,'2012-09-14 00:00:00',NULL,NULL,NULL,NULL,1),(555,NULL,NULL,NULL,999999,1,NULL,1,NULL,NULL,NULL,999999,NULL,NULL,NULL,'2012-09-14 00:00:00',NULL,'Bus Registration: Public Inquiry Call-up Annex A (NI)',NULL,'/templates/NI/Comp_PIBusRegistrationCallUpLetterAnnexA.rtf',0,NULL,0,NULL,'2012-09-14 00:00:00',NULL,NULL,NULL,NULL,1),(556,NULL,NULL,NULL,999999,1,NULL,1,NULL,NULL,NULL,999999,NULL,NULL,NULL,'2012-09-14 00:00:00',NULL,'Bus Registration: Public Inquiry Call-up Annex B (NI)',NULL,'/templates/NI/Comp_PIBusRegistrationCallUpLetterAnnexB.rtf',0,NULL,0,NULL,'2012-09-14 00:00:00',NULL,NULL,NULL,NULL,1),(557,NULL,NULL,NULL,999999,1,NULL,1,NULL,NULL,NULL,999999,NULL,NULL,NULL,'2012-09-14 00:00:00',NULL,'Bus Registration: Public Inquiry Call-up Annex C (NI)',NULL,'/templates/NI/Comp_PIBusRegistrationCallUpLetterAnnexC.rtf',0,NULL,0,NULL,'2012-09-14 00:00:00',NULL,NULL,NULL,NULL,1),(558,NULL,NULL,NULL,999999,1,NULL,1,NULL,NULL,NULL,999999,NULL,NULL,NULL,'2012-09-14 00:00:00',NULL,'Bus Registration: Public Inquiry Call-up Annex D (NI)',NULL,'/templates/NI/Comp_PIBusRegistrationCallUpLetterAnnexD.rtf',0,NULL,0,NULL,'2012-09-14 00:00:00',NULL,NULL,NULL,NULL,1),(559,NULL,NULL,NULL,999999,1,NULL,1,NULL,NULL,NULL,999999,NULL,NULL,NULL,'2012-09-14 00:00:00',NULL,'Bus Registration: Public Inquiry Call-up Letter (NI)',NULL,'/templates/NI/Comp_PIBusRegistrationCallUpLetter.rtf',0,NULL,0,NULL,'2012-09-14 00:00:00',NULL,NULL,NULL,NULL,1),(560,NULL,NULL,NULL,999999,1,NULL,1,NULL,NULL,NULL,999999,NULL,NULL,NULL,'2012-09-14 00:00:00',NULL,'Bus Registration: Schedule of Registered Bus Services Annex 1 (NI)',NULL,'/templates/NI/Comp_PIBusRegistrationCallUpLetterScheduledServicesAnnex.rtf',0,NULL,0,NULL,'2012-09-14 00:00:00',NULL,NULL,NULL,NULL,1),(561,NULL,NULL,NULL,999999,1,NULL,1,NULL,NULL,NULL,999999,NULL,NULL,NULL,'2012-09-14 00:00:00',NULL,'Compliance: Attendance at PI Return Proforma Annex F (NI)',NULL,'/templates/NI/Comp_AttendanceAtPIReturnProformaAnnexF.rtf',0,NULL,0,NULL,'2012-09-14 00:00:00',NULL,NULL,NULL,NULL,1),(562,NULL,NULL,NULL,999999,1,NULL,1,NULL,NULL,NULL,999999,NULL,NULL,NULL,'2012-09-14 00:00:00',NULL,'Compliance: Disciplinary Annex A (NI)',NULL,'/templates/NI/Comp_PIDisciplinaryAnnexA.rtf',0,NULL,0,NULL,'2012-09-14 00:00:00',NULL,NULL,NULL,NULL,1),(563,NULL,NULL,NULL,999999,1,NULL,1,NULL,NULL,NULL,999999,NULL,NULL,NULL,'2012-09-14 00:00:00',NULL,'Compliance: Disciplinary Annex B (NI)',NULL,'/templates/NI/Comp_PIDisciplinaryAnnexB.rtf',0,NULL,0,NULL,'2012-09-14 00:00:00',NULL,NULL,NULL,NULL,1),(564,NULL,NULL,NULL,999999,1,NULL,1,NULL,NULL,NULL,999999,NULL,NULL,NULL,'2012-09-14 00:00:00',NULL,'Compliance: Disciplinary Annex C (NI)',NULL,'/templates/NI/Comp_PIDisciplinaryAnnexC.rtf',0,NULL,0,NULL,'2012-09-14 00:00:00',NULL,NULL,NULL,NULL,1),(565,NULL,NULL,NULL,999999,1,NULL,1,NULL,NULL,NULL,999999,NULL,NULL,NULL,'2012-09-14 00:00:00',NULL,'Compliance: Disciplinary Annex D (NI)',NULL,'/templates/NI/Comp_PIDisciplinaryAnnexD.rtf',0,NULL,0,NULL,'2012-09-14 00:00:00',NULL,NULL,NULL,NULL,1),(566,NULL,NULL,NULL,2,1,NULL,1,NULL,NULL,NULL,49,NULL,NULL,NULL,'2012-09-14 00:00:00',NULL,'Compliance: Disciplinary Public Inquiry Call-up letter (NI)',NULL,'/templates/NI/Comp_PIDisciplinaryCallUpLetter.rtf',0,NULL,0,NULL,'2012-09-14 00:00:00',NULL,NULL,NULL,NULL,1),(567,NULL,NULL,NULL,999999,1,NULL,1,NULL,NULL,NULL,999999,NULL,NULL,NULL,'2012-09-14 00:00:00',NULL,'Compliance: Environmental Annexes A (NI)',NULL,'/templates/NI/Comp_PIEnvironmentalCallUpLetterAnnexA.rtf',0,NULL,0,NULL,'2012-09-14 00:00:00',NULL,NULL,NULL,NULL,1),(568,NULL,NULL,NULL,999999,1,NULL,1,NULL,NULL,NULL,999999,NULL,NULL,NULL,'2012-09-14 00:00:00',NULL,'Compliance: Environmental Annexes B (NI)',NULL,'/templates/NI/Comp_PIEnvironmentalCallUpLetterAnnexB.rtf',0,NULL,0,NULL,'2012-09-14 00:00:00',NULL,NULL,NULL,NULL,1),(569,NULL,NULL,NULL,999999,1,NULL,1,NULL,NULL,NULL,999999,NULL,NULL,NULL,'2012-09-14 00:00:00',NULL,'Compliance: Environmental Annexes C (NI)',NULL,'/templates/NI/Comp_PIEnvironmentalCallUpLetterAnnexC.rtf',0,NULL,0,NULL,'2012-09-14 00:00:00',NULL,NULL,NULL,NULL,1),(570,NULL,NULL,NULL,999999,1,NULL,1,NULL,NULL,NULL,999999,NULL,NULL,NULL,'2012-09-14 00:00:00',NULL,'Compliance: Environmental Annexes D (NI)',NULL,'/templates/NI/Comp_PIEnvironmentalCallUpLetterAnnexD.rtf',0,NULL,0,NULL,'2012-09-14 00:00:00',NULL,NULL,NULL,NULL,1),(571,NULL,NULL,NULL,999999,1,NULL,1,NULL,NULL,NULL,999999,NULL,NULL,NULL,'2012-09-14 00:00:00',NULL,'Compliance: Environmental Public Inquiry Call-up Letter (NI)',NULL,'/templates/NI/Comp_PIEnvironmentalCallUpLetter.rtf',0,NULL,0,NULL,'2012-09-14 00:00:00',NULL,NULL,NULL,NULL,1),(572,NULL,NULL,NULL,999999,1,NULL,1,NULL,NULL,NULL,999999,NULL,NULL,NULL,'2012-09-14 00:00:00',NULL,'Compliance: Public Inquiry Adjournment Letter (NI)',NULL,'/templates/NI/Comp_PIAdjournmentLetter.rtf',0,NULL,0,NULL,'2012-09-14 00:00:00',NULL,NULL,NULL,NULL,1),(573,NULL,NULL,NULL,2,1,NULL,1,NULL,NULL,NULL,49,NULL,NULL,NULL,'2012-09-14 00:00:00',NULL,'Compliance: Public Inquiry Decision Letter (NI)',NULL,'/templates/NI/Comp_PIDecisionLetter.rtf',0,NULL,0,NULL,'2012-09-14 00:00:00',NULL,NULL,NULL,NULL,1),(574,NULL,NULL,NULL,999999,1,NULL,1,NULL,NULL,NULL,999999,NULL,NULL,NULL,'2012-09-14 00:00:00',NULL,'Compliance: Review Annexes A (NI)',NULL,'/templates/NI/Comp_PIReviewOfOperatingCentreCallUpLetterAnnexA.rtf',0,NULL,0,NULL,'2012-09-14 00:00:00',NULL,NULL,NULL,NULL,1),(575,NULL,NULL,NULL,999999,1,NULL,1,NULL,NULL,NULL,999999,NULL,NULL,NULL,'2012-09-14 00:00:00',NULL,'Compliance: Review Annexes B (NI)',NULL,'/templates/NI/Comp_PIReviewOfOperatingCentreCallUpLetterAnnexB.rtf',0,NULL,0,NULL,'2012-09-14 00:00:00',NULL,NULL,NULL,NULL,1),(576,NULL,NULL,NULL,999999,1,NULL,1,NULL,NULL,NULL,999999,NULL,NULL,NULL,'2012-09-14 00:00:00',NULL,'Compliance: Review Annexes C (NI)',NULL,'/templates/NI/Comp_PIReviewOfOperatingCentreCallUpLetterAnnexC.rtf',0,NULL,0,NULL,'2012-09-14 00:00:00',NULL,NULL,NULL,NULL,1),(577,NULL,NULL,NULL,999999,1,NULL,1,NULL,NULL,NULL,999999,NULL,NULL,NULL,'2012-09-14 00:00:00',NULL,'Compliance: Review Annexes D (NI)',NULL,'/templates/NI/Comp_PIReviewOfOperatingCentreCallUpLetterAnnexD.rtf',0,NULL,0,NULL,'2012-09-14 00:00:00',NULL,NULL,NULL,NULL,1),(578,NULL,NULL,NULL,999999,1,NULL,1,NULL,NULL,NULL,999999,NULL,NULL,NULL,'2012-09-14 00:00:00',NULL,'Compliance: Review of Op Centre Public Inquiry Call-up letter (NI)',NULL,'/templates/NI/Comp_PIReviewOfOperatingCentreCallUpLetter.rtf',0,NULL,0,NULL,'2012-09-14 00:00:00',NULL,NULL,NULL,NULL,1),(579,NULL,NULL,NULL,999999,1,NULL,1,NULL,NULL,NULL,999999,NULL,NULL,NULL,'2012-09-14 00:00:00',NULL,'Compliance: Schedule of Convictions Annex 2 (NI)',NULL,'/templates/NI/Comp_ScheduleofConvictionsAnnex2.rtf',0,NULL,0,NULL,'2012-09-14 00:00:00',NULL,NULL,NULL,NULL,1),(580,NULL,NULL,NULL,999999,1,NULL,1,NULL,NULL,NULL,999999,NULL,NULL,NULL,'2012-09-14 00:00:00',NULL,'Compliance: Schedule of Prohibitions (NI)',NULL,'/templates/NI/Comp_ScheduleofRoadworthinessProhibitionsAnnex1.rtf',0,NULL,0,NULL,'2012-09-14 00:00:00',NULL,NULL,NULL,NULL,1),(581,NULL,NULL,NULL,999999,1,NULL,1,NULL,NULL,NULL,999999,NULL,NULL,NULL,'2012-09-14 00:00:00',NULL,'Compliance: Vehicles currently on Op Licence PSV Annex E (NI)',NULL,'/templates/NI/Comp_VehiclesCurrentlyUsedUnderOLPSVAnnexE.rtf',0,NULL,0,NULL,'2012-09-14 00:00:00',NULL,NULL,NULL,NULL,1),(582,NULL,NULL,NULL,999999,1,NULL,1,NULL,NULL,NULL,999999,NULL,NULL,NULL,'2012-09-14 00:00:00',NULL,'Compliance: Vehicles Used Under OL Goods Annex E (NI)',NULL,'/templates/NI/Comp_VehiclesCurrentlyUsedUnderOLGoodsAnnexE.rtf',0,NULL,0,NULL,'2012-09-14 00:00:00',NULL,NULL,NULL,NULL,1),(583,NULL,NULL,NULL,999999,1,NULL,1,NULL,NULL,NULL,999999,NULL,NULL,NULL,'2012-09-14 00:00:00',NULL,'Compliance - Blank letter to Operator GV (NI)',NULL,'/templates/NI/Comp_blank_letter_to_operator_GV.rtf',0,NULL,0,NULL,'2012-09-14 00:00:00',NULL,NULL,NULL,NULL,1),(584,NULL,NULL,NULL,999999,1,NULL,1,NULL,NULL,NULL,999999,NULL,NULL,NULL,'2012-09-14 00:00:00',NULL,'Compliance - Blank letter to Operator PSV (NI)',NULL,'/templates/NI/Comp_blank_letter_to_operator_PSV.rtf',0,NULL,0,NULL,'2012-09-14 00:00:00',NULL,NULL,NULL,NULL,1),(585,NULL,NULL,NULL,999999,1,NULL,1,NULL,NULL,NULL,999999,NULL,NULL,NULL,'2012-09-14 00:00:00',NULL,'Compliance - Remove undertaking following PI (NI)',NULL,'/templates/NI/Removal of undertaking following PI.rtf',0,NULL,0,NULL,'2012-09-14 00:00:00',NULL,NULL,NULL,NULL,1),(586,NULL,NULL,NULL,999999,1,NULL,1,NULL,NULL,NULL,999999,NULL,NULL,NULL,'2012-09-14 00:00:00',NULL,'Compliance - Remove undertaking non PI (NI)',NULL,'/templates/NI/Removal of undertaking not PI.rtf',0,NULL,0,NULL,'2012-09-14 00:00:00',NULL,NULL,NULL,NULL,1),(587,NULL,NULL,NULL,999999,1,NULL,1,NULL,NULL,NULL,999999,NULL,NULL,NULL,'2012-09-14 00:00:00',NULL,'Compliance: Letter Requesting Further Info from Operator (NI)',NULL,'/templates/NI/Comp_RequestFurtherInfoFromOperatorLetter.rtf',0,NULL,0,NULL,'2012-09-14 00:00:00',NULL,NULL,NULL,NULL,1),(588,NULL,NULL,NULL,999999,1,NULL,1,NULL,NULL,NULL,999999,NULL,NULL,NULL,'2012-09-14 00:00:00',NULL,'Compliance: Partner Organisation Driver Request Info Letter (NI)',NULL,'/templates/NI/Comp_PartnerOrganisationRequestLetter.rtf',0,NULL,0,NULL,'2012-09-14 00:00:00',NULL,NULL,NULL,NULL,1),(589,NULL,NULL,NULL,999999,1,NULL,1,NULL,NULL,NULL,999999,NULL,NULL,NULL,'2012-09-14 00:00:00',NULL,'Compliance: Reminder Letter (for all categories) (NI)',NULL,'/templates/NI/Comp_ReminderLetter.rtf',0,NULL,0,NULL,'2012-09-14 00:00:00',NULL,NULL,NULL,NULL,1),(590,NULL,NULL,NULL,999999,1,NULL,1,NULL,NULL,NULL,999999,NULL,NULL,NULL,'2012-09-14 00:00:00',NULL,'Compliance: Request for Stay Decision Letter (NI)',NULL,'/templates/NI/Comp_RequestForStayDecisionLetter.rtf',0,NULL,0,NULL,'2012-09-14 00:00:00',NULL,NULL,NULL,NULL,1),(591,NULL,NULL,NULL,999999,1,NULL,1,NULL,NULL,NULL,999999,NULL,NULL,NULL,'2012-09-14 00:00:00',NULL,'Compliance: Request Further Investigation  Letter (NI)',NULL,'/templates/NI/Comp_RequestFurtherInvestigationLetter.rtf',0,NULL,0,NULL,'2012-09-14 00:00:00',NULL,NULL,NULL,NULL,1),(592,NULL,NULL,NULL,999999,1,NULL,1,NULL,NULL,NULL,999999,NULL,NULL,NULL,'2012-09-14 00:00:00',NULL,'Compliance: Standard Paragraphs (NI)',NULL,'/templates/NI/Comp_StandardParagraphs.rtf',0,NULL,0,NULL,'2012-09-14 00:00:00',NULL,NULL,NULL,NULL,1),(593,NULL,NULL,NULL,999999,1,NULL,1,NULL,NULL,NULL,999999,NULL,NULL,NULL,'2012-09-14 00:00:00',NULL,'TRU Submission template Goods (NI)',NULL,'/templates/NI/TRU_Submission_GV.rtf',0,NULL,0,NULL,'2012-09-14 00:00:00',NULL,NULL,NULL,NULL,1),(594,NULL,NULL,NULL,999999,1,NULL,1,NULL,NULL,NULL,999999,NULL,NULL,NULL,'2012-09-14 00:00:00',NULL,'TRU Submission template PSV (NI)',NULL,'/templates/NI/TRU_Submission_PSV.rtf',0,NULL,0,NULL,'2012-09-14 00:00:00',NULL,NULL,NULL,NULL,1),(595,NULL,NULL,NULL,999999,1,NULL,1,NULL,NULL,NULL,999999,NULL,NULL,NULL,'2012-09-14 00:00:00',NULL,'Driver Conduct: Call To PI Provisional LGV/PCV Application (NI)',NULL,'/templates/NI/Comp_DCInvitationToHearingLetter.rtf',0,NULL,0,NULL,'2012-09-14 00:00:00',NULL,NULL,NULL,NULL,1),(596,NULL,NULL,NULL,999999,1,NULL,1,NULL,NULL,NULL,999999,NULL,NULL,NULL,'2012-09-14 00:00:00',NULL,'Driver Conduct: Conf Restored Lic Rehab Period, No Sub, No PI (NI)',NULL,'/templates/NI/Comp_DCFailureToReplyLetter.rtf',0,NULL,0,NULL,'2012-09-14 00:00:00',NULL,NULL,NULL,NULL,1),(597,NULL,NULL,NULL,999999,1,NULL,1,NULL,NULL,NULL,999999,NULL,NULL,NULL,'2012-09-14 00:00:00',NULL,'Driver Conduct: Fit to Hold Licence Letter (NI)',NULL,'/templates/NI/Comp_DCFitToHoldLetter.rtf',0,NULL,0,NULL,'2012-09-14 00:00:00',NULL,NULL,NULL,NULL,1),(598,NULL,NULL,NULL,999999,1,NULL,1,NULL,NULL,NULL,999999,NULL,NULL,NULL,'2012-09-14 00:00:00',NULL,'Driver Conduct: Grant Provisional LGV/PCV Lic No Hearing (NI)',NULL,'/templates/NI/Comp_DCGrantWithWarningNoHearingLetter.rtf',0,NULL,0,NULL,'2012-09-14 00:00:00',NULL,NULL,NULL,NULL,1),(599,NULL,NULL,NULL,999999,1,NULL,1,NULL,NULL,NULL,999999,NULL,NULL,NULL,'2012-09-14 00:00:00',NULL,'Driver Conduct: Grant Provisional Lic At PI With Warning (NI)',NULL,'/templates/NI/Comp_DCGrantAfterHearingLetter.rtf',0,NULL,0,NULL,'2012-09-14 00:00:00',NULL,NULL,NULL,NULL,1),(600,NULL,NULL,NULL,999999,1,NULL,1,NULL,NULL,NULL,999999,NULL,NULL,NULL,'2012-09-14 00:00:00',NULL,'Driver Conduct: Lic Restoration With Rehab Period, Option of PI (NI)',NULL,'/templates/NI/Comp_DCRequestExplanationLetter.rtf',0,NULL,0,NULL,'2012-09-14 00:00:00',NULL,NULL,NULL,NULL,1),(601,NULL,NULL,NULL,999999,1,NULL,1,NULL,NULL,NULL,999999,NULL,NULL,NULL,'2012-09-14 00:00:00',NULL,'Driver Conduct: NFA of Licence At PI With Warning (NI)',NULL,'/templates/NI/Comp_DCWarningAfterHearingLetter.rtf',0,NULL,0,NULL,'2012-09-14 00:00:00',NULL,NULL,NULL,NULL,1),(602,NULL,NULL,NULL,999999,1,NULL,1,NULL,NULL,NULL,999999,NULL,NULL,NULL,'2012-09-14 00:00:00',NULL,'Driver Conduct: Reduction of Restoration Period LGV/PCV Lic (NI)',NULL,'/templates/NI/Comp_DCReplyLetter.rtf',0,NULL,0,NULL,'2012-09-14 00:00:00',NULL,NULL,NULL,NULL,1),(603,NULL,NULL,NULL,999999,1,NULL,1,NULL,NULL,NULL,999999,NULL,NULL,NULL,'2012-09-14 00:00:00',NULL,'Driver Conduct: Refused LGV/PCV Licence Post PI until. (NI)',NULL,'/templates/NI/Comp_DCRefuseRenewalWithWarningAfterHearingLetter.rtf',0,NULL,0,NULL,'2012-09-14 00:00:00',NULL,NULL,NULL,NULL,1),(604,NULL,NULL,NULL,999999,1,NULL,1,NULL,NULL,NULL,999999,NULL,NULL,NULL,'2012-09-14 00:00:00',NULL,'Driver Conduct: Renewal Refused/Extended Disqual of  Lic At PI (NI)',NULL,'/templates/NI/Comp_DCRefuseExtendDisqualificationAfterHearingLetter.rtf',0,NULL,0,NULL,'2012-09-14 00:00:00',NULL,NULL,NULL,NULL,1),(605,NULL,NULL,NULL,999999,1,NULL,1,NULL,NULL,NULL,999999,NULL,NULL,NULL,'2012-09-14 00:00:00',NULL,'Driver Conduct: Restoration With Warning (NI)',NULL,'/templates/NI/Comp_DCWarningLetter.rtf',0,NULL,0,NULL,'2012-09-14 00:00:00',NULL,NULL,NULL,NULL,1),(606,NULL,NULL,NULL,999999,1,NULL,1,NULL,NULL,NULL,999999,NULL,NULL,NULL,'2012-09-14 00:00:00',NULL,'Driver Conduct: Revoked and Disqual of LGV/PCV Licence At PI (NI)',NULL,'/templates/NI/Comp_DCRevokeDisqualifyAfterHearingLetter.rtf',0,NULL,0,NULL,'2012-09-14 00:00:00',NULL,NULL,NULL,NULL,1),(607,NULL,NULL,NULL,999999,1,NULL,1,NULL,NULL,NULL,999999,NULL,NULL,NULL,'2012-09-14 00:00:00',NULL,'Driver Conduct: Suspension of LGV/PCV Licence At PI (NI)',NULL,'/templates/NI/Comp_DCSuspendAfterHearingLetter.rtf',0,NULL,0,NULL,'2012-09-14 00:00:00',NULL,NULL,NULL,NULL,1),(608,NULL,NULL,NULL,999999,1,NULL,1,NULL,NULL,NULL,999999,NULL,NULL,NULL,'2012-09-14 00:00:00',NULL,'Bus Registration: Acknowledge Complaint Letter (NI)',NULL,'/templates/NI/Comp_BusRegistrationAcknowledgeComplaintLetter.rtf',0,NULL,0,NULL,'2012-09-14 00:00:00',NULL,NULL,NULL,NULL,1),(609,NULL,NULL,NULL,999999,1,NULL,1,NULL,NULL,NULL,999999,NULL,NULL,NULL,'2012-09-14 00:00:00',NULL,'Bus Registration: Acknowledgement To Operator OK Letter (NI)',NULL,'/templates/NI/Comp_BusRegistrationAcknowledgementToOperatorOKReplyLetter.rtf',0,NULL,0,NULL,'2012-09-14 00:00:00',NULL,NULL,NULL,NULL,1),(610,NULL,NULL,NULL,999999,1,NULL,1,NULL,NULL,NULL,999999,NULL,NULL,NULL,'2012-09-14 00:00:00',NULL,'Bus Registration: Acknowledgement Vehicle Condition Letter (NI)',NULL,'/templates/NI/Comp_BusRegistrationAcknowledgementForVehicleConditionLetter.rtf',0,NULL,0,NULL,'2012-09-14 00:00:00',NULL,NULL,NULL,NULL,1),(611,NULL,NULL,NULL,999999,1,NULL,1,NULL,NULL,NULL,999999,NULL,NULL,NULL,'2012-09-14 00:00:00',NULL,'Bus Registration: Ask Complainant For Further Details Letter (NI)',NULL,'/templates/NI/Comp_BusRegistrationAskComplainantFurtherDetailsLetter.rtf',0,NULL,0,NULL,'2012-09-14 00:00:00',NULL,NULL,NULL,NULL,1),(612,NULL,NULL,NULL,999999,1,NULL,1,NULL,NULL,NULL,999999,NULL,NULL,NULL,'2012-09-14 00:00:00',NULL,'Bus Registration: DVA No Problems Letter (NI)',NULL,'/templates/NI/Comp_BusRegistrationDVAFoundNoProblemLetter.rtf',0,NULL,0,NULL,'2012-09-14 00:00:00',NULL,NULL,NULL,NULL,1),(613,NULL,NULL,NULL,999999,1,NULL,1,NULL,NULL,NULL,999999,NULL,NULL,NULL,'2012-09-14 00:00:00',NULL,'Bus Registration: No Jurisdiction Letter (NI)',NULL,'/templates/NI/Comp_BusRegistrationNoJurisdictionLetter.rtf',0,NULL,0,NULL,'2012-09-14 00:00:00',NULL,NULL,NULL,NULL,1),(614,NULL,NULL,NULL,999999,1,NULL,1,NULL,NULL,NULL,999999,NULL,NULL,NULL,'2012-09-14 00:00:00',NULL,'Bus Registration: Operator Reply Not Acceptable (NI)',NULL,'/templates/NI/Comp_BusRegistrationOperatorReplyNotAcceptableLetter.rtf',0,NULL,0,NULL,'2012-09-14 00:00:00',NULL,NULL,NULL,NULL,1),(615,NULL,NULL,NULL,999999,1,NULL,1,NULL,NULL,NULL,999999,NULL,NULL,NULL,'2012-09-14 00:00:00',NULL,'Bus Registration: Reminder Letter (NI)',NULL,'/templates/NI/Comp_BusRegistrationReminderLetter.rtf',0,NULL,0,NULL,'2012-09-14 00:00:00',NULL,NULL,NULL,NULL,1),(616,NULL,NULL,NULL,999999,1,NULL,1,NULL,NULL,NULL,999999,NULL,NULL,NULL,'2012-09-14 00:00:00',NULL,'Bus Registration: Reply To Complainant Letter (NI)',NULL,'/templates/NI/Comp_BusRegistrationReplyToComplainantLetter.rtf',0,NULL,0,NULL,'2012-09-14 00:00:00',NULL,NULL,NULL,NULL,1),(617,NULL,NULL,NULL,999999,1,NULL,1,NULL,NULL,NULL,999999,NULL,NULL,NULL,'2012-09-14 00:00:00',NULL,'Bus Registration: Request Operator For Comments Letter (NI)',NULL,'/templates/NI/Comp_BusRegistrationRequestOperatorForCommentsLetter.rtf',0,NULL,0,NULL,'2012-09-14 00:00:00',NULL,NULL,NULL,NULL,1),(618,NULL,NULL,NULL,3,1,NULL,1,NULL,NULL,NULL,40,NULL,NULL,NULL,'2012-09-14 00:00:00',NULL,'BUS_REG_CANCELLATION (NI)',NULL,'/templates/NI/BUS_REG_CANCELLATION.rtf',0,NULL,0,NULL,'2012-09-14 00:00:00',NULL,NULL,NULL,NULL,1),(619,NULL,NULL,NULL,999999,1,NULL,1,NULL,NULL,NULL,999999,NULL,NULL,NULL,'2012-09-14 00:00:00',NULL,'BUS_REG_CANCELLATION_REFUSE_SHORT_NOTICE (NI)',NULL,'/templates/NI/BUS_REG_CANCELLATION_REFUSE_SHORT_NOTICE.rtf',0,NULL,0,NULL,'2012-09-14 00:00:00',NULL,NULL,NULL,NULL,1),(620,NULL,NULL,NULL,999999,1,NULL,1,NULL,NULL,NULL,999999,NULL,NULL,NULL,'2012-09-14 00:00:00',NULL,'BUS_REG_COPY (NI)',NULL,'/templates/NI/BUS_REG_COPY.rtf',0,NULL,0,NULL,'2012-09-14 00:00:00',NULL,NULL,NULL,NULL,1),(621,NULL,NULL,NULL,999999,1,NULL,1,NULL,NULL,NULL,999999,NULL,NULL,NULL,'2012-09-14 00:00:00',NULL,'BUS_REG_NEW_REGISTRATION (NI)',NULL,'/templates/NI/BUS_REG_NEW_REGISTRATION.rtf',0,NULL,0,NULL,'2012-09-14 00:00:00',NULL,NULL,NULL,NULL,1),(622,NULL,NULL,NULL,999999,1,NULL,1,NULL,NULL,NULL,999999,NULL,NULL,NULL,'2012-09-14 00:00:00',NULL,'BUS_REG_NEW_REGISTRATION_REFUSE_SHORT_NOTICE (NI)',NULL,'/templates/NI/BUS_REG_NEW_REGISTRATION_REFUSE_SHORT_NOTICE.rtf',0,NULL,0,NULL,'2012-09-14 00:00:00',NULL,NULL,NULL,NULL,1),(623,NULL,NULL,NULL,999999,1,NULL,1,NULL,NULL,NULL,999999,NULL,NULL,NULL,'2012-09-14 00:00:00',NULL,'BUS_REG_VARIATION (NI)',NULL,'/templates/NI/BUS_REG_VARIATION.rtf',0,NULL,0,NULL,'2012-09-14 00:00:00',NULL,NULL,NULL,NULL,1),(624,NULL,NULL,NULL,999999,1,NULL,1,NULL,NULL,NULL,999999,NULL,NULL,NULL,'2012-09-14 00:00:00',NULL,'BUS_REG_VARIATION_REFUSE_SHORT_NOTICE (NI)',NULL,'/templates/NI/BUS_REG_VARIATION_REFUSE_SHORT_NOTICE.rtf',0,NULL,0,NULL,'2012-09-14 00:00:00',NULL,NULL,NULL,NULL,1),(625,NULL,NULL,NULL,999999,1,NULL,1,NULL,NULL,NULL,999999,NULL,NULL,NULL,'2012-09-14 00:00:00',NULL,'Cheque Returned - App Withdrawn (NI)',NULL,'/templates/NI/BUS_REGS_CHEQUE_ RETD_APP_WITHDRAWN_TAN21.rtf',0,NULL,0,NULL,'2012-09-14 00:00:00',NULL,NULL,NULL,NULL,1),(626,NULL,NULL,NULL,999999,1,NULL,1,NULL,NULL,NULL,999999,NULL,NULL,NULL,'2012-09-14 00:00:00',NULL,'Cheque Returned - Re-Apply (NI)',NULL,'/templates/NI/BUS_REG_CHEQUE_RETD_REAPPLY_TAN21.rtf',0,NULL,0,NULL,'2012-09-14 00:00:00',NULL,NULL,NULL,NULL,1),(627,NULL,NULL,NULL,999999,1,NULL,1,NULL,NULL,NULL,999999,NULL,NULL,NULL,'2012-09-14 00:00:00',NULL,'No Fee (NI)',NULL,'/templates/NI/BUS_REG_NO_FEE_TAN21.rtf',0,NULL,0,NULL,'2012-09-14 00:00:00',NULL,NULL,NULL,NULL,1),(628,NULL,NULL,NULL,999999,1,NULL,1,NULL,NULL,NULL,999999,NULL,NULL,NULL,'2012-09-14 00:00:00',NULL,'Refusal (NI)',NULL,'/templates/NI/BUS_REG_REFUSE_ALL.rtf',0,NULL,0,NULL,'2012-09-14 00:00:00',NULL,NULL,NULL,NULL,1),(629,NULL,NULL,NULL,999999,1,NULL,1,NULL,NULL,NULL,999999,NULL,NULL,NULL,'2012-09-14 00:00:00',NULL,'Request Supporting Docs (NI)',NULL,'/templates/NI/BUS_REGS_REQUEST_SUPPORTING_DOCS_TAN21.rtf',0,NULL,0,NULL,'2012-09-14 00:00:00',NULL,NULL,NULL,NULL,1),(630,NULL,NULL,NULL,999999,1,NULL,1,NULL,NULL,NULL,999999,NULL,NULL,NULL,'2012-09-14 00:00:00',NULL,'Scottish-Cheque Returned - App Withdrawn (NI)',NULL,'/templates/NI/SCOTTISH_BUS_REGS_CHEQUE_RETD_APP_WITHDRAWN_TAN21.rtf',0,NULL,0,NULL,'2012-09-14 00:00:00',NULL,NULL,NULL,NULL,1),(631,NULL,NULL,NULL,999999,1,NULL,1,NULL,NULL,NULL,999999,NULL,NULL,NULL,'2012-09-14 00:00:00',NULL,'Scottish-Cheque Returned - Re-Apply (NI)',NULL,'/templates/NI/SCOTTISH_BUS_REG_CHEQUE_RETD_REAPPLY_TAN21.rtf',0,NULL,0,NULL,'2012-09-14 00:00:00',NULL,NULL,NULL,NULL,1),(632,NULL,NULL,NULL,999999,1,NULL,1,NULL,NULL,NULL,999999,NULL,NULL,NULL,'2012-09-14 00:00:00',NULL,'Scottish-No Fee (NI)',NULL,'/templates/NI/SCOTTISH_BUS_REG_NO_FEE_TAN21.rtf',0,NULL,0,NULL,'2012-09-14 00:00:00',NULL,NULL,NULL,NULL,1),(633,NULL,NULL,NULL,999999,1,NULL,1,NULL,NULL,NULL,999999,NULL,NULL,NULL,'2012-09-14 00:00:00',NULL,'Scottish-Request Supporting Docs (NI)',NULL,'/templates/NI/SCOTTISH_BUS_REGS_REQUEST_SUPPORTING_DOCS_TAN21.rtf',0,NULL,0,NULL,'2012-09-14 00:00:00',NULL,NULL,NULL,NULL,1),(634,NULL,NULL,NULL,999999,1,NULL,1,NULL,NULL,NULL,999999,NULL,NULL,NULL,'2012-09-14 00:00:00',NULL,'PERMIT_COMMUNITY (NI)',NULL,'/templates/NI/PERMIT_COMMUNITY.rtf',0,NULL,0,NULL,'2012-09-14 00:00:00',NULL,NULL,NULL,NULL,1),(635,NULL,NULL,NULL,999999,1,NULL,1,NULL,NULL,NULL,999999,NULL,NULL,NULL,'2012-09-14 00:00:00',NULL,'PERMIT_COMMUNITY_LETTER (NI)',NULL,'/templates/NI/PERMIT_COMMUNITY_LETTER.rtf',0,NULL,0,NULL,'2012-09-14 00:00:00',NULL,NULL,NULL,NULL,1),(636,NULL,NULL,NULL,999999,1,NULL,1,NULL,NULL,NULL,999999,NULL,NULL,NULL,'2012-09-14 00:00:00',NULL,'PERMIT_LARGE (NI)',NULL,'/templates/NI/PERMIT_LARGE.rtf',0,NULL,0,NULL,'2012-09-14 00:00:00',NULL,NULL,NULL,NULL,1),(637,NULL,NULL,NULL,999999,1,NULL,1,NULL,NULL,NULL,999999,NULL,NULL,NULL,'2012-09-14 00:00:00',NULL,'PERMIT_LARGE_LETTER (NI)',NULL,'/templates/NI/PERMIT_LARGE_LETTER.rtf',0,NULL,0,NULL,'2012-09-14 00:00:00',NULL,NULL,NULL,NULL,1),(638,NULL,NULL,NULL,999999,1,NULL,1,NULL,NULL,NULL,999999,NULL,NULL,NULL,'2012-09-14 00:00:00',NULL,'PERMIT_SMALL (NI)',NULL,'/templates/NI/PERMIT_SMALL.rtf',0,NULL,0,NULL,'2012-09-14 00:00:00',NULL,NULL,NULL,NULL,1),(639,NULL,NULL,NULL,999999,1,NULL,1,NULL,NULL,NULL,999999,NULL,NULL,NULL,'2012-09-14 00:00:00',NULL,'PERMIT_SMALL_LETTER (NI)',NULL,'/templates/NI/PERMIT_SMALL_LETTER.rtf',0,NULL,0,NULL,'2012-09-14 00:00:00',NULL,NULL,NULL,NULL,1),(640,NULL,NULL,NULL,999999,1,NULL,1,NULL,NULL,NULL,999999,NULL,NULL,NULL,'2012-09-14 00:00:00',NULL,'Refund of Permit Application Fee (NI)',NULL,'/templates/NI/PERMIT_REFUND_LETTER.rtf',0,NULL,0,NULL,'2012-09-14 00:00:00',NULL,NULL,NULL,NULL,1),(641,NULL,NULL,NULL,999999,1,NULL,1,NULL,NULL,NULL,999999,NULL,NULL,NULL,'2012-09-14 00:00:00',NULL,'Sect 19 Permit - Request for further info (NI)',NULL,'/templates/NI/PERMIT_SECT19_REQUEST_FURTHER_INFO.rtf',0,NULL,0,NULL,'2012-09-14 00:00:00',NULL,NULL,NULL,NULL,1),(642,NULL,NULL,NULL,999999,1,NULL,1,NULL,NULL,NULL,999999,NULL,NULL,NULL,'2012-09-14 00:00:00',NULL,'Sect 22 Permit - Request for further info (NI)',NULL,'/templates/NI/PERMIT_SECT22_REQUEST_FURTHER_INFO.rtf',0,NULL,0,NULL,'2012-09-14 00:00:00',NULL,NULL,NULL,NULL,1),(643,NULL,NULL,NULL,999999,1,NULL,1,NULL,NULL,NULL,999999,NULL,NULL,NULL,'2012-09-14 00:00:00',NULL,'Address of Establishment Letter (NI)',NULL,'/templates/NI/Address_Of_Establishment_Letter.rtf',0,NULL,0,NULL,'2012-09-14 00:00:00',NULL,NULL,NULL,NULL,1),(644,NULL,NULL,NULL,999999,1,NULL,1,NULL,NULL,NULL,999999,NULL,NULL,NULL,'2012-09-14 00:00:00',NULL,'Community Licence Office Copy Cover Letter (NI)',NULL,'/templates/NI/Community_Licence_Office_Copy_Cover_Letter.rtf',0,NULL,0,NULL,'2012-09-14 00:00:00',NULL,NULL,NULL,NULL,1),(645,NULL,NULL,NULL,999999,1,NULL,1,NULL,NULL,NULL,999999,NULL,NULL,NULL,'2012-09-14 00:00:00',NULL,'Goods Submission template (NI)',NULL,'/templates/NI/Goods_Submission_template.rtf',0,NULL,0,NULL,'2012-09-14 00:00:00',NULL,NULL,NULL,NULL,1),(646,NULL,NULL,NULL,999999,1,NULL,1,NULL,NULL,NULL,999999,NULL,NULL,NULL,'2012-09-14 00:00:00',NULL,'GV - blank letter template to operator (NI)',NULL,'/templates/NI/BLANK_LETTER_TEMPLATE_OPERATOR_GV.rtf',0,NULL,0,NULL,'2012-09-14 00:00:00',NULL,NULL,NULL,NULL,1),(647,NULL,NULL,NULL,999999,1,NULL,1,NULL,NULL,NULL,999999,NULL,NULL,NULL,'2012-09-14 00:00:00',NULL,'GV - Blank letter template to other than operator (NI)',NULL,'/templates/NI/BLANK_LETTER_TEMPLATE_OTHER_THAN_OPERATOR_GV.rtf',0,NULL,0,NULL,'2012-09-14 00:00:00',NULL,NULL,NULL,NULL,1),(648,NULL,NULL,NULL,1,1,NULL,1,NULL,NULL,NULL,79,NULL,NULL,NULL,'2012-09-14 00:00:00',NULL,'GV-Surrender request letter (NI)',NULL,'/templates/NI/Surrender_letter_GV.rtf',0,NULL,0,NULL,'2012-09-14 00:00:00',NULL,NULL,NULL,NULL,1),(649,NULL,NULL,NULL,999999,1,NULL,1,NULL,NULL,NULL,999999,NULL,NULL,NULL,'2012-09-14 00:00:00',NULL,'Multiple Licence Holder - letter to operator (NI)',NULL,'/templates/NI/MLH_Op_Letter.RTF',0,NULL,0,NULL,'2012-09-14 00:00:00',NULL,NULL,NULL,NULL,1),(650,NULL,NULL,NULL,999999,1,NULL,1,NULL,NULL,NULL,999999,NULL,NULL,NULL,'2012-09-14 00:00:00',NULL,'Original documents send back letter (NI)',NULL,'/templates/NI/Original documents send back letter.rtf',0,NULL,0,NULL,'2012-09-14 00:00:00',NULL,NULL,NULL,NULL,1),(651,NULL,NULL,NULL,999999,1,NULL,1,NULL,NULL,NULL,999999,NULL,NULL,NULL,'2012-09-14 00:00:00',NULL,'PSV - blank letter template to operator (NI)',NULL,'/templates/NI/BLANK_LETTER_TEMPLATE_OPERATOR_PSV.rtf',0,NULL,0,NULL,'2012-09-14 00:00:00',NULL,NULL,NULL,NULL,1),(652,NULL,NULL,NULL,999999,1,NULL,1,NULL,NULL,NULL,999999,NULL,NULL,NULL,'2012-09-14 00:00:00',NULL,'PSV - Blank letter template to other than operator (NI)',NULL,'/templates/NI/BLANK_LETTER_TEMPLATE_OTHER_THAN_OPERATOR_PSV.rtf',0,NULL,0,NULL,'2012-09-14 00:00:00',NULL,NULL,NULL,NULL,1),(653,NULL,NULL,NULL,999999,1,NULL,1,NULL,NULL,NULL,999999,NULL,NULL,NULL,'2012-09-14 00:00:00',NULL,'PSV - Letter informing OP of PI to be held (NI)',NULL,'/templates/NI/Referred_To_PI_Letter_PSV.rtf',0,NULL,0,NULL,'2012-09-14 00:00:00',NULL,NULL,NULL,NULL,1),(654,NULL,NULL,NULL,999999,1,NULL,1,NULL,NULL,NULL,999999,NULL,NULL,NULL,'2012-09-14 00:00:00',NULL,'PSV Submission template (NI)',NULL,'/templates/NI/PSV_Submission_Template.rtf',0,NULL,0,NULL,'2012-09-14 00:00:00',NULL,NULL,NULL,NULL,1),(655,NULL,NULL,NULL,1,1,NULL,1,NULL,NULL,NULL,79,NULL,NULL,NULL,'2012-09-14 00:00:00',NULL,'PSV-Surrender request letter (NI)',NULL,'/templates/NI/Surrender_letter_PSV.rtf',0,NULL,0,NULL,'2012-09-14 00:00:00',NULL,NULL,NULL,NULL,1),(656,NULL,NULL,NULL,5,1,NULL,1,NULL,NULL,NULL,99,NULL,NULL,NULL,'2012-09-14 00:00:00',NULL,'TM BLANK LETTER TEMPLATE GV (NI)',NULL,'/templates/NI/TM_BLANK_LETTER_GV.rtf',0,NULL,0,NULL,'2012-09-14 00:00:00',NULL,NULL,NULL,NULL,1),(657,NULL,NULL,NULL,5,1,NULL,1,NULL,NULL,NULL,99,NULL,NULL,NULL,'2012-09-14 00:00:00',NULL,'TM BLANK LETTER TEMPLATE PSV (NI)',NULL,'/templates/NI/TM_BLANK_LETTER_PSV.rtf',0,NULL,0,NULL,'2012-09-14 00:00:00',NULL,NULL,NULL,NULL,1),(658,NULL,NULL,NULL,999999,1,NULL,1,NULL,NULL,NULL,999999,NULL,NULL,NULL,'2012-09-14 00:00:00',NULL,'TM_PICallUpLetterGV (NI)',NULL,'/templates/NI/TM_PICallUpLetterGV.rtf',0,NULL,0,NULL,'2012-09-14 00:00:00',NULL,NULL,NULL,NULL,1),(659,NULL,NULL,NULL,999999,1,NULL,1,NULL,NULL,NULL,999999,NULL,NULL,NULL,'2012-09-14 00:00:00',NULL,'TM_PICallUpLetterPSV (NI)',NULL,'/templates/NI/TM_PICallUpLetterPSV.rtf',0,NULL,0,NULL,'2012-09-14 00:00:00',NULL,NULL,NULL,NULL,1),(660,NULL,NULL,NULL,999999,1,NULL,1,NULL,NULL,NULL,999999,NULL,NULL,NULL,'2012-09-14 00:00:00',NULL,'TM_PIDecisionLetterGV (NI)',NULL,'/templates/NI/TM_PIDecisionLetterGV.rtf',0,NULL,0,NULL,'2012-09-14 00:00:00',NULL,NULL,NULL,NULL,1),(661,NULL,NULL,NULL,999999,1,NULL,1,NULL,NULL,NULL,999999,NULL,NULL,NULL,'2012-09-14 00:00:00',NULL,'TM_PIDecisionLetterPSV (NI)',NULL,'/templates/NI/TM_PIDecisionLetterPSV.rtf',0,NULL,0,NULL,'2012-09-14 00:00:00',NULL,NULL,NULL,NULL,1),(662,NULL,NULL,NULL,999999,1,NULL,1,NULL,NULL,NULL,999999,NULL,NULL,NULL,'2012-09-14 00:00:00',NULL,'TM_Comp_AttendanceAtPIReturnProformaAnnexF (NI)',NULL,'/templates/NI/TM_Comp_AttendancePIReturnProformaAnnexF.rtf',0,NULL,0,NULL,'2012-09-14 00:00:00',NULL,NULL,NULL,NULL,1),(663,NULL,NULL,NULL,999999,1,NULL,1,NULL,NULL,NULL,999999,NULL,NULL,NULL,'2012-09-14 00:00:00',NULL,'TM_Comp_PIAdjournmentLetter (NI)',NULL,'/templates/NI/TM_Comp_PIAdjournmentLetter.rtf',0,NULL,0,NULL,'2012-09-14 00:00:00',NULL,NULL,NULL,NULL,1),(664,NULL,NULL,NULL,999999,1,NULL,1,NULL,NULL,NULL,999999,NULL,NULL,NULL,'2012-09-14 00:00:00',NULL,'TM_Comp_PIDecisionLetter - GV (NI)',NULL,'/templates/NI/TM_Comp_PIDecisionLetterGV.rtf',0,NULL,0,NULL,'2012-09-14 00:00:00',NULL,NULL,NULL,NULL,1),(665,NULL,NULL,NULL,999999,1,NULL,1,NULL,NULL,NULL,999999,NULL,NULL,NULL,'2012-09-14 00:00:00',NULL,'TM_Comp_PIDecisionLetter - PSV (NI)',NULL,'/templates/NI/TM_Comp_PIDecisionLetterPSV.rtf',0,NULL,0,NULL,'2012-09-14 00:00:00',NULL,NULL,NULL,NULL,1),(666,NULL,NULL,NULL,999999,1,NULL,1,NULL,NULL,NULL,999999,NULL,NULL,NULL,'2012-09-14 00:00:00',NULL,'TM_Comp_RequestForStayDecisionLetter (NI)',NULL,'/templates/NI/TM_Comp_RequestForStayDecisionLetter.rtf',0,NULL,0,NULL,'2012-09-14 00:00:00',NULL,NULL,NULL,NULL,1),(667,NULL,NULL,NULL,999999,1,NULL,1,NULL,NULL,NULL,999999,NULL,NULL,NULL,'2012-09-14 00:00:00',NULL,'TM_PIDisciplinaryAnnexA (NI)',NULL,'/templates/NI/TM_Comp_PIDisciplinaryAnnexA.rtf',0,NULL,0,NULL,'2012-09-14 00:00:00',NULL,NULL,NULL,NULL,1),(669,NULL,NULL,NULL,999999,479,NULL,479,NULL,NULL,NULL,999999,NULL,NULL,NULL,'2013-06-12 15:04:50',NULL,'Compliance: Public Inquiry Decision Letter SEMTA',NULL,'/templates/GB/Comp_PIDecisionLetterSEMTA.rtf',0,NULL,0,NULL,'2013-06-12 15:04:50',NULL,NULL,NULL,NULL,1),(670,NULL,NULL,NULL,999999,1,NULL,1,NULL,NULL,NULL,999999,NULL,NULL,NULL,'2013-09-04 10:00:47',NULL,'Compliance: Public Inquiry Brief',NULL,'/templates/GB/PI Brief.rtf',0,NULL,0,NULL,'2013-09-04 10:00:47',NULL,NULL,NULL,NULL,1),(671,NULL,NULL,NULL,2,1,NULL,1,NULL,NULL,NULL,55,NULL,NULL,NULL,'2012-09-14 00:00:00',NULL,'Compliance: Proforma 38-36 statement (NI)',NULL,'/templates/NI/proforma_38-36_statement_(NI).rtf',1,NULL,0,NULL,'2012-09-14 00:00:00',NULL,NULL,NULL,NULL,1),(672,NULL,NULL,NULL,1,NULL,NULL,NULL,7,NULL,NULL,1,NULL,NULL,NULL,NULL,NULL,'Test document digital','testdocument2.doc','',1,NULL,0,'2014-08-25 12:04:35',NULL,NULL,NULL,NULL,NULL,1),(673,NULL,NULL,NULL,1,NULL,NULL,NULL,7,NULL,NULL,2,NULL,NULL,NULL,NULL,NULL,'Test document 3','testdocument3.doc','',0,NULL,0,'2014-08-22 11:01:00',NULL,NULL,NULL,NULL,NULL,1),(674,NULL,NULL,NULL,2,NULL,NULL,NULL,7,NULL,NULL,3,NULL,NULL,NULL,NULL,NULL,'Test document 4','testdocument4.doc','',0,NULL,0,'2014-08-24 16:23:00',NULL,NULL,NULL,NULL,NULL,1),(675,NULL,NULL,NULL,2,NULL,NULL,NULL,7,NULL,NULL,3,NULL,NULL,NULL,NULL,NULL,'Test document 5','testdocument5.xls','',0,NULL,0,'2014-07-01 15:01:00',NULL,NULL,NULL,NULL,NULL,1),(676,NULL,NULL,NULL,2,NULL,NULL,NULL,7,NULL,NULL,3,NULL,NULL,NULL,NULL,NULL,'Test document 6','testdocument6.docx','',0,NULL,0,'2014-07-05 09:00:05',NULL,NULL,NULL,NULL,NULL,1),(677,NULL,NULL,NULL,2,NULL,NULL,NULL,7,NULL,NULL,4,NULL,NULL,NULL,NULL,NULL,'Test document 7','testdocument7.xls','',0,NULL,0,'2014-07-05 10:23:00',NULL,NULL,NULL,NULL,NULL,1),(678,NULL,NULL,NULL,2,NULL,NULL,NULL,7,NULL,NULL,4,NULL,NULL,NULL,NULL,NULL,'Test document 8','testdocument8.doc','',1,NULL,0,'2014-07-05 10:45:00',NULL,NULL,NULL,NULL,NULL,1),(679,NULL,NULL,NULL,2,NULL,NULL,NULL,7,NULL,NULL,4,NULL,NULL,NULL,NULL,NULL,'Test document 9','testdocument9.ppt','',1,NULL,0,'2014-08-05 08:59:40',NULL,NULL,NULL,NULL,NULL,1),(680,NULL,NULL,NULL,1,NULL,NULL,NULL,7,NULL,NULL,2,NULL,NULL,NULL,NULL,NULL,'Test document 10','testdocument10.jpg','',0,NULL,0,'2014-08-08 12:47:00',NULL,NULL,NULL,NULL,NULL,1),(681,NULL,NULL,NULL,1,NULL,NULL,NULL,7,NULL,NULL,1,NULL,NULL,NULL,NULL,NULL,'Test document 11','testdocument11.txt','',0,NULL,0,'2014-08-14 14:00:00',NULL,NULL,NULL,NULL,NULL,1),(682,NULL,NULL,NULL,1,NULL,NULL,NULL,7,NULL,NULL,2,NULL,NULL,NULL,NULL,NULL,'Test document 12','testdocument12.xls','',1,NULL,0,'2014-08-28 14:03:00',NULL,NULL,NULL,NULL,NULL,1),(683,NULL,NULL,NULL,11,1,NULL,1,NULL,NULL,NULL,113,NULL,NULL,NULL,'2015-02-27 10:00:47',NULL,'A&D East of England',NULL,'/templates/GB/A&D_East_of_England.rtf',0,NULL,0,NULL,'2015-02-27 10:00:47',NULL,NULL,NULL,NULL,1),(684,NULL,NULL,NULL,11,1,NULL,1,NULL,NULL,NULL,113,NULL,NULL,NULL,'2015-02-27 10:00:47',NULL,'A&D London and the South East of England',NULL,'/templates/GB/A&D_London_and_the_South_East_of_England.rtf',0,NULL,0,NULL,'2015-02-27 10:00:47',NULL,NULL,NULL,NULL,1),(685,NULL,NULL,NULL,11,1,NULL,1,NULL,NULL,NULL,113,NULL,NULL,NULL,'2015-02-27 10:00:47',NULL,'A&D North East of England',NULL,'/templates/GB/A&D_North_East_of_England.rtf',0,NULL,0,NULL,'2015-02-27 10:00:47',NULL,NULL,NULL,NULL,1),(686,NULL,NULL,NULL,11,1,NULL,1,NULL,NULL,NULL,113,NULL,NULL,NULL,'2015-02-27 10:00:47',NULL,'A&D North West of England',NULL,'/templates/GB/A&D_North_West_of_England.rtf',0,NULL,0,NULL,'2015-02-27 10:00:47',NULL,NULL,NULL,NULL,1),(687,NULL,NULL,NULL,11,1,NULL,1,NULL,NULL,NULL,113,NULL,NULL,NULL,'2015-02-27 10:00:47',NULL,'A&D Northern Ireland',NULL,'/templates/NI/A&D_Northern_Ireland.rtf',0,NULL,0,NULL,'2015-02-27 10:00:47',NULL,NULL,NULL,NULL,1),(688,NULL,NULL,NULL,11,1,NULL,1,NULL,NULL,NULL,113,NULL,NULL,NULL,'2015-02-27 10:00:47',NULL,'A&D Scotland',NULL,'/templates/GB/A&D_Scotland.rtf',0,NULL,0,NULL,'2015-02-27 10:00:47',NULL,NULL,NULL,NULL,1),(689,NULL,NULL,NULL,11,1,NULL,1,NULL,NULL,NULL,113,NULL,NULL,NULL,'2015-02-27 10:00:47',NULL,'A&D West Midlands',NULL,'/templates/GB/A&D_West_Midlands.rtf',0,NULL,0,NULL,'2015-02-27 10:00:47',NULL,NULL,NULL,NULL,1),(690,NULL,NULL,NULL,11,1,NULL,1,NULL,NULL,NULL,113,NULL,NULL,NULL,'2015-02-27 10:00:47',NULL,'A&D West of England',NULL,'/templates/GB/A&D_West_of_England.rtf',0,NULL,0,NULL,'2015-02-27 10:00:47',NULL,NULL,NULL,NULL,1),(691,NULL,NULL,NULL,11,1,NULL,1,NULL,NULL,NULL,113,NULL,NULL,NULL,'2015-02-27 10:00:47',NULL,'N&P East of England',NULL,'/templates/GB/N&P_East_of_England.rtf',0,NULL,0,NULL,'2015-02-27 10:00:47',NULL,NULL,NULL,NULL,1),(692,NULL,NULL,NULL,11,1,NULL,1,NULL,NULL,NULL,113,NULL,NULL,NULL,'2015-02-27 10:00:47',NULL,'N&P London and the South East of England',NULL,'/templates/GB/N&P_London_and_the_South_East_of_England.rtf',0,NULL,0,NULL,'2015-02-27 10:00:47',NULL,NULL,NULL,NULL,1),(693,NULL,NULL,NULL,11,1,NULL,1,NULL,NULL,NULL,113,NULL,NULL,NULL,'2015-02-27 10:00:47',NULL,'N&P North East of England',NULL,'/templates/GB/N&P_North_East_of_England.rtf',0,NULL,0,NULL,'2015-02-27 10:00:47',NULL,NULL,NULL,NULL,1),(694,NULL,NULL,NULL,11,1,NULL,1,NULL,NULL,NULL,113,NULL,NULL,NULL,'2015-02-27 10:00:47',NULL,'N&P North West of England',NULL,'/templates/GB/N&P_North_West_of_England.rtf',0,NULL,0,NULL,'2015-02-27 10:00:47',NULL,NULL,NULL,NULL,1),(695,NULL,NULL,NULL,11,1,NULL,1,NULL,NULL,NULL,113,NULL,NULL,NULL,'2015-02-27 10:00:47',NULL,'N&P Scotland',NULL,'/templates/GB/N&P_Scotland.rtf',0,NULL,0,NULL,'2015-02-27 10:00:47',NULL,NULL,NULL,NULL,1),(696,NULL,NULL,NULL,11,1,NULL,1,NULL,NULL,NULL,113,NULL,NULL,NULL,'2015-02-27 10:00:47',NULL,'N&P West Midlands',NULL,'/templates/GB/N&P_West_Midlands.rtf',0,NULL,0,NULL,'2015-02-27 10:00:47',NULL,NULL,NULL,NULL,1),(697,NULL,NULL,NULL,11,1,NULL,1,NULL,NULL,NULL,113,NULL,NULL,NULL,'2015-02-27 10:00:47',NULL,'N&P West of England',NULL,'/templates/GB/N&P_West_of_England.rtf',0,NULL,0,NULL,'2015-02-27 10:00:47',NULL,NULL,NULL,NULL,1),(698,NULL,NULL,NULL,11,1,NULL,1,NULL,NULL,NULL,113,NULL,NULL,NULL,'2015-02-27 10:00:47',NULL,'A&D Wales',NULL,'/templates/GB/A&D_Wales.rtf',0,NULL,0,NULL,'2015-02-27 10:00:47',NULL,NULL,NULL,NULL,1),(699,NULL,NULL,NULL,11,1,NULL,1,NULL,NULL,NULL,113,NULL,NULL,NULL,'2015-02-27 10:00:47',NULL,'N&P Wales',NULL,'/templates/GB/N&P_Wales.rtf',0,NULL,0,NULL,'2015-02-27 10:00:47',NULL,NULL,NULL,NULL,1),(700,NULL,NULL,NULL,9,1,NULL,1,NULL,NULL,NULL,31,NULL,NULL,NULL,'2012-09-14 00:00:00',NULL,'GV - New/Var Incomplete - final request for supporting docs (NI)',NULL,'/templates/NI/PUB_APPS_SUPP_DOCS_FINAL.rtf',0,NULL,0,NULL,'2012-09-14 00:00:00',NULL,NULL,NULL,NULL,1),(701,NULL,NULL,NULL,9,1,NULL,1,NULL,NULL,NULL,31,NULL,NULL,NULL,'2012-09-14 00:00:00',NULL,'GV - New/Var Incomplete - final request for supporting docs',NULL,'/templates/GB/PUB_APPS_SUPP_DOCS_FINAL.rtf',0,NULL,0,NULL,'2012-09-14 00:00:00',NULL,NULL,NULL,NULL,1),(702,NULL,NULL,NULL,999999,1,NULL,1,NULL,NULL,NULL,999999,NULL,NULL,NULL,'2015-01-01 00:00:00',NULL,'GV continuation checklist',NULL,'/templates/GB/GVChecklist.rtf',0,NULL,0,NULL,'2015-01-01 00:00:00',NULL,NULL,NULL,NULL,1),(703,NULL,NULL,NULL,999999,1,NULL,1,NULL,NULL,NULL,999999,NULL,NULL,NULL,'2015-01-01 00:00:00',NULL,'GV continuation checklist',NULL,'/templates/NI/GVChecklist.rtf',0,NULL,0,NULL,'2015-01-01 00:00:00',NULL,NULL,NULL,NULL,1),(704,NULL,NULL,NULL,999999,1,NULL,1,NULL,NULL,NULL,999999,NULL,NULL,NULL,'2015-01-01 00:00:00',NULL,'PSV continuation checklist',NULL,'/templates/GB/PSVChecklist.rtf',0,NULL,0,NULL,'2015-01-01 00:00:00',NULL,NULL,NULL,NULL,1),(705,NULL,NULL,NULL,999999,1,NULL,1,NULL,NULL,NULL,999999,NULL,NULL,NULL,'2015-01-01 00:00:00',NULL,'PSV SR continuation checklist',NULL,'/templates/GB/PSVSRChecklist.rtf',0,NULL,0,NULL,'2015-01-01 00:00:00',NULL,NULL,NULL,NULL,1),(706,NULL,NULL,NULL,999999,1,NULL,1,NULL,NULL,NULL,999999,NULL,NULL,NULL,'2015-01-01 00:00:00',NULL,'GV Duplicate vehicle letter',NULL,'/templates/GB/GV_Duplicate_vehicle_letter.rtf',0,NULL,0,NULL,'2015-01-01 00:00:00',NULL,NULL,NULL,NULL,1),(707,NULL,NULL,NULL,999999,1,NULL,1,NULL,NULL,NULL,999999,NULL,NULL,NULL,'2015-01-01 00:00:00',NULL,'GV Duplicate vehicle letter (NI)',NULL,'/templates/NI/GV_Duplicate_vehicle_letter.rtf',0,NULL,0,NULL,'2015-01-01 00:00:00',NULL,NULL,NULL,NULL,1),(800,NULL,2,NULL,3,NULL,NULL,NULL,110,NULL,NULL,107,NULL,NULL,NULL,NULL,NULL,'Test bus transxchange','transxchange.zip','',1,NULL,0,'2014-08-28 14:03:00',NULL,NULL,NULL,NULL,NULL,1),(801,NULL,2,NULL,3,NULL,NULL,NULL,110,NULL,NULL,108,NULL,NULL,NULL,NULL,NULL,'Test bus transxchange PDF','transxchange.pdf','',1,NULL,0,'2014-08-28 14:03:00',NULL,NULL,NULL,NULL,NULL,1),(802,NULL,2,NULL,3,NULL,NULL,NULL,110,NULL,NULL,36,NULL,NULL,NULL,NULL,NULL,'Test bus route','route.jpg','',1,NULL,0,'2014-08-28 14:03:00',NULL,NULL,NULL,NULL,NULL,1),(803,NULL,2,NULL,3,NULL,NULL,NULL,110,NULL,NULL,107,NULL,NULL,NULL,NULL,NULL,'Test bus transxchange for LA 2','transxchange_LA2.zip','',1,NULL,0,'2014-08-28 14:03:00',NULL,NULL,NULL,NULL,NULL,1),(804,NULL,2,NULL,3,NULL,NULL,NULL,110,NULL,NULL,108,NULL,NULL,NULL,NULL,NULL,'Test bus transxchange PDF for LA 2','transxchange_LA2.pdf','',1,NULL,0,'2014-08-28 14:03:00',NULL,NULL,NULL,NULL,NULL,1),(805,NULL,2,NULL,3,NULL,NULL,NULL,110,NULL,NULL,36,NULL,NULL,NULL,NULL,NULL,'Test bus route for LA 2','route_LA2_Org1.jpg','',1,NULL,0,'2014-08-28 14:03:00',NULL,NULL,NULL,NULL,NULL,1),(806,NULL,2,NULL,3,NULL,NULL,NULL,110,NULL,NULL,107,NULL,NULL,NULL,NULL,NULL,'Test bus transxchange for LA 1','transxchange_LA1.zip','',1,NULL,0,'2014-08-28 14:03:00',NULL,NULL,NULL,NULL,NULL,1),(807,NULL,2,NULL,3,NULL,NULL,NULL,110,NULL,NULL,108,NULL,NULL,NULL,NULL,NULL,'Test bus transxchange PDF for LA 1','transxchange_LA1.pdf','',1,NULL,0,'2014-08-28 14:03:00',NULL,NULL,NULL,NULL,NULL,1),(808,NULL,2,NULL,3,NULL,NULL,NULL,110,NULL,NULL,36,NULL,NULL,NULL,NULL,NULL,'Test bus route for LA 1','route_LA1.jpg','',1,NULL,0,'2014-08-28 14:03:00',NULL,NULL,NULL,NULL,NULL,1),(809,NULL,NULL,NULL,10,NULL,NULL,NULL,NULL,NULL,NULL,148,1,NULL,NULL,'2015-10-06 08:43:20',NULL,'site-plan-parking-area.png','documents/Submission/Site_plans/2015/10/20151006084312__site-plan-parking-area.png','documents/Submission/Site_plans/2015/10/20151006084312__site-plan-parking-area.png',0,NULL,0,'2015-10-06 08:43:20','2015-10-06 08:43:20',NULL,NULL,NULL,388800,2),(810,NULL,NULL,NULL,10,NULL,NULL,NULL,NULL,NULL,NULL,122,1,NULL,NULL,'2015-10-06 09:00:15',NULL,'parking-area-undertaking.png','documents/Submission/Conditions_and_undertakings/2015/10/20151006090008__parking-area-undertaking.png','documents/Submission/Conditions_and_undertakings/2015/10/20151006090008__parking-area-undertaking.png',0,NULL,0,'2015-10-06 09:00:15','2015-10-06 09:00:15',NULL,NULL,NULL,112024,2),(811,NULL,NULL,NULL,10,NULL,NULL,NULL,NULL,NULL,NULL,122,1,NULL,NULL,'2015-10-06 09:01:41',NULL,'parking-area-undertaking2.png','documents/Submission/Conditions_and_undertakings/2015/10/20151006090135__parking-area-undertaking2.png','documents/Submission/Conditions_and_undertakings/2015/10/20151006090135__parking-area-undertaking2.png',0,NULL,0,'2015-10-06 09:01:41','2015-10-06 09:01:41',NULL,NULL,NULL,64316,2),(812,NULL,NULL,NULL,10,NULL,NULL,NULL,NULL,NULL,NULL,156,1,NULL,NULL,'2015-10-06 09:01:41',NULL,'ariel-view-operating-centre.png','documents/Submission/Maps/2015/10/20151006142959__ariel-view-operating-centre\n   .png','documents/Submission/Maps/2015/10/20151006142959__ariel-view-operating-centre.png',0,NULL,0,'2015-10-06 09:01:41','2015-10-06 09:01:41',NULL,NULL,NULL,342832,2);
/*!40000 ALTER TABLE `document` ENABLE KEYS */;
UNLOCK TABLES;

--
-- Dumping data for table `ebsr_route_reprint`
--

LOCK TABLES `ebsr_route_reprint` WRITE;
/*!40000 ALTER TABLE `ebsr_route_reprint` DISABLE KEYS */;
/*!40000 ALTER TABLE `ebsr_route_reprint` ENABLE KEYS */;
UNLOCK TABLES;

--
-- Dumping data for table `ebsr_submission`
--

LOCK TABLES `ebsr_submission` WRITE;
/*!40000 ALTER TABLE `ebsr_submission` DISABLE KEYS */;
INSERT INTO `ebsr_submission` (`id`, `bus_reg_id`, `document_id`, `ebsr_submission_status_id`, `ebsr_submission_type_id`, `organisation_id`, `application_classification`, `distribute_end`, `distribute_expire`, `distribute_start`, `ebsr_submission_result`, `is_from_ftp`, `licence_no`, `olbs_key`, `organisation_email_address`, `process_end`, `process_start`, `publish_end`, `publish_start`, `registration_no`, `submitted_date`, `tan_code`, `validation_end`, `validation_start`, `variation_no`, `version`) VALUES (1,1,NULL,'ebsrs_processing','ebsrt_new',NULL,NULL,NULL,NULL,NULL,NULL,0,'PB12351',NULL,NULL,NULL,NULL,NULL,NULL,'1111','2015-04-11 15:25:34',NULL,NULL,NULL,1,1),(2,2,NULL,'ebsrs_processing','ebsrt_new',NULL,NULL,NULL,NULL,NULL,NULL,0,'PB12352',NULL,NULL,NULL,NULL,NULL,NULL,'1112','2015-04-15 23:25:34',NULL,NULL,NULL,2,1),(3,3,NULL,'ebsrs_submitted','ebsrt_refresh',NULL,NULL,NULL,NULL,NULL,NULL,0,'PB12353',NULL,NULL,NULL,NULL,NULL,NULL,'1113','2015-03-11 15:25:34',NULL,NULL,NULL,3,1),(4,4,NULL,'ebsrs_expired','ebsrt_refresh',NULL,NULL,NULL,NULL,NULL,NULL,0,'PB12354',NULL,NULL,NULL,NULL,NULL,NULL,'1114','2015-02-21 12:35:34',NULL,NULL,NULL,4,1),(5,5,NULL,'ebsrs_validated','ebsrt_unknown',NULL,NULL,NULL,NULL,NULL,NULL,0,'PB12355',NULL,NULL,NULL,NULL,NULL,NULL,'1115','2015-02-14 11:55:32',NULL,NULL,NULL,5,1),(6,6,NULL,'ebsrs_processing','ebsrt_new',NULL,NULL,NULL,NULL,NULL,NULL,0,'PB12355',NULL,NULL,NULL,NULL,NULL,NULL,'1115','2013-01-14 11:55:32',NULL,NULL,NULL,5,1),(7,7,NULL,'ebsrs_validated','ebsrt_refresh',NULL,NULL,NULL,NULL,NULL,NULL,0,'PB12355',NULL,NULL,NULL,NULL,NULL,NULL,'1115','2013-08-24 11:55:32',NULL,NULL,NULL,5,1),(8,99,NULL,'ebsrs_expired','ebsrt_unknown',NULL,NULL,NULL,NULL,NULL,NULL,0,'PB12355',NULL,NULL,NULL,NULL,NULL,NULL,'1115','2011-09-14 11:55:32',NULL,NULL,NULL,5,1),(9,99,NULL,'ebsrs_processing','ebsrt_new',NULL,NULL,NULL,NULL,NULL,NULL,0,'PB12355',NULL,NULL,NULL,NULL,NULL,NULL,'1115','2009-11-14 11:55:32',NULL,NULL,NULL,5,1),(10,5,NULL,'ebsrs_validated','ebsrt_refresh',NULL,NULL,NULL,NULL,NULL,NULL,0,'PB12355',NULL,NULL,NULL,NULL,NULL,NULL,'1115','2015-01-04 11:55:32',NULL,NULL,NULL,5,1),(11,3,NULL,'ebsrs_validated','ebsrt_unknown',NULL,NULL,NULL,NULL,NULL,NULL,0,'PB12355',NULL,NULL,NULL,NULL,NULL,NULL,'1115','2014-09-30 11:55:32',NULL,NULL,NULL,5,1),(12,3,NULL,'ebsrs_processing','ebsrt_refresh',NULL,NULL,NULL,NULL,NULL,NULL,0,'PB12355',NULL,NULL,NULL,NULL,NULL,NULL,'1115','2006-06-07 11:55:32',NULL,NULL,NULL,5,1),(13,1,NULL,'ebsrs_validated','ebsrt_new',NULL,NULL,NULL,NULL,NULL,NULL,0,'PB12355',NULL,NULL,NULL,NULL,NULL,NULL,'1115','2010-05-05 11:55:32',NULL,NULL,NULL,5,1);
/*!40000 ALTER TABLE `ebsr_submission` ENABLE KEYS */;
UNLOCK TABLES;

--
-- Dumping data for table `elastic_updates`
--

LOCK TABLES `elastic_updates` WRITE;
/*!40000 ALTER TABLE `elastic_updates` DISABLE KEYS */;
/*!40000 ALTER TABLE `elastic_updates` ENABLE KEYS */;
UNLOCK TABLES;

--
-- Dumping data for table `enforcement_area`
--

LOCK TABLES `enforcement_area` WRITE;
/*!40000 ALTER TABLE `enforcement_area` DISABLE KEYS */;
INSERT INTO `enforcement_area` (`id`, `created_by`, `last_modified_by`, `created_on`, `email_address`, `last_modified_on`, `name`, `version`) VALUES ('N001',NULL,NULL,NULL,'valtecholcs@gmail.com',NULL,'Featherstone',1),('N002',NULL,NULL,NULL,'valtecholcs@gmail.com',NULL,'Linc/Camb',1),('N003',NULL,NULL,NULL,'valtecholcs@gmail.com',NULL,'Livingston',1),('N004',NULL,NULL,NULL,'valtecholcs@gmail.com',NULL,'Llantrisant',1),('N005',NULL,NULL,NULL,'valtecholcs@gmail.com',NULL,'Purfleet',1),('N006',NULL,NULL,NULL,'valtecholcs@gmail.com',NULL,'Weedon',1),('NI01',NULL,NULL,NULL,'valtecholcs@gmail.com',NULL,'Northern Ireland',1),('V001',NULL,NULL,NULL,'valtecholcs@gmail.com',NULL,'Yeading',1),('V003',NULL,NULL,NULL,'valtecholcs@gmail.com',NULL,'Edmonton',1),('V004',NULL,NULL,NULL,'valtecholcs@gmail.com',NULL,'Mitcham',1),('V006',NULL,NULL,NULL,'valtecholcs@gmail.com',NULL,'Gillingham',1),('V007',NULL,NULL,NULL,'valtecholcs@gmail.com',NULL,'Hastings',1),('V009',NULL,NULL,NULL,'valtecholcs@gmail.com',NULL,'Guildford',1),('V010',NULL,NULL,NULL,'valtecholcs@gmail.com',NULL,'Southampton',1),('V018',NULL,NULL,NULL,'valtecholcs@gmail.com',NULL,'Exeter',1),('V021',NULL,NULL,NULL,'valtecholcs@gmail.com',NULL,'Hereford',1),('V022',NULL,NULL,NULL,'valtecholcs@gmail.com',NULL,'Kidderminster',1),('V026',NULL,NULL,NULL,'valtecholcs@gmail.com',NULL,'Birmingham',1),('V028',NULL,NULL,NULL,'valtecholcs@gmail.com',NULL,'Stoke',1),('V029',NULL,NULL,NULL,'valtecholcs@gmail.com',NULL,'Nottingham',1),('V030',NULL,NULL,NULL,'valtecholcs@gmail.com',NULL,'Derby',1),('V031',NULL,NULL,NULL,'valtecholcs@gmail.com',NULL,'Leicester',1),('V034',NULL,NULL,NULL,'valtecholcs@gmail.com',NULL,'Crimplesham',1),('V035',NULL,NULL,NULL,'valtecholcs@gmail.com',NULL,'Chelmsford',1),('V037',NULL,NULL,NULL,'valtecholcs@gmail.com',NULL,'Leighton Buz',1),('V038',NULL,NULL,NULL,'valtecholcs@gmail.com',NULL,'Norwich',1),('V042',NULL,NULL,NULL,'valtecholcs@gmail.com',NULL,'Beverley',1),('V045',NULL,NULL,NULL,'valtecholcs@gmail.com',NULL,'Grimsby',1),('V046',NULL,NULL,NULL,'valtecholcs@gmail.com',NULL,'Sheffield',1),('V048',NULL,NULL,NULL,'valtecholcs@gmail.com',NULL,'Leeds',1),('V051',NULL,NULL,NULL,'valtecholcs@gmail.com',NULL,'Newcastle',1),('V056',NULL,NULL,NULL,'valtecholcs@gmail.com',NULL,'Kirkham',1),('V057',NULL,NULL,NULL,'valtecholcs@gmail.com',NULL,'Carlisle',1),('V058',NULL,NULL,NULL,'valtecholcs@gmail.com',NULL,'Liverpool',1),('V059',NULL,NULL,NULL,'valtecholcs@gmail.com',NULL,'Wrexham',1),('V063',NULL,NULL,NULL,'valtecholcs@gmail.com',NULL,'Area 02 Glasgow',1),('V065',NULL,NULL,NULL,'valtecholcs@gmail.com',NULL,'Area 02 Inverness',1),('V066',NULL,NULL,NULL,'valtecholcs@gmail.com',NULL,'Area 02 Kilmarnock',1),('V067',NULL,NULL,NULL,'valtecholcs@gmail.com',NULL,'Aberdeen',1),('V068',NULL,NULL,NULL,'valtecholcs@gmail.com',NULL,'Perth',1),('V096',NULL,NULL,NULL,'valtecholcs@gmail.com',NULL,'Chadderton',1),('V103',NULL,NULL,NULL,'valtecholcs@gmail.com',NULL,'Bristol',1);
/*!40000 ALTER TABLE `enforcement_area` ENABLE KEYS */;
UNLOCK TABLES;

--
-- Dumping data for table `event_history`
--

LOCK TABLES `event_history` WRITE;
/*!40000 ALTER TABLE `event_history` DISABLE KEYS */;
INSERT INTO `event_history` (`id`, `application_id`, `bus_reg_id`, `case_id`, `event_history_type_id`, `licence_id`, `organisation_id`, `transport_manager_id`, `user_id`, `entity_pk`, `entity_type`, `entity_version`, `event_data`, `event_datetime`, `event_description`, `olbs_key`, `olbs_type`) VALUES (8,NULL,NULL,NULL,1,7,NULL,NULL,4,NULL,NULL,NULL,'Event Data','2015-03-24 11:02:49','Event Description 1',NULL,NULL),(9,NULL,NULL,NULL,1,30,NULL,NULL,4,NULL,NULL,NULL,'Licence Event Data','2015-03-16 10:30:18','Event Description 2',NULL,NULL),(10,NULL,NULL,NULL,1,110,NULL,NULL,4,NULL,NULL,NULL,'Licence Event Data','2015-03-16 10:30:18','Event Description 3',NULL,NULL),(11,NULL,NULL,NULL,1,7,NULL,NULL,4,NULL,NULL,NULL,'Licence Event Data','2015-03-16 10:30:18','Event Description 4',NULL,NULL),(12,NULL,NULL,NULL,1,7,NULL,NULL,4,NULL,NULL,NULL,'Licence Event Data','2015-03-16 10:30:18','Event Description 5',NULL,NULL),(13,NULL,NULL,NULL,1,7,NULL,NULL,4,NULL,NULL,NULL,'Licence Event Data','2015-03-16 10:30:18','Event Description 6',NULL,NULL),(14,NULL,NULL,NULL,1,30,NULL,NULL,4,NULL,NULL,NULL,'Licence Event Data','2015-03-16 10:30:18','Event Description 7',NULL,NULL),(15,NULL,NULL,NULL,1,7,NULL,NULL,4,NULL,NULL,NULL,'Licence Event Data','2015-03-16 10:30:18','Event Description 8',NULL,NULL),(16,NULL,NULL,NULL,1,7,NULL,NULL,4,NULL,NULL,NULL,'Licence Event Data','2015-03-16 10:30:18','Event Description 9',NULL,NULL),(17,NULL,NULL,NULL,1,7,NULL,NULL,4,NULL,NULL,NULL,'Licence Event Data','2015-03-16 10:30:18','Event Description 10',NULL,NULL),(18,NULL,NULL,NULL,1,7,NULL,NULL,4,NULL,NULL,NULL,'Licence Event Data','2015-03-16 10:30:18','Event Description 11',NULL,NULL),(19,NULL,NULL,NULL,1,7,NULL,NULL,4,NULL,NULL,NULL,'Licence Event Data','2015-03-16 10:30:18','Event Description 12',NULL,NULL),(20,NULL,NULL,NULL,1,7,NULL,NULL,4,NULL,NULL,NULL,'Licence Event Data','2015-03-16 10:30:18','Event Description 13',NULL,NULL),(21,NULL,NULL,NULL,1,110,NULL,NULL,4,NULL,NULL,NULL,'Licence Event Data','2015-03-16 10:30:18','Event Description 14',NULL,NULL),(22,NULL,NULL,NULL,1,110,NULL,NULL,4,NULL,NULL,NULL,'Licence Event Data','2015-03-16 10:30:18','Event Description 15',NULL,NULL),(23,NULL,NULL,NULL,1,110,NULL,NULL,4,NULL,NULL,NULL,'Licence Event Data','2015-03-16 10:30:18','Event Description 16',NULL,NULL),(24,NULL,NULL,NULL,1,110,NULL,NULL,4,NULL,NULL,NULL,'Licence Event Data','2015-03-16 10:30:18','Event Description 17',NULL,NULL),(25,NULL,NULL,NULL,1,7,NULL,NULL,4,NULL,NULL,NULL,'Licence Event Data','2015-03-16 10:30:18','Event Description 18',NULL,NULL),(26,NULL,NULL,NULL,1,7,NULL,NULL,4,NULL,NULL,NULL,'Licence Event Data','2015-03-16 10:30:18','Event Description 19',NULL,NULL),(27,NULL,NULL,NULL,1,7,NULL,NULL,4,NULL,NULL,NULL,'Licence Event Data','2015-03-16 10:30:18','Event Description 20',NULL,NULL),(28,NULL,NULL,NULL,1,7,NULL,NULL,4,NULL,NULL,NULL,'Licence Event Data','2015-03-16 10:30:18','Event Description 21',NULL,NULL),(29,NULL,NULL,NULL,1,7,1,NULL,4,NULL,NULL,NULL,'Licence Event Data','2015-03-16 10:30:18','Event Description 22',NULL,NULL),(30,NULL,NULL,NULL,131,NULL,NULL,1,4,NULL,NULL,NULL,'TM Event Data','2015-03-19 13:37:36','Not used',NULL,NULL),(33,1,NULL,NULL,131,NULL,NULL,1,4,NULL,NULL,NULL,'TM Event Data','2015-03-19 13:37:36','Not used',NULL,NULL),(34,1,NULL,NULL,131,NULL,NULL,1,4,NULL,NULL,NULL,'TM Event Data','2015-03-19 13:37:36','Not used',NULL,NULL),(35,1,NULL,NULL,131,NULL,1,1,4,NULL,NULL,NULL,'TM Event Data','2015-03-19 13:37:36','Not used',NULL,NULL),(36,1,NULL,NULL,131,NULL,1,1,4,NULL,NULL,NULL,'TM Event Data','2015-03-19 13:37:36','Not used',NULL,NULL),(39,NULL,NULL,29,102,NULL,1,NULL,4,NULL,NULL,NULL,'Case Event Data','2015-03-24 11:02:49','Not used',NULL,NULL);
/*!40000 ALTER TABLE `event_history` ENABLE KEYS */;
UNLOCK TABLES;

--
-- Dumping data for table `event_history_type`
--

LOCK TABLES `event_history_type` WRITE;
/*!40000 ALTER TABLE `event_history_type` DISABLE KEYS */;
INSERT INTO `event_history_type` (`id`, `description`, `event_code`) VALUES (1,'Reminder Printed','2ND'),(2,'Application Acknowledged','ACN'),(3,'Variation Acknowledged','ACV'),(4,'Amend OC Authorisation','AOC'),(5,'Application Withdrawn','AWD'),(6,'Not Used','COM'),(7,'Licence Curtailed','CUR'),(8,'Maintenance Checklist','CVE'),(9,'Not Used','DIP'),(10,'Duplicate Document Requested','DUP'),(11,'Not Used','FEE'),(12,'Application Granted','GRA'),(13,'Interim Granted','INT'),(14,'Interim Refused','IRF'),(15,'New Application','NEW'),(16,'Not Taken Up','NTU'),(17,'Objection Created','OBJ'),(18,'Not Used','PIR'),(19,'Checklist Printed','PRM'),(20,'Document Printed','PRT'),(21,'Not Used','PVI'),(22,'Licence Amended','RAM'),(23,'Application Refused','REF'),(24,'Register Application','REG'),(25,'Licence Revoked','REV'),(26,'Not Used','RPT'),(27,'Not Taken Up Revived','RTU'),(28,'VI Inspection Requested','RVI'),(29,'Not Used','SSD'),(30,'Licence Surrendered','SUR'),(31,'Licence Suspended','SUS'),(32,'Time Expired Set','TEX'),(33,'Transport Manager Amended','TMC'),(34,'Not Used','TRA'),(35,'Application Ungranted','UNG'),(36,'Licence Unsurrendered','USR'),(37,'Variation Application','VAR'),(38,'Vehicle Changed','VCH'),(39,'Vehicle Added','VH+'),(40,'Vehicle Removed','VH-'),(41,'Documents Emailed','EML'),(42,'Change Correspondence Address','CCA'),(43,'Add Director','ADI'),(44,'Remove Director','RDI'),(45,'Add Subsidiary','ASU'),(46,'Remove Subsidiary','RSU'),(47,'Add Partner','APA'),(48,'Remove Partner','RPA'),(49,'Add Transport Manager','ATM'),(50,'Remove Transport Manager','RTM'),(51,'Add Operating Centre','NOC'),(52,'Remove Operating Centre','ROC'),(53,'OC Authorisation Increased','IAU'),(54,'OC Authorisation Decreased','DAU'),(55,'Schedule 4 Refused','S4R'),(56,'Continuation Not Sought','CNS'),(57,'Operator Company Name','OCN'),(58,'Operator Trading Name Added','OTN'),(59,'Operator Address Change','OAC'),(60,'Company Reg Number','CRN'),(61,'Certificate seen changed','OCI'),(62,'Org Office Address','OOA'),(63,'Trailer Authorisation Increased','TA+'),(64,'Trailer Authorisation Decreased','TA-'),(65,'Area Office Changed','VIA'),(66,'Maintenance Safety Inspecition Changed','MSI'),(67,'Contract Satisfactory','MSC'),(68,'Finance Details Changed','FIN'),(69,'Condition Added','CON'),(70,'Undertaking Added','UND'),(71,'Revoke Interim','INR'),(72,'Vehicle Authorisation Increased','VA+'),(73,'Vehicle Authorisation Decreased','VA-'),(74,'Update Subsidiary','USU'),(75,'Reset to Valid','RES'),(76,'Representation Created','REP'),(77,'Operator Trading Name Removed','OTR'),(78,'Update Director','UDI'),(79,'Update Partner','UPA'),(80,'Update Objection','UOB'),(81,'Update Representation','URE'),(82,'Change Transport Consultant Address','CTA'),(83,'Create Transport Manager','CTM'),(84,'Modify Transport Manager','MTM'),(85,'Delete Transport Manager','DTM'),(86,'Create Qualification','CTQ'),(87,'Modify Qualification','MTQ'),(88,'Delete Qualification','DTQ'),(89,'Add Transport Manager Application','ATA'),(90,'Delete Transport Manager Application','DTA'),(91,'Add Transport Manager Licence','ATL'),(92,'Delete Transport Manager Licence','DTL'),(93,'Source Of Transport Manager Merge','TMS'),(94,'Destination Of Transport Manager Merge','TMD'),(95,'Delete Non-PI Compliance Meeting','DNM'),(96,'Create Compliance Episode','CEP'),(97,'Modify Compliance Episode','MCE'),(98,'Delete Compliance Episode','DCE'),(99,'Close Compliance Episode','CLE'),(100,'Re-Open Compliance Episode','RCE'),(101,'Create Episode Note','CEN'),(102,'Modify Episode Note','MEN'),(103,'Delete Episode Note','DEN'),(104,'Create Episode Document','CED'),(105,'Modify Episode Document','MED'),(106,'Delete Episode Document','DED'),(107,'Create Episode Recommendation','CER'),(108,'Modify Episode Recommendation','MER'),(109,'Delete Episode Recommendation','DER'),(110,'Create Episode Non PublicInquiry','CNP'),(111,'Modify Episode Non PublicInquiry','MNP'),(112,'Delete Episode Non PublicInquiry','DNP'),(113,'Create Episode Public Inquiry','CPI'),(114,'Modify Episode Public Inquiry','MPI'),(115,'Delete Episode Public Inquiry','DPI'),(116,'Create Episode Decision','CDE'),(117,'Modify Episode Decision','MDE'),(118,'Delete Episode Decision','DDE'),(119,'Create Episode Serious Infringement','CSE'),(120,'Modify Episode Serious Infringement','MSE'),(121,'Delete Episode Serious Infringement','DSE'),(122,'Create Episode Stay','CES'),(123,'Modify Episode Stay','MES'),(124,'Delete Episode Stay','DES'),(125,'Create Episode Appeal','CEA'),(126,'Modify Episode Appeal','MEA'),(127,'Delete Episode Appeal','DEA'),(128,'Declare Fit','DFT'),(129,'Declare Unfit','DUF'),(130,'Set To Current','STC'),(131,'Modify Transport Manager Type','MTT'),(132,'Modify Transport Manager Case Notes','MTC'),(133,'Modify Transport Manager Address','MTA'),(134,'Modify Transport Manager Email','MTE'),(135,'Checklist Received','CHR'),(136,'Checklist Not Received','CHN'),(137,'Remove Casenote','RCN'),(138,'Add Casenote','ACE'),(139,'Sole Trader First Name Changed','SFI'),(140,'Sole Trader Family Name Changed','SFA'),(141,'Sole Trader Date of BirthChanged','SDB'),(142,'Director First Name Changed','DFI'),(143,'Director Family Name Changed','DFA'),(144,'Director Date of Birth Changed','DDB'),(145,'Partner First Name Changed','PFI'),(146,'Partner Family Name Changed','PFA'),(147,'Partner Date of Birth Changed','PDB');
/*!40000 ALTER TABLE `event_history_type` ENABLE KEYS */;
UNLOCK TABLES;

--
-- Dumping data for table `ext_translations`
--

LOCK TABLES `ext_translations` WRITE;
/*!40000 ALTER TABLE `ext_translations` DISABLE KEYS */;
INSERT INTO `ext_translations` (`id`, `locale`, `object_class`, `field`, `foreign_key`, `content`) VALUES (1,'cy-gb','Olcs\\Db\\Entity\\RefData','description','org_t_rc','Welsh Version of Registered Company\n');
/*!40000 ALTER TABLE `ext_translations` ENABLE KEYS */;
UNLOCK TABLES;

--
-- Dumping data for table `fee`
--

LOCK TABLES `fee` WRITE;
/*!40000 ALTER TABLE `fee` DISABLE KEYS */;
INSERT INTO `fee` (`id`, `application_id`, `bus_reg_id`, `created_by`, `fee_status`, `fee_type_id`, `irfo_gv_permit_id`, `irfo_psv_auth_id`, `last_modified_by`, `licence_id`, `parent_fee_id`, `task_id`, `amount`, `created_on`, `description`, `invoice_line_no`, `invoiced_date`, `irfo_fee_exempt`, `irfo_fee_id`, `irfo_file_no`, `last_modified_on`, `version`) VALUES (7,NULL,NULL,1,'lfs_ot',1,NULL,NULL,NULL,7,NULL,NULL,250.00,NULL,'Application fee',1,'2013-11-25 00:00:00',NULL,NULL,NULL,NULL,1),(30,NULL,NULL,1,'lfs_pd',1,NULL,NULL,2,110,NULL,NULL,251.00,NULL,'Application fee',1,'2013-11-22 00:00:00',NULL,NULL,NULL,NULL,1),(41,NULL,NULL,1,'lfs_ot',1,NULL,NULL,NULL,110,NULL,NULL,150.00,NULL,'Grant fee',1,'2013-11-21 00:00:00',NULL,NULL,NULL,NULL,1),(54,NULL,NULL,1,'lfs_ot',1,NULL,NULL,NULL,110,NULL,NULL,250.00,NULL,'Application fee',1,'2013-11-12 00:00:00',NULL,NULL,NULL,NULL,1),(63,NULL,NULL,1,'lfs_ot',1,NULL,NULL,NULL,110,NULL,NULL,250.00,NULL,'Application fee',1,'2013-11-10 00:00:00',NULL,NULL,NULL,NULL,1),(75,NULL,NULL,1,'lfs_ot',1,NULL,NULL,NULL,110,NULL,NULL,250.00,NULL,'Application fee',1,'2013-11-10 00:00:00',NULL,NULL,NULL,NULL,1),(76,1,NULL,1,'lfs_ot',1,NULL,NULL,NULL,110,NULL,NULL,250.50,NULL,'Application fee 1',1,'2013-11-25 00:00:00',NULL,NULL,NULL,NULL,2),(77,1,NULL,1,'lfs_ot',1,NULL,NULL,NULL,110,NULL,NULL,251.75,NULL,'Application fee 2',1,'2013-11-22 00:00:00',NULL,NULL,NULL,NULL,2),(78,1,NULL,1,'lfs_ot',1,NULL,NULL,NULL,110,NULL,NULL,150.00,NULL,'Grant fee',1,'2013-11-21 00:00:00',NULL,NULL,NULL,NULL,3),(79,1,NULL,1,'lfs_ot',1,NULL,NULL,NULL,110,NULL,NULL,250.00,NULL,'Application fee 3',1,'2013-11-12 00:00:00',NULL,NULL,NULL,NULL,2),(80,1,NULL,1,'lfs_pd',1,NULL,NULL,2,110,NULL,NULL,250.00,NULL,'Application fee 4',1,'2013-11-10 00:00:00',NULL,NULL,NULL,NULL,1),(81,1,NULL,1,'lfs_ot',1,NULL,NULL,NULL,110,NULL,NULL,1250.00,NULL,'Application fee 5',1,'2013-11-10 00:00:00',NULL,NULL,NULL,NULL,2),(82,1,NULL,1,'lfs_ot',1,NULL,NULL,NULL,30,NULL,NULL,500.00,NULL,'Bus route 1',1,'2013-10-23 00:00:00',NULL,NULL,NULL,NULL,2),(83,1,NULL,1,'lfs_ot',1,NULL,NULL,NULL,110,NULL,NULL,250.00,NULL,'Application fee 4',1,'2013-11-10 00:00:00',NULL,NULL,NULL,NULL,1),(84,1,NULL,1,'lfs_ot',1,NULL,NULL,NULL,110,NULL,NULL,1250.00,NULL,'Application fee 5',1,'2013-11-10 00:00:00',NULL,NULL,NULL,NULL,2),(85,1,NULL,1,'lfs_ot',1,NULL,NULL,NULL,110,NULL,NULL,250.00,NULL,'Application fee 4',1,'2013-11-10 00:00:00',NULL,NULL,NULL,NULL,1),(86,1,NULL,1,'lfs_ot',1,NULL,NULL,NULL,110,NULL,NULL,1250.00,NULL,'Application fee 5',1,'2013-11-10 00:00:00',NULL,NULL,NULL,NULL,2),(87,1,NULL,1,'lfs_pd',1,NULL,NULL,2,110,NULL,NULL,250.00,NULL,'Application fee 6',1,'2013-11-10 00:00:00',NULL,NULL,NULL,NULL,1),(88,1,NULL,1,'lfs_cn',1,NULL,NULL,2,110,NULL,NULL,250.00,NULL,'Application fee 7',1,'2013-11-10 00:00:00',NULL,NULL,NULL,NULL,1),(89,3,NULL,1,'lfs_pd',1,NULL,NULL,2,210,NULL,NULL,254.40,NULL,'Application fee 8',1,'2013-11-10 00:00:00',NULL,NULL,NULL,NULL,1),(90,1,3,1,'lfs_ot',188,NULL,NULL,NULL,110,NULL,NULL,60.00,NULL,'Bus Route Application Fee PD2737280/3 Variation 0',1,'2013-10-23 00:00:00',NULL,NULL,NULL,NULL,1),(91,1,8,1,'lfs_ot',189,NULL,NULL,NULL,110,NULL,NULL,60.00,NULL,'Bus Route Variation Fee PD2737280/3 Variation 1',1,'2013-10-23 00:00:00',NULL,NULL,NULL,NULL,1),(92,1,9,1,'lfs_ot',189,NULL,NULL,NULL,110,NULL,NULL,60.00,NULL,'Bus Route Variation Fee PD2737280/3 Variation 2',1,'2013-10-23 00:00:00',NULL,NULL,NULL,NULL,1),(93,1,10,1,'lfs_ot',189,NULL,NULL,NULL,110,NULL,NULL,60.00,NULL,'Bus Route Variation Fee PD2737280/3 Variation 3',1,'2013-10-23 00:00:00',NULL,NULL,NULL,NULL,1),(94,1,11,1,'lfs_ot',189,NULL,NULL,NULL,110,NULL,NULL,60.00,NULL,'Bus Route Variation Fee PD2737280/3 Variation 4',1,'2013-10-23 00:00:00',NULL,NULL,NULL,NULL,1),(95,7,NULL,NULL,'lfs_ot',338,NULL,NULL,NULL,211,NULL,NULL,254.40,NULL,'GV/SN Application Fee for application 7',1,'2015-03-27 00:00:00',NULL,NULL,NULL,NULL,1),(96,8,NULL,NULL,'lfs_pd',338,NULL,NULL,NULL,212,NULL,NULL,254.40,NULL,'GV/SN Application Fee for application 8',1,'2015-03-27 00:00:00',NULL,NULL,NULL,NULL,1),(97,NULL,NULL,1,'lfs_ot',20051,NULL,NULL,NULL,NULL,NULL,NULL,123.45,NULL,'Photocopying charge',1,'2015-04-01 12:34:56',NULL,NULL,NULL,NULL,1),(98,NULL,NULL,1,'lfs_ot',20052,NULL,NULL,NULL,NULL,NULL,NULL,123.45,NULL,'Court fee',1,'2015-04-01 13:45:01',NULL,NULL,NULL,NULL,1);
/*!40000 ALTER TABLE `fee` ENABLE KEYS */;
UNLOCK TABLES;

--
-- Dumping data for table `fee_manual_alteration`
--

LOCK TABLES `fee_manual_alteration` WRITE;
/*!40000 ALTER TABLE `fee_manual_alteration` DISABLE KEYS */;
/*!40000 ALTER TABLE `fee_manual_alteration` ENABLE KEYS */;
UNLOCK TABLES;

--
-- Dumping data for table `fee_transaction`
--

LOCK TABLES `fee_transaction` WRITE;
/*!40000 ALTER TABLE `fee_transaction` DISABLE KEYS */;
INSERT INTO `fee_transaction` (`id`, `created_by`, `fee_id`, `last_modified_by`, `reversed_fee_transaction_id`, `transaction_id`, `amount`, `created_on`, `last_modified_on`, `version`) VALUES (1,NULL,97,NULL,NULL,10001,100.00,NULL,NULL,1),(2,NULL,97,NULL,NULL,10002,-100.00,NULL,NULL,1),(3,NULL,97,NULL,NULL,10003,120.00,NULL,NULL,1),(4,NULL,96,NULL,NULL,10004,254.40,NULL,NULL,1);
/*!40000 ALTER TABLE `fee_transaction` ENABLE KEYS */;
UNLOCK TABLES;

--
-- Dumping data for table `fee_type`
--

LOCK TABLES `fee_type` WRITE;
/*!40000 ALTER TABLE `fee_type` DISABLE KEYS */;
INSERT INTO `fee_type` (`id`, `accrual_rule`, `created_by`, `fee_type`, `goods_or_psv`, `irfo_fee_type`, `last_modified_by`, `licence_type`, `traffic_area_id`, `annual_value`, `created_on`, `description`, `effective_from`, `expire_fee_with_licence`, `five_year_value`, `fixed_value`, `is_miscellaneous`, `last_modified_on`, `version`) VALUES (1,'acr_immediate',479,'APP','lcat_gv',NULL,479,NULL,NULL,0.00,'2002-05-14 17:45:00','GV Application Fee','1995-01-01 00:00:00',0,0.00,160.00,0,'2002-05-14 17:45:00',1),(2,'acr_immediate',479,'APP','lcat_psv',NULL,479,'ltyp_r',NULL,0.00,'2002-05-14 17:45:00','PSV/R Application Fee','1995-01-01 00:00:00',0,0.00,100.00,0,'2002-05-14 17:45:00',1),(3,'acr_immediate',479,'APP','lcat_psv',NULL,479,'ltyp_sr',NULL,0.00,'2002-05-14 17:45:00','PSV/SR Application Fee','1995-01-01 00:00:00',0,0.00,40.00,0,'2002-05-14 17:45:00',1),(4,'acr_immediate',479,'APP','lcat_psv',NULL,479,'ltyp_sn',NULL,0.00,'2002-05-14 17:45:00','PSV/SN Application Fee','1995-01-01 00:00:00',0,0.00,150.00,0,'2002-05-14 17:45:00',1),(5,'acr_immediate',479,'APP','lcat_psv',NULL,479,'ltyp_si',NULL,0.00,'2002-05-14 17:45:00','PSV/SI Application Fee','1995-01-01 00:00:00',0,0.00,150.00,0,'2002-05-14 17:45:00',1),(6,'acr_immediate',479,'APP','lcat_permit',NULL,479,'ltyp_sbp',NULL,0.00,'2002-05-14 17:45:00','Permit/S Application Fee','1995-01-01 00:00:00',0,0.00,7.00,0,'2002-05-14 17:45:00',1),(7,'acr_immediate',479,'APP','lcat_permit',NULL,479,'ltyp_lbp',NULL,0.00,'2002-05-14 17:45:00','Permit/L Application Fee','1995-01-01 00:00:00',0,0.00,14.00,0,'2002-05-14 17:45:00',1),(8,'acr_immediate',479,'APP','lcat_permit',NULL,479,'ltyp_cbp',NULL,0.00,'2002-05-14 17:45:00','Permit/C Application Fee','1995-01-01 00:00:00',0,0.00,40.00,0,'2002-05-14 17:45:00',1),(9,'acr_immediate',479,'VAR','lcat_gv',NULL,479,NULL,NULL,0.00,'2002-05-14 17:45:00','GV Variation Fee','1995-01-01 00:00:00',0,0.00,160.00,0,'2002-05-14 17:45:00',1),(10,'acr_immediate',479,'VAR','lcat_psv',NULL,479,NULL,NULL,0.00,'2002-05-14 17:45:00','PSV Variation Fee','1995-01-01 00:00:00',0,0.00,75.00,0,'2002-05-14 17:45:00',1),(11,'acr_immediate',479,'GRANT','lcat_gv',NULL,479,NULL,NULL,250.00,'2002-05-14 17:45:00','GV Grant Fee','1995-01-01 00:00:00',0,250.00,0.00,0,'2002-05-14 17:45:00',1),(12,'acr_immediate',479,'GRANT','lcat_psv',NULL,479,NULL,NULL,20.00,'2002-05-14 17:45:00','PSV Grant Fee','1995-01-01 00:00:00',0,100.00,0.00,0,'2002-05-14 17:45:00',1),(13,'acr_immediate',479,'CONT','lcat_gv',NULL,479,NULL,NULL,0.00,'2002-05-14 17:45:00','GV Continuation Fee','1995-01-01 00:00:00',1,250.00,0.00,0,'2002-05-14 17:45:00',1),(14,'acr_continuation',479,'CONT','lcat_psv',NULL,479,'ltyp_r',NULL,20.00,'2002-05-14 17:45:00','PSV/R Continuation Fee','1995-01-01 00:00:00',1,100.00,0.00,0,'2002-05-14 17:45:00',1),(15,'acr_continuation',479,'CONT','lcat_psv',NULL,479,'ltyp_sr',NULL,0.00,'2002-05-14 17:45:00','PSV/SR Continuation Fee','1995-01-01 00:00:00',1,0.00,40.00,0,'2002-05-14 17:45:00',1),(16,'acr_continuation',479,'CONT','lcat_psv',NULL,479,'ltyp_sn',NULL,20.00,'2002-05-14 17:45:00','PSV/SN Continuation Fee','1995-01-01 00:00:00',1,100.00,0.00,0,'2002-05-14 17:45:00',1),(17,'acr_continuation',479,'CONT','lcat_psv',NULL,479,'ltyp_si',NULL,20.00,'2002-05-14 17:45:00','PSV/SI Continuation Fee','1995-01-01 00:00:00',1,100.00,0.00,0,'2002-05-14 17:45:00',1),(18,'acr_immediate',479,'VEH','lcat_gv',NULL,479,NULL,NULL,34.00,'2002-05-14 17:45:00','GV Vehicle Fee','1995-01-01 00:00:00',0,140.00,0.00,0,'2002-05-14 17:45:00',1),(19,'acr_immediate',479,'VEH','lcat_psv',NULL,479,NULL,NULL,63.00,'2002-05-14 17:45:00','PSV Vehicle Fee','1995-01-01 00:00:00',0,270.00,0.00,0,'2002-05-14 17:45:00',1),(20,'acr_immediate',479,'GRANTINT','lcat_gv',NULL,479,NULL,NULL,0.00,'2002-05-14 17:45:00','GV Grant Interim Fee','1995-01-01 00:00:00',0,0.00,42.00,0,'2002-05-14 17:45:00',1),(21,'acr_immediate',479,'INTVEH','lcat_gv',NULL,479,NULL,NULL,0.00,'2002-05-14 17:45:00','GV Interim Vehicle Fee','1995-01-01 00:00:00',0,0.00,10.00,0,'2002-05-14 17:45:00',1),(22,'acr_immediate',479,'DUP','lcat_psv',NULL,479,NULL,NULL,0.00,'2002-05-14 17:45:00','PSV Duplicate Disc Fee','1995-01-01 00:00:00',0,0.00,10.00,0,'2002-05-14 17:45:00',1),(23,'acr_immediate',479,'ANN','lcat_psv',NULL,479,NULL,NULL,0.00,'2002-05-14 17:45:00','PSV Annual Reminder Fee','1995-01-01 00:00:00',0,0.00,20.00,0,'2002-05-14 17:45:00',1),(24,'acr_immediate',479,'GRANTVAR','lcat_gv',NULL,479,NULL,NULL,34.00,'2002-05-14 17:45:00','Grant Variation Vehicle Fee','1995-01-01 00:00:00',0,140.00,0.00,0,'2002-05-14 17:45:00',1),(25,'acr_immediate',479,'BUSAPP','lcat_psv',NULL,479,NULL,NULL,0.00,'2002-05-14 17:45:00','Bus Route Application Fee','1995-01-01 00:00:00',0,0.00,38.00,0,'2002-05-14 17:45:00',1),(26,'acr_immediate',479,'BUSVAR','lcat_psv',NULL,479,NULL,NULL,0.00,'2002-05-14 17:45:00','Bus Route Variation Fee','1995-01-01 00:00:00',0,0.00,38.00,0,'2002-05-14 17:45:00',1),(27,'acr_immediate',479,'GVANNVEH','lcat_gv',NULL,479,NULL,NULL,34.00,'2002-05-14 17:45:00','GV Annual Vehicle Fee','1995-01-01 00:00:00',0,140.00,0.00,0,'2002-05-14 17:45:00',1),(28,'acr_immediate',479,'INTUPGRADEVEH','lcat_gv',NULL,479,NULL,NULL,0.00,'2002-05-14 17:45:00','GV Interim Upgrade Vehicle Fee','1995-01-01 00:00:00',0,0.00,0.00,0,'2002-05-14 17:45:00',1),(29,'acr_immediate',479,'INTAMENDED','lcat_gv',NULL,479,NULL,NULL,0.00,'2002-05-14 17:45:00','GV Interim Amended Dummy Fee','1995-01-01 00:00:00',0,0.00,0.00,0,'2002-05-14 17:45:00',1),(30,'acr_immediate',479,'APP','lcat_gv',NULL,479,NULL,NULL,0.00,'2002-05-14 17:45:00','GV Application Fee','2002-12-01 00:00:00',0,0.00,168.00,0,'2002-05-14 17:45:00',1),(31,'acr_immediate',479,'APP','lcat_psv',NULL,479,'ltyp_r',NULL,0.00,'2002-05-14 17:45:00','PSV/R Application Fee','2002-12-01 00:00:00',0,0.00,105.00,0,'2002-05-14 17:45:00',1),(32,'acr_immediate',479,'APP','lcat_psv',NULL,479,'ltyp_sr',NULL,0.00,'2002-05-14 17:45:00','PSV/SR Application Fee','2002-12-01 00:00:00',0,0.00,42.00,0,'2002-05-14 17:45:00',1),(33,'acr_immediate',479,'APP','lcat_psv',NULL,479,'ltyp_sn',NULL,0.00,'2002-05-14 17:45:00','PSV/SN Application Fee','2002-12-01 00:00:00',0,0.00,158.00,0,'2002-05-14 17:45:00',1),(34,'acr_immediate',479,'APP','lcat_psv',NULL,479,'ltyp_si',NULL,0.00,'2002-05-14 17:45:00','PSV/SI Application Fee','2002-12-01 00:00:00',0,0.00,158.00,0,'2002-05-14 17:45:00',1),(35,'acr_immediate',479,'APP','lcat_permit',NULL,479,'ltyp_sbp',NULL,0.00,'2002-05-14 17:45:00','Permit/S Application Fee','2002-12-01 00:00:00',0,0.00,8.00,0,'2002-05-14 17:45:00',1),(36,'acr_immediate',479,'APP','lcat_permit',NULL,479,'ltyp_lbp',NULL,0.00,'2002-05-14 17:45:00','Permit/L Application Fee','2002-12-01 00:00:00',0,0.00,15.00,0,'2002-05-14 17:45:00',1),(37,'acr_immediate',479,'APP','lcat_permit',NULL,479,'ltyp_cbp',NULL,0.00,'2002-05-14 17:45:00','Permit/C Application Fee','2002-12-01 00:00:00',0,0.00,39.00,0,'2002-05-14 17:45:00',1),(38,'acr_immediate',479,'VAR','lcat_gv',NULL,479,NULL,NULL,0.00,'2002-05-14 17:45:00','GV Variation Fee','2002-12-01 00:00:00',0,0.00,168.00,0,'2002-05-14 17:45:00',1),(39,'acr_immediate',479,'VAR','lcat_psv',NULL,479,NULL,NULL,0.00,'2002-05-14 17:45:00','PSV Variation Fee','2002-12-01 00:00:00',0,0.00,79.00,0,'2002-05-14 17:45:00',1),(40,'acr_immediate',479,'GRANT','lcat_gv',NULL,479,NULL,NULL,263.00,'2002-05-14 17:45:00','GV Grant Fee','2002-12-01 00:00:00',0,263.00,0.00,0,'2002-05-14 17:45:00',1),(41,'acr_immediate',479,'GRANT','lcat_psv',NULL,479,NULL,NULL,21.00,'2002-05-14 17:45:00','PSV Grant Fee','2002-12-01 00:00:00',0,105.00,0.00,0,'2002-05-14 17:45:00',1),(42,'acr_immediate',479,'CONT','lcat_gv',NULL,479,NULL,NULL,0.00,'2002-05-14 17:45:00','GV Continuation Fee','2002-12-01 00:00:00',1,263.00,0.00,0,'2002-05-14 17:45:00',1),(43,'acr_immediate',479,'CONT','lcat_psv',NULL,479,'ltyp_r',NULL,21.00,'2002-05-14 17:45:00','PSV/R Continuation Fee','2002-12-01 00:00:00',1,105.00,0.00,0,'2002-05-14 17:45:00',1),(44,'acr_immediate',479,'CONT','lcat_psv',NULL,479,'ltyp_sr',NULL,0.00,'2002-05-14 17:45:00','PSV/SR Continuation Fee','2002-12-01 00:00:00',1,0.00,42.00,0,'2002-05-14 17:45:00',1),(45,'acr_immediate',479,'CONT','lcat_psv',NULL,479,'ltyp_sn',NULL,21.00,'2002-05-14 17:45:00','PSV/SN Continuation Fee','2002-12-01 00:00:00',1,105.00,0.00,0,'2002-05-14 17:45:00',1),(46,'acr_immediate',479,'CONT','lcat_psv',NULL,479,'ltyp_si',NULL,21.00,'2002-05-14 17:45:00','PSV/SI Continuation Fee','2002-12-01 00:00:00',1,105.00,0.00,0,'2002-05-14 17:45:00',1),(47,'acr_immediate',479,'VEH','lcat_gv',NULL,479,NULL,NULL,36.00,'2002-05-14 17:45:00','GV Vehicle Fee','2002-12-01 00:00:00',0,145.00,0.00,0,'2002-05-14 17:45:00',1),(48,'acr_immediate',479,'VEH','lcat_psv',NULL,479,NULL,NULL,63.00,'2002-05-14 17:45:00','PSV Vehicle Fee','2002-12-01 00:00:00',0,270.00,0.00,0,'2002-05-14 17:45:00',1),(49,'acr_immediate',479,'GRANTINT','lcat_gv',NULL,479,NULL,NULL,0.00,'2002-05-14 17:45:00','GV Grant Interim Fee','2002-12-01 00:00:00',0,0.00,44.00,0,'2002-05-14 17:45:00',1),(50,'acr_immediate',479,'INTVEH','lcat_gv',NULL,479,NULL,NULL,0.00,'2002-05-14 17:45:00','GV Interim Vehicle Fee','2002-12-01 00:00:00',0,0.00,10.00,0,'2002-05-14 17:45:00',1),(51,'acr_immediate',479,'DUP','lcat_psv',NULL,479,NULL,NULL,0.00,'2002-05-14 17:45:00','PSV Duplicate Disc Fee','2002-12-01 00:00:00',0,0.00,11.00,0,'2002-05-14 17:45:00',1),(52,'acr_immediate',479,'ANN','lcat_psv',NULL,479,NULL,NULL,0.00,'2002-05-14 17:45:00','PSV Annual Reminder Fee','2002-12-01 00:00:00',0,0.00,21.00,0,'2002-05-14 17:45:00',1),(53,'acr_immediate',479,'GRANTVAR','lcat_gv',NULL,479,NULL,NULL,36.00,'2002-05-14 17:45:00','Grant Variation Vehicle Fee','2002-12-01 00:00:00',0,145.00,0.00,0,'2002-05-14 17:45:00',1),(54,'acr_immediate',479,'BUSAPP','lcat_psv',NULL,479,NULL,NULL,0.00,'2002-05-14 17:45:00','Bus Route Application Fee','2002-12-01 00:00:00',0,0.00,40.00,0,'2002-05-14 17:45:00',1),(55,'acr_immediate',479,'BUSVAR','lcat_psv',NULL,479,NULL,NULL,0.00,'2002-05-14 17:45:00','Bus Route Variation Fee','2002-12-01 00:00:00',0,0.00,40.00,0,'2002-05-14 17:45:00',1),(56,'acr_immediate',479,'GVANNVEH','lcat_gv',NULL,479,NULL,NULL,36.00,'2002-05-14 17:45:00','GV Annual Vehicle Fee','2002-12-01 00:00:00',0,145.00,0.00,0,'2002-05-14 17:45:00',1),(57,'acr_immediate',479,'INTUPGRADEVEH','lcat_gv',NULL,479,NULL,NULL,0.00,'2002-05-14 17:45:00','GV Interim Upgrade Vehicle Fee','2002-12-01 00:00:00',0,0.00,0.00,0,'2002-05-14 17:45:00',1),(58,'acr_immediate',479,'INTAMENDED','lcat_gv',NULL,479,NULL,NULL,0.00,'2002-05-14 17:45:00','GV Interim Amended Dummy Fee','2002-12-01 00:00:00',0,0.00,0.00,0,'2002-05-14 17:45:00',1),(59,'acr_immediate',122,'BUSAPP','lcat_psv',NULL,122,NULL,'M',0.00,'1999-12-12 00:00:00','Scottish Bus Route Application Fee','1995-01-01 00:00:00',0,0.00,38.00,0,'1999-12-12 00:00:00',1),(60,'acr_immediate',122,'BUSVAR','lcat_psv',NULL,122,NULL,'M',0.00,'1999-12-12 00:00:00','Scottish Bus Route Variation Fee','1995-01-01 00:00:00',0,0.00,38.00,0,'1999-12-12 00:00:00',1),(61,'acr_immediate',122,'BUSAPP','lcat_psv',NULL,122,NULL,'M',0.00,'1999-12-12 00:00:00','Scottish Bus Route Application Fee','2003-01-14 00:00:00',0,0.00,40.00,0,'1999-12-12 00:00:00',1),(62,'acr_immediate',122,'BUSVAR','lcat_psv',NULL,122,NULL,'M',0.00,'1999-12-12 00:00:00','Scottish Bus Route Variation Fee','2003-01-14 00:00:00',0,0.00,40.00,0,'1999-12-12 00:00:00',1),(63,'acr_immediate',589,'APP','lcat_gv',NULL,589,NULL,NULL,0.00,'2004-08-19 12:24:40','GV Application Fee','2004-08-30 00:00:00',0,0.00,190.00,0,'2004-08-19 12:24:40',1),(64,'acr_immediate',589,'APP','lcat_psv',NULL,589,'ltyp_r',NULL,0.00,'2004-08-19 12:24:40','PSV/R Application Fee','2004-08-30 00:00:00',0,0.00,119.00,0,'2004-08-19 12:24:40',1),(65,'acr_immediate',589,'APP','lcat_psv',NULL,589,'ltyp_sr',NULL,0.00,'2004-08-19 12:24:40','PSV/SR Application Fee','2004-08-30 00:00:00',0,0.00,47.00,0,'2004-08-19 12:24:40',1),(66,'acr_immediate',589,'APP','lcat_psv',NULL,589,'ltyp_sn',NULL,0.00,'2004-08-19 12:24:40','PSV/SN Application Fee','2004-08-30 00:00:00',0,0.00,179.00,0,'2004-08-19 12:24:40',1),(67,'acr_immediate',589,'APP','lcat_psv',NULL,589,'ltyp_si',NULL,0.00,'2004-08-19 12:24:40','PSV/SI Application Fee','2004-08-30 00:00:00',0,0.00,179.00,0,'2004-08-19 12:24:40',1),(68,'acr_immediate',589,'APP','lcat_permit',NULL,589,'ltyp_sbp',NULL,0.00,'2004-08-19 12:24:40','Permit/S Application Fee','2004-08-30 00:00:00',0,0.00,9.00,0,'2004-08-19 12:24:40',1),(69,'acr_immediate',589,'APP','lcat_permit',NULL,589,'ltyp_lbp',NULL,0.00,'2004-08-19 12:24:40','Permit/L Application Fee','2004-08-30 00:00:00',0,0.00,17.00,0,'2004-08-19 12:24:40',1),(70,'acr_immediate',589,'APP','lcat_permit',NULL,589,'ltyp_cbp',NULL,0.00,'2004-08-19 12:24:40','Permit/C Application Fee','2004-08-30 00:00:00',0,0.00,44.00,0,'2004-08-19 12:24:40',1),(71,'acr_immediate',589,'VAR','lcat_gv',NULL,589,NULL,NULL,0.00,'2004-08-19 12:24:40','GV Variation Fee','2004-08-30 00:00:00',0,0.00,190.00,0,'2004-08-19 12:24:40',1),(72,'acr_immediate',589,'VAR','lcat_psv',NULL,589,NULL,NULL,0.00,'2004-08-19 12:24:40','PSV Variation Fee','2004-08-30 00:00:00',0,0.00,90.00,0,'2004-08-19 12:24:40',1),(73,'acr_immediate',589,'GRANT','lcat_gv',NULL,589,NULL,NULL,297.00,'2004-08-19 12:24:40','GV Grant Fee','2004-08-30 00:00:00',0,297.00,0.00,0,'2004-08-19 12:24:40',1),(74,'acr_immediate',589,'GRANT','lcat_psv',NULL,589,NULL,NULL,24.00,'2004-08-19 12:24:40','PSV Grant Fee','2004-08-30 00:00:00',0,119.00,0.00,0,'2004-08-19 12:24:40',1),(75,'acr_immediate',589,'CONT','lcat_gv',NULL,589,NULL,NULL,297.00,'2004-08-19 12:24:40','GV Continuation Fee','2004-08-30 00:00:00',1,297.00,0.00,0,'2004-08-19 12:24:40',1),(76,'acr_immediate',589,'CONT','lcat_psv',NULL,589,'ltyp_r',NULL,24.00,'2004-08-19 12:24:40','PSV/R Continuation Fee','2004-08-30 00:00:00',1,119.00,0.00,0,'2004-08-19 12:24:40',1),(77,'acr_immediate',589,'CONT','lcat_psv',NULL,589,'ltyp_sr',NULL,0.00,'2004-08-19 12:24:40','PSV/SR Continuation Fee','2004-08-30 00:00:00',1,0.00,47.00,0,'2004-08-19 12:24:40',1),(78,'acr_immediate',589,'CONT','lcat_psv',NULL,589,'ltyp_sn',NULL,24.00,'2004-08-19 12:24:40','PSV/SN Continuation Fee','2004-08-30 00:00:00',1,119.00,0.00,0,'2004-08-19 12:24:40',1),(79,'acr_immediate',589,'CONT','lcat_psv',NULL,589,'ltyp_si',NULL,24.00,'2004-08-19 12:24:40','PSV/SI Continuation Fee','2004-08-30 00:00:00',1,119.00,0.00,0,'2004-08-19 12:24:40',1),(80,'acr_immediate',589,'VEH','lcat_gv',NULL,589,NULL,NULL,40.00,'2004-08-19 12:24:40','GV Vehicle Fee','2004-08-30 00:00:00',0,164.00,0.00,0,'2004-08-19 12:24:40',1),(81,'acr_immediate',589,'VEH','lcat_psv',NULL,589,NULL,NULL,71.00,'2004-08-19 12:24:40','PSV Vehicle Fee','2004-08-30 00:00:00',0,306.00,0.00,0,'2004-08-19 12:24:40',1),(82,'acr_immediate',589,'GRANTINT','lcat_gv',NULL,589,NULL,NULL,0.00,'2004-08-19 12:24:40','GV Grant Interim Fee','2004-08-30 00:00:00',0,0.00,50.00,0,'2004-08-19 12:24:40',1),(83,'acr_immediate',589,'INTVEH','lcat_gv',NULL,589,NULL,NULL,0.00,'2004-08-19 12:24:40','GV Interim Vehicle Fee','2004-08-30 00:00:00',0,0.00,11.00,0,'2004-08-19 12:24:40',1),(84,'acr_immediate',589,'DUP','lcat_psv',NULL,589,NULL,NULL,0.00,'2004-08-19 12:24:40','PSV Duplicate Disc Fee','2004-08-30 00:00:00',0,0.00,13.00,0,'2004-08-19 12:24:40',1),(85,'acr_immediate',589,'ANN','lcat_psv',NULL,589,NULL,NULL,0.00,'2004-08-19 12:24:40','PSV Annual Reminder Fee','2004-08-30 00:00:00',0,0.00,24.00,0,'2004-08-19 12:24:40',1),(86,'acr_immediate',589,'GRANTVAR','lcat_gv',NULL,589,NULL,NULL,40.00,'2004-08-19 12:24:40','Grant Variation Vehicle Fee','2004-08-30 00:00:00',0,164.00,0.00,0,'2004-08-19 12:24:40',1),(87,'acr_immediate',589,'BUSAPP','lcat_psv',NULL,589,NULL,NULL,0.00,'2004-08-19 12:24:40','Bus Route Application Fee','2004-11-01 00:00:00',0,0.00,45.00,0,'2004-08-19 12:24:40',1),(88,'acr_immediate',589,'BUSVAR','lcat_psv',NULL,589,NULL,NULL,0.00,'2004-08-19 12:24:40','Bus Route Variation Fee','2004-11-01 00:00:00',0,0.00,45.00,0,'2004-08-19 12:24:40',1),(89,'acr_immediate',589,'GVANNVEH','lcat_gv',NULL,589,NULL,NULL,0.00,'2004-08-19 12:24:40','GV Annual Vehicle Fee','2004-08-30 00:00:00',0,0.00,40.00,0,'2004-08-19 12:24:40',1),(90,'acr_immediate',589,'INTUPGRADEVEH','lcat_gv',NULL,589,NULL,NULL,0.00,'2004-08-19 12:24:40','GV Interim Upgrade Vehicle Fee','2004-08-30 00:00:00',0,0.00,0.00,0,'2004-08-19 12:24:40',1),(91,'acr_immediate',589,'INTAMENDED','lcat_gv',NULL,589,NULL,NULL,0.00,'2004-08-19 12:24:40','GV Interim Amended Dummy Fee','2004-08-30 00:00:00',0,0.00,0.00,0,'2004-08-19 12:24:40',1),(92,'acr_immediate',589,'BUSAPP','lcat_psv',NULL,589,NULL,'M',0.00,'2004-08-19 12:24:40','Scottish Bus Route Application Fee','2004-11-01 00:00:00',0,0.00,45.00,0,'2004-08-19 12:24:40',1),(93,'acr_immediate',589,'BUSVAR','lcat_psv',NULL,589,NULL,'M',0.00,'2004-08-19 12:24:40','Scottish Bus Route Variation Fee','2004-11-01 00:00:00',0,0.00,45.00,0,'2004-08-19 12:24:40',1),(94,'acr_immediate',NULL,'APP','lcat_gv',NULL,NULL,NULL,NULL,0.00,NULL,'GV Application Fee','2005-09-30 00:00:00',0,0.00,215.00,0,NULL,1),(95,'acr_immediate',NULL,'APP','lcat_psv',NULL,NULL,'ltyp_r',NULL,0.00,NULL,'PSV/R Application Fee','2005-09-30 00:00:00',0,0.00,134.00,0,NULL,1),(96,'acr_immediate',NULL,'APP','lcat_psv',NULL,NULL,'ltyp_sr',NULL,0.00,NULL,'PSV/SR Application Fee','2005-09-30 00:00:00',0,0.00,53.00,0,NULL,1),(97,'acr_immediate',NULL,'APP','lcat_psv',NULL,NULL,'ltyp_sn',NULL,0.00,NULL,'PSV/SN Application Fee','2005-09-30 00:00:00',0,0.00,202.00,0,NULL,1),(98,'acr_immediate',NULL,'APP','lcat_psv',NULL,NULL,'ltyp_si',NULL,0.00,NULL,'PSV/SI Application Fee','2005-09-30 00:00:00',0,0.00,202.00,0,NULL,1),(99,'acr_immediate',NULL,'VAR','lcat_gv',NULL,NULL,NULL,NULL,0.00,NULL,'GV Variation Fee','2005-09-30 00:00:00',0,0.00,215.00,0,NULL,1),(100,'acr_immediate',NULL,'VAR','lcat_psv',NULL,NULL,NULL,NULL,0.00,NULL,'PSV Variation Fee','2005-09-30 00:00:00',0,0.00,102.00,0,NULL,1),(101,'acr_immediate',NULL,'GRANT','lcat_gv',NULL,NULL,NULL,NULL,336.00,NULL,'GV Grant Fee','2005-09-30 00:00:00',0,336.00,0.00,0,NULL,1),(102,'acr_immediate',NULL,'GRANT','lcat_psv',NULL,NULL,NULL,NULL,27.00,NULL,'PSV Grant Fee','2005-09-30 00:00:00',0,134.00,0.00,0,NULL,1),(103,'acr_immediate',NULL,'CONT','lcat_gv',NULL,NULL,NULL,NULL,336.00,NULL,'GV Continuation Fee','2005-09-30 00:00:00',1,336.00,0.00,0,NULL,1),(104,'acr_immediate',NULL,'CONT','lcat_psv',NULL,NULL,'ltyp_r',NULL,27.00,NULL,'PSV/R Continuation Fee','2005-09-30 00:00:00',1,134.00,0.00,0,NULL,1),(105,'acr_immediate',NULL,'CONT','lcat_psv',NULL,NULL,'ltyp_sr',NULL,0.00,NULL,'PSV/SR Continuation Fee','2005-09-30 00:00:00',1,0.00,53.00,0,NULL,1),(106,'acr_immediate',NULL,'CONT','lcat_psv',NULL,NULL,'ltyp_sn',NULL,27.00,NULL,'PSV/SN Continuation Fee','2005-09-30 00:00:00',1,134.00,0.00,0,NULL,1),(107,'acr_immediate',NULL,'CONT','lcat_psv',NULL,NULL,'ltyp_si',NULL,27.00,NULL,'PSV/SI Continuation Fee','2005-09-30 00:00:00',1,134.00,0.00,0,NULL,1),(108,'acr_immediate',NULL,'VEH','lcat_gv',NULL,NULL,NULL,NULL,44.00,NULL,'GV Vehicle Fee','2005-09-30 00:00:00',0,180.00,0.00,0,NULL,1),(109,'acr_immediate',NULL,'VEH','lcat_psv',NULL,NULL,NULL,NULL,78.00,NULL,'PSV Vehicle Fee','2005-09-30 00:00:00',0,345.00,0.00,0,NULL,1),(110,'acr_immediate',NULL,'GRANTINT','lcat_gv',NULL,NULL,NULL,NULL,0.00,NULL,'GV Grant Interim Fee','2005-09-30 00:00:00',0,0.00,57.00,0,NULL,1),(111,'acr_immediate',NULL,'INTVEH','lcat_gv',NULL,NULL,NULL,NULL,0.00,NULL,'GV Interim Vehicle Fee','2005-09-30 00:00:00',0,0.00,11.00,0,NULL,1),(112,'acr_immediate',NULL,'DUP','lcat_psv',NULL,NULL,NULL,NULL,0.00,NULL,'PSV Duplicate Disc Fee','2005-09-30 00:00:00',0,0.00,14.00,0,NULL,1),(113,'acr_immediate',NULL,'GRANTVAR','lcat_gv',NULL,NULL,NULL,NULL,44.00,NULL,'Grant Variation Vehicle Fee','2005-09-30 00:00:00',0,180.00,0.00,0,NULL,1),(114,'acr_immediate',NULL,'BUSAPP','lcat_psv',NULL,NULL,NULL,NULL,0.00,NULL,'Bus Route Application Fee','2005-09-30 00:00:00',0,0.00,51.00,0,NULL,1),(115,'acr_immediate',NULL,'BUSVAR','lcat_psv',NULL,NULL,NULL,NULL,0.00,NULL,'Bus Route Variation Fee','2005-09-30 00:00:00',0,0.00,51.00,0,NULL,1),(116,'acr_immediate',NULL,'BUSAPP','lcat_psv',NULL,NULL,NULL,'M',0.00,NULL,'Scottish Bus Route Application Fee','2005-09-30 00:00:00',0,0.00,51.00,0,NULL,1),(117,'acr_immediate',NULL,'BUSVAR','lcat_psv',NULL,NULL,NULL,'M',0.00,NULL,'Scottish Bus Route Variation Fee','2005-09-30 00:00:00',0,0.00,51.00,0,NULL,1),(118,'acr_immediate',NULL,'APP','lcat_permit',NULL,NULL,'ltyp_sbp',NULL,0.00,NULL,'Permit/S Application Fee','2005-09-30 00:00:00',0,0.00,9.00,0,NULL,1),(119,'acr_immediate',NULL,'APP','lcat_permit',NULL,NULL,'ltyp_lbp',NULL,0.00,NULL,'Permit/L Application Fee','2005-09-30 00:00:00',0,0.00,17.00,0,NULL,1),(120,'acr_immediate',NULL,'APP','lcat_permit',NULL,NULL,'ltyp_cbp',NULL,0.00,NULL,'Permit/C Application Fee','2005-09-30 00:00:00',0,0.00,44.00,0,NULL,1),(121,'acr_immediate',NULL,'ANN','lcat_psv',NULL,NULL,NULL,NULL,0.00,NULL,'PSV Annual Reminder Fee','2005-09-30 00:00:00',0,0.00,27.00,0,NULL,1),(122,'acr_immediate',NULL,'GVANNVEH','lcat_gv',NULL,NULL,NULL,NULL,0.00,NULL,'GV Annual Vehicle Fee','2005-09-30 00:00:00',0,0.00,44.00,0,NULL,1),(123,'acr_immediate',NULL,'INTUPGRADEVEH','lcat_gv',NULL,NULL,NULL,NULL,0.00,NULL,'GV Interim Upgrade Vehicle Fee','2005-09-30 00:00:00',0,0.00,0.00,0,NULL,1),(124,'acr_immediate',NULL,'INTAMENDED','lcat_gv',NULL,NULL,NULL,NULL,0.00,NULL,'GV Interim Amended Dummy Fee','2005-09-30 00:00:00',0,0.00,0.00,0,NULL,1),(125,'acr_immediate',1,'BUSAPP','lcat_psv',NULL,1,NULL,NULL,0.00,'2007-03-22 15:45:00','Bus Route Application Fee','2007-03-31 23:59:59',0,0.00,54.00,0,'2007-03-22 15:45:00',1),(126,'acr_immediate',1,'BUSVAR','lcat_psv',NULL,1,NULL,NULL,0.00,'2007-03-22 15:45:00','Bus Route Variation Fee','2007-03-31 23:59:59',0,0.00,54.00,0,'2007-03-22 15:45:00',1),(127,'acr_immediate',1,'GRANTVAR','lcat_gv',NULL,1,NULL,NULL,48.00,'2007-03-22 15:45:00','Grant Variation Vehicle Fee','2007-03-31 23:59:59',0,180.00,0.00,0,'2007-03-22 15:45:00',1),(128,'acr_immediate',1,'GVANNVEH','lcat_gv',NULL,1,NULL,NULL,0.00,'2007-03-22 15:45:00','GV Annual Vehicle Fee','2007-03-31 23:59:59',0,0.00,48.00,0,'2007-03-22 15:45:00',1),(129,'acr_immediate',1,'APP','lcat_gv',NULL,1,NULL,NULL,0.00,'2007-03-22 15:45:00','GV Application Fee','2007-03-31 23:59:59',0,0.00,227.00,0,'2007-03-22 15:45:00',1),(130,'acr_immediate',1,'CONT','lcat_gv',NULL,1,NULL,NULL,354.00,'2007-03-22 15:45:00','GV Continuation Fee','2007-03-31 23:59:59',1,354.00,0.00,0,'2007-03-22 15:45:00',1),(131,'acr_immediate',1,'GRANT','lcat_gv',NULL,1,NULL,NULL,354.00,'2007-03-22 15:45:00','GV Grant Fee','2007-03-31 23:59:59',0,354.00,0.00,0,'2007-03-22 15:45:00',1),(132,'acr_immediate',1,'GRANTINT','lcat_gv',NULL,1,NULL,NULL,0.00,'2007-03-22 15:45:00','GV Grant Interim Fee','2007-03-31 23:59:59',0,0.00,60.00,0,'2007-03-22 15:45:00',1),(133,'acr_immediate',1,'INTVEH','lcat_gv',NULL,1,NULL,NULL,0.00,'2007-03-22 15:45:00','GV Interim Vehicle Fee','2007-03-31 23:59:59',0,0.00,12.00,0,'2007-03-22 15:45:00',1),(134,'acr_immediate',1,'VAR','lcat_gv',NULL,1,NULL,NULL,0.00,'2007-03-22 15:45:00','GV Variation Fee','2007-03-31 23:59:59',0,0.00,227.00,0,'2007-03-22 15:45:00',1),(135,'acr_immediate',1,'VEH','lcat_gv',NULL,1,NULL,NULL,48.00,'2007-03-22 15:45:00','GV Vehicle Fee','2007-03-31 23:59:59',0,180.00,0.00,0,'2007-03-22 15:45:00',1),(136,'acr_immediate',1,'APP','lcat_permit',NULL,1,'ltyp_cbp',NULL,0.00,'2007-03-22 15:45:00','Permit/C Application Fee','2007-03-31 23:59:59',0,0.00,53.00,0,'2007-03-22 15:45:00',1),(137,'acr_immediate',1,'APP','lcat_permit',NULL,1,'ltyp_lbp',NULL,0.00,'2007-03-22 15:45:00','Permit/L Application Fee','2007-03-31 23:59:59',0,0.00,20.00,0,'2007-03-22 15:45:00',1),(138,'acr_immediate',1,'APP','lcat_permit',NULL,1,'ltyp_sbp',NULL,0.00,'2007-03-22 15:45:00','Permit/S Application Fee','2007-03-31 23:59:59',0,0.00,11.00,0,'2007-03-22 15:45:00',1),(139,'acr_immediate',1,'ANN','lcat_psv',NULL,1,NULL,NULL,0.00,'2007-03-22 15:45:00','PSV Annual Reminder Fee','2007-03-31 23:59:59',0,0.00,28.00,0,'2007-03-22 15:45:00',1),(140,'acr_immediate',1,'DUP','lcat_psv',NULL,1,NULL,NULL,0.00,'2007-03-22 15:45:00','PSV Duplicate Disc Fee','2007-03-31 23:59:59',0,0.00,15.00,0,'2007-03-22 15:45:00',1),(141,'acr_immediate',1,'GRANT','lcat_psv',NULL,1,NULL,NULL,28.00,'2007-03-22 15:45:00','PSV Grant Fee','2007-03-31 23:59:59',0,141.00,0.00,0,'2007-03-22 15:45:00',1),(142,'acr_immediate',1,'VAR','lcat_psv',NULL,1,NULL,NULL,0.00,'2007-03-22 15:45:00','PSV Variation Fee','2007-03-31 23:59:59',0,0.00,108.00,0,'2007-03-22 15:45:00',1),(143,'acr_immediate',1,'VEH','lcat_psv',NULL,1,NULL,NULL,84.00,'2007-03-22 15:45:00','PSV Vehicle Fee','2007-03-31 23:59:59',0,360.00,0.00,0,'2007-03-22 15:45:00',1),(144,'acr_immediate',1,'APP','lcat_psv',NULL,1,'ltyp_r',NULL,0.00,'2007-03-22 15:45:00','PSV/R Application Fee','2007-03-31 23:59:59',0,0.00,141.00,0,'2007-03-22 15:45:00',1),(145,'acr_immediate',1,'CONT','lcat_psv',NULL,1,'ltyp_r',NULL,28.00,'2007-03-22 15:45:00','PSV/R Continuation Fee','2007-03-31 23:59:59',1,141.00,0.00,0,'2007-03-22 15:45:00',1),(146,'acr_immediate',1,'APP','lcat_psv',NULL,1,'ltyp_si',NULL,0.00,'2007-03-22 15:45:00','PSV/SI Application Fee','2007-03-31 23:59:59',0,0.00,213.00,0,'2007-03-22 15:45:00',1),(147,'acr_immediate',1,'CONT','lcat_psv',NULL,1,'ltyp_si',NULL,28.00,'2007-03-22 15:45:00','PSV/SI Continuation Fee','2007-03-31 23:59:59',1,141.00,0.00,0,'2007-03-22 15:45:00',1),(148,'acr_immediate',1,'APP','lcat_psv',NULL,1,'ltyp_sn',NULL,0.00,'2007-03-22 15:45:00','PSV/SN Application Fee','2007-03-31 23:59:59',0,0.00,213.00,0,'2007-03-22 15:45:00',1),(149,'acr_immediate',1,'CONT','lcat_psv',NULL,1,'ltyp_sn',NULL,28.00,'2007-03-22 15:45:00','PSV/SN Continuation Fee','2007-03-31 23:59:59',1,141.00,0.00,0,'2007-03-22 15:45:00',1),(150,'acr_immediate',1,'APP','lcat_psv',NULL,1,'ltyp_sr',NULL,0.00,'2007-03-22 15:45:00','PSV/SR Application Fee','2007-03-31 23:59:59',0,0.00,56.00,0,'2007-03-22 15:45:00',1),(151,'acr_immediate',1,'CONT','lcat_psv',NULL,1,'ltyp_sr',NULL,0.00,'2007-03-22 15:45:00','PSV/SR Continuation Fee','2007-03-31 23:59:59',1,0.00,56.00,0,'2007-03-22 15:45:00',1),(152,'acr_immediate',1,'BUSAPP','lcat_psv',NULL,1,NULL,'M',0.00,'2007-03-22 15:45:00','Scottish Bus Route Application Fee','2007-03-31 23:59:59',0,0.00,54.00,0,'2007-03-22 15:45:00',1),(153,'acr_immediate',1,'BUSVAR','lcat_psv',NULL,1,NULL,'M',0.00,'2007-03-22 15:45:00','Scottish Bus Route Variation Fee','2007-03-31 23:59:59',0,0.00,54.00,0,'2007-03-22 15:45:00',1),(154,'acr_immediate',1,'BUSAPP','lcat_psv',NULL,1,NULL,NULL,0.00,'2008-07-15 16:49:17','Bus Route Application Fee','2008-07-31 23:59:59',0,0.00,57.00,0,'2008-07-15 16:49:17',1),(155,'acr_immediate',1,'BUSVAR','lcat_psv',NULL,1,NULL,NULL,0.00,'2008-07-15 16:49:17','Bus Route Variation Fee','2008-07-31 23:59:59',0,0.00,57.00,0,'2008-07-15 16:49:17',1),(156,'acr_immediate',1,'GRANTVAR','lcat_gv',NULL,1,NULL,NULL,48.00,'2008-07-15 16:49:17','Grant Variation Vehicle Fee','2008-07-31 23:59:59',0,200.00,0.00,0,'2008-07-15 16:49:17',1),(157,'acr_immediate',1,'APP','lcat_gv',NULL,1,NULL,NULL,0.00,'2008-07-15 16:49:17','GV Application Fee','2008-07-31 23:59:59',0,0.00,238.00,0,'2008-07-15 16:49:17',1),(158,'acr_immediate',1,'CONT','lcat_gv',NULL,1,NULL,NULL,372.00,'2008-07-15 16:49:17','GV Continuation Fee','2008-07-31 23:59:59',1,372.00,0.00,0,'2008-07-15 16:49:17',1),(159,'acr_immediate',1,'GRANT','lcat_gv',NULL,1,NULL,NULL,372.00,'2008-07-15 16:49:17','GV Grant Fee','2008-07-31 23:59:59',0,372.00,0.00,0,'2008-07-15 16:49:17',1),(160,'acr_immediate',1,'GRANTINT','lcat_gv',NULL,1,NULL,NULL,0.00,'2008-07-15 16:49:17','GV Grant Interim Fee','2008-07-31 23:59:59',0,0.00,63.00,0,'2008-07-15 16:49:17',1),(161,'acr_immediate',1,'VAR','lcat_gv',NULL,1,NULL,NULL,0.00,'2008-07-15 16:49:17','GV Variation Fee','2008-07-31 23:59:59',0,0.00,238.00,0,'2008-07-15 16:49:17',1),(162,'acr_immediate',1,'VEH','lcat_gv',NULL,1,NULL,NULL,48.00,'2008-07-15 16:49:17','GV Vehicle Fee','2008-07-31 23:59:59',0,200.00,0.00,0,'2008-07-15 16:49:17',1),(163,'acr_immediate',1,'APP','lcat_permit',NULL,1,'ltyp_cbp',NULL,0.00,'2008-07-15 16:49:17','Permit/C Application Fee','2008-07-31 23:59:59',0,0.00,55.00,0,'2008-07-15 16:49:17',1),(164,'acr_immediate',1,'ANN','lcat_psv',NULL,1,NULL,NULL,0.00,'2008-07-15 16:49:17','PSV Annual Reminder Fee','2008-07-31 23:59:59',0,0.00,29.00,0,'2008-07-15 16:49:17',1),(165,'acr_immediate',1,'GRANT','lcat_psv',NULL,1,NULL,NULL,29.00,'2008-07-15 16:49:17','PSV Grant Fee','2008-07-31 23:59:59',0,148.00,0.00,0,'2008-07-15 16:49:17',1),(166,'acr_immediate',1,'VAR','lcat_psv',NULL,1,NULL,NULL,0.00,'2008-07-15 16:49:17','PSV Variation Fee','2008-07-31 23:59:59',0,0.00,113.00,0,'2008-07-15 16:49:17',1),(167,'acr_immediate',1,'APP','lcat_psv',NULL,1,'ltyp_r',NULL,0.00,'2008-07-15 16:49:17','PSV/R Application Fee','2008-07-31 23:59:59',0,0.00,148.00,0,'2008-07-15 16:49:17',1),(168,'acr_immediate',1,'CONT','lcat_psv',NULL,1,'ltyp_r',NULL,29.00,'2008-07-15 16:49:17','PSV/R Continuation Fee','2008-07-31 23:59:59',1,148.00,0.00,0,'2008-07-15 16:49:17',1),(169,'acr_immediate',1,'APP','lcat_psv',NULL,1,'ltyp_si',NULL,0.00,'2008-07-15 16:49:17','PSV/SI Application Fee','2008-07-31 23:59:59',0,0.00,224.00,0,'2008-07-15 16:49:17',1),(170,'acr_immediate',1,'CONT','lcat_psv',NULL,1,'ltyp_si',NULL,29.00,'2008-07-15 16:49:17','PSV/SI Continuation Fee','2008-07-31 23:59:59',1,148.00,0.00,0,'2008-07-15 16:49:17',1),(171,'acr_immediate',1,'APP','lcat_psv',NULL,1,'ltyp_sn',NULL,0.00,'2008-07-15 16:49:17','PSV/SN Application Fee','2008-07-31 23:59:59',0,0.00,224.00,0,'2008-07-15 16:49:17',1),(172,'acr_immediate',1,'CONT','lcat_psv',NULL,1,'ltyp_sn',NULL,29.00,'2008-07-15 16:49:17','PSV/SN Continuation Fee','2008-07-31 23:59:59',1,148.00,0.00,0,'2008-07-15 16:49:17',1),(173,'acr_immediate',1,'APP','lcat_psv',NULL,1,'ltyp_sr',NULL,0.00,'2008-07-15 16:49:17','PSV/SR Application Fee','2008-07-31 23:59:59',0,0.00,58.00,0,'2008-07-15 16:49:17',1),(174,'acr_immediate',1,'CONT','lcat_psv',NULL,1,'ltyp_sr',NULL,0.00,'2008-07-15 16:49:17','PSV/SR Continuation Fee','2008-07-31 23:59:59',1,0.00,58.00,0,'2008-07-15 16:49:17',1),(175,'acr_immediate',1,'BUSAPP','lcat_psv',NULL,1,NULL,'M',0.00,'2008-07-15 16:49:17','Scottish Bus Route Application Fee','2008-09-14 23:59:59',0,0.00,57.00,0,'2008-07-15 16:49:17',1),(176,'acr_immediate',1,'BUSVAR','lcat_psv',NULL,1,NULL,'M',0.00,'2008-07-15 16:49:17','Scottish Bus Route Variation Fee','2008-09-14 23:59:59',0,0.00,57.00,0,'2008-07-15 16:49:17',1),(177,'acr_immediate',1,'APP','lcat_gv',NULL,1,NULL,NULL,0.00,'2009-04-18 14:38:14','GV Application Fee','2009-04-19 23:59:00',0,0.00,250.00,0,'2009-04-18 14:38:14',1),(178,'acr_immediate',1,'VAR','lcat_gv',NULL,1,NULL,NULL,0.00,'2009-04-18 14:38:14','GV Variation Fee','2009-04-19 23:59:00',0,0.00,250.00,0,'2009-04-18 14:38:14',1),(179,'acr_immediate',1,'GRANT','lcat_gv',NULL,1,NULL,NULL,391.00,'2009-04-18 14:38:14','GV Grant Fee','2009-04-19 23:59:00',0,391.00,0.00,0,'2009-04-18 14:38:14',1),(180,'acr_immediate',1,'CONT','lcat_gv',NULL,1,NULL,NULL,391.00,'2009-04-18 14:38:14','GV Continuation Fee','2009-04-19 23:59:00',1,391.00,0.00,0,'2009-04-18 14:38:14',1),(181,'acr_immediate',1,'GRANTINT','lcat_gv',NULL,1,NULL,NULL,0.00,'2009-04-18 14:38:14','GV Grant Interim Fee','2009-04-19 23:59:00',0,0.00,66.00,0,'2009-04-18 14:38:14',1),(182,'acr_immediate',1,'APP','lcat_psv',NULL,1,'ltyp_r',NULL,0.00,'2009-04-18 14:38:14','PSV/R Application Fee','2009-04-19 23:59:00',0,0.00,155.00,0,'2009-04-18 14:38:14',1),(183,'acr_immediate',1,'APP','lcat_psv',NULL,1,'ltyp_sn',NULL,0.00,'2009-04-18 14:38:14','PSV/SN Application Fee','2009-04-19 23:59:00',0,0.00,235.00,0,'2009-04-18 14:38:14',1),(184,'acr_immediate',1,'APP','lcat_psv',NULL,1,'ltyp_si',NULL,0.00,'2009-04-18 14:38:14','PSV/SI Application Fee','2009-04-19 23:59:00',0,0.00,235.00,0,'2009-04-18 14:38:14',1),(185,'acr_immediate',1,'APP','lcat_psv',NULL,1,'ltyp_sr',NULL,0.00,'2009-04-18 14:38:14','PSV/SR Application Fee','2009-04-19 23:59:00',0,0.00,61.00,0,'2009-04-18 14:38:14',1),(186,'acr_immediate',1,'CONT','lcat_psv',NULL,1,'ltyp_sr',NULL,0.00,'2009-04-18 14:38:14','PSV/SR Continuation Fee','2009-04-19 23:59:00',1,0.00,61.00,0,'2009-04-18 14:38:14',1),(187,'acr_immediate',1,'VAR','lcat_psv',NULL,1,NULL,NULL,0.00,'2009-04-18 14:38:14','PSV Variation Fee','2009-04-19 23:59:00',0,0.00,119.00,0,'2009-04-18 14:38:14',1),(188,'acr_immediate',1,'BUSAPP','lcat_psv',NULL,1,NULL,NULL,0.00,'2009-04-18 14:38:14','Bus Route Application Fee','2009-05-02 23:59:00',0,0.00,60.00,0,'2009-04-18 14:38:14',1),(189,'acr_immediate',1,'BUSVAR','lcat_psv',NULL,1,NULL,NULL,0.00,'2009-04-18 14:38:14','Bus Route Variation Fee','2009-05-02 23:59:00',0,0.00,60.00,0,'2009-04-18 14:38:14',1),(190,'acr_immediate',1,'APP','lcat_permit',NULL,1,'ltyp_sbp',NULL,0.00,'2009-04-18 14:38:14','Permit/S Application Fee','2009-04-19 23:59:00',0,0.00,12.00,0,'2009-04-18 14:38:14',1),(191,'acr_immediate',1,'APP','lcat_permit',NULL,1,'ltyp_lbp',NULL,0.00,'2009-04-18 14:38:14','Permit/L Application Fee','2009-04-19 23:59:00',0,0.00,21.00,0,'2009-04-18 14:38:14',1),(192,'acr_immediate',1,'APP','lcat_permit',NULL,1,'ltyp_cbp',NULL,0.00,'2009-04-18 14:38:14','Permit/C Application Fee','2009-04-19 23:59:00',0,0.00,58.00,0,'2009-04-18 14:38:14',1),(193,'acr_immediate',1,'BUSAPP','lcat_psv',NULL,1,NULL,'M',0.00,'2009-04-18 14:38:14','Scottish Bus Route Application Fee','2009-05-13 23:59:00',0,0.00,60.00,0,'2009-04-18 14:38:14',1),(194,'acr_immediate',1,'BUSVAR','lcat_psv',NULL,1,NULL,'M',0.00,'2009-04-18 14:38:14','Scottish Bus Route Variation Fee','2009-05-13 23:59:00',0,0.00,60.00,0,'2009-04-18 14:38:14',1),(195,'acr_immediate',1,'DUP','lcat_psv',NULL,1,NULL,NULL,0.00,'2009-04-18 14:38:14','PSV Duplicate Disc Fee','2009-04-19 23:59:00',0,0.00,8.00,0,'2009-04-18 14:38:14',1),(196,'acr_immediate',1,'INTVEH','lcat_gv',NULL,1,NULL,NULL,0.00,'2009-04-18 14:38:14','GV Interim Vehicle Fee','2009-04-19 23:59:00',0,0.00,6.00,0,'2009-04-18 14:38:14',1),(197,'acr_immediate',1,'VEH','lcat_gv',NULL,1,NULL,NULL,24.00,'2009-04-18 14:38:14','GV Vehicle Fee','2009-04-19 23:59:00',0,24.00,0.00,0,'2009-04-18 14:38:14',1),(199,'acr_immediate',1,'GRANTVAR','lcat_gv',NULL,1,NULL,NULL,24.00,'2009-04-18 14:38:14','Grant Variation Vehicle Fee','2009-04-19 23:59:00',0,24.00,0.00,0,'2009-04-18 14:38:14',1),(200,'acr_immediate',1,'GRANT','lcat_psv',NULL,1,NULL,NULL,12.00,'2009-04-18 14:38:14','PSV Grant Fee','2009-04-19 23:59:00',0,12.00,0.00,0,'2009-04-18 14:38:14',1),(204,'acr_immediate',1,'VEH','lcat_psv',NULL,1,NULL,NULL,36.00,'2009-04-18 14:38:14','PSV Vehicle Fee','2009-04-19 23:59:00',0,36.00,0.00,0,'2009-04-18 14:38:14',1),(206,'acr_immediate',1,'VEH','lcat_gv',NULL,1,NULL,NULL,22.00,'2009-04-18 14:38:14','GV Vehicle Fee','2009-04-30 23:59:00',0,22.00,0.00,0,'2009-04-18 14:38:14',1),(207,'acr_immediate',1,'GVANNVEH','lcat_gv',NULL,1,NULL,NULL,0.00,'2009-04-18 14:38:14','GV Annual Vehicle Fee','2009-04-30 23:59:00',0,0.00,22.00,0,'2009-04-18 14:38:14',1),(208,'acr_immediate',1,'GRANTVAR','lcat_gv',NULL,1,NULL,NULL,22.00,'2009-04-18 14:38:14','Grant Variation Vehicle Fee','2009-04-30 23:59:00',0,22.00,0.00,0,'2009-04-18 14:38:14',1),(209,'acr_immediate',1,'GRANT','lcat_psv',NULL,1,NULL,NULL,11.00,'2009-04-18 14:38:14','PSV Grant Fee','2009-04-30 23:59:00',0,11.00,0.00,0,'2009-04-18 14:38:14',1),(210,'acr_immediate',1,'CONT','lcat_psv',NULL,1,'ltyp_r',NULL,11.00,'2009-04-18 14:38:14','PSV/R Continuation Fee','2009-04-30 23:59:00',1,11.00,0.00,0,'2009-04-18 14:38:14',1),(211,'acr_immediate',1,'CONT','lcat_psv',NULL,1,'ltyp_si',NULL,11.00,'2009-04-18 14:38:14','PSV/SI Continuation Fee','2009-04-30 23:59:00',1,11.00,0.00,0,'2009-04-18 14:38:14',1),(212,'acr_immediate',1,'CONT','lcat_psv',NULL,1,'ltyp_sn',NULL,11.00,'2009-04-18 14:38:14','PSV/SN Continuation Fee','2009-04-30 23:59:00',1,11.00,0.00,0,'2009-04-18 14:38:14',1),(213,'acr_immediate',1,'VEH','lcat_psv',NULL,1,NULL,NULL,33.00,'2009-04-18 14:38:14','PSV Vehicle Fee','2009-04-30 23:59:00',0,33.00,0.00,0,'2009-04-18 14:38:14',1),(214,'acr_immediate',1,'ANN','lcat_psv',NULL,1,NULL,NULL,0.00,'2009-04-18 14:38:14','PSV Annual Reminder Fee','2009-04-30 23:59:00',0,0.00,11.00,0,'2009-04-18 14:38:14',1),(215,'acr_immediate',1,'VEH','lcat_gv',NULL,1,NULL,NULL,20.00,'2009-04-18 14:38:14','GV Vehicle Fee','2009-05-31 23:59:00',0,20.00,0.00,0,'2009-04-18 14:38:14',1),(216,'acr_immediate',1,'GVANNVEH','lcat_gv',NULL,1,NULL,NULL,0.00,'2009-04-18 14:38:14','GV Annual Vehicle Fee','2009-05-31 23:59:00',0,0.00,20.00,0,'2009-04-18 14:38:14',1),(217,'acr_immediate',1,'GRANTVAR','lcat_gv',NULL,1,NULL,NULL,20.00,'2009-04-18 14:38:14','Grant Variation Vehicle Fee','2009-05-31 23:59:00',0,20.00,0.00,0,'2009-04-18 14:38:14',1),(218,'acr_immediate',1,'GRANT','lcat_psv',NULL,1,NULL,NULL,10.00,'2009-04-18 14:38:14','PSV Grant Fee','2009-05-31 23:59:00',0,10.00,0.00,0,'2009-04-18 14:38:14',1),(219,'acr_immediate',1,'CONT','lcat_psv',NULL,1,'ltyp_r',NULL,10.00,'2009-04-18 14:38:14','PSV/R Continuation Fee','2009-05-31 23:59:00',1,10.00,0.00,0,'2009-04-18 14:38:14',1),(220,'acr_immediate',1,'CONT','lcat_psv',NULL,1,'ltyp_si',NULL,10.00,'2009-04-18 14:38:14','PSV/SI Continuation Fee','2009-05-31 23:59:00',1,10.00,0.00,0,'2009-04-18 14:38:14',1),(221,'acr_immediate',1,'CONT','lcat_psv',NULL,1,'ltyp_sn',NULL,10.00,'2009-04-18 14:38:14','PSV/SN Continuation Fee','2009-05-31 23:59:00',1,10.00,0.00,0,'2009-04-18 14:38:14',1),(222,'acr_immediate',1,'VEH','lcat_psv',NULL,1,NULL,NULL,30.00,'2009-04-18 14:38:14','PSV Vehicle Fee','2009-05-31 23:59:00',0,30.00,0.00,0,'2009-04-18 14:38:14',1),(223,'acr_immediate',1,'ANN','lcat_psv',NULL,1,NULL,NULL,0.00,'2009-04-18 14:38:14','PSV Annual Reminder Fee','2009-05-31 23:59:00',0,0.00,10.00,0,'2009-04-18 14:38:14',1),(224,'acr_immediate',1,'VEH','lcat_gv',NULL,1,NULL,NULL,18.00,'2009-04-18 14:38:14','GV Vehicle Fee','2009-06-30 23:59:00',0,18.00,0.00,0,'2009-04-18 14:38:14',1),(225,'acr_immediate',1,'GVANNVEH','lcat_gv',NULL,1,NULL,NULL,0.00,'2009-04-18 14:38:14','GV Annual Vehicle Fee','2009-06-30 23:59:00',0,0.00,18.00,0,'2009-04-18 14:38:14',1),(226,'acr_immediate',1,'GRANTVAR','lcat_gv',NULL,1,NULL,NULL,18.00,'2009-04-18 14:38:14','Grant Variation Vehicle Fee','2009-06-30 23:59:00',0,18.00,0.00,0,'2009-04-18 14:38:14',1),(227,'acr_immediate',1,'GRANT','lcat_psv',NULL,1,NULL,NULL,9.00,'2009-04-18 14:38:14','PSV Grant Fee','2009-06-30 23:59:00',0,9.00,0.00,0,'2009-04-18 14:38:14',1),(228,'acr_immediate',1,'CONT','lcat_psv',NULL,1,'ltyp_r',NULL,9.00,'2009-04-18 14:38:14','PSV/R Continuation Fee','2009-06-30 23:59:00',1,9.00,0.00,0,'2009-04-18 14:38:14',1),(229,'acr_immediate',1,'CONT','lcat_psv',NULL,1,'ltyp_si',NULL,9.00,'2009-04-18 14:38:14','PSV/SI Continuation Fee','2009-06-30 23:59:00',1,9.00,0.00,0,'2009-04-18 14:38:14',1),(230,'acr_immediate',1,'CONT','lcat_psv',NULL,1,'ltyp_sn',NULL,9.00,'2009-04-18 14:38:14','PSV/SN Continuation Fee','2009-06-30 23:59:00',1,9.00,0.00,0,'2009-04-18 14:38:14',1),(231,'acr_immediate',1,'VEH','lcat_psv',NULL,1,NULL,NULL,27.00,'2009-04-18 14:38:14','PSV Vehicle Fee','2009-06-30 23:59:00',0,27.00,0.00,0,'2009-04-18 14:38:14',1),(232,'acr_immediate',1,'ANN','lcat_psv',NULL,1,NULL,NULL,0.00,'2009-04-18 14:38:14','PSV Annual Reminder Fee','2009-06-30 23:59:00',0,0.00,9.00,0,'2009-04-18 14:38:14',1),(233,'acr_immediate',1,'VEH','lcat_gv',NULL,1,NULL,NULL,16.00,'2009-04-18 14:38:14','GV Vehicle Fee','2009-07-31 23:59:00',0,16.00,0.00,0,'2009-04-18 14:38:14',1),(234,'acr_immediate',1,'GVANNVEH','lcat_gv',NULL,1,NULL,NULL,0.00,'2009-04-18 14:38:14','GV Annual Vehicle Fee','2009-07-31 23:59:00',0,0.00,16.00,0,'2009-04-18 14:38:14',1),(235,'acr_immediate',1,'GRANTVAR','lcat_gv',NULL,1,NULL,NULL,16.00,'2009-04-18 14:38:14','Grant Variation Vehicle Fee','2009-07-31 23:59:00',0,16.00,0.00,0,'2009-04-18 14:38:14',1),(236,'acr_immediate',1,'GRANT','lcat_psv',NULL,1,NULL,NULL,8.00,'2009-04-18 14:38:14','PSV Grant Fee','2009-07-31 23:59:00',0,8.00,0.00,0,'2009-04-18 14:38:14',1),(237,'acr_immediate',1,'CONT','lcat_psv',NULL,1,'ltyp_r',NULL,8.00,'2009-04-18 14:38:14','PSV/R Continuation Fee','2009-07-31 23:59:00',1,8.00,0.00,0,'2009-04-18 14:38:14',1),(238,'acr_immediate',1,'CONT','lcat_psv',NULL,1,'ltyp_si',NULL,8.00,'2009-04-18 14:38:14','PSV/SI Continuation Fee','2009-07-31 23:59:00',1,8.00,0.00,0,'2009-04-18 14:38:14',1),(239,'acr_immediate',1,'CONT','lcat_psv',NULL,1,'ltyp_sn',NULL,8.00,'2009-04-18 14:38:14','PSV/SN Continuation Fee','2009-07-31 23:59:00',1,8.00,0.00,0,'2009-04-18 14:38:14',1),(240,'acr_immediate',1,'VEH','lcat_psv',NULL,1,NULL,NULL,24.00,'2009-04-18 14:38:14','PSV Vehicle Fee','2009-07-31 23:59:00',0,24.00,0.00,0,'2009-04-18 14:38:14',1),(241,'acr_immediate',1,'ANN','lcat_psv',NULL,1,NULL,NULL,0.00,'2009-04-18 14:38:14','PSV Annual Reminder Fee','2009-07-31 23:59:00',0,0.00,8.00,0,'2009-04-18 14:38:14',1),(242,'acr_immediate',1,'VEH','lcat_gv',NULL,1,NULL,NULL,14.00,'2009-04-18 14:38:14','GV Vehicle Fee','2009-08-31 23:59:00',0,14.00,0.00,0,'2009-04-18 14:38:14',1),(243,'acr_immediate',1,'GVANNVEH','lcat_gv',NULL,1,NULL,NULL,0.00,'2009-04-18 14:38:14','GV Annual Vehicle Fee','2009-08-31 23:59:00',0,0.00,14.00,0,'2009-04-18 14:38:14',1),(244,'acr_immediate',1,'GRANTVAR','lcat_gv',NULL,1,NULL,NULL,14.00,'2009-04-18 14:38:14','Grant Variation Vehicle Fee','2009-08-31 23:59:00',0,14.00,0.00,0,'2009-04-18 14:38:14',1),(245,'acr_immediate',1,'GRANT','lcat_psv',NULL,1,NULL,NULL,7.00,'2009-04-18 14:38:14','PSV Grant Fee','2009-08-31 23:59:00',0,7.00,0.00,0,'2009-04-18 14:38:14',1),(246,'acr_immediate',1,'CONT','lcat_psv',NULL,1,'ltyp_r',NULL,7.00,'2009-04-18 14:38:14','PSV/R Continuation Fee','2009-08-31 23:59:00',1,7.00,0.00,0,'2009-04-18 14:38:14',1),(247,'acr_immediate',1,'CONT','lcat_psv',NULL,1,'ltyp_si',NULL,7.00,'2009-04-18 14:38:14','PSV/SI Continuation Fee','2009-08-31 23:59:00',1,7.00,0.00,0,'2009-04-18 14:38:14',1),(248,'acr_immediate',1,'CONT','lcat_psv',NULL,1,'ltyp_sn',NULL,7.00,'2009-04-18 14:38:14','PSV/SN Continuation Fee','2009-08-31 23:59:00',1,7.00,0.00,0,'2009-04-18 14:38:14',1),(249,'acr_immediate',1,'VEH','lcat_psv',NULL,1,NULL,NULL,21.00,'2009-04-18 14:38:14','PSV Vehicle Fee','2009-08-31 23:59:00',0,21.00,0.00,0,'2009-04-18 14:38:14',1),(250,'acr_immediate',1,'ANN','lcat_psv',NULL,1,NULL,NULL,0.00,'2009-04-18 14:38:14','PSV Annual Reminder Fee','2009-08-31 23:59:00',0,0.00,7.00,0,'2009-04-18 14:38:14',1),(251,'acr_immediate',1,'VEH','lcat_gv',NULL,1,NULL,NULL,12.00,'2009-04-18 14:38:14','GV Vehicle Fee','2009-09-30 23:59:00',0,12.00,0.00,0,'2009-04-18 14:38:14',1),(252,'acr_immediate',1,'GVANNVEH','lcat_gv',NULL,1,NULL,NULL,0.00,'2009-04-18 14:38:14','GV Annual Vehicle Fee','2009-09-30 23:59:00',0,0.00,12.00,0,'2009-04-18 14:38:14',1),(253,'acr_immediate',1,'GRANTVAR','lcat_gv',NULL,1,NULL,NULL,12.00,'2009-04-18 14:38:14','Grant Variation Vehicle Fee','2009-09-30 23:59:00',0,12.00,0.00,0,'2009-04-18 14:38:14',1),(254,'acr_immediate',1,'GRANT','lcat_psv',NULL,1,NULL,NULL,6.00,'2009-04-18 14:38:14','PSV Grant Fee','2009-09-30 23:59:00',0,6.00,0.00,0,'2009-04-18 14:38:14',1),(255,'acr_immediate',1,'CONT','lcat_psv',NULL,1,'ltyp_r',NULL,6.00,'2009-04-18 14:38:14','PSV/R Continuation Fee','2009-09-30 23:59:00',1,6.00,0.00,0,'2009-04-18 14:38:14',1),(256,'acr_immediate',1,'CONT','lcat_psv',NULL,1,'ltyp_si',NULL,6.00,'2009-04-18 14:38:14','PSV/SI Continuation Fee','2009-09-30 23:59:00',1,6.00,0.00,0,'2009-04-18 14:38:14',1),(257,'acr_immediate',1,'CONT','lcat_psv',NULL,1,'ltyp_sn',NULL,6.00,'2009-04-18 14:38:14','PSV/SN Continuation Fee','2009-09-30 23:59:00',1,6.00,0.00,0,'2009-04-18 14:38:14',1),(258,'acr_immediate',1,'VEH','lcat_psv',NULL,1,NULL,NULL,18.00,'2009-04-18 14:38:14','PSV Vehicle Fee','2009-09-30 23:59:00',0,18.00,0.00,0,'2009-04-18 14:38:14',1),(259,'acr_immediate',1,'ANN','lcat_psv',NULL,1,NULL,NULL,0.00,'2009-04-18 14:38:14','PSV Annual Reminder Fee','2009-09-30 23:59:00',0,0.00,6.00,0,'2009-04-18 14:38:14',1),(260,'acr_immediate',1,'VEH','lcat_gv',NULL,1,NULL,NULL,10.00,'2009-04-18 14:38:14','GV Vehicle Fee','2009-10-31 23:59:00',0,10.00,0.00,0,'2009-04-18 14:38:14',1),(261,'acr_immediate',1,'GVANNVEH','lcat_gv',NULL,1,NULL,NULL,0.00,'2009-04-18 14:38:14','GV Annual Vehicle Fee','2009-10-31 23:59:00',0,0.00,10.00,0,'2009-04-18 14:38:14',1),(262,'acr_immediate',1,'GRANTVAR','lcat_gv',NULL,1,NULL,NULL,10.00,'2009-04-18 14:38:14','Grant Variation Vehicle Fee','2009-10-31 23:59:00',0,10.00,0.00,0,'2009-04-18 14:38:14',1),(263,'acr_immediate',1,'GRANT','lcat_psv',NULL,1,NULL,NULL,5.00,'2009-04-18 14:38:14','PSV Grant Fee','2009-10-31 23:59:00',0,5.00,0.00,0,'2009-04-18 14:38:14',1),(264,'acr_immediate',1,'CONT','lcat_psv',NULL,1,'ltyp_r',NULL,5.00,'2009-04-18 14:38:14','PSV/R Continuation Fee','2009-10-31 23:59:00',1,5.00,0.00,0,'2009-04-18 14:38:14',1),(265,'acr_immediate',1,'CONT','lcat_psv',NULL,1,'ltyp_si',NULL,5.00,'2009-04-18 14:38:14','PSV/SI Continuation Fee','2009-10-31 23:59:00',1,5.00,0.00,0,'2009-04-18 14:38:14',1),(266,'acr_immediate',1,'CONT','lcat_psv',NULL,1,'ltyp_sn',NULL,5.00,'2009-04-18 14:38:14','PSV/SN Continuation Fee','2009-10-31 23:59:00',1,5.00,0.00,0,'2009-04-18 14:38:14',1),(267,'acr_immediate',1,'VEH','lcat_psv',NULL,1,NULL,NULL,15.00,'2009-04-18 14:38:14','PSV Vehicle Fee','2009-10-31 23:59:00',0,15.00,0.00,0,'2009-04-18 14:38:14',1),(268,'acr_immediate',1,'ANN','lcat_psv',NULL,1,NULL,NULL,0.00,'2009-04-18 14:38:14','PSV Annual Reminder Fee','2009-10-31 23:59:00',0,0.00,5.00,0,'2009-04-18 14:38:14',1),(269,'acr_immediate',1,'VEH','lcat_gv',NULL,1,NULL,NULL,8.00,'2009-04-18 14:38:14','GV Vehicle Fee','2009-11-30 23:59:00',0,8.00,0.00,0,'2009-04-18 14:38:14',1),(270,'acr_immediate',1,'GVANNVEH','lcat_gv',NULL,1,NULL,NULL,0.00,'2009-04-18 14:38:14','GV Annual Vehicle Fee','2009-11-30 23:59:00',0,0.00,8.00,0,'2009-04-18 14:38:14',1),(271,'acr_immediate',1,'GRANTVAR','lcat_gv',NULL,1,NULL,NULL,8.00,'2009-04-18 14:38:14','Grant Variation Vehicle Fee','2009-11-30 23:59:00',0,8.00,0.00,0,'2009-04-18 14:38:14',1),(272,'acr_immediate',1,'GRANT','lcat_psv',NULL,1,NULL,NULL,4.00,'2009-04-18 14:38:14','PSV Grant Fee','2009-11-30 23:59:00',0,4.00,0.00,0,'2009-04-18 14:38:14',1),(273,'acr_immediate',1,'CONT','lcat_psv',NULL,1,'ltyp_r',NULL,4.00,'2009-04-18 14:38:14','PSV/R Continuation Fee','2009-11-30 23:59:00',1,4.00,0.00,0,'2009-04-18 14:38:14',1),(274,'acr_immediate',1,'CONT','lcat_psv',NULL,1,'ltyp_si',NULL,4.00,'2009-04-18 14:38:14','PSV/SI Continuation Fee','2009-11-30 23:59:00',1,4.00,0.00,0,'2009-04-18 14:38:14',1),(275,'acr_immediate',1,'CONT','lcat_psv',NULL,1,'ltyp_sn',NULL,4.00,'2009-04-18 14:38:14','PSV/SN Continuation Fee','2009-11-30 23:59:00',1,4.00,0.00,0,'2009-04-18 14:38:14',1),(276,'acr_immediate',1,'VEH','lcat_psv',NULL,1,NULL,NULL,12.00,'2009-04-18 14:38:14','PSV Vehicle Fee','2009-11-30 23:59:00',0,12.00,0.00,0,'2009-04-18 14:38:14',1),(277,'acr_immediate',1,'ANN','lcat_psv',NULL,1,NULL,NULL,0.00,'2009-04-18 14:38:14','PSV Annual Reminder Fee','2009-11-30 23:59:00',0,0.00,4.00,0,'2009-04-18 14:38:14',1),(278,'acr_immediate',1,'VEH','lcat_gv',NULL,1,NULL,NULL,6.00,'2009-04-18 14:38:14','GV Vehicle Fee','2009-12-31 23:59:00',0,6.00,0.00,0,'2009-04-18 14:38:14',1),(279,'acr_immediate',1,'GVANNVEH','lcat_gv',NULL,1,NULL,NULL,0.00,'2009-04-18 14:38:14','GV Annual Vehicle Fee','2009-12-31 23:59:00',0,0.00,6.00,0,'2009-04-18 14:38:14',1),(280,'acr_immediate',1,'GRANTVAR','lcat_gv',NULL,1,NULL,NULL,6.00,'2009-04-18 14:38:14','Grant Variation Vehicle Fee','2009-12-31 23:59:00',0,6.00,0.00,0,'2009-04-18 14:38:14',1),(281,'acr_immediate',1,'GRANT','lcat_psv',NULL,1,NULL,NULL,3.00,'2009-04-18 14:38:14','PSV Grant Fee','2009-12-31 23:59:00',0,3.00,0.00,0,'2009-04-18 14:38:14',1),(282,'acr_immediate',1,'CONT','lcat_psv',NULL,1,'ltyp_r',NULL,3.00,'2009-04-18 14:38:14','PSV/R Continuation Fee','2009-12-31 23:59:00',1,3.00,0.00,0,'2009-04-18 14:38:14',1),(283,'acr_immediate',1,'CONT','lcat_psv',NULL,1,'ltyp_si',NULL,3.00,'2009-04-18 14:38:14','PSV/SI Continuation Fee','2009-12-31 23:59:00',1,3.00,0.00,0,'2009-04-18 14:38:14',1),(284,'acr_immediate',1,'CONT','lcat_psv',NULL,1,'ltyp_sn',NULL,3.00,'2009-04-18 14:38:14','PSV/SN Continuation Fee','2009-12-31 23:59:00',1,3.00,0.00,0,'2009-04-18 14:38:14',1),(285,'acr_immediate',1,'VEH','lcat_psv',NULL,1,NULL,NULL,9.00,'2009-04-18 14:38:14','PSV Vehicle Fee','2009-12-31 23:59:00',0,9.00,0.00,0,'2009-04-18 14:38:14',1),(286,'acr_immediate',1,'ANN','lcat_psv',NULL,1,NULL,NULL,0.00,'2009-04-18 14:38:14','PSV Annual Reminder Fee','2009-12-31 23:59:00',0,0.00,3.00,0,'2009-04-18 14:38:14',1),(287,'acr_immediate',1,'VEH','lcat_gv',NULL,1,NULL,NULL,4.00,'2009-04-18 14:38:14','GV Vehicle Fee','2010-01-31 23:59:00',0,4.00,0.00,0,'2009-04-18 14:38:14',1),(288,'acr_immediate',1,'GVANNVEH','lcat_gv',NULL,1,NULL,NULL,0.00,'2009-04-18 14:38:14','GV Annual Vehicle Fee','2010-01-31 23:59:00',0,0.00,4.00,0,'2009-04-18 14:38:14',1),(289,'acr_immediate',1,'GRANTVAR','lcat_gv',NULL,1,NULL,NULL,4.00,'2009-04-18 14:38:14','Grant Variation Vehicle Fee','2010-01-31 23:59:00',0,4.00,0.00,0,'2009-04-18 14:38:14',1),(290,'acr_immediate',1,'GRANT','lcat_psv',NULL,1,NULL,NULL,2.00,'2009-04-18 14:38:14','PSV Grant Fee','2010-01-31 23:59:00',0,2.00,0.00,0,'2009-04-18 14:38:14',1),(291,'acr_immediate',1,'CONT','lcat_psv',NULL,1,'ltyp_r',NULL,2.00,'2009-04-18 14:38:14','PSV/R Continuation Fee','2010-01-31 23:59:00',1,2.00,0.00,0,'2009-04-18 14:38:14',1),(292,'acr_immediate',1,'CONT','lcat_psv',NULL,1,'ltyp_si',NULL,2.00,'2009-04-18 14:38:14','PSV/SI Continuation Fee','2010-01-31 23:59:00',1,2.00,0.00,0,'2009-04-18 14:38:14',1),(293,'acr_immediate',1,'CONT','lcat_psv',NULL,1,'ltyp_sn',NULL,2.00,'2009-04-18 14:38:14','PSV/SN Continuation Fee','2010-01-31 23:59:00',1,2.00,0.00,0,'2009-04-18 14:38:14',1),(294,'acr_immediate',1,'VEH','lcat_psv',NULL,1,NULL,NULL,6.00,'2009-04-18 14:38:14','PSV Vehicle Fee','2010-01-31 23:59:00',0,6.00,0.00,0,'2009-04-18 14:38:14',1),(295,'acr_immediate',1,'ANN','lcat_psv',NULL,1,NULL,NULL,0.00,'2009-04-18 14:38:14','PSV Annual Reminder Fee','2010-01-31 23:59:00',0,0.00,2.00,0,'2009-04-18 14:38:14',1),(296,'acr_immediate',1,'VEH','lcat_gv',NULL,1,NULL,NULL,2.00,'2009-04-18 14:38:14','GV Vehicle Fee','2010-02-28 23:59:00',0,2.00,0.00,0,'2009-04-18 14:38:14',1),(297,'acr_immediate',1,'GVANNVEH','lcat_gv',NULL,1,NULL,NULL,0.00,'2009-04-18 14:38:14','GV Annual Vehicle Fee','2010-02-28 23:59:00',0,0.00,2.00,0,'2009-04-18 14:38:14',1),(298,'acr_immediate',1,'GRANTVAR','lcat_gv',NULL,1,NULL,NULL,2.00,'2009-04-18 14:38:14','Grant Variation Vehicle Fee','2010-02-28 23:59:00',0,2.00,0.00,0,'2009-04-18 14:38:14',1),(299,'acr_immediate',1,'GRANT','lcat_psv',NULL,1,NULL,NULL,1.00,'2009-04-18 14:38:14','PSV Grant Fee','2010-02-28 23:59:00',0,1.00,0.00,0,'2009-04-18 14:38:14',1),(300,'acr_immediate',1,'CONT','lcat_psv',NULL,1,'ltyp_r',NULL,1.00,'2009-04-18 14:38:14','PSV/R Continuation Fee','2010-02-28 23:59:00',1,1.00,0.00,0,'2009-04-18 14:38:14',1),(301,'acr_immediate',1,'CONT','lcat_psv',NULL,1,'ltyp_si',NULL,1.00,'2009-04-18 14:38:14','PSV/SI Continuation Fee','2010-02-28 23:59:00',1,1.00,0.00,0,'2009-04-18 14:38:14',1),(302,'acr_immediate',1,'CONT','lcat_psv',NULL,1,'ltyp_sn',NULL,1.00,'2009-04-18 14:38:14','PSV/SN Continuation Fee','2010-02-28 23:59:00',1,1.00,0.00,0,'2009-04-18 14:38:14',1),(303,'acr_immediate',1,'VEH','lcat_psv',NULL,1,NULL,NULL,3.00,'2009-04-18 14:38:14','PSV Vehicle Fee','2010-02-28 23:59:00',0,3.00,0.00,0,'2009-04-18 14:38:14',1),(304,'acr_immediate',1,'ANN','lcat_psv',NULL,1,NULL,NULL,0.00,'2009-04-18 14:38:14','PSV Annual Reminder Fee','2010-02-28 23:59:00',0,0.00,1.00,0,'2009-04-18 14:38:14',1),(305,'acr_immediate',1,'VEH','lcat_gv',NULL,1,NULL,NULL,0.00,'2009-04-18 14:38:14','GV Vehicle Fee','2010-03-31 23:59:00',0,0.00,0.00,0,'2009-04-18 14:38:14',1),(306,'acr_immediate',1,'GVANNVEH','lcat_gv',NULL,1,NULL,NULL,0.00,'2009-04-18 14:38:14','GV Annual Vehicle Fee','2010-03-31 23:59:00',0,0.00,0.00,0,'2009-04-18 14:38:14',1),(307,'acr_immediate',1,'GRANTVAR','lcat_gv',NULL,1,NULL,NULL,0.00,'2009-04-18 14:38:14','Grant Variation Vehicle Fee','2010-03-31 23:59:00',0,0.00,0.00,0,'2009-04-18 14:38:14',1),(308,'acr_immediate',1,'GRANT','lcat_psv',NULL,1,NULL,NULL,0.00,'2009-04-18 14:38:14','PSV Grant Fee','2010-03-31 23:59:00',0,0.00,0.00,0,'2009-04-18 14:38:14',1),(309,'acr_immediate',1,'CONT','lcat_psv',NULL,1,'ltyp_r',NULL,0.00,'2009-04-18 14:38:14','PSV/R Continuation Fee','2010-03-31 23:59:00',1,0.00,0.00,0,'2009-04-18 14:38:14',1),(310,'acr_immediate',1,'CONT','lcat_psv',NULL,1,'ltyp_si',NULL,0.00,'2009-04-18 14:38:14','PSV/SI Continuation Fee','2010-03-31 23:59:00',1,0.00,0.00,0,'2009-04-18 14:38:14',1),(311,'acr_immediate',1,'CONT','lcat_psv',NULL,1,'ltyp_sn',NULL,0.00,'2009-04-18 14:38:14','PSV/SN Continuation Fee','2010-03-31 23:59:00',1,0.00,0.00,0,'2009-04-18 14:38:14',1),(312,'acr_immediate',1,'VEH','lcat_psv',NULL,1,NULL,NULL,0.00,'2009-04-18 14:38:14','PSV Vehicle Fee','2010-03-31 23:59:00',0,0.00,0.00,0,'2009-04-18 14:38:14',1),(313,'acr_immediate',1,'ANN','lcat_psv',NULL,1,NULL,NULL,0.00,'2009-04-18 14:38:14','PSV Annual Reminder Fee','2010-03-31 23:59:00',0,0.00,0.00,0,'2009-04-18 14:38:14',1),(314,'acr_immediate',1,'APP','lcat_gv',NULL,1,'ltyp_r',NULL,0.00,'2011-05-27 00:00:00','GV/R Application Fee','2011-05-27 23:00:00',0,0.00,250.00,0,'2011-05-27 00:00:00',1),(315,'acr_immediate',1,'APP','lcat_gv',NULL,1,'ltyp_si',NULL,0.00,'2011-05-27 00:00:00','GV/SI Application Fee','2011-05-27 23:00:00',0,0.00,250.00,0,'2011-05-27 00:00:00',1),(316,'acr_immediate',1,'APP','lcat_gv',NULL,1,'ltyp_sn',NULL,0.00,'2011-05-27 00:00:00','GV/SN Application Fee','2011-05-27 23:00:00',0,0.00,250.00,0,'2011-05-27 00:00:00',1),(317,'acr_licence_start',1,'GRANT','lcat_gv',NULL,1,'ltyp_r',NULL,391.00,'2011-05-27 00:00:00','GV/R Grant Fee','2011-05-27 23:00:00',0,391.00,0.00,0,'2011-05-27 00:00:00',1),(318,'acr_licence_start',1,'GRANT','lcat_gv',NULL,1,'ltyp_si',NULL,391.00,'2011-05-27 00:00:00','GV/SI Grant Fee','2011-05-27 23:00:00',0,391.00,0.00,0,'2011-05-27 00:00:00',1),(319,'acr_licence_start',1,'GRANT','lcat_gv',NULL,1,'ltyp_sn',NULL,391.00,'2011-05-27 00:00:00','GV/SN Grant Fee','2011-05-27 23:00:00',0,391.00,0.00,0,'2011-05-27 00:00:00',1),(320,'acr_immediate',1,'GRANTINT','lcat_gv',NULL,1,'ltyp_r',NULL,0.00,'2011-05-27 00:00:00','GV/R Grant Interim Fee','2011-05-27 23:00:00',0,0.00,66.00,0,'2011-05-27 00:00:00',1),(321,'acr_immediate',1,'GRANTINT','lcat_gv',NULL,1,'ltyp_si',NULL,0.00,'2011-05-27 00:00:00','GV/SI Grant Interim Fee','2011-05-27 23:00:00',0,0.00,66.00,0,'2011-05-27 00:00:00',1),(322,'acr_immediate',1,'GRANTINT','lcat_gv',NULL,1,'ltyp_sn',NULL,0.00,'2011-05-27 00:00:00','GV/SN Grant Interim Fee','2011-05-27 23:00:00',0,0.00,66.00,0,'2011-05-27 00:00:00',1),(323,'acr_immediate',1,'CONT','lcat_gv',NULL,1,'ltyp_r',NULL,391.00,'2011-05-27 00:00:00','GV/R Continuation Fee','2011-05-27 23:00:00',1,391.00,0.00,0,'2011-05-27 00:00:00',1),(324,'acr_immediate',1,'CONT','lcat_gv',NULL,1,'ltyp_si',NULL,391.00,'2011-05-27 00:00:00','GV/SI Continuation Fee','2011-05-27 23:00:00',1,391.00,0.00,0,'2011-05-27 00:00:00',1),(325,'acr_immediate',1,'CONT','lcat_gv',NULL,1,'ltyp_sn',NULL,391.00,'2011-05-27 00:00:00','GV/SN Continuation Fee','2011-05-27 23:00:00',1,391.00,0.00,0,'2011-05-27 00:00:00',1),(326,'acr_immediate',1,'VAR','lcat_gv',NULL,1,'ltyp_r',NULL,0.00,'2011-05-27 00:00:00','GV/R Variation Fee','2011-05-27 23:00:00',0,0.00,250.00,0,'2011-05-27 00:00:00',1),(327,'acr_immediate',1,'VAR','lcat_gv',NULL,1,'ltyp_si',NULL,0.00,'2011-05-27 00:00:00','GV/SI Variation Fee','2011-05-27 23:00:00',0,0.00,250.00,0,'2011-05-27 00:00:00',1),(328,'acr_immediate',1,'VAR','lcat_gv',NULL,1,'ltyp_sn',NULL,0.00,'2011-05-27 00:00:00','GV/SN Variation Fee','2011-05-27 23:00:00',0,0.00,250.00,0,'2011-05-27 00:00:00',1),(329,'acr_immediate',1,'VAR','lcat_psv',NULL,1,'ltyp_r',NULL,0.00,'2011-05-27 00:00:00','PSV/R Variation Fee','2011-05-27 23:00:00',0,0.00,119.00,0,'2011-05-27 00:00:00',1),(330,'acr_immediate',1,'VAR','lcat_psv',NULL,1,'ltyp_si',NULL,0.00,'2011-05-27 00:00:00','PSV/SI Variation Fee','2011-05-27 23:00:00',0,0.00,119.00,0,'2011-05-27 00:00:00',1),(331,'acr_immediate',1,'VAR','lcat_psv',NULL,1,'ltyp_sn',NULL,0.00,'2011-05-27 00:00:00','PSV/SN Variation Fee','2011-05-27 23:00:00',0,0.00,119.00,0,'2011-05-27 00:00:00',1),(332,'acr_immediate',1,'VAR','lcat_psv',NULL,1,'ltyp_sr',NULL,0.00,'2011-05-27 00:00:00','PSV/SR Variation Fee','2011-05-27 23:00:00',0,0.00,119.00,0,'2011-05-27 00:00:00',1),(333,'acr_immediate',1,'APP','lcat_psv',NULL,1,'ltyp_r',NULL,0.00,'2012-03-30 10:32:00','PSV/R Application Fee','2012-03-31 23:59:59',0,0.00,206.30,0,'2012-03-30 10:32:00',1),(334,'acr_immediate',1,'APP','lcat_psv',NULL,1,'ltyp_sn',NULL,0.00,'2012-03-30 10:32:00','PSV/SN Application Fee','2012-03-31 23:59:59',0,0.00,206.20,0,'2012-03-30 10:32:00',1),(335,'acr_immediate',1,'APP','lcat_psv',NULL,1,'ltyp_si',NULL,0.00,'2012-03-30 10:32:00','PSV/SI Application Fee','2012-03-31 23:59:59',0,0.00,206.10,0,'2012-03-30 10:32:00',1),(336,'acr_immediate',1,'APP','lcat_gv',NULL,1,'ltyp_r',NULL,0.00,'2012-03-30 10:32:00','GV/R Application Fee','2012-03-31 23:59:59',0,0.00,254.60,0,'2012-03-30 10:32:00',1),(337,'acr_immediate',1,'APP','lcat_gv',NULL,1,'ltyp_si',NULL,0.00,'2012-03-30 10:32:00','GV/SI Application Fee','2012-03-31 23:59:59',0,0.00,254.50,0,'2012-03-30 10:32:00',1),(338,'acr_immediate',1,'APP','lcat_gv',NULL,1,'ltyp_sn',NULL,0.00,'2012-03-30 10:32:00','GV/SN Application Fee','2012-03-31 23:59:59',0,0.00,254.40,0,'2012-03-30 10:32:00',1),(339,'acr_immediate',1,'GRANT','lcat_gv',NULL,1,'ltyp_r',NULL,397.00,'2012-03-30 10:32:00','GV/R Grant Fee','2012-03-31 23:59:59',0,397.00,0.00,0,'2012-03-30 10:32:00',1),(340,'acr_immediate',1,'GRANT','lcat_gv',NULL,1,'ltyp_si',NULL,397.00,'2012-03-30 10:32:00','GV/SI Grant Fee','2012-03-31 23:59:59',0,397.00,0.00,0,'2012-03-30 10:32:00',1),(341,'acr_immediate',1,'GRANT','lcat_gv',NULL,1,'ltyp_sn',NULL,397.00,'2012-03-30 10:32:00','GV/SN Grant Fee','2012-03-31 23:59:59',0,397.00,0.00,0,'2012-03-30 10:32:00',1),(342,'acr_immediate',1,'GRANTINT','lcat_gv',NULL,1,'ltyp_r',NULL,0.00,'2012-03-30 10:32:00','GV/R Grant Interim Fee','2012-03-31 23:59:59',0,0.00,68.00,0,'2012-03-30 10:32:00',1),(343,'acr_immediate',1,'GRANTINT','lcat_gv',NULL,1,'ltyp_si',NULL,0.00,'2012-03-30 10:32:00','GV/SI Grant Interim Fee','2012-03-31 23:59:59',0,0.00,68.00,0,'2012-03-30 10:32:00',1),(344,'acr_immediate',1,'GRANTINT','lcat_gv',NULL,1,'ltyp_sn',NULL,0.00,'2012-03-30 10:32:00','GV/SN Grant Interim Fee','2012-03-31 23:59:59',0,0.00,68.00,0,'2012-03-30 10:32:00',1),(345,'acr_continuation',1,'CONT','lcat_gv',NULL,1,'ltyp_r',NULL,397.00,'2012-03-30 10:32:00','GV/R Continuation Fee','2012-03-31 23:59:59',1,397.00,0.00,0,'2012-03-30 10:32:00',1),(346,'acr_continuation',1,'CONT','lcat_gv',NULL,1,'ltyp_si',NULL,397.00,'2012-03-30 10:32:00','GV/SI Continuation Fee','2012-03-31 23:59:59',1,397.00,0.00,0,'2012-03-30 10:32:00',1),(347,'acr_continuation',1,'CONT','lcat_gv',NULL,1,'ltyp_sn',NULL,397.00,'2012-03-30 10:32:00','GV/SN Continuation Fee','2012-03-31 23:59:59',1,397.00,0.00,0,'2012-03-30 10:32:00',1),(348,'acr_immediate',1,'VAR','lcat_gv',NULL,1,'ltyp_r',NULL,0.00,'2012-03-30 10:32:00','GV/R Variation Fee','2012-03-31 23:59:59',0,0.00,254.00,0,'2012-03-30 10:32:00',1),(349,'acr_immediate',1,'VAR','lcat_gv',NULL,1,'ltyp_si',NULL,0.00,'2012-03-30 10:32:00','GV/SI Variation Fee','2012-03-31 23:59:59',0,0.00,254.00,0,'2012-03-30 10:32:00',1),(350,'acr_immediate',1,'VAR','lcat_gv',NULL,1,'ltyp_sn',NULL,0.00,'2012-03-30 10:32:00','GV/SN Variation Fee','2012-03-31 23:59:59',0,0.00,254.00,0,'2012-03-30 10:32:00',1),(351,'acr_immediate',1,'VAR','lcat_psv',NULL,1,'ltyp_r',NULL,0.00,'2012-03-30 10:32:00','PSV/R Variation Fee','2012-03-31 23:59:59',0,0.00,121.00,0,'2012-03-30 10:32:00',1),(352,'acr_immediate',1,'VAR','lcat_psv',NULL,1,'ltyp_si',NULL,0.00,'2012-03-30 10:32:00','PSV/SI Variation Fee','2012-03-31 23:59:59',0,0.00,121.00,0,'2012-03-30 10:32:00',1),(353,'acr_immediate',1,'VAR','lcat_psv',NULL,1,'ltyp_sn',NULL,0.00,'2012-03-30 10:32:00','PSV/SN Variation Fee','2012-03-31 23:59:59',0,0.00,121.00,0,'2012-03-30 10:32:00',1),(10029,'acr_immediate',NULL,'IRFOPSVAPP','lcat_psv',NULL,NULL,NULL,NULL,0.00,NULL,'IRFO PSV EU Reg Serv Op Prtnr (17) App Fee','1995-01-01 00:00:00',0,0.00,163.00,0,NULL,1),(10030,'acr_immediate',NULL,'IRFOPSVAPP','lcat_psv',NULL,NULL,NULL,NULL,0.00,NULL,'IRFO PSV EU Reg Serv Op No Prtnr (19A) App Fee','1995-01-01 00:00:00',0,0.00,163.00,0,NULL,1),(10031,'acr_immediate',NULL,'IRFOPSVAPP','lcat_psv',NULL,NULL,NULL,NULL,0.00,NULL,'IRFO PSV NEU Reg Serv Op Prtnr (18) App Fee','1995-01-01 00:00:00',0,0.00,163.00,0,NULL,1),(10032,'acr_immediate',NULL,'IRFOPSVAPP','lcat_psv',NULL,NULL,NULL,NULL,0.00,NULL,'IRFO PSV NEU Reg Serv Op No Prtnr (19) App Fee','1995-01-01 00:00:00',0,0.00,180.00,0,NULL,1),(10033,'acr_immediate',NULL,'IRFOPSVAPP','lcat_psv',NULL,NULL,NULL,NULL,0.00,NULL,'IRFO PSV NEU Occ Serv Op (19) App Fee','1995-01-01 00:00:00',0,0.00,160.00,0,NULL,1),(10034,'acr_immediate',NULL,'IRFOPSVAPP','lcat_psv',NULL,NULL,NULL,NULL,0.00,NULL,'IRFO PSV Shuttle Serv Op (20) App Fee','1995-01-01 00:00:00',0,0.00,163.00,0,NULL,1),(10035,'acr_immediate',NULL,'IRFOPSVAPP','lcat_psv',NULL,NULL,NULL,NULL,0.00,NULL,'IRFO PSV Own A/C (21) App Fee','1995-01-01 00:00:00',0,0.00,0.00,0,NULL,1),(10036,'acr_immediate',NULL,'IRFOPSVANN','lcat_psv',NULL,NULL,NULL,NULL,0.00,NULL,'IRFO PSV EU Reg Serv Op Prtnr (17) Ann Fee','1995-01-01 00:00:00',0,0.00,34.00,0,NULL,1),(10037,'acr_immediate',NULL,'IRFOPSVANN','lcat_psv',NULL,NULL,NULL,NULL,0.00,NULL,'IRFO PSV EU Reg Serv Op No Prtnr (19A) Ann Fee','1995-01-01 00:00:00',0,0.00,34.00,0,NULL,1),(10038,'acr_immediate',NULL,'IRFOPSVANN','lcat_psv',NULL,NULL,NULL,NULL,0.00,NULL,'IRFO PSV NEU Reg Serv Op Prtnr (18) Ann Fee','1995-01-01 00:00:00',0,0.00,34.00,0,NULL,1),(10039,'acr_immediate',NULL,'IRFOPSVANN','lcat_psv',NULL,NULL,NULL,NULL,0.00,NULL,'IRFO PSV NEU Reg Serv Op No Prtnr (19) Ann Fee','1995-01-01 00:00:00',0,0.00,34.00,0,NULL,1),(10040,'acr_immediate',NULL,'IRFOPSVANN','lcat_psv',NULL,NULL,NULL,NULL,0.00,NULL,'IRFO PSV NEU Occ Serv Op (19) Ann Fee','1995-01-01 00:00:00',0,0.00,34.00,0,NULL,1),(10041,'acr_immediate',NULL,'IRFOPSVANN','lcat_psv',NULL,NULL,NULL,NULL,0.00,NULL,'IRFO PSV Shuttle Serv Op (20) Ann Fee','1995-01-01 00:00:00',0,0.00,34.00,0,NULL,1),(10042,'acr_immediate',NULL,'IRFOPSVANN','lcat_psv',NULL,NULL,NULL,NULL,0.00,NULL,'IRFO PSV Own A/C (21) Ann Fee','1995-01-01 00:00:00',0,0.00,5.00,0,NULL,1),(10043,'acr_immediate',NULL,'IRFOPSVCOPY','lcat_psv',NULL,NULL,NULL,NULL,0.00,NULL,'IRFO PSV EU Reg Serv Op Prtnr (17) Copy Fee','1995-01-01 00:00:00',0,0.00,11.00,0,NULL,1),(10044,'acr_immediate',NULL,'IRFOPSVCOPY','lcat_psv',NULL,NULL,NULL,NULL,0.00,NULL,'IRFO PSV EU Reg Serv Op No Prtnr (19A) Copy Fee','1995-01-01 00:00:00',0,0.00,11.00,0,NULL,1),(10045,'acr_immediate',NULL,'IRFOPSVCOPY','lcat_psv',NULL,NULL,NULL,NULL,0.00,NULL,'IRFO PSV NEU Reg Serv Op Prtnr (18) Copy Fee','1995-01-01 00:00:00',0,0.00,11.00,0,NULL,1),(10046,'acr_immediate',NULL,'IRFOPSVCOPY','lcat_psv',NULL,NULL,NULL,NULL,0.00,NULL,'IRFO PSV NEU Reg Serv Op No Prtnr (19) Copy Fee','1995-01-01 00:00:00',0,0.00,11.00,0,NULL,1),(10047,'acr_immediate',NULL,'IRFOPSVCOPY','lcat_psv',NULL,NULL,NULL,NULL,0.00,NULL,'IRFO PSV NEU Occ Serv Op (19) Copy Fee','1995-01-01 00:00:00',0,0.00,11.00,0,NULL,1),(10048,'acr_immediate',NULL,'IRFOPSVCOPY','lcat_psv',NULL,NULL,NULL,NULL,0.00,NULL,'IRFO PSV Shuttle Serv Op (20) Copy Fee','1995-01-01 00:00:00',0,0.00,11.00,0,NULL,1),(10049,'acr_immediate',NULL,'IRFOPSVCOPY','lcat_psv',NULL,NULL,NULL,NULL,0.00,NULL,'IRFO PSV Own A/C (21) Copy Fee','1995-01-01 00:00:00',0,0.00,0.00,0,NULL,1),(10050,'acr_immediate',NULL,'IRFOGVPERMIT','lcat_gv','irfo_fee_type_1',NULL,NULL,NULL,0.00,NULL,'IRFO GV ECMT 100% Permit Fee','1995-01-01 00:00:00',0,0.00,121.00,0,NULL,1),(10051,'acr_immediate',NULL,'IRFOGVPERMIT','lcat_gv','irfo_fee_type_2',NULL,NULL,NULL,0.00,NULL,'IRFO GV ECMT 75% Permit Fee','1995-01-01 00:00:00',0,0.00,90.00,0,NULL,1),(10052,'acr_immediate',1,'IRFOGVPERMIT','lcat_gv','irfo_fee_type_3',NULL,NULL,NULL,0.00,NULL,'IRFO GV ECMT 50% Permit Fee','1995-01-01 00:00:00',0,0.00,60.00,0,NULL,1),(10053,'acr_immediate',1,'IRFOGVPERMIT','lcat_gv','irfo_fee_type_4',NULL,NULL,NULL,0.00,NULL,'IRFO GV ECMT 25% Permit Fee','1995-01-01 00:00:00',0,0.00,30.00,0,NULL,1),(10054,'acr_immediate',1,'IRFOGVPERMIT','lcat_gv','irfo_fee_type_5',NULL,NULL,NULL,0.00,NULL,'IRFO GV ECMT Community Removal Permit Fee','1995-01-01 00:00:00',0,0.00,16.00,0,NULL,1),(10055,'acr_immediate',1,'IRFOGVPERMIT','lcat_gv','irfo_fee_type_6',NULL,NULL,NULL,0.00,NULL,'IRFO GV Single Journey to Any Country Permit Fee','1995-01-01 00:00:00',0,0.00,7.00,0,NULL,1),(10056,'acr_immediate',1,'IRFOGVPERMIT','lcat_gv','irfo_fee_type_7',NULL,NULL,NULL,0.00,NULL,'IRFO GV Turkey - 4 Journeys Permit Fee','1995-01-01 00:00:00',0,0.00,13.00,0,NULL,1),(10057,'acr_immediate',1,'IRFOGVPERMIT','lcat_gv','irfo_fee_type_8',NULL,NULL,NULL,0.00,NULL,'IRFO GV Morocco - 15 journeys Permit Fee','1995-01-01 00:00:00',0,0.00,46.00,0,NULL,1),(10058,'acr_immediate',1,'IRFOPSVAPP','lcat_psv',NULL,1,NULL,NULL,0.00,'2008-07-15 16:49:17','IRFO PSV EU Reg Serv Op Prtnr (17) App Fee','2008-07-31 23:59:59',0,0.00,180.00,0,'2008-07-15 16:49:17',1),(10059,'acr_immediate',1,'IRFOPSVAPP','lcat_psv',NULL,1,NULL,NULL,0.00,'2008-07-15 16:49:17','IRFO PSV EU Reg Serv Op No Prtnr (19A) App Fee','2008-07-31 23:59:59',0,0.00,180.00,0,'2008-07-15 16:49:17',1),(10060,'acr_immediate',1,'IRFOPSVAPP','lcat_psv',NULL,1,NULL,NULL,0.00,'2008-07-15 16:49:17','IRFO PSV NEU Reg Serv Op Prtnr (18) App Fee','2008-07-31 23:59:59',0,0.00,180.00,0,'2008-07-15 16:49:17',1),(10061,'acr_immediate',1,'IRFOPSVAPP','lcat_psv',NULL,1,NULL,NULL,0.00,'2008-07-15 16:49:17','IRFO PSV NEU Occ Serv Op (19) App Fee','2008-07-31 23:59:59',0,0.00,176.00,0,'2008-07-15 16:49:17',1),(10062,'acr_immediate',1,'IRFOPSVAPP','lcat_psv',NULL,1,NULL,NULL,0.00,'2008-07-15 16:49:17','IRFO PSV Shuttle Serv Op (20) App Fee','2008-07-31 23:59:59',0,0.00,180.00,0,'2008-07-15 16:49:17',1),(10063,'acr_immediate',1,'IRFOPSVANN','lcat_psv',NULL,1,NULL,NULL,0.00,'2008-07-15 16:49:17','IRFO PSV EU Reg Serv Op Prtnr (17) Ann Fee','2008-07-31 23:59:59',0,0.00,38.00,0,'2008-07-15 16:49:17',1),(10064,'acr_immediate',1,'IRFOPSVANN','lcat_psv',NULL,1,NULL,NULL,0.00,'2008-07-15 16:49:17','IRFO PSV EU Reg Serv Op No Prtnr (19A) Ann Fee','2008-07-31 23:59:59',0,0.00,38.00,0,'2008-07-15 16:49:17',1),(10065,'acr_immediate',1,'IRFOPSVANN','lcat_psv',NULL,1,NULL,NULL,0.00,'2008-07-15 16:49:17','IRFO PSV NEU Reg Serv Op Prtnr (18) Ann Fee','2008-07-31 23:59:59',0,0.00,38.00,0,'2008-07-15 16:49:17',1),(10066,'acr_immediate',1,'IRFOPSVANN','lcat_psv',NULL,1,NULL,NULL,0.00,'2008-07-15 16:49:17','IRFO PSV NEU Reg Serv Op No Prtnr (19) Ann Fee','2008-07-31 23:59:59',0,0.00,38.00,0,'2008-07-15 16:49:17',1),(10067,'acr_immediate',1,'IRFOPSVANN','lcat_psv',NULL,1,NULL,NULL,0.00,'2008-07-15 16:49:17','IRFO PSV NEU Occ Serv Op (19) Ann Fee','2008-07-31 23:59:59',0,0.00,38.00,0,'2008-07-15 16:49:17',1),(10068,'acr_immediate',1,'IRFOPSVANN','lcat_psv',NULL,1,NULL,NULL,0.00,'2008-07-15 16:49:17','IRFO PSV Shuttle Serv Op (20) Ann Fee','2008-07-31 23:59:59',0,0.00,38.00,0,'2008-07-15 16:49:17',1),(10069,'acr_immediate',1,'IRFOPSVANN','lcat_psv',NULL,1,NULL,NULL,0.00,'2008-07-15 16:49:17','IRFO PSV Own A/C (21) Ann Fee','2008-07-31 23:59:59',0,0.00,6.00,0,'2008-07-15 16:49:17',1),(10070,'acr_immediate',1,'IRFOPSVCOPY','lcat_psv',NULL,1,NULL,NULL,0.00,'2008-07-15 16:49:17','IRFO PSV EU Reg Serv Op Prtnr (17) Copy Fee','2008-07-31 23:59:59',0,0.00,13.00,0,'2008-07-15 16:49:17',1),(10071,'acr_immediate',1,'IRFOPSVCOPY','lcat_psv',NULL,1,NULL,NULL,0.00,'2008-07-15 16:49:17','IRFO PSV EU Reg Serv Op No Prtnr (19A) Copy Fee','2008-07-31 23:59:59',0,0.00,13.00,0,'2008-07-15 16:49:17',1),(10072,'acr_immediate',1,'IRFOPSVCOPY','lcat_psv',NULL,1,NULL,NULL,0.00,'2008-07-15 16:49:17','IRFO PSV NEU Reg Serv Op Prtnr (18) Copy Fee','2008-07-31 23:59:59',0,0.00,13.00,0,'2008-07-15 16:49:17',1),(10073,'acr_immediate',1,'IRFOPSVCOPY','lcat_psv',NULL,1,NULL,NULL,0.00,'2008-07-15 16:49:17','IRFO PSV NEU Reg Serv Op No Prtnr (19) Copy Fee','2008-07-31 23:59:59',0,0.00,13.00,0,'2008-07-15 16:49:17',1),(10074,'acr_immediate',1,'IRFOPSVCOPY','lcat_psv',NULL,1,NULL,NULL,0.00,'2008-07-15 16:49:17','IRFO PSV NEU Occ Serv Op (19) Copy Fee','2008-07-31 23:59:59',0,0.00,13.00,0,'2008-07-15 16:49:17',1),(10075,'acr_immediate',1,'IRFOPSVCOPY','lcat_psv',NULL,1,NULL,NULL,0.00,'2008-07-15 16:49:17','IRFO PSV Shuttle Serv Op (20) Copy Fee','2008-07-31 23:59:59',0,0.00,13.00,0,'2008-07-15 16:49:17',1),(10076,'acr_immediate',1,'IRFOGVPERMIT','lcat_gv','irfo_fee_type_1',1,NULL,NULL,0.00,'2008-07-15 16:49:17','IRFO GV ECMT 100% Permit Fee','2008-07-31 23:59:59',0,0.00,133.00,0,'2008-07-15 16:49:17',1),(10077,'acr_immediate',1,'IRFOGVPERMIT','lcat_gv','irfo_fee_type_2',1,NULL,NULL,0.00,'2008-07-15 16:49:17','IRFO GV ECMT 75% Permit Fee','2008-07-31 23:59:59',0,0.00,102.00,0,'2008-07-15 16:49:17',1),(10078,'acr_immediate',1,'IRFOGVPERMIT','lcat_gv','irfo_fee_type_3',1,NULL,NULL,0.00,'2008-07-15 16:49:17','IRFO GV ECMT 50% Permit Fee','2008-07-31 23:59:59',0,0.00,68.00,0,'2008-07-15 16:49:17',1),(10079,'acr_immediate',1,'IRFOGVPERMIT','lcat_gv','irfo_fee_type_4',1,NULL,NULL,0.00,'2008-07-15 16:49:17','IRFO GV ECMT 25% Permit Fee','2008-07-31 23:59:59',0,0.00,34.00,0,'2008-07-15 16:49:17',1),(10080,'acr_immediate',1,'IRFOGVPERMIT','lcat_gv','irfo_fee_type_5',1,NULL,NULL,0.00,'2008-07-15 16:49:17','IRFO GV ECMT Community Removal Permit Fee','2008-07-31 23:59:59',0,0.00,18.00,0,'2008-07-15 16:49:17',1),(10081,'acr_immediate',1,'IRFOGVPERMIT','lcat_gv','irfo_fee_type_6',1,NULL,NULL,0.00,'2008-07-15 16:49:17','IRFO GV Single Journey to Any Country Permit Fee','2008-07-31 23:59:59',0,0.00,8.00,0,'2008-07-15 16:49:17',1),(10082,'acr_immediate',1,'IRFOGVPERMIT','lcat_gv','irfo_fee_type_7',1,NULL,NULL,0.00,'2008-07-15 16:49:17','IIRFO GV Turkey - 4 Journeys Permit Fee','2008-07-31 23:59:59',0,0.00,13.00,0,'2008-07-15 16:49:17',1),(10083,'acr_immediate',1,'IRFOGVPERMIT','lcat_gv','irfo_fee_type_8',1,NULL,NULL,0.00,'2008-07-15 16:49:17','IRFO GV Morocco - 15 journeys Permit Fee','2008-07-31 23:59:59',0,0.00,50.00,0,'2008-07-15 16:49:17',1),(10084,'acr_immediate',1,'IRFOPSVAPP','lcat_psv',NULL,1,NULL,NULL,0.00,'2008-12-08 08:54:52','IRFO PSV EU Reg Serv Op Prtnr (17) App Fee','1996-01-01 23:59:59',0,0.00,180.00,0,'2008-12-08 08:54:52',1),(10085,'acr_immediate',1,'IRFOPSVAPP','lcat_psv',NULL,1,NULL,NULL,0.00,'2008-12-08 08:54:52','IRFO PSV EU Reg Serv Op No Prtnr (19A) App Fee','1996-01-01 23:59:59',0,0.00,180.00,0,'2008-12-08 08:54:52',1),(10086,'acr_immediate',1,'IRFOPSVAPP','lcat_psv',NULL,1,NULL,NULL,0.00,'2008-12-08 08:54:52','IRFO PSV NEU Reg Serv Op Prtnr (18) App Fee','1996-01-01 23:59:59',0,0.00,180.00,0,'2008-12-08 08:54:52',1),(10087,'acr_immediate',1,'IRFOPSVAPP','lcat_psv',NULL,1,NULL,NULL,0.00,'2008-12-08 08:54:52','IRFO PSV NEU Occ Serv Op (19) App Fee','1996-01-01 23:59:59',0,0.00,176.00,0,'2008-12-08 08:54:52',1),(10088,'acr_immediate',1,'IRFOPSVAPP','lcat_psv',NULL,1,NULL,NULL,0.00,'2008-12-08 08:54:52','IRFO PSV Shuttle Serv Op (20) App Fee','1996-01-01 23:59:59',0,0.00,180.00,0,'2008-12-08 08:54:52',1),(10089,'acr_immediate',1,'IRFOPSVANN','lcat_psv',NULL,1,NULL,NULL,0.00,'2008-12-08 08:54:52','IRFO PSV EU Reg Serv Op Prtnr (17) Ann Fee','1996-01-01 23:59:59',0,0.00,38.00,0,'2008-12-08 08:54:52',1),(10090,'acr_immediate',1,'IRFOPSVANN','lcat_psv',NULL,1,NULL,NULL,0.00,'2008-12-08 08:54:52','IRFO PSV EU Reg Serv Op No Prtnr (19A) Ann Fee','1996-01-01 23:59:59',0,0.00,38.00,0,'2008-12-08 08:54:52',1),(10091,'acr_immediate',1,'IRFOPSVANN','lcat_psv',NULL,1,NULL,NULL,0.00,'2008-12-08 08:54:52','IRFO PSV NEU Reg Serv Op Prtnr (18) Ann Fee','1996-01-01 23:59:59',0,0.00,38.00,0,'2008-12-08 08:54:52',1),(10092,'acr_immediate',1,'IRFOPSVANN','lcat_psv',NULL,1,NULL,NULL,0.00,'2008-12-08 08:54:52','IRFO PSV NEU Reg Serv Op No Prtnr (19) Ann Fee','1996-01-01 23:59:59',0,0.00,38.00,0,'2008-12-08 08:54:52',1),(10093,'acr_immediate',1,'IRFOPSVANN','lcat_psv',NULL,1,NULL,NULL,0.00,'2008-12-08 08:54:52','IRFO PSV NEU Occ Serv Op (19) Ann Fee','1996-01-01 23:59:59',0,0.00,38.00,0,'2008-12-08 08:54:52',1),(10094,'acr_immediate',1,'IRFOPSVANN','lcat_psv',NULL,1,NULL,NULL,0.00,'2008-12-08 08:54:52','IRFO PSV Shuttle Serv Op (20) Ann Fee','1996-01-01 23:59:59',0,0.00,38.00,0,'2008-12-08 08:54:52',1),(10095,'acr_immediate',1,'IRFOPSVANN','lcat_psv',NULL,1,NULL,NULL,0.00,'2008-12-08 08:54:52','IRFO PSV Own A/C (21) Ann Fee','1996-01-01 23:59:59',0,0.00,6.00,0,'2008-12-08 08:54:52',1),(10096,'acr_immediate',1,'IRFOPSVCOPY','lcat_psv',NULL,1,NULL,NULL,0.00,'2008-12-08 08:54:52','IRFO PSV EU Reg Serv Op Prtnr (17) Copy Fee','1996-01-01 23:59:59',0,0.00,13.00,0,'2008-12-08 08:54:52',1),(10097,'acr_immediate',1,'IRFOPSVCOPY','lcat_psv',NULL,1,NULL,NULL,0.00,'2008-12-08 08:54:52','IRFO PSV EU Reg Serv Op No Prtnr (19A) Copy Fee','1996-01-01 23:59:59',0,0.00,13.00,0,'2008-12-08 08:54:52',1),(10098,'acr_immediate',1,'IRFOPSVCOPY','lcat_psv',NULL,1,NULL,NULL,0.00,'2008-12-08 08:54:52','IRFO PSV NEU Reg Serv Op Prtnr (18) Copy Fee','1996-01-01 23:59:59',0,0.00,13.00,0,'2008-12-08 08:54:52',1),(10099,'acr_immediate',1,'IRFOPSVCOPY','lcat_psv',NULL,1,NULL,NULL,0.00,'2008-12-08 08:54:52','IRFO PSV NEU Reg Serv Op No Prtnr (19) Copy Fee','1996-01-01 23:59:59',0,0.00,13.00,0,'2008-12-08 08:54:52',1),(10100,'acr_immediate',1,'IRFOPSVCOPY','lcat_psv',NULL,1,NULL,NULL,0.00,'2008-12-08 08:54:52','IRFO PSV NEU Occ Serv Op (19) Copy Fee','1996-01-01 23:59:59',0,0.00,13.00,0,'2008-12-08 08:54:52',1),(10101,'acr_immediate',1,'IRFOPSVCOPY','lcat_psv',NULL,1,NULL,NULL,0.00,'2008-12-08 08:54:52','IRFO PSV Shuttle Serv Op (20) Copy Fee','1996-01-01 23:59:59',0,0.00,13.00,0,'2008-12-08 08:54:52',1),(10102,'acr_immediate',1,'IRFOGVPERMIT','lcat_gv','irfo_fee_type_1',1,NULL,NULL,0.00,'2008-12-08 08:54:52','IRFO GV ECMT 100% Permit Fee','1996-01-01 23:59:59',0,0.00,133.00,0,'2008-12-08 08:54:52',1),(10103,'acr_immediate',1,'IRFOGVPERMIT','lcat_gv','irfo_fee_type_2',1,NULL,NULL,0.00,'2008-12-08 08:54:52','IRFO GV ECMT 75% Permit Fee','1996-01-01 23:59:59',0,0.00,102.00,0,'2008-12-08 08:54:52',1),(10104,'acr_immediate',1,'IRFOGVPERMIT','lcat_gv','irfo_fee_type_3',1,NULL,NULL,0.00,'2008-12-08 08:54:52','IRFO GV ECMT 50% Permit Fee','1996-01-01 23:59:59',0,0.00,68.00,0,'2008-12-08 08:54:52',1),(10105,'acr_immediate',1,'IRFOGVPERMIT','lcat_gv','irfo_fee_type_4',1,NULL,NULL,0.00,'2008-12-08 08:54:52','IRFO GV ECMT 25% Permit Fee','1996-01-01 23:59:59',0,0.00,34.00,0,'2008-12-08 08:54:52',1),(10106,'acr_immediate',1,'IRFOGVPERMIT','lcat_gv','irfo_fee_type_5',1,NULL,NULL,0.00,'2008-12-08 08:54:52','IRFO GV ECMT Community Removal Permit Fee','1996-01-01 23:59:59',0,0.00,18.00,0,'2008-12-08 08:54:52',1),(10107,'acr_immediate',1,'IRFOGVPERMIT','lcat_gv','irfo_fee_type_6',1,NULL,NULL,0.00,'2008-12-08 08:54:52','IRFO GV Single Journey to Any Country Permit Fee','1996-01-01 23:59:59',0,0.00,8.00,0,'2008-12-08 08:54:52',1),(10108,'acr_immediate',1,'IRFOGVPERMIT','lcat_gv','irfo_fee_type_7',1,NULL,NULL,0.00,'2008-12-08 08:54:52','IIRFO GV Turkey - 4 Journeys Permit Fee','1996-01-01 23:59:59',0,0.00,13.00,0,'2008-12-08 08:54:52',1),(10109,'acr_immediate',1,'IRFOGVPERMIT','lcat_gv','irfo_fee_type_8',1,NULL,NULL,0.00,'2008-12-08 08:54:52','IRFO GV Morocco - 15 journeys Permit Fee','1996-01-01 23:59:59',0,0.00,50.00,0,'2008-12-08 08:54:52',1),(10110,'acr_immediate',1,'IRFOPSVAPP','lcat_psv',NULL,1,NULL,NULL,0.00,'2009-04-18 14:38:14','IRFO PSV EU Reg Serv Op Prtnr (17) App Fee','2009-05-02 23:59:00',0,0.00,180.00,0,'2009-04-18 14:38:14',1),(10111,'acr_immediate',1,'IRFOPSVAPP','lcat_psv',NULL,1,NULL,NULL,0.00,'2009-04-18 14:38:14','IRFO PSV EU Reg Serv Op No Prtnr (19A) App Fee','2009-05-02 23:59:00',0,0.00,180.00,0,'2009-04-18 14:38:14',1),(10112,'acr_immediate',1,'IRFOPSVAPP','lcat_psv',NULL,1,NULL,NULL,0.00,'2009-04-18 14:38:14','IRFO PSV NEU Reg Serv Op Prtnr (18) App Fee','2009-05-02 23:59:00',0,0.00,180.00,0,'2009-04-18 14:38:14',1),(10113,'acr_immediate',1,'IRFOPSVAPP','lcat_psv',NULL,1,NULL,NULL,0.00,'2009-04-18 14:38:14','IRFO PSV NEU Occ Serv Op (19) App Fee','2009-05-02 23:59:00',0,0.00,176.00,0,'2009-04-18 14:38:14',1),(10114,'acr_immediate',1,'IRFOPSVAPP','lcat_psv',NULL,1,NULL,NULL,0.00,'2009-04-18 14:38:14','IRFO PSV Shuttle Serv Op (20) App Fee','2009-05-02 23:59:00',0,0.00,180.00,0,'2009-04-18 14:38:14',1),(10115,'acr_immediate',1,'IRFOPSVANN','lcat_psv',NULL,1,NULL,NULL,0.00,'2009-04-18 14:38:14','IRFO PSV EU Reg Serv Op Prtnr (17) Ann Fee','2009-05-02 23:59:00',0,0.00,38.00,0,'2009-04-18 14:38:14',1),(10116,'acr_immediate',1,'IRFOPSVANN','lcat_psv',NULL,1,NULL,NULL,0.00,'2009-04-18 14:38:14','IRFO PSV EU Reg Serv Op No Prtnr (19A) Ann Fee','2009-05-02 23:59:00',0,0.00,38.00,0,'2009-04-18 14:38:14',1),(10117,'acr_immediate',1,'IRFOPSVANN','lcat_psv',NULL,1,NULL,NULL,0.00,'2009-04-18 14:38:14','IRFO PSV NEU Reg Serv Op Prtnr (18) Ann Fee','2009-05-02 23:59:00',0,0.00,38.00,0,'2009-04-18 14:38:14',1),(10118,'acr_immediate',1,'IRFOPSVANN','lcat_psv',NULL,1,NULL,NULL,0.00,'2009-04-18 14:38:14','IRFO PSV NEU Reg Serv Op No Prtnr (19) Ann Fee','2009-05-02 23:59:00',0,0.00,38.00,0,'2009-04-18 14:38:14',1),(10119,'acr_immediate',1,'IRFOPSVANN','lcat_psv',NULL,1,NULL,NULL,0.00,'2009-04-18 14:38:14','IRFO PSV NEU Occ Serv Op (19) Ann Fee','2009-05-02 23:59:00',0,0.00,38.00,0,'2009-04-18 14:38:14',1),(10120,'acr_immediate',1,'IRFOPSVANN','lcat_psv',NULL,1,NULL,NULL,0.00,'2009-04-18 14:38:14','IRFO PSV Shuttle Serv Op (20) Ann Fee','2009-05-02 23:59:00',0,0.00,38.00,0,'2009-04-18 14:38:14',1),(10121,'acr_immediate',1,'IRFOPSVANN','lcat_psv',NULL,1,NULL,NULL,0.00,'2009-04-18 14:38:14','IRFO PSV Own A/C (21) Ann Fee','2009-05-02 23:59:00',0,0.00,6.00,0,'2009-04-18 14:38:14',1),(10122,'acr_immediate',1,'IRFOPSVCOPY','lcat_psv',NULL,1,NULL,NULL,0.00,'2009-04-18 14:38:14','IRFO PSV EU Reg Serv Op Prtnr (17) Copy Fee','2009-05-02 23:59:00',0,0.00,13.00,0,'2009-04-18 14:38:14',1),(10123,'acr_immediate',1,'IRFOPSVCOPY','lcat_psv',NULL,1,NULL,NULL,0.00,'2009-04-18 14:38:14','IRFO PSV EU Reg Serv Op No Prtnr (19A) Copy Fee','2009-05-02 23:59:00',0,0.00,13.00,0,'2009-04-18 14:38:14',1),(10124,'acr_immediate',1,'IRFOPSVCOPY','lcat_psv',NULL,1,NULL,NULL,0.00,'2009-04-18 14:38:14','IRFO PSV NEU Reg Serv Op Prtnr (18) Copy Fee','2009-05-02 23:59:00',0,0.00,13.00,0,'2009-04-18 14:38:14',1),(10125,'acr_immediate',1,'IRFOPSVCOPY','lcat_psv',NULL,1,NULL,NULL,0.00,'2009-04-18 14:38:14','IRFO PSV NEU Reg Serv Op No Prtnr (19) Copy Fee','2009-05-02 23:59:00',0,0.00,13.00,0,'2009-04-18 14:38:14',1),(10126,'acr_immediate',1,'IRFOPSVCOPY','lcat_psv',NULL,1,NULL,NULL,0.00,'2009-04-18 14:38:14','IRFO PSV NEU Occ Serv Op (19) Copy Fee','2009-05-02 23:59:00',0,0.00,13.00,0,'2009-04-18 14:38:14',1),(10127,'acr_immediate',1,'IRFOPSVCOPY','lcat_psv',NULL,1,NULL,NULL,0.00,'2009-04-18 14:38:14','IRFO PSV Shuttle Serv Op (20) Copy Fee','2009-05-02 23:59:00',0,0.00,13.00,0,'2009-04-18 14:38:14',1),(10128,'acr_immediate',1,'IRFOGVPERMIT','lcat_gv','irfo_fee_type_1',1,NULL,NULL,0.00,'2009-04-18 14:38:14','IRFO GV ECMT 100% Permit Fee','2009-05-02 23:59:00',0,0.00,133.00,0,'2009-04-18 14:38:14',1),(10129,'acr_immediate',1,'IRFOGVPERMIT','lcat_gv','irfo_fee_type_2',1,NULL,NULL,0.00,'2009-04-18 14:38:14','IRFO GV ECMT 75% Permit Fee','2009-05-02 23:59:00',0,0.00,102.00,0,'2009-04-18 14:38:14',1),(10130,'acr_immediate',1,'IRFOGVPERMIT','lcat_gv','irfo_fee_type_3',1,NULL,NULL,0.00,'2009-04-18 14:38:14','IRFO GV ECMT 50% Permit Fee','2009-05-02 23:59:00',0,0.00,68.00,0,'2009-04-18 14:38:14',1),(10131,'acr_immediate',1,'IRFOGVPERMIT','lcat_gv','irfo_fee_type_4',1,NULL,NULL,0.00,'2009-04-18 14:38:14','IRFO GV ECMT 25% Permit Fee','2009-05-02 23:59:00',0,0.00,34.00,0,'2009-04-18 14:38:14',1),(10132,'acr_immediate',1,'IRFOGVPERMIT','lcat_gv','irfo_fee_type_5',1,NULL,NULL,0.00,'2009-04-18 14:38:14','IRFO GV ECMT Community Removal Permit Fee','2009-05-02 23:59:00',0,0.00,18.00,0,'2009-04-18 14:38:14',1),(10133,'acr_immediate',1,'IRFOGVPERMIT','lcat_gv','irfo_fee_type_6',1,NULL,NULL,0.00,'2009-04-18 14:38:14','IRFO GV Single Journey to Any Country Permit Fee','2009-05-02 23:59:00',0,0.00,8.00,0,'2009-04-18 14:38:14',1),(10134,'acr_immediate',1,'IRFOGVPERMIT','lcat_gv','irfo_fee_type_7',1,NULL,NULL,0.00,'2009-04-18 14:38:14','IIRFO GV Turkey - 4 Journeys Permit Fee','2009-05-02 23:59:00',0,0.00,14.00,0,'2009-04-18 14:38:14',1),(10135,'acr_immediate',1,'IRFOGVPERMIT','lcat_gv','irfo_fee_type_8',1,NULL,NULL,0.00,'2009-04-18 14:38:14','IRFO GV Morocco - 15 journeys Permit Fee','2009-05-02 23:59:00',0,0.00,50.00,0,'2009-04-18 14:38:14',1),(20001,'acr_immediate',1,'APP','lcat_gv',NULL,1,'ltyp_r','N',0.00,'2012-09-14 00:00:00','NI GV/R Application Fee','2012-07-01 00:00:00',0,0.00,254.30,0,'2012-09-14 00:00:00',1),(20002,'acr_immediate',1,'APP','lcat_gv',NULL,1,'ltyp_si','N',0.00,'2012-09-14 00:00:00','NI GV/SI Application Fee','2012-07-01 00:00:00',0,0.00,254.20,0,'2012-09-14 00:00:00',1),(20003,'acr_immediate',1,'APP','lcat_gv',NULL,1,'ltyp_sn','N',0.00,'2012-09-14 00:00:00','NI GV/SN Application Fee','2012-07-01 00:00:00',0,0.00,254.10,0,'2012-09-14 00:00:00',1),(20004,'acr_immediate',1,'CONT','lcat_gv',NULL,1,'ltyp_r','N',449.00,'2012-09-14 00:00:00','NI GV/R Continuation Fee','2012-07-01 00:00:00',1,449.00,0.00,0,'2012-09-14 00:00:00',1),(20005,'acr_immediate',1,'CONT','lcat_gv',NULL,1,'ltyp_si','N',449.00,'2012-09-14 00:00:00','NI GV/SI Continuation Fee','2012-07-01 00:00:00',1,449.00,0.00,0,'2012-09-14 00:00:00',1),(20006,'acr_immediate',1,'CONT','lcat_gv',NULL,1,'ltyp_sn','N',449.00,'2012-09-14 00:00:00','NI GV/SN Continuation Fee','2012-07-01 00:00:00',1,449.00,0.00,0,'2012-09-14 00:00:00',1),(20007,'acr_immediate',1,'GRANT','lcat_gv',NULL,1,'ltyp_r','N',449.00,'2012-09-14 00:00:00','NI GV/R Grant Fee','2012-07-01 00:00:00',0,449.00,0.00,0,'2012-09-14 00:00:00',1),(20008,'acr_immediate',1,'GRANT','lcat_gv',NULL,1,'ltyp_si','N',449.00,'2012-09-14 00:00:00','NI GV/SI Grant Fee','2012-07-01 00:00:00',0,449.00,0.00,0,'2012-09-14 00:00:00',1),(20009,'acr_immediate',1,'GRANT','lcat_gv',NULL,1,'ltyp_sn','N',449.00,'2012-09-14 00:00:00','NI GV/SN Grant Fee','2012-07-01 00:00:00',0,449.00,0.00,0,'2012-09-14 00:00:00',1),(20010,'acr_immediate',1,'GRANTINT','lcat_gv',NULL,1,'ltyp_r','N',0.00,'2012-09-14 00:00:00','NI GV/R Grant Interim Fee','2012-07-01 00:00:00',0,0.00,68.00,0,'2012-09-14 00:00:00',1),(20011,'acr_immediate',1,'GRANTINT','lcat_gv',NULL,1,'ltyp_si','N',0.00,'2012-09-14 00:00:00','NI GV/SI Grant Interim Fee','2012-07-01 00:00:00',0,0.00,68.00,0,'2012-09-14 00:00:00',1),(20012,'acr_immediate',1,'GRANTINT','lcat_gv',NULL,1,'ltyp_sn','N',0.00,'2012-09-14 00:00:00','NI GV/SN Grant Interim Fee','2012-07-01 00:00:00',0,0.00,68.00,0,'2012-09-14 00:00:00',1),(20013,'acr_immediate',1,'VAR','lcat_gv',NULL,1,'ltyp_r','N',0.00,'2012-09-14 00:00:00','NI GV/R Variation Fee','2012-07-01 00:00:00',0,0.00,254.00,0,'2012-09-14 00:00:00',1),(20014,'acr_immediate',1,'VAR','lcat_gv',NULL,1,'ltyp_si','N',0.00,'2012-09-14 00:00:00','NI GV/SI Variation Fee','2012-07-01 00:00:00',0,0.00,254.00,0,'2012-09-14 00:00:00',1),(20015,'acr_immediate',1,'VAR','lcat_gv',NULL,1,'ltyp_sn','N',0.00,'2012-09-14 00:00:00','NI GV/SN Variation Fee','2012-07-01 00:00:00',0,0.00,254.00,0,'2012-09-14 00:00:00',1),(20016,'acr_immediate',1,'VEH','lcat_gv',NULL,1,NULL,'N',0.00,'2012-09-14 00:00:00','NI GV Vehicle Fee','2012-07-01 00:00:00',0,0.00,0.00,0,'2012-09-14 00:00:00',1),(20017,'acr_immediate',1,'VEH','lcat_psv',NULL,1,NULL,'N',0.00,'2012-09-14 00:00:00','NI PSV Vehicle Fee','2012-07-01 00:00:00',0,0.00,0.00,0,'2012-09-14 00:00:00',1),(20018,'acr_immediate',1,'APP','lcat_gv',NULL,1,'ltyp_r',NULL,0.00,'2014-03-21 17:12:07','GV/R Application Fee','2020-04-30 23:59:59',0,0.00,259.00,0,'2014-03-21 17:12:07',1),(20019,'acr_immediate',1,'APP','lcat_gv',NULL,1,'ltyp_si',NULL,0.00,'2014-03-21 17:12:07','GV/SI Application Fee','2020-04-30 23:59:59',0,0.00,259.00,0,'2014-03-21 17:12:07',1),(20020,'acr_immediate',1,'APP','lcat_gv',NULL,1,'ltyp_sn',NULL,0.00,'2014-03-21 17:12:07','GV/SN Application Fee','2020-04-30 23:59:59',0,0.00,259.00,0,'2014-03-21 17:12:07',1),(20021,'acr_immediate',1,'VAR','lcat_gv',NULL,1,'ltyp_r',NULL,0.00,'2014-03-21 17:12:07','GV/R Variation Fee','2020-04-30 23:59:59',0,0.00,259.00,0,'2014-03-21 17:12:07',1),(20022,'acr_immediate',1,'VAR','lcat_gv',NULL,1,'ltyp_si',NULL,0.00,'2014-03-21 17:12:07','GV/SI Variation Fee','2020-04-30 23:59:59',0,0.00,259.00,0,'2014-03-21 17:12:07',1),(20023,'acr_immediate',1,'VAR','lcat_gv',NULL,1,'ltyp_sn',NULL,0.00,'2014-03-21 17:12:07','GV/SN Variation Fee','2020-04-30 23:59:59',0,0.00,259.00,0,'2014-03-21 17:12:07',1),(20024,'acr_immediate',1,'GRANT','lcat_gv',NULL,1,'ltyp_r',NULL,405.00,'2014-03-21 17:12:07','GV/R Grant Fee','2020-04-30 23:59:59',0,405.00,0.00,0,'2014-03-21 17:12:07',1),(20025,'acr_immediate',1,'GRANT','lcat_gv',NULL,1,'ltyp_si',NULL,405.00,'2014-03-21 17:12:07','GV/SI Grant Fee','2020-04-30 23:59:59',0,405.00,0.00,0,'2014-03-21 17:12:07',1),(20026,'acr_immediate',1,'GRANT','lcat_gv',NULL,1,'ltyp_sn',NULL,405.00,'2014-03-21 17:12:07','GV/SN Grant Fee','2020-04-30 23:59:59',0,405.00,0.00,0,'2014-03-21 17:12:07',1),(20027,'acr_immediate',1,'CONT','lcat_gv',NULL,1,'ltyp_r',NULL,405.00,'2014-03-21 17:12:07','GV/R Continuation Fee','2020-04-30 23:59:59',1,405.00,0.00,0,'2014-03-21 17:12:07',1),(20028,'acr_immediate',1,'CONT','lcat_gv',NULL,1,'ltyp_si',NULL,405.00,'2014-03-21 17:12:07','GV/SI Continuation Fee','2020-04-30 23:59:59',1,405.00,0.00,0,'2014-03-21 17:12:07',1),(20029,'acr_immediate',1,'CONT','lcat_gv',NULL,1,'ltyp_sn',NULL,405.00,'2014-03-21 17:12:07','GV/SN Continuation Fee','2020-04-30 23:59:59',1,405.00,0.00,0,'2014-03-21 17:12:07',1),(20030,'acr_immediate',1,'GRANTINT','lcat_gv',NULL,1,'ltyp_r',NULL,0.00,'2014-03-21 17:12:07','GV/R Grant Interim Fee','2020-04-30 23:59:59',0,0.00,69.00,0,'2014-03-21 17:12:07',1),(20031,'acr_immediate',1,'GRANTINT','lcat_gv',NULL,1,'ltyp_si',NULL,0.00,'2014-03-21 17:12:07','GV/SI Grant Interim Fee','2020-04-30 23:59:59',0,0.00,69.00,0,'2014-03-21 17:12:07',1),(20032,'acr_immediate',1,'GRANTINT','lcat_gv',NULL,1,'ltyp_sn',NULL,0.00,'2014-03-21 17:12:07','GV/SN Grant Interim Fee','2020-04-30 23:59:59',0,0.00,69.00,0,'2014-03-21 17:12:07',1),(20033,'acr_immediate',1,'APP','lcat_psv',NULL,1,'ltyp_r',NULL,0.00,'2014-03-21 17:12:07','PSV/R Application Fee','2020-04-30 23:59:59',0,0.00,211.00,0,'2014-03-21 17:12:07',1),(20034,'acr_immediate',1,'APP','lcat_psv',NULL,1,'ltyp_si',NULL,0.00,'2014-03-21 17:12:07','PSV/SI Application Fee','2020-04-30 23:59:59',0,0.00,211.00,0,'2014-03-21 17:12:07',1),(20035,'acr_immediate',1,'APP','lcat_psv',NULL,1,'ltyp_sn',NULL,0.00,'2014-03-21 17:12:07','PSV/SN Application Fee','2020-04-30 23:59:59',0,0.00,211.00,0,'2014-03-21 17:12:07',1),(20036,'acr_immediate',1,'APP','lcat_psv',NULL,1,'ltyp_sr',NULL,0.00,'2014-03-21 17:12:07','PSV/SR Application Fee','2020-04-30 23:59:59',0,0.00,62.00,0,'2014-03-21 17:12:07',1),(20037,'acr_immediate',1,'VAR','lcat_psv',NULL,1,'ltyp_r',NULL,0.00,'2014-03-21 17:12:07','PSV/R Variation Fee','2020-04-30 23:59:59',0,0.00,123.00,0,'2014-03-21 17:12:07',1),(20038,'acr_immediate',1,'VAR','lcat_psv',NULL,1,'ltyp_si',NULL,0.00,'2014-03-21 17:12:07','PSV/SI Variation Fee','2020-04-30 23:59:59',0,0.00,123.00,0,'2014-03-21 17:12:07',1),(20039,'acr_immediate',1,'VAR','lcat_psv',NULL,1,'ltyp_sn',NULL,0.00,'2014-03-21 17:12:07','PSV/SN Variation Fee','2020-04-30 23:59:59',0,0.00,123.00,0,'2014-03-21 17:12:07',1),(20040,'acr_immediate',1,'VAR','lcat_psv',NULL,1,'ltyp_sr',NULL,0.00,'2014-03-21 17:12:07','PSV/SR Variation Fee','2020-04-30 23:59:59',0,0.00,123.00,0,'2014-03-21 17:12:07',1),(20041,'acr_immediate',1,'CONT','lcat_psv',NULL,1,'ltyp_sr',NULL,0.00,'2014-03-21 17:12:07','PSV/SR Continuation Fee','2020-04-30 23:59:59',1,0.00,62.00,0,'2014-03-21 17:12:07',1),(20050,'acr_immediate',NULL,'BUSPERMIT',NULL,NULL,NULL,NULL,NULL,0.00,'2014-04-01 10:30:07','Bus permit fee','2015-03-31 23:59:59',0,0.00,99.00,1,'2014-04-01 10:30:07',1),(20051,'acr_immediate',NULL,'PHOTOCOPY',NULL,NULL,NULL,NULL,NULL,0.00,'2014-04-01 10:30:07','Photocopying charge','2015-03-31 23:59:59',0,0.00,10.00,1,'2014-04-01 10:30:07',1),(20052,'acr_immediate',NULL,'COURT',NULL,NULL,NULL,NULL,NULL,0.00,'2014-04-01 10:30:07','Court fee','2015-03-31 23:59:59',0,0.00,10.00,1,'2014-04-01 10:30:07',1),(20053,'acr_immediate',NULL,'MISC',NULL,NULL,NULL,NULL,NULL,0.00,'2014-04-01 10:30:07','Other miscellaneous','2015-03-31 23:59:59',0,0.00,10.00,1,'2014-04-01 10:30:07',1),(20100,'acr_immediate',NULL,'ADJUSTMENT',NULL,NULL,NULL,NULL,NULL,0.00,'2014-04-01 10:30:07','Overpayment','2015-03-31 23:59:59',0,0.00,0.00,0,'2014-04-01 10:30:07',1);
/*!40000 ALTER TABLE `fee_type` ENABLE KEYS */;
UNLOCK TABLES;

--
-- Dumping data for table `financial_standing_rate`
--

LOCK TABLES `financial_standing_rate` WRITE;
/*!40000 ALTER TABLE `financial_standing_rate` DISABLE KEYS */;
INSERT INTO `financial_standing_rate` (`id`, `created_by`, `goods_or_psv`, `last_modified_by`, `licence_type`, `additional_vehicle_rate`, `created_on`, `deleted_date`, `effective_from`, `first_vehicle_rate`, `last_modified_on`, `version`) VALUES (1,NULL,'lcat_gv',NULL,'ltyp_sn',2900,NULL,NULL,'2015-02-01',6000,NULL,1),(2,NULL,'lcat_gv',NULL,'ltyp_si',2900,NULL,NULL,'2015-02-01',6000,NULL,1),(3,NULL,'lcat_gv',NULL,'ltyp_r',700,NULL,NULL,'2015-02-01',2100,NULL,1),(4,NULL,'lcat_psv',NULL,'ltyp_sn',3900,NULL,NULL,'2015-02-01',7000,NULL,1),(5,NULL,'lcat_psv',NULL,'ltyp_si',3900,NULL,NULL,'2015-02-01',7000,NULL,1),(6,NULL,'lcat_psv',NULL,'ltyp_r',1700,NULL,NULL,'2015-02-01',3100,NULL,1);
/*!40000 ALTER TABLE `financial_standing_rate` ENABLE KEYS */;
UNLOCK TABLES;

--
-- Dumping data for table `goods_disc`
--

LOCK TABLES `goods_disc` WRITE;
/*!40000 ALTER TABLE `goods_disc` DISABLE KEYS */;
INSERT INTO `goods_disc` (`id`, `created_by`, `last_modified_by`, `licence_vehicle_id`, `ceased_date`, `created_on`, `disc_no`, `is_copy`, `is_interim`, `is_printing`, `issued_date`, `last_modified_on`, `olbs_key`, `reprint_required`, `version`) VALUES (1,NULL,NULL,1,NULL,'2014-02-20 00:00:00',NULL,0,0,0,NULL,'2014-02-20 00:00:00',NULL,0,1),(2,NULL,NULL,2,NULL,'2014-02-20 00:00:00',NULL,0,0,0,NULL,'2014-02-20 00:00:00',NULL,0,1),(3,NULL,NULL,3,NULL,'2014-02-20 00:00:00',NULL,0,0,0,NULL,'2014-02-20 00:00:00',NULL,0,1),(4,NULL,NULL,4,NULL,'2014-02-20 00:00:00','1234',0,0,0,'2014-02-20 00:00:00','2014-02-20 00:00:00',NULL,0,1),(5,NULL,NULL,5,NULL,'2014-02-20 00:00:00',NULL,0,0,0,NULL,'2014-02-20 00:00:00',NULL,0,1),(6,NULL,NULL,6,NULL,'2014-02-20 00:00:00',NULL,0,0,0,NULL,'2014-02-20 00:00:00',NULL,0,1),(7,NULL,NULL,7,NULL,'2014-02-20 00:00:00',NULL,0,0,0,NULL,'2014-02-20 00:00:00',NULL,0,1),(8,NULL,NULL,8,NULL,'2014-02-20 00:00:00',NULL,0,0,0,NULL,'2014-02-20 00:00:00',NULL,0,1),(9,NULL,NULL,9,NULL,'2014-02-20 00:00:00',NULL,0,0,0,NULL,'2014-02-20 00:00:00',NULL,0,1),(10,NULL,NULL,10,NULL,'2014-02-20 00:00:00',NULL,0,0,0,NULL,'2014-02-20 00:00:00',NULL,0,1),(11,NULL,NULL,11,NULL,'2014-02-20 00:00:00',NULL,0,0,0,NULL,'2014-02-20 00:00:00',NULL,0,1),(12,NULL,NULL,12,NULL,'2014-02-20 00:00:00',NULL,0,0,0,NULL,'2014-02-20 00:00:00',NULL,0,1),(13,NULL,NULL,13,NULL,'2014-02-20 00:00:00',NULL,0,0,0,NULL,'2014-02-20 00:00:00',NULL,0,1);
/*!40000 ALTER TABLE `goods_disc` ENABLE KEYS */;
UNLOCK TABLES;

--
-- Dumping data for table `grace_period`
--

LOCK TABLES `grace_period` WRITE;
/*!40000 ALTER TABLE `grace_period` DISABLE KEYS */;
INSERT INTO `grace_period` (`id`, `created_by`, `last_modified_by`, `licence_id`, `created_on`, `description`, `end_date`, `last_modified_on`, `olbs_key`, `start_date`, `version`) VALUES (1,1,1,7,'2015-04-01 00:00:00','Grace period description 1','2015-08-01','2015-05-01 00:00:00',NULL,'2015-05-01',1),(2,1,1,7,'2015-05-01 00:00:00','Grace period description 2','2015-09-01','2015-06-01 00:00:00',NULL,'2015-06-01',1),(3,1,1,7,'2015-06-01 00:00:00','Grace period description 3','2015-10-01','2015-07-01 00:00:00',NULL,'2015-07-01',1),(4,1,1,7,'2015-07-01 00:00:00','Grace period description 4','2015-11-01','2015-08-01 00:00:00',NULL,'2015-08-01',1);
/*!40000 ALTER TABLE `grace_period` ENABLE KEYS */;
UNLOCK TABLES;

--
-- Dumping data for table `hearing`
--

LOCK TABLES `hearing` WRITE;
/*!40000 ALTER TABLE `hearing` DISABLE KEYS */;
/*!40000 ALTER TABLE `hearing` ENABLE KEYS */;
UNLOCK TABLES;

--
-- Dumping data for table `impounding`
--

LOCK TABLES `impounding` WRITE;
/*!40000 ALTER TABLE `impounding` DISABLE KEYS */;
INSERT INTO `impounding` (`id`, `case_id`, `created_by`, `impounding_type`, `last_modified_by`, `outcome`, `pi_venue_id`, `presiding_tc_id`, `application_receipt_date`, `close_date`, `created_on`, `hearing_date`, `last_modified_on`, `notes`, `outcome_sent_date`, `pi_venue_other`, `version`, `vrm`) VALUES (17,24,NULL,'impt_hearing',NULL,'impo_returned',3,1,'2014-06-09 11:15:00','2015-10-07 08:04:04','2015-10-07 08:04:04','2014-06-10 15:45:00','2015-10-07 08:04:04','Some notes - db default','2014-06-11 14:30:00',NULL,1,NULL);
/*!40000 ALTER TABLE `impounding` ENABLE KEYS */;
UNLOCK TABLES;

--
-- Dumping data for table `impounding_legislation_type`
--

LOCK TABLES `impounding_legislation_type` WRITE;
/*!40000 ALTER TABLE `impounding_legislation_type` DISABLE KEYS */;
INSERT INTO `impounding_legislation_type` (`impounding_id`, `impounding_legislation_type_id`) VALUES (17,'imlgis_type_goods_ni1'),(17,'imlgis_type_goods_ni2');
/*!40000 ALTER TABLE `impounding_legislation_type` ENABLE KEYS */;
UNLOCK TABLES;

--
-- Dumping data for table `inspection_email`
--

LOCK TABLES `inspection_email` WRITE;
/*!40000 ALTER TABLE `inspection_email` DISABLE KEYS */;
/*!40000 ALTER TABLE `inspection_email` ENABLE KEYS */;
UNLOCK TABLES;

--
-- Dumping data for table `inspection_request`
--

LOCK TABLES `inspection_request` WRITE;
/*!40000 ALTER TABLE `inspection_request` DISABLE KEYS */;
INSERT INTO `inspection_request` (`id`, `application_id`, `case_id`, `created_by`, `last_modified_by`, `licence_id`, `operating_centre_id`, `report_type`, `request_type`, `requestor_user_id`, `result_type`, `task_id`, `created_on`, `deferred_date`, `due_date`, `from_date`, `inspector_name`, `inspector_notes`, `last_modified_on`, `olbs_key`, `request_date`, `requestor_notes`, `return_date`, `to_date`, `trailers_examined_no`, `vehicles_examined_no`, `version`) VALUES (1,1,NULL,NULL,NULL,7,16,'insp_rep_t_maint','insp_req_t_coe',2,'insp_res_t_new',NULL,NULL,NULL,'2015-02-01',NULL,NULL,NULL,NULL,NULL,'2015-01-01',NULL,NULL,NULL,NULL,NULL,1),(2,1,NULL,NULL,NULL,7,16,'insp_rep_t_bus','insp_req_t_comp',2,'insp_res_t_new_sat',NULL,NULL,NULL,'2015-02-02',NULL,NULL,NULL,NULL,NULL,'2015-01-02',NULL,NULL,NULL,NULL,NULL,1),(3,1,NULL,NULL,NULL,7,16,'insp_rep_t_TE','insp_req_t_new_op',2,'insp_res_t_new_unsat',NULL,NULL,NULL,'2015-02-03',NULL,NULL,NULL,NULL,NULL,'2015-01-03',NULL,NULL,NULL,NULL,NULL,1);
/*!40000 ALTER TABLE `inspection_request` ENABLE KEYS */;
UNLOCK TABLES;

--
-- Dumping data for table `irfo_country`
--

LOCK TABLES `irfo_country` WRITE;
/*!40000 ALTER TABLE `irfo_country` DISABLE KEYS */;
INSERT INTO `irfo_country` (`id`, `created_by`, `last_modified_by`, `created_on`, `description`, `last_modified_on`, `version`) VALUES (1,NULL,NULL,'2005-08-25 00:00:00','ECMT','2005-08-25 00:00:00',1),(2,NULL,NULL,'2005-08-25 00:00:00','Belarus','2005-08-25 00:00:00',1),(3,NULL,NULL,'2005-08-25 00:00:00','Georgia','2005-08-25 00:00:00',1),(4,NULL,NULL,'2005-08-25 00:00:00','Germany','2005-08-25 00:00:00',1),(5,NULL,NULL,'2005-08-25 00:00:00','Kazakhstan','2005-08-25 00:00:00',1),(6,NULL,NULL,'2005-08-25 00:00:00','Morocco','2005-08-25 00:00:00',1),(7,NULL,NULL,'2005-08-25 00:00:00','Romania','2005-08-25 00:00:00',1),(8,NULL,NULL,'2005-08-25 00:00:00','Russia','2005-08-25 00:00:00',1),(9,NULL,NULL,'2005-08-25 00:00:00','Tunisia','2005-08-25 00:00:00',1),(10,NULL,NULL,'2005-08-25 00:00:00','Turkey','2005-08-25 00:00:00',1),(11,NULL,NULL,'2005-08-25 00:00:00','Ukraine','2005-08-25 00:00:00',1),(12,NULL,NULL,'2005-08-25 00:00:00','Morocco Multi-Journey','2005-08-25 00:00:00',1),(13,NULL,NULL,'2005-08-25 00:00:00','Turkey Multi-Journey','2005-08-25 00:00:00',1),(14,NULL,NULL,'2005-08-25 00:00:00','Turkey 3rd Country Transit','2005-08-25 00:00:00',1),(15,NULL,NULL,'2005-08-25 00:00:00','Turkey 3rd Country Non-Transit','2005-08-25 00:00:00',1);
/*!40000 ALTER TABLE `irfo_country` ENABLE KEYS */;
UNLOCK TABLES;

--
-- Dumping data for table `irfo_gv_permit`
--

LOCK TABLES `irfo_gv_permit` WRITE;
/*!40000 ALTER TABLE `irfo_gv_permit` DISABLE KEYS */;
INSERT INTO `irfo_gv_permit` (`id`, `created_by`, `irfo_gv_permit_type_id`, `irfo_permit_status`, `last_modified_by`, `organisation_id`, `withdrawn_reason`, `created_on`, `exemption_details`, `expiry_date`, `in_force_date`, `irfo_fee_id`, `is_fee_exempt`, `last_modified_on`, `no_of_copies`, `note`, `olbs_key`, `permit_printed`, `version`, `year_required`) VALUES (1,NULL,1,'irfo_perm_s_appreoved',NULL,101,NULL,'2015-10-07 08:04:05',NULL,NULL,'2015-03-10',NULL,0,NULL,0,NULL,NULL,0,1,2014);
/*!40000 ALTER TABLE `irfo_gv_permit` ENABLE KEYS */;
UNLOCK TABLES;

--
-- Dumping data for table `irfo_gv_permit_type`
--

LOCK TABLES `irfo_gv_permit_type` WRITE;
/*!40000 ALTER TABLE `irfo_gv_permit_type` DISABLE KEYS */;
INSERT INTO `irfo_gv_permit_type` (`id`, `created_by`, `irfo_country_id`, `irfo_fee_type`, `last_modified_by`, `created_on`, `description`, `last_modified_on`, `version`) VALUES (1,NULL,1,'irfo_fee_type_1',NULL,NULL,'ECMT 100% (Jan to Mar)',NULL,1),(2,NULL,1,'irfo_fee_type_2',NULL,NULL,'ECMT 75% (Apr to Jun)',NULL,1),(3,NULL,1,'irfo_fee_type_3',NULL,NULL,'ECMT 50% (Jul to Sep)',NULL,1),(4,NULL,1,'irfo_fee_type_4',NULL,NULL,'ECMT 25% (Oct to Dec)',NULL,1),(5,NULL,1,'irfo_fee_type_5',NULL,NULL,'ECMT Community Removal',NULL,1),(6,NULL,2,'irfo_fee_type_6',NULL,NULL,'Belarus',NULL,1),(7,NULL,3,'irfo_fee_type_6',NULL,NULL,'Georgia',NULL,1),(8,NULL,4,'irfo_fee_type_6',NULL,NULL,'Germany 3rd Country',NULL,1),(9,NULL,5,'irfo_fee_type_6',NULL,NULL,'Kazakhstan',NULL,1),(10,NULL,6,'irfo_fee_type_6',NULL,NULL,'Morocco Single Journey',NULL,1),(11,NULL,12,'irfo_fee_type_8',NULL,NULL,'Morocco Multi Journey x 15',NULL,1),(12,NULL,7,'irfo_fee_type_6',NULL,NULL,'Romania 3rd Country',NULL,1),(13,NULL,8,'irfo_fee_type_6',NULL,NULL,'Russia',NULL,1),(14,NULL,9,'irfo_fee_type_6',NULL,NULL,'Tunisia',NULL,1),(15,NULL,14,'irfo_fee_type_6',NULL,NULL,'Turkey 3rd Country',NULL,1),(16,NULL,13,'irfo_fee_type_7',NULL,NULL,'Turkey Multi Journey x 4',NULL,1),(17,NULL,11,'irfo_fee_type_6',NULL,NULL,'Ukraine',NULL,1),(18,NULL,10,'irfo_fee_type_6',NULL,NULL,'Turkey Single Journey',NULL,1),(19,NULL,15,'irfo_fee_type_6',NULL,NULL,'Turkey 3rd Country Non-Transit',NULL,1);
/*!40000 ALTER TABLE `irfo_gv_permit_type` ENABLE KEYS */;
UNLOCK TABLES;

--
-- Dumping data for table `irfo_partner`
--

LOCK TABLES `irfo_partner` WRITE;
/*!40000 ALTER TABLE `irfo_partner` DISABLE KEYS */;
/*!40000 ALTER TABLE `irfo_partner` ENABLE KEYS */;
UNLOCK TABLES;

--
-- Dumping data for table `irfo_permit_stock`
--

LOCK TABLES `irfo_permit_stock` WRITE;
/*!40000 ALTER TABLE `irfo_permit_stock` DISABLE KEYS */;
INSERT INTO `irfo_permit_stock` (`id`, `created_by`, `irfo_country_id`, `irfo_gv_permit_id`, `last_modified_by`, `status`, `created_on`, `last_modified_on`, `olbs_key`, `serial_no`, `valid_for_year`, `version`, `void_return_date`) VALUES (1,NULL,1,NULL,NULL,'irfo_perm_s_s_in_stock','2015-10-07 08:04:05',NULL,NULL,1,2015,1,NULL),(2,NULL,1,NULL,NULL,'irfo_perm_s_s_in_stock','2015-10-07 08:04:05',NULL,NULL,2,2015,1,NULL),(3,NULL,2,NULL,NULL,'irfo_perm_s_s_in_stock','2015-10-07 08:04:05',NULL,NULL,3,2015,1,NULL),(4,NULL,2,NULL,NULL,'irfo_perm_s_s_in_stock','2015-10-07 08:04:05',NULL,NULL,4,2016,1,NULL),(5,NULL,1,NULL,NULL,'irfo_perm_s_s_in_stock','2015-10-07 08:04:05',NULL,NULL,5,2016,1,NULL),(6,NULL,1,NULL,NULL,'irfo_perm_s_s_ret','2015-10-07 08:04:05',NULL,NULL,6,2016,1,NULL);
/*!40000 ALTER TABLE `irfo_permit_stock` ENABLE KEYS */;
UNLOCK TABLES;

--
-- Dumping data for table `irfo_psv_auth`
--

LOCK TABLES `irfo_psv_auth` WRITE;
/*!40000 ALTER TABLE `irfo_psv_auth` DISABLE KEYS */;
INSERT INTO `irfo_psv_auth` (`id`, `created_by`, `irfo_psv_auth_type_id`, `journey_frequency`, `last_modified_by`, `organisation_id`, `status`, `withdrawn_reason`, `application_sent_date`, `copies_issued`, `copies_issued_total`, `copies_required`, `copies_required_total`, `created_on`, `exemption_details`, `expiry_date`, `in_force_date`, `irfo_fee_id`, `irfo_file_no`, `is_fee_exempt_annual`, `is_fee_exempt_application`, `last_date_copies_req`, `last_modified_on`, `olbs_key`, `renewal_date`, `service_route_from`, `service_route_to`, `validity_period`, `version`) VALUES (1,NULL,1,'psv_freq_daily',NULL,101,'irfo_auth_s_approved',NULL,NULL,0,0,0,0,'2015-10-07 08:04:05',NULL,NULL,'2015-03-10','FeeId','17/1',0,0,NULL,NULL,NULL,NULL,'From','To',3,1);
/*!40000 ALTER TABLE `irfo_psv_auth` ENABLE KEYS */;
UNLOCK TABLES;

--
-- Dumping data for table `irfo_psv_auth_country`
--

LOCK TABLES `irfo_psv_auth_country` WRITE;
/*!40000 ALTER TABLE `irfo_psv_auth_country` DISABLE KEYS */;
/*!40000 ALTER TABLE `irfo_psv_auth_country` ENABLE KEYS */;
UNLOCK TABLES;

--
-- Dumping data for table `irfo_psv_auth_number`
--

LOCK TABLES `irfo_psv_auth_number` WRITE;
/*!40000 ALTER TABLE `irfo_psv_auth_number` DISABLE KEYS */;
/*!40000 ALTER TABLE `irfo_psv_auth_number` ENABLE KEYS */;
UNLOCK TABLES;

--
-- Dumping data for table `irfo_psv_auth_type`
--

LOCK TABLES `irfo_psv_auth_type` WRITE;
/*!40000 ALTER TABLE `irfo_psv_auth_type` DISABLE KEYS */;
INSERT INTO `irfo_psv_auth_type` (`id`, `created_by`, `last_modified_by`, `created_on`, `description`, `last_modified_on`, `section_code`, `version`) VALUES (1,NULL,NULL,NULL,'EU Regular Service Operator (UK & Foreign Partner) (17)',NULL,'17',1),(2,NULL,NULL,NULL,'EU Regular Service Operator (No Partners) (19A)',NULL,'19A',1),(3,NULL,NULL,NULL,'Non EU Regular Service Operator (UK & Foreign Partner) (18)',NULL,'18',1),(4,NULL,NULL,NULL,'Non EU Regular Service Operator (No Partners) (19)',NULL,'19',1),(5,NULL,NULL,NULL,'Non EU Occasional Service Operator (19)',NULL,'19',1),(6,NULL,NULL,NULL,'Shuttle Service Operator (20)',NULL,'20',1),(7,NULL,NULL,NULL,'Own A/C (21)',NULL,'21',1);
/*!40000 ALTER TABLE `irfo_psv_auth_type` ENABLE KEYS */;
UNLOCK TABLES;

--
-- Dumping data for table `irfo_transit_country`
--

LOCK TABLES `irfo_transit_country` WRITE;
/*!40000 ALTER TABLE `irfo_transit_country` DISABLE KEYS */;
/*!40000 ALTER TABLE `irfo_transit_country` ENABLE KEYS */;
UNLOCK TABLES;

--
-- Dumping data for table `irfo_vehicle`
--

LOCK TABLES `irfo_vehicle` WRITE;
/*!40000 ALTER TABLE `irfo_vehicle` DISABLE KEYS */;
/*!40000 ALTER TABLE `irfo_vehicle` ENABLE KEYS */;
UNLOCK TABLES;

--
-- Dumping data for table `legacy_case_action`
--

LOCK TABLES `legacy_case_action` WRITE;
/*!40000 ALTER TABLE `legacy_case_action` DISABLE KEYS */;
/*!40000 ALTER TABLE `legacy_case_action` ENABLE KEYS */;
UNLOCK TABLES;

--
-- Dumping data for table `legacy_offence`
--

LOCK TABLES `legacy_offence` WRITE;
/*!40000 ALTER TABLE `legacy_offence` DISABLE KEYS */;
INSERT INTO `legacy_offence` (`id`, `case_id`, `created_by`, `last_modified_by`, `created_on`, `definition`, `is_trailer`, `last_modified_on`, `notes`, `num_of_offences`, `offence_authority`, `offence_date`, `offence_to_date`, `offence_type`, `offender_name`, `points`, `position`, `version`, `vrm`) VALUES (1,24,1,1,'2015-10-07 08:04:04','Some Definition',1,'2015-10-07 08:04:04','Some Notes for Offence (case 24)',1,'Authority 1','2014-09-26','2015-09-26','Some Offence Type','Ronnie Biggs',3,'Some Position',1,'VRM12'),(2,29,1,1,'2015-10-07 08:04:04','Some different definition',1,'2015-10-07 08:04:04','Some Notes for Offence (case 29)',1,'Authority 2','2012-05-12','2012-05-26','Some Offence Type','Al Capone',3,'Some Position',1,'VRM12');
/*!40000 ALTER TABLE `legacy_offence` ENABLE KEYS */;
UNLOCK TABLES;

--
-- Dumping data for table `legacy_pi_reason`
--

LOCK TABLES `legacy_pi_reason` WRITE;
/*!40000 ALTER TABLE `legacy_pi_reason` DISABLE KEYS */;
/*!40000 ALTER TABLE `legacy_pi_reason` ENABLE KEYS */;
UNLOCK TABLES;

--
-- Dumping data for table `legacy_recommendation`
--

LOCK TABLES `legacy_recommendation` WRITE;
/*!40000 ALTER TABLE `legacy_recommendation` DISABLE KEYS */;
/*!40000 ALTER TABLE `legacy_recommendation` ENABLE KEYS */;
UNLOCK TABLES;

--
-- Dumping data for table `legacy_recommendation_pi_reason`
--

LOCK TABLES `legacy_recommendation_pi_reason` WRITE;
/*!40000 ALTER TABLE `legacy_recommendation_pi_reason` DISABLE KEYS */;
/*!40000 ALTER TABLE `legacy_recommendation_pi_reason` ENABLE KEYS */;
UNLOCK TABLES;

--
-- Dumping data for table `licence`
--

LOCK TABLES `licence` WRITE;
/*!40000 ALTER TABLE `licence` DISABLE KEYS */;
INSERT INTO `licence` (`id`, `correspondence_cd_id`, `created_by`, `enforcement_area_id`, `establishment_cd_id`, `goods_or_psv`, `last_modified_by`, `licence_type`, `organisation_id`, `status`, `tachograph_ins`, `traffic_area_id`, `transport_consultant_cd_id`, `cns_date`, `created_on`, `curtailed_date`, `deleted_date`, `expiry_date`, `fabs_reference`, `fee_date`, `granted_date`, `in_force_date`, `is_maintenance_suitable`, `last_modified_on`, `lic_no`, `olbs_key`, `psv_discs_to_be_printed_no`, `review_date`, `revoked_date`, `safety_ins`, `safety_ins_trailers`, `safety_ins_varies`, `safety_ins_vehicles`, `surrendered_date`, `suspended_date`, `tachograph_ins_name`, `tot_auth_large_vehicles`, `tot_auth_medium_vehicles`, `tot_auth_small_vehicles`, `tot_auth_trailers`, `tot_auth_vehicles`, `tot_community_licences`, `trailers_in_possession`, `translate_to_welsh`, `version`, `vi_action`) VALUES (7,102,1,'V048',NULL,'lcat_gv',NULL,'ltyp_si',1,'lsts_valid',NULL,'B',104,NULL,'2015-10-07 08:04:04',NULL,NULL,'2016-01-01','',NULL,NULL,'2010-01-12',NULL,'2015-10-07 08:04:04','OB1234567',NULL,NULL,'2010-01-12',NULL,0,NULL,NULL,NULL,'2010-01-12 00:00:00',NULL,NULL,NULL,NULL,NULL,4,12,NULL,NULL,0,1,NULL),(30,NULL,0,NULL,NULL,'lcat_gv',1,'ltyp_si',30,'lsts_not_submitted',NULL,'B',NULL,NULL,'2015-10-07 08:04:04',NULL,NULL,'2016-01-01','',NULL,NULL,'2011-03-16',NULL,'2015-10-07 08:04:04','OB1234568',NULL,NULL,'2011-03-16',NULL,0,NULL,NULL,NULL,'2011-03-16 00:00:00',NULL,NULL,NULL,NULL,NULL,3,9,NULL,NULL,0,1,NULL),(41,NULL,2,NULL,NULL,'lcat_gv',2,'ltyp_sn',41,'lsts_not_submitted',NULL,'B',NULL,NULL,'2015-10-07 08:04:04',NULL,NULL,'2016-01-01','',NULL,NULL,'2007-01-12',NULL,'2015-10-07 08:04:04','OB1234577',NULL,NULL,'2007-01-12',NULL,0,NULL,NULL,NULL,'2007-01-12 00:00:00',NULL,NULL,NULL,NULL,NULL,1,21,NULL,NULL,0,1,NULL),(54,NULL,2,NULL,NULL,'lcat_gv',4,'ltyp_r',54,'lsts_not_submitted',NULL,'B',NULL,NULL,'2015-10-07 08:04:04',NULL,NULL,'2016-01-01','',NULL,NULL,'2007-01-12',NULL,'2015-10-07 08:04:04','OB1234578',NULL,NULL,'2007-01-12',NULL,0,NULL,NULL,NULL,'2007-01-12 00:00:00',NULL,NULL,NULL,NULL,NULL,0,4,NULL,NULL,0,1,NULL),(63,NULL,4,NULL,NULL,'lcat_psv',0,'ltyp_sn',63,'lsts_not_submitted',NULL,'D',NULL,NULL,'2015-10-07 08:04:04',NULL,NULL,'2016-01-01','',NULL,NULL,'2010-01-12',NULL,'2015-10-07 08:04:04','PD1234589',NULL,NULL,'2010-01-12',NULL,0,NULL,NULL,NULL,'2010-01-12 00:00:00',NULL,NULL,NULL,NULL,NULL,1,7,NULL,NULL,0,1,NULL),(70,102,1,'V059',NULL,'lcat_gv',NULL,'ltyp_si',1,'lsts_valid',NULL,'G',104,NULL,'2015-10-07 08:04:04',NULL,NULL,'2016-01-01','',NULL,NULL,'2010-01-12',NULL,'2015-10-07 08:04:04','OG7654321',NULL,NULL,'2010-01-12',NULL,0,NULL,NULL,NULL,'2010-01-12 00:00:00',NULL,NULL,NULL,NULL,NULL,4,12,NULL,NULL,1,1,NULL),(75,NULL,4,NULL,NULL,'lcat_psv',4,'ltyp_sn',75,'lsts_not_submitted',NULL,'D',NULL,NULL,'2015-10-07 08:04:04',NULL,NULL,'2016-01-01','',NULL,NULL,'2010-01-12',NULL,'2015-10-07 08:04:04','PD2737289',NULL,NULL,'2010-01-12',NULL,0,NULL,NULL,NULL,'2010-01-12 00:00:00',NULL,NULL,NULL,NULL,NULL,0,4,NULL,NULL,0,1,NULL),(99,181,NULL,NULL,NULL,'lcat_gv',NULL,'ltyp_r',130,'lsts_consideration',NULL,NULL,NULL,NULL,NULL,NULL,NULL,NULL,NULL,NULL,NULL,NULL,NULL,NULL,'OB111111',NULL,NULL,NULL,NULL,0,NULL,NULL,NULL,NULL,NULL,NULL,NULL,NULL,NULL,NULL,NULL,NULL,NULL,0,1,NULL),(100,NULL,4,NULL,NULL,'lcat_psv',0,'ltyp_sn',100,'lsts_not_submitted',NULL,'D',NULL,NULL,'2015-10-07 08:04:04',NULL,NULL,'2016-01-01','',NULL,NULL,'2010-01-12',NULL,'2015-10-07 08:04:04','PD1001001',NULL,NULL,'2010-01-12',NULL,0,NULL,NULL,NULL,'2010-01-12 00:00:00',NULL,NULL,NULL,NULL,NULL,0,4,NULL,NULL,0,2,NULL),(110,8,4,NULL,21,'lcat_psv',4,'ltyp_r',75,'lsts_valid',NULL,'D',21,NULL,'2015-10-07 08:04:04',NULL,NULL,'2016-01-01','',NULL,NULL,'2010-01-12',NULL,'2015-10-07 08:04:04','PD2737280',NULL,NULL,'2010-01-12',NULL,0,NULL,NULL,NULL,'2010-01-12 00:00:00',NULL,NULL,NULL,5,5,0,10,4,NULL,0,1,NULL),(114,NULL,NULL,NULL,NULL,NULL,NULL,NULL,104,'lsts_not_submitted',NULL,'B',NULL,NULL,'2014-04-30 12:07:14',NULL,NULL,'2016-01-01',NULL,NULL,NULL,NULL,NULL,'2014-04-30 12:07:17','OB1534567',NULL,NULL,NULL,NULL,0,NULL,NULL,NULL,NULL,NULL,NULL,NULL,NULL,NULL,NULL,NULL,NULL,NULL,0,1,NULL),(115,NULL,NULL,NULL,NULL,'lcat_psv',NULL,'ltyp_sr',1,'lsts_valid',NULL,'B',NULL,NULL,'2015-10-07 08:04:04',NULL,NULL,'2016-01-01',NULL,NULL,NULL,NULL,NULL,NULL,'TS1234568',NULL,NULL,NULL,NULL,0,NULL,NULL,NULL,NULL,NULL,NULL,NULL,NULL,NULL,NULL,NULL,NULL,NULL,0,1,NULL),(201,NULL,0,NULL,NULL,NULL,1,NULL,1,'lsts_not_submitted',NULL,'B',NULL,NULL,'2015-10-07 08:04:04',NULL,NULL,'2016-01-01','',NULL,NULL,'2011-03-16',NULL,'2015-10-07 08:04:04','OB4234560',NULL,NULL,'2011-03-16',NULL,0,NULL,NULL,NULL,'2011-03-16 00:00:00',NULL,NULL,NULL,NULL,NULL,3,9,NULL,NULL,0,1,NULL),(202,NULL,0,NULL,NULL,'lcat_gv',1,'ltyp_si',1,'lsts_consideration',NULL,'B',NULL,NULL,'2015-10-07 08:04:04',NULL,NULL,'2016-01-01','',NULL,NULL,'2011-03-16',NULL,'2015-10-07 08:04:04','OB4234561',NULL,NULL,'2011-03-16',NULL,0,NULL,NULL,NULL,'2011-03-16 00:00:00',NULL,NULL,NULL,NULL,NULL,3,9,NULL,NULL,0,1,NULL),(203,NULL,0,NULL,NULL,'lcat_psv',1,'ltyp_sn',1,'lsts_surrendered',NULL,'B',NULL,NULL,'2015-10-07 08:04:04',NULL,NULL,'2016-01-01','',NULL,NULL,'2011-03-16',NULL,'2015-10-07 08:04:04','OB4234562',NULL,NULL,'2011-03-16',NULL,0,NULL,NULL,NULL,'2011-03-16 00:00:00',NULL,NULL,NULL,NULL,NULL,3,9,NULL,NULL,0,1,NULL),(204,NULL,0,NULL,NULL,'lcat_gv',1,'ltyp_si',1,'lsts_unlicenced',NULL,'B',NULL,NULL,'2015-10-07 08:04:04',NULL,NULL,'2016-01-01','',NULL,NULL,'2011-03-16',NULL,'2015-10-07 08:04:04','OB4234563',NULL,NULL,'2011-03-16',NULL,0,NULL,NULL,NULL,'2011-03-16 00:00:00',NULL,NULL,NULL,NULL,NULL,3,9,NULL,NULL,0,1,NULL),(205,NULL,0,NULL,NULL,'lcat_psv',1,'ltyp_sn',1,'lsts_terminated',NULL,'B',NULL,NULL,'2015-10-07 08:04:04',NULL,NULL,'2016-01-01','',NULL,NULL,'2011-03-16',NULL,'2015-10-07 08:04:04','OB4234564',NULL,NULL,'2011-03-16',NULL,0,NULL,NULL,NULL,'2011-03-16 00:00:00',NULL,NULL,NULL,NULL,NULL,3,9,NULL,NULL,0,1,NULL),(206,NULL,0,NULL,NULL,'lcat_psv',1,'ltyp_sn',1,'lsts_withdrawn',NULL,'B',NULL,NULL,'2015-10-07 08:04:04',NULL,NULL,'2016-01-01','',NULL,NULL,'2011-03-16',NULL,'2015-10-07 08:04:04','OB4234565',NULL,NULL,'2011-03-16',NULL,0,NULL,NULL,NULL,'2011-03-16 00:00:00',NULL,NULL,NULL,NULL,NULL,3,9,NULL,NULL,0,1,NULL),(207,NULL,0,NULL,NULL,'lcat_psv',1,'ltyp_sn',1,'lsts_suspended',NULL,'B',NULL,NULL,'2015-10-07 08:04:04',NULL,NULL,'2016-01-01','',NULL,NULL,'2011-03-16',NULL,'2015-10-07 08:04:04','OB4234566',NULL,NULL,'2011-03-16',NULL,0,NULL,NULL,NULL,'2011-03-16 00:00:00',NULL,NULL,NULL,NULL,NULL,3,9,NULL,NULL,0,1,NULL),(208,NULL,0,NULL,NULL,'lcat_psv',1,'ltyp_sn',1,'lsts_curtailed',NULL,'B',NULL,NULL,'2015-10-07 08:04:04',NULL,NULL,'2016-01-01','',NULL,NULL,'2011-03-16',NULL,'2015-10-07 08:04:04','OB4234567',NULL,NULL,'2011-03-16',NULL,0,NULL,NULL,NULL,'2011-03-16 00:00:00',NULL,NULL,NULL,NULL,NULL,1,3,NULL,NULL,0,1,NULL),(209,NULL,0,NULL,NULL,'lcat_psv',1,'ltyp_sn',1,'lsts_revoked',NULL,'B',NULL,NULL,'2015-10-07 08:04:04',NULL,NULL,'2016-01-01','',NULL,NULL,'2011-03-16',NULL,'2015-10-07 08:04:04','OB4234568',NULL,NULL,'2011-03-16',NULL,0,NULL,NULL,NULL,'2011-03-16 00:00:00',NULL,NULL,NULL,NULL,NULL,3,9,NULL,NULL,0,1,NULL),(210,NULL,NULL,NULL,NULL,NULL,NULL,NULL,1,'lsts_not_submitted',NULL,NULL,NULL,NULL,'2015-10-07 08:04:04',NULL,NULL,NULL,NULL,NULL,NULL,NULL,NULL,'2015-10-07 08:04:04',NULL,NULL,NULL,NULL,NULL,0,NULL,NULL,NULL,NULL,NULL,NULL,NULL,NULL,NULL,NULL,NULL,NULL,NULL,0,1,NULL),(211,124,NULL,NULL,125,NULL,NULL,NULL,1,'lsts_not_submitted','tach_internal','B',NULL,NULL,'2015-03-27 12:28:05',NULL,NULL,NULL,NULL,NULL,NULL,NULL,NULL,'2015-03-27 12:31:10','OB1',NULL,NULL,NULL,NULL,0,1,0,1,NULL,NULL,'Dan',NULL,NULL,NULL,NULL,NULL,NULL,NULL,0,7,NULL),(212,127,NULL,'NI01',127,NULL,NULL,NULL,1,'lsts_consideration','tach_internal','N',NULL,NULL,'2015-03-27 12:28:05',NULL,NULL,NULL,NULL,NULL,NULL,NULL,NULL,'2015-03-27 12:31:10','ON2',NULL,NULL,NULL,NULL,0,1,0,1,NULL,NULL,'Dan',NULL,NULL,NULL,NULL,NULL,NULL,NULL,0,7,NULL),(700,102,1,'V048',NULL,'lcat_gv',NULL,'ltyp_si',41,'lsts_valid',NULL,'B',104,NULL,'2015-10-07 08:04:04',NULL,NULL,'2016-01-01','',NULL,NULL,'2010-01-12',NULL,'2015-10-07 08:04:04','OB8484848',NULL,NULL,'2010-01-12',NULL,0,NULL,NULL,NULL,'2010-01-12 00:00:00',NULL,NULL,NULL,NULL,NULL,4,12,NULL,NULL,0,1,NULL),(701,145,NULL,NULL,NULL,'lcat_gv',NULL,'ltyp_r',106,'lsts_unlicenced',NULL,NULL,NULL,NULL,NULL,NULL,NULL,NULL,NULL,NULL,NULL,NULL,NULL,NULL,'UOB3',NULL,NULL,NULL,NULL,0,NULL,NULL,NULL,NULL,NULL,NULL,NULL,NULL,NULL,NULL,NULL,NULL,NULL,0,1,NULL),(702,145,NULL,NULL,NULL,'lcat_psv',NULL,'ltyp_r',107,'lsts_unlicenced',NULL,NULL,NULL,NULL,NULL,NULL,NULL,NULL,NULL,NULL,NULL,NULL,NULL,NULL,'UOB4',NULL,NULL,NULL,NULL,0,NULL,NULL,NULL,NULL,NULL,NULL,NULL,NULL,NULL,NULL,NULL,NULL,NULL,0,1,NULL);
/*!40000 ALTER TABLE `licence` ENABLE KEYS */;
UNLOCK TABLES;

--
-- Dumping data for table `licence_no_gen`
--

LOCK TABLES `licence_no_gen` WRITE;
/*!40000 ALTER TABLE `licence_no_gen` DISABLE KEYS */;
INSERT INTO `licence_no_gen` (`id`, `licence_id`) VALUES (1,211),(2,212),(3,701),(4,702);
/*!40000 ALTER TABLE `licence_no_gen` ENABLE KEYS */;
UNLOCK TABLES;

--
-- Dumping data for table `licence_operating_centre`
--

LOCK TABLES `licence_operating_centre` WRITE;
/*!40000 ALTER TABLE `licence_operating_centre` DISABLE KEYS */;
INSERT INTO `licence_operating_centre` (`id`, `created_by`, `last_modified_by`, `licence_id`, `operating_centre_id`, `s4_id`, `ad_placed`, `ad_placed_date`, `ad_placed_in`, `created_on`, `deleted_date`, `is_interim`, `last_modified_on`, `no_of_trailers_possessed`, `no_of_trailers_required`, `no_of_vehicles_possessed`, `no_of_vehicles_required`, `olbs_key`, `permission`, `publication_appropriate`, `sufficient_parking`, `version`, `vi_action`) VALUES (1,NULL,NULL,7,16,NULL,0,NULL,NULL,NULL,NULL,NULL,NULL,NULL,4,NULL,14,NULL,1,NULL,1,1,NULL),(2,NULL,NULL,110,16,NULL,0,NULL,NULL,NULL,NULL,NULL,NULL,NULL,0,NULL,10,NULL,1,NULL,1,1,NULL),(3,NULL,NULL,41,17,NULL,0,NULL,NULL,NULL,NULL,NULL,NULL,NULL,4,NULL,14,NULL,1,NULL,1,1,NULL),(4,NULL,NULL,7,72,NULL,0,NULL,NULL,NULL,NULL,NULL,NULL,NULL,46,NULL,32,NULL,1,NULL,1,1,NULL),(5,NULL,NULL,99,75,NULL,1,'2015-10-31','Yorkshire Evening Post',NULL,NULL,NULL,NULL,NULL,0,NULL,10,NULL,1,NULL,1,1,NULL);
/*!40000 ALTER TABLE `licence_operating_centre` ENABLE KEYS */;
UNLOCK TABLES;

--
-- Dumping data for table `licence_status_rule`
--

LOCK TABLES `licence_status_rule` WRITE;
/*!40000 ALTER TABLE `licence_status_rule` DISABLE KEYS */;
INSERT INTO `licence_status_rule` (`id`, `created_by`, `last_modified_by`, `licence_id`, `licence_status`, `created_on`, `deleted_date`, `end_date`, `end_processed_date`, `last_modified_on`, `olbs_key`, `start_date`, `start_processed_date`, `version`) VALUES (1,NULL,NULL,207,'lsts_suspended',NULL,NULL,'2025-02-28 00:00:00',NULL,NULL,NULL,'2015-03-01 00:00:00','2015-03-01 01:00:00',1),(2,NULL,NULL,208,'lsts_curtailed',NULL,NULL,'2025-02-28 00:00:00',NULL,NULL,NULL,'2015-03-01 00:00:00','2015-03-01 01:00:00',1),(3,NULL,NULL,209,'lsts_revoked',NULL,NULL,NULL,NULL,NULL,NULL,'2015-03-01 00:00:00','2015-03-01 01:00:00',1);
/*!40000 ALTER TABLE `licence_status_rule` ENABLE KEYS */;
UNLOCK TABLES;

--
-- Dumping data for table `licence_vehicle`
--

LOCK TABLES `licence_vehicle` WRITE;
/*!40000 ALTER TABLE `licence_vehicle` DISABLE KEYS */;
INSERT INTO `licence_vehicle` (`id`, `application_id`, `created_by`, `interim_application_id`, `last_modified_by`, `licence_id`, `vehicle_id`, `created_on`, `deleted_date`, `last_modified_on`, `olbs_key`, `received_date`, `removal_date`, `removal_letter_seed_date`, `specified_date`, `version`, `vi_action`, `warning_letter_seed_date`, `warning_letter_sent_date`) VALUES (1,1,NULL,2,4,7,1,'2010-01-12 00:00:00',NULL,'2014-02-20 00:00:00',NULL,NULL,NULL,NULL,'2014-02-20 00:00:00',1,NULL,NULL,NULL),(2,1,NULL,2,4,7,2,'2010-01-12 00:00:00',NULL,'2014-02-20 00:00:00',NULL,NULL,NULL,NULL,'2014-02-20 00:00:00',1,NULL,NULL,NULL),(3,1,NULL,NULL,4,7,3,'2010-01-12 00:00:00',NULL,'2014-02-20 00:00:00',NULL,NULL,NULL,NULL,'2014-02-20 00:00:00',1,NULL,NULL,NULL),(4,NULL,NULL,NULL,4,7,4,'2010-01-12 00:00:00',NULL,'2014-02-20 00:00:00',NULL,NULL,'2013-03-20 15:40:00',NULL,'2013-02-20 00:00:00',1,NULL,NULL,NULL),(5,NULL,NULL,NULL,4,30,4,'2010-01-12 00:00:00',NULL,'2014-02-20 00:00:00',NULL,NULL,'2013-05-20 09:00:00',NULL,'2013-04-20 00:00:00',1,NULL,NULL,NULL),(6,NULL,NULL,NULL,4,41,4,'2010-01-12 00:00:00',NULL,'2014-02-20 00:00:00',NULL,NULL,'2013-06-10 09:00:00',NULL,'2013-05-22 00:00:00',1,NULL,NULL,NULL),(7,NULL,NULL,NULL,4,54,4,'2010-01-12 00:00:00',NULL,'2014-02-20 00:00:00',NULL,NULL,'2013-07-20 09:00:00',NULL,'2013-06-20 00:00:00',1,NULL,NULL,NULL),(8,NULL,NULL,NULL,4,63,4,'2010-01-12 00:00:00',NULL,'2014-02-20 00:00:00',NULL,NULL,'2013-09-20 09:00:00',NULL,'2013-07-24 00:00:00',1,NULL,NULL,NULL),(9,NULL,NULL,NULL,4,75,4,'2010-01-12 00:00:00',NULL,'2014-02-20 00:00:00',NULL,NULL,'2013-11-02 09:00:00',NULL,'2013-10-20 00:00:00',1,NULL,NULL,NULL),(10,NULL,NULL,NULL,4,100,4,'2010-01-12 00:00:00',NULL,'2014-02-20 00:00:00',NULL,NULL,'2013-11-20 09:00:00',NULL,'2014-11-14 00:00:00',1,NULL,NULL,NULL),(11,NULL,NULL,NULL,4,110,4,'2010-01-12 00:00:00',NULL,'2014-02-20 00:00:00',NULL,NULL,'2013-11-26 09:00:00',NULL,'2014-11-25 00:00:00',1,NULL,NULL,NULL),(12,NULL,NULL,NULL,4,114,4,'2010-01-12 00:00:00',NULL,'2014-02-20 00:00:00',NULL,NULL,'2014-05-20 09:00:00',NULL,'2014-02-20 00:00:00',1,NULL,NULL,NULL),(13,NULL,NULL,NULL,4,115,4,'2010-01-12 00:00:00',NULL,'2014-02-20 00:00:00',NULL,NULL,NULL,NULL,'2014-06-20 00:00:00',1,NULL,NULL,NULL),(14,NULL,NULL,NULL,4,208,4,'2010-01-12 00:00:00',NULL,'2014-02-20 00:00:00',NULL,NULL,'2010-01-12 00:00:00',NULL,'2014-06-20 00:00:00',1,NULL,NULL,NULL),(15,NULL,NULL,NULL,4,208,4,'2010-01-12 00:00:00',NULL,'2014-02-20 00:00:00',NULL,NULL,'2010-01-12 00:00:00',NULL,'2014-06-20 00:00:00',1,NULL,NULL,NULL),(16,NULL,NULL,NULL,NULL,701,9,NULL,NULL,NULL,NULL,NULL,NULL,NULL,NULL,1,NULL,NULL,NULL),(17,NULL,NULL,NULL,NULL,701,10,NULL,NULL,NULL,NULL,NULL,NULL,NULL,NULL,1,NULL,NULL,NULL),(18,NULL,NULL,NULL,NULL,702,11,NULL,NULL,NULL,NULL,NULL,NULL,NULL,NULL,1,NULL,NULL,NULL),(19,NULL,NULL,NULL,NULL,702,12,NULL,NULL,NULL,NULL,NULL,NULL,NULL,NULL,1,NULL,NULL,NULL),(20,NULL,NULL,NULL,NULL,702,13,NULL,NULL,NULL,NULL,NULL,NULL,NULL,NULL,1,NULL,NULL,NULL),(21,NULL,NULL,NULL,NULL,99,20,NULL,NULL,NULL,NULL,NULL,NULL,NULL,NULL,1,NULL,NULL,NULL),(22,NULL,NULL,NULL,NULL,99,21,NULL,NULL,NULL,NULL,NULL,NULL,NULL,NULL,1,NULL,NULL,NULL),(23,NULL,NULL,NULL,NULL,99,22,NULL,NULL,NULL,NULL,NULL,NULL,NULL,NULL,1,NULL,NULL,NULL),(24,NULL,NULL,NULL,NULL,99,23,NULL,NULL,NULL,NULL,NULL,NULL,NULL,NULL,1,NULL,NULL,NULL),(25,NULL,NULL,NULL,NULL,99,24,NULL,NULL,NULL,NULL,NULL,NULL,NULL,NULL,1,NULL,NULL,NULL);
/*!40000 ALTER TABLE `licence_vehicle` ENABLE KEYS */;
UNLOCK TABLES;

--
-- Dumping data for table `licence_vehicle_fee`
--

LOCK TABLES `licence_vehicle_fee` WRITE;
/*!40000 ALTER TABLE `licence_vehicle_fee` DISABLE KEYS */;
/*!40000 ALTER TABLE `licence_vehicle_fee` ENABLE KEYS */;
UNLOCK TABLES;

--
-- Dumping data for table `local_authority`
--

LOCK TABLES `local_authority` WRITE;
/*!40000 ALTER TABLE `local_authority` DISABLE KEYS */;
INSERT INTO `local_authority` (`id`, `created_by`, `last_modified_by`, `traffic_area_id`, `created_on`, `description`, `email_address`, `last_modified_on`, `naptan_code`, `txc_name`, `version`) VALUES (1,1,1,'N',NULL,'Local Auth 1',NULL,NULL,'639','N',1),(2,1,1,'H',NULL,'Local Auth 2',NULL,NULL,'639','H',1),(3,1,1,'B',NULL,'Local Auth 3',NULL,NULL,'639','B',1),(4,1,1,'F',NULL,'Local Auth 4',NULL,NULL,'639','F',1),(5,1,1,'M',NULL,'Local Auth 5',NULL,NULL,'639','M',1),(6,1,1,'G',NULL,'Local Auth 6',NULL,NULL,'639','G',1),(7,1,1,'B',NULL,'Local Auth 7',NULL,NULL,'639','B',1),(8,1,1,'G',NULL,'Local Auth 8',NULL,NULL,'639','G',1),(9,1,1,'K',NULL,'Local Auth 9',NULL,NULL,'639','K',1),(10,1,1,'C',NULL,'Local Auth 10',NULL,NULL,'639','C',1),(11,1,1,'H',NULL,'Local Auth 11',NULL,NULL,'639','H',1),(12,1,1,'F',NULL,'Local Auth 12',NULL,NULL,'639','F',1),(13,1,1,'C',NULL,'Local Auth 13',NULL,NULL,'639','C',1),(14,1,1,'K',NULL,'Local Auth 14',NULL,NULL,'639','K',1),(15,1,1,'B',NULL,'Local Auth 15',NULL,NULL,'639','B',1),(16,1,1,'D',NULL,'Local Auth 16',NULL,NULL,'639','D',1),(17,1,1,'M',NULL,'Local Auth 17',NULL,NULL,'639','M',1),(18,1,1,'N',NULL,'Local Auth 18',NULL,NULL,'639','N',1);
/*!40000 ALTER TABLE `local_authority` ENABLE KEYS */;
UNLOCK TABLES;

--
-- Dumping data for table `note`
--

LOCK TABLES `note` WRITE;
/*!40000 ALTER TABLE `note` DISABLE KEYS */;
INSERT INTO `note` (`id`, `application_id`, `bus_reg_id`, `case_id`, `created_by`, `last_modified_by`, `licence_id`, `note_type`, `organisation_id`, `transport_manager_id`, `user_id`, `comment`, `created_on`, `last_modified_on`, `olbs_key`, `olbs_type`, `priority`, `version`) VALUES (1,1,NULL,28,2,NULL,7,'note_t_app',NULL,NULL,1,'This is an app note','2011-10-03 00:00:00',NULL,NULL,NULL,0,1),(2,NULL,NULL,28,4,NULL,7,'note_t_lic',NULL,NULL,1,'This is a licence note','2011-10-03 00:00:00',NULL,NULL,NULL,1,1),(3,1,NULL,28,2,NULL,7,'note_t_app',NULL,NULL,1,'This is an app note','2011-10-03 00:00:00',NULL,NULL,NULL,0,1),(4,1,NULL,28,3,NULL,7,'note_t_app',NULL,NULL,1,'This is an app note','2011-10-03 00:00:00',NULL,NULL,NULL,0,1),(5,NULL,NULL,28,5,NULL,7,'note_t_lic',NULL,NULL,1,'This is a licence note','2011-10-03 00:00:00',NULL,NULL,NULL,0,1),(6,NULL,NULL,28,3,NULL,7,'note_t_case',NULL,NULL,1,'This is a case note','2011-10-03 00:00:00',NULL,NULL,NULL,0,1),(7,NULL,NULL,28,3,NULL,7,'note_t_lic',NULL,NULL,1,'This is a licence note','2011-10-14 00:00:00',NULL,NULL,NULL,0,1),(8,NULL,NULL,28,3,NULL,7,'note_t_lic',NULL,NULL,1,'This is a licence note','2012-10-10 00:00:00',NULL,NULL,NULL,0,1),(9,NULL,1,75,3,NULL,110,'note_t_bus',NULL,NULL,1,'This is a bus reg note','2012-10-10 00:00:00',NULL,NULL,NULL,0,1),(10,NULL,NULL,28,3,NULL,7,'note_t_lic',NULL,NULL,1,'This is a licence note','2011-10-14 00:00:00',NULL,NULL,NULL,0,1),(11,NULL,NULL,28,3,NULL,7,'note_t_lic',NULL,NULL,1,'This is a licence note','2011-10-13 00:00:00',NULL,NULL,NULL,0,1),(12,NULL,NULL,28,3,NULL,7,'note_t_lic',NULL,NULL,1,'This is a licence note','2011-10-15 00:00:00',NULL,NULL,NULL,0,1),(13,NULL,NULL,28,3,NULL,7,'note_t_lic',NULL,NULL,1,'This is a licence note','2011-10-12 00:00:00',NULL,NULL,NULL,0,1),(14,NULL,NULL,NULL,3,NULL,NULL,'note_t_tm',NULL,3,1,'This is a TM note','2011-10-12 00:00:00',NULL,NULL,NULL,0,1),(15,NULL,NULL,NULL,3,NULL,NULL,'note_t_org',101,NULL,1,'This is a organisation note','2011-10-12 00:00:00',NULL,NULL,NULL,0,1);
/*!40000 ALTER TABLE `note` ENABLE KEYS */;
UNLOCK TABLES;

--
-- Dumping data for table `oc_complaint`
--

LOCK TABLES `oc_complaint` WRITE;
/*!40000 ALTER TABLE `oc_complaint` DISABLE KEYS */;
INSERT INTO `oc_complaint` (`complaint_id`, `operating_centre_id`) VALUES (7,16),(7,21),(7,37),(9,39);
/*!40000 ALTER TABLE `oc_complaint` ENABLE KEYS */;
UNLOCK TABLES;

--
-- Dumping data for table `operating_centre`
--

LOCK TABLES `operating_centre` WRITE;
/*!40000 ALTER TABLE `operating_centre` DISABLE KEYS */;
INSERT INTO `operating_centre` (`id`, `address_id`, `created_by`, `last_modified_by`, `created_on`, `last_modified_on`, `olbs_key`, `version`, `vi_action`) VALUES (16,8,3,2,'2015-10-07 08:04:04','2015-10-07 08:04:04',NULL,1,NULL),(21,21,1,3,'2015-10-07 08:04:04','2015-10-07 08:04:04',NULL,1,NULL),(37,37,2,1,'2015-10-07 08:04:04','2015-10-07 08:04:04',NULL,1,NULL),(39,39,1,3,'2015-10-07 08:04:04','2015-10-07 08:04:04',NULL,1,NULL),(48,29,1,3,'2015-10-07 08:04:04','2015-10-07 08:04:04',NULL,1,NULL),(67,67,0,1,'2015-10-07 08:04:04','2015-10-07 08:04:04',NULL,1,NULL),(72,72,1,4,'2015-10-07 08:04:04','2015-10-07 08:04:04',NULL,1,NULL),(73,118,NULL,NULL,'2015-03-27 12:30:12',NULL,NULL,1,NULL),(74,122,NULL,NULL,'2015-03-27 12:30:12',NULL,NULL,1,NULL),(75,284,NULL,NULL,NULL,NULL,NULL,1,NULL);
/*!40000 ALTER TABLE `operating_centre` ENABLE KEYS */;
UNLOCK TABLES;

--
-- Dumping data for table `operating_centre_opposition`
--

LOCK TABLES `operating_centre_opposition` WRITE;
/*!40000 ALTER TABLE `operating_centre_opposition` DISABLE KEYS */;
INSERT INTO `operating_centre_opposition` (`opposition_id`, `operating_centre_id`) VALUES (1,16),(2,16);
/*!40000 ALTER TABLE `operating_centre_opposition` ENABLE KEYS */;
UNLOCK TABLES;

--
-- Dumping data for table `opposer`
--

LOCK TABLES `opposer` WRITE;
/*!40000 ALTER TABLE `opposer` DISABLE KEYS */;
INSERT INTO `opposer` (`id`, `contact_details_id`, `created_by`, `last_modified_by`, `opposer_type`, `created_on`, `last_modified_on`, `olbs_key`, `olbs_type`, `version`) VALUES (1,8,1,1,'obj_t_local_auth','2014-02-20 00:00:00','2014-02-20 00:00:00',NULL,NULL,1),(2,8,1,1,'obj_t_police','2014-02-21 00:00:00','2014-02-21 00:00:00',NULL,NULL,1);
/*!40000 ALTER TABLE `opposer` ENABLE KEYS */;
UNLOCK TABLES;

--
-- Dumping data for table `opposition`
--

LOCK TABLES `opposition` WRITE;
/*!40000 ALTER TABLE `opposition` DISABLE KEYS */;
INSERT INTO `opposition` (`id`, `case_id`, `created_by`, `is_valid`, `last_modified_by`, `opposer_id`, `opposition_type`, `status`, `created_on`, `deleted_date`, `is_copied`, `is_in_time`, `is_public_inquiry`, `is_willing_to_attend_pi`, `is_withdrawn`, `last_modified_on`, `notes`, `olbs_key`, `olbs_type`, `raised_date`, `valid_notes`, `version`) VALUES (1,29,1,'opp_v_no',1,1,'otf_eob',NULL,'2014-02-20 00:00:00',NULL,1,1,1,0,0,'2014-02-20 00:00:00','Notes',NULL,NULL,'2014-02-19','Valid notes',1),(2,29,1,'opp_v_yes',1,1,'otf_rep',NULL,'2014-02-20 00:00:00',NULL,1,0,0,0,1,'2014-02-20 00:00:00','Notes',NULL,NULL,'2014-02-19','Valid notes',1);
/*!40000 ALTER TABLE `opposition` ENABLE KEYS */;
UNLOCK TABLES;

--
-- Dumping data for table `opposition_grounds`
--

LOCK TABLES `opposition_grounds` WRITE;
/*!40000 ALTER TABLE `opposition_grounds` DISABLE KEYS */;
INSERT INTO `opposition_grounds` (`opposition_id`, `ground_id`) VALUES (1,'ogf_env'),(1,'ogf_parking'),(2,'ogf_safety'),(2,'ogf_size');
/*!40000 ALTER TABLE `opposition_grounds` ENABLE KEYS */;
UNLOCK TABLES;

--
-- Dumping data for table `organisation`
--

LOCK TABLES `organisation` WRITE;
/*!40000 ALTER TABLE `organisation` DISABLE KEYS */;
INSERT INTO `organisation` (`id`, `contact_details_id`, `cpid`, `created_by`, `irfo_contact_details_id`, `irfo_nationality`, `last_modified_by`, `lead_tc_area_id`, `type`, `allow_email`, `company_cert_seen`, `company_or_llp_no`, `confirm_share_trailer_info`, `confirm_share_vehicle_info`, `created_on`, `deleted_date`, `irfo_name`, `is_irfo`, `is_unlicensed`, `last_modified_on`, `name`, `nature_of_business`, `version`, `vi_action`) VALUES (1,21,NULL,1,NULL,NULL,3,'B','org_t_rc',1,0,'12345678',0,0,'2015-10-07 08:04:04',NULL,NULL,0,0,'2015-10-07 08:04:04','John Smith Haulage Ltd.','Haulage',1,NULL),(30,30,NULL,1,NULL,NULL,4,'C','org_t_rc',0,0,'98765432',0,0,'2015-10-07 08:04:04',NULL,NULL,0,0,'2015-10-07 08:04:04','John Smith Haulage Ltd.',NULL,1,NULL),(41,41,NULL,0,NULL,NULL,4,'D','org_t_rc',0,0,'24134123',0,0,'2015-10-07 08:04:04',NULL,NULL,0,0,'2015-10-07 08:04:04','Teddie Stobbart Group Ltd',NULL,1,NULL),(54,54,NULL,3,NULL,NULL,4,'F','org_t_rc',0,0,'67567533',0,0,'2015-10-07 08:04:04',NULL,NULL,0,0,'2015-10-07 08:04:04','Teddie Stobbart Group Ltd',NULL,1,NULL),(63,63,NULL,1,NULL,NULL,2,'G','org_t_rc',0,0,'35345645',0,0,'2015-10-07 08:04:04',NULL,NULL,0,0,'2015-10-07 08:04:04','Leeds bus service ltd.',NULL,1,NULL),(75,75,NULL,1,NULL,NULL,0,'H','org_t_pa',0,0,'12345A11',0,0,'2015-10-07 08:04:04',NULL,NULL,0,0,'2015-10-07 08:04:04','Leeds city council',NULL,1,NULL),(100,100,NULL,1,NULL,NULL,3,'K','org_t_p',0,0,'100100',0,0,'2014-01-28 16:25:35',NULL,NULL,0,0,'2014-01-28 16:25:35','Test partnership',NULL,2,NULL),(101,100,NULL,1,NULL,NULL,3,'K','org_t_ir',0,0,'100100',0,0,'2015-10-07 08:04:04',NULL,NULL,1,0,'2015-10-07 08:04:04','Test IRFO',NULL,1,NULL),(104,NULL,NULL,NULL,NULL,NULL,NULL,'M','org_t_rc',0,0,'1234567',0,0,NULL,NULL,NULL,0,0,NULL,'Company Name',NULL,1,NULL),(105,NULL,NULL,1,NULL,NULL,3,'N','org_t_rc',0,0,NULL,0,0,'2015-10-07 08:04:04',NULL,NULL,0,0,'2015-10-07 08:04:04','SR Organisation',NULL,1,NULL),(106,NULL,NULL,NULL,NULL,NULL,NULL,'B','org_t_pa',0,0,NULL,0,0,NULL,NULL,NULL,0,1,NULL,'Test Unlicensed Goods Operator',NULL,1,NULL),(107,NULL,NULL,NULL,NULL,NULL,NULL,'B','org_t_pa',0,0,NULL,0,0,NULL,NULL,NULL,0,1,NULL,'Test Unlicensed PSV Operator',NULL,1,NULL),(130,NULL,NULL,NULL,NULL,NULL,NULL,'B','org_t_rc',0,0,NULL,0,0,NULL,NULL,NULL,0,0,NULL,'Big Trucks Ltd','Traffic Management',1,NULL);
/*!40000 ALTER TABLE `organisation` ENABLE KEYS */;
UNLOCK TABLES;

--
-- Dumping data for table `organisation_person`
--

LOCK TABLES `organisation_person` WRITE;
/*!40000 ALTER TABLE `organisation_person` DISABLE KEYS */;
INSERT INTO `organisation_person` (`id`, `created_by`, `last_modified_by`, `organisation_id`, `person_id`, `created_on`, `deleted_date`, `last_modified_on`, `olbs_key`, `position`, `version`) VALUES (1,NULL,NULL,7,78,NULL,NULL,NULL,NULL,NULL,1),(2,NULL,NULL,7,77,NULL,NULL,NULL,NULL,NULL,1),(3,NULL,NULL,1,77,NULL,NULL,NULL,NULL,NULL,1),(4,NULL,NULL,1,78,NULL,NULL,NULL,NULL,NULL,1),(5,NULL,NULL,100,78,NULL,NULL,NULL,NULL,NULL,1),(6,NULL,NULL,100,77,NULL,NULL,NULL,NULL,NULL,1),(7,NULL,NULL,75,11,NULL,NULL,NULL,NULL,NULL,1),(8,NULL,NULL,75,32,NULL,NULL,NULL,NULL,NULL,1);
/*!40000 ALTER TABLE `organisation_person` ENABLE KEYS */;
UNLOCK TABLES;

--
-- Dumping data for table `organisation_type`
--

LOCK TABLES `organisation_type` WRITE;
/*!40000 ALTER TABLE `organisation_type` DISABLE KEYS */;
/*!40000 ALTER TABLE `organisation_type` ENABLE KEYS */;
UNLOCK TABLES;

--
-- Dumping data for table `organisation_user`
--

LOCK TABLES `organisation_user` WRITE;
/*!40000 ALTER TABLE `organisation_user` DISABLE KEYS */;
INSERT INTO `organisation_user` (`id`, `created_by`, `last_modified_by`, `organisation_id`, `user_id`, `created_on`, `is_administrator`, `last_modified_on`, `sftp_access`, `version`) VALUES (1,NULL,NULL,1,19,NULL,0,NULL,0,1),(2,NULL,NULL,1,20,NULL,1,NULL,0,1),(3,NULL,NULL,1,21,NULL,0,NULL,0,1);
/*!40000 ALTER TABLE `organisation_user` ENABLE KEYS */;
UNLOCK TABLES;

--
-- Dumping data for table `other_licence`
--

LOCK TABLES `other_licence` WRITE;
/*!40000 ALTER TABLE `other_licence` DISABLE KEYS */;
INSERT INTO `other_licence` (`id`, `application_id`, `created_by`, `last_modified_by`, `previous_licence_type`, `role`, `transport_manager_id`, `transport_manager_application_id`, `transport_manager_licence_id`, `additional_information`, `created_on`, `deleted_date`, `disqualification_date`, `disqualification_length`, `holder_name`, `hours_per_week`, `last_modified_on`, `lic_no`, `operating_centres`, `purchase_date`, `total_auth_vehicles`, `version`, `will_surrender`) VALUES (1,3,1,NULL,'prev_has_licence',NULL,1,NULL,NULL,NULL,'2014-11-23 21:58:52',NULL,NULL,NULL,NULL,NULL,NULL,'AB123456',NULL,NULL,NULL,1,NULL),(2,3,1,NULL,'prev_has_licence',NULL,1,NULL,NULL,NULL,'2014-11-23 21:58:52',NULL,NULL,NULL,NULL,NULL,NULL,'YX654321',NULL,NULL,NULL,1,NULL),(3,6,1,NULL,'prev_has_licence',NULL,2,NULL,NULL,NULL,'2014-11-23 21:58:52',NULL,NULL,NULL,NULL,NULL,NULL,'AB123456',NULL,NULL,NULL,1,NULL),(4,1,1,NULL,'prev_has_licence','ol_role_tm',1,1,NULL,NULL,'2014-10-01 21:58:52',NULL,NULL,NULL,NULL,10,NULL,'AA111111','oc1',NULL,2,1,NULL),(5,1,1,NULL,'prev_has_licence','ol_role_tm',1,1,NULL,NULL,'2014-10-02 21:58:52',NULL,NULL,NULL,NULL,10,NULL,'AB122222','oc2',NULL,2,1,NULL),(6,2,1,NULL,'prev_has_licence','ol_role_tm',1,2,NULL,NULL,'2014-10-03 21:58:52',NULL,NULL,NULL,NULL,11,NULL,'AA133333','oc3',NULL,3,1,NULL),(7,2,1,NULL,'prev_has_licence','ol_role_tm',1,2,NULL,NULL,'2014-10-04 21:58:52',NULL,NULL,NULL,NULL,11,NULL,'AB144444','oc4',NULL,3,1,NULL),(8,1,1,NULL,'prev_has_licence','ol_role_tm',3,3,NULL,NULL,'2014-10-05 21:58:52',NULL,NULL,NULL,NULL,12,NULL,'AA311111','oc5',NULL,4,1,NULL),(9,1,1,NULL,'prev_has_licence','ol_role_tm',3,3,NULL,NULL,'2014-10-06 21:58:52',NULL,NULL,NULL,NULL,12,NULL,'AB322222','oc6',NULL,4,1,NULL),(10,2,1,NULL,'prev_has_licence','ol_role_tm',3,4,NULL,NULL,'2014-10-07 21:58:52',NULL,NULL,NULL,NULL,13,NULL,'AA333333','oc7',NULL,5,1,NULL),(11,2,1,NULL,'prev_has_licence','ol_role_tm',3,4,NULL,NULL,'2014-10-08 21:58:52',NULL,NULL,NULL,NULL,13,NULL,'AB344444','oc8',NULL,5,1,NULL),(12,NULL,1,NULL,'prev_has_licence','ol_role_tm',1,NULL,1,NULL,'2014-10-09 21:58:52',NULL,NULL,NULL,NULL,14,NULL,'CC11111','oc9',NULL,6,1,NULL),(13,NULL,1,NULL,'prev_has_licence','ol_role_tm',1,NULL,1,NULL,'2014-10-10 21:58:52',NULL,NULL,NULL,NULL,14,NULL,'CD12222','oc10',NULL,6,1,NULL),(14,NULL,1,NULL,'prev_has_licence','ol_role_tm',2,NULL,2,NULL,'2014-10-11 21:58:52',NULL,NULL,NULL,NULL,15,NULL,'CC11111','oc11',NULL,7,1,NULL),(15,NULL,1,NULL,'prev_has_licence','ol_role_tm',2,NULL,2,NULL,'2014-10-12 21:58:52',NULL,NULL,NULL,NULL,15,NULL,'CD12222','oc12',NULL,7,1,NULL),(16,NULL,1,NULL,'prev_has_licence','ol_role_tm',3,NULL,3,NULL,'2014-10-13 21:58:52',NULL,NULL,NULL,NULL,16,NULL,'CC33333','oc13',NULL,8,1,NULL),(17,NULL,1,NULL,'prev_has_licence','ol_role_tm',3,NULL,3,NULL,'2014-10-14 21:58:52',NULL,NULL,NULL,NULL,16,NULL,'CD44444','oc14',NULL,8,1,NULL);
/*!40000 ALTER TABLE `other_licence` ENABLE KEYS */;
UNLOCK TABLES;

--
-- Dumping data for table `permission`
--

LOCK TABLES `permission` WRITE;
/*!40000 ALTER TABLE `permission` DISABLE KEYS */;
INSERT INTO `permission` (`id`, `created_by`, `last_modified_by`, `code`, `created_on`, `last_modified_on`, `name`, `version`) VALUES (1,NULL,NULL,'ADMIN',NULL,NULL,'internal-admin',1),(2,NULL,NULL,'DOCUM',NULL,NULL,'internal-documents',1),(3,NULL,NULL,'CASE',NULL,NULL,'internal-case',1),(4,NULL,NULL,'NOTES',NULL,NULL,'internal-notes',1),(5,NULL,NULL,'EDIT',NULL,NULL,'internal-edit',1),(6,NULL,NULL,'VIEW',NULL,NULL,'internal-view',1),(7,NULL,NULL,'IUSER',NULL,NULL,'internal-user',1),(8,NULL,NULL,'SUSER',NULL,NULL,'selfserve-user',1),(9,NULL,NULL,'SEBSR',NULL,NULL,'selfserve-ebsr',1),(10,NULL,NULL,'SEDOC',NULL,NULL,'selfserve-ebsr-documents',1),(11,NULL,NULL,'SLVA',NULL,NULL,'selfserve-lva',1),(12,NULL,NULL,'SADM',NULL,NULL,'selfserve-admin',1),(13,NULL,NULL,'STM',NULL,NULL,'selfserve-tm',1),(14,NULL,NULL,'STMD',NULL,NULL,'selfserve-tm-dashboard',1),(16,NULL,NULL,'INTL',NULL,NULL,'internal-limited-read-only',1),(17,NULL,NULL,'INTR',NULL,NULL,'internal-read-only',1),(18,NULL,NULL,'INTC',NULL,NULL,'internal-case-worker',1),(20,NULL,NULL,'OPAD',NULL,NULL,'operator-admin',1),(21,NULL,NULL,'OPUS',NULL,NULL,'operator-user',1),(22,NULL,NULL,'OPTM',NULL,NULL,'operator-tm',1),(23,NULL,NULL,'OEBSR',NULL,NULL,'operator-ebsr',1),(24,NULL,NULL,'PAAD',NULL,NULL,'partner-admin',1),(25,NULL,NULL,'PAUS',NULL,NULL,'partner-user',1),(26,NULL,NULL,'LAAD',NULL,NULL,'local-authority-admin',1),(27,NULL,NULL,'LAUS',NULL,NULL,'local-authority-user',1),(28,NULL,NULL,'ULLT',NULL,NULL,'can-update-licence-licence-type',1),(29,NULL,NULL,'SSLPB',NULL,NULL,'selfserve-landing-page-bus-registration',1),(30,NULL,NULL,'SSLPO',NULL,NULL,'selfserve-search-operating-centre',1),(31,NULL,NULL,'SSSPN',NULL,NULL,'selfserve-search-person',1),(32,NULL,NULL,'SSVEX',NULL,NULL,'selfserve-search-vehicle-external',1),(33,NULL,NULL,'SSNVD',NULL,NULL,'selfserve-nav-dashboard',1),(34,NULL,NULL,'MUSS',NULL,NULL,'can-manage-user-selfserve',1),(35,NULL,NULL,'MUINT',NULL,NULL,'can-manage-user-internal',1);
/*!40000 ALTER TABLE `permission` ENABLE KEYS */;
UNLOCK TABLES;

--
-- Dumping data for table `person`
--

LOCK TABLES `person` WRITE;
/*!40000 ALTER TABLE `person` DISABLE KEYS */;
INSERT INTO `person` (`id`, `created_by`, `last_modified_by`, `title`, `birth_date`, `birth_place`, `created_on`, `deleted_date`, `family_name`, `forename`, `last_modified_on`, `olbs_key`, `olbs_type`, `other_name`, `version`) VALUES (4,NULL,NULL,'title_mr','1960-02-01','Aldershot',NULL,NULL,'Barret-Edgecombe','Terry',NULL,NULL,NULL,NULL,1),(8,NULL,NULL,'title_mr','1960-02-01','Birmingham',NULL,NULL,'Fish','Simon',NULL,NULL,NULL,NULL,1),(9,NULL,NULL,'title_mr','1960-02-15','Cheltenham',NULL,NULL,'Smith','John',NULL,NULL,NULL,NULL,1),(10,NULL,NULL,'title_mr','1965-07-12','Darlington',NULL,NULL,'Smith','Peter',NULL,NULL,NULL,NULL,1),(11,NULL,NULL,'title_mr','1970-04-14','Edinburgh',NULL,NULL,'Lambert','Joe',NULL,NULL,NULL,NULL,1),(12,NULL,NULL,'title_mr','1975-04-15','Farnham',NULL,NULL,'Cooper','Tom',NULL,NULL,NULL,NULL,1),(13,NULL,NULL,'title_mr','1973-03-03','Godmanchester',NULL,NULL,'Anthony','Mark',NULL,NULL,NULL,NULL,1),(14,NULL,NULL,'title_mr','1975-02-15','Hereford',NULL,NULL,'Cooper','Mark',NULL,NULL,NULL,NULL,1),(15,NULL,NULL,'title_mr','1973-12-09','Isle of Wight',NULL,NULL,'Anthony','Tom',NULL,NULL,NULL,NULL,1),(32,NULL,NULL,'title_mr','1960-04-15','Jamaica',NULL,NULL,'Smith','Peter',NULL,NULL,NULL,NULL,1),(33,NULL,NULL,'title_mr','1965-04-12','Kiddiminster',NULL,NULL,'Jones','Mark',NULL,NULL,NULL,NULL,1),(34,NULL,NULL,'title_mr','1970-06-14','London',NULL,NULL,'Lambert','Tim',NULL,NULL,NULL,NULL,1),(35,NULL,NULL,'title_mr','1975-04-18','Manchester',NULL,NULL,'Cooper','Joe',NULL,NULL,NULL,NULL,1),(43,NULL,NULL,'title_mr','1960-02-15','Newcastle',NULL,NULL,'Smith','Ted',NULL,NULL,NULL,NULL,1),(44,NULL,NULL,'title_mr','1970-04-14','Otley',NULL,NULL,'Lambert','Peter',NULL,NULL,NULL,NULL,1),(45,NULL,NULL,'title_mr','1975-04-15','Peterborough',NULL,NULL,'Cooper','Mark',NULL,NULL,NULL,NULL,1),(46,NULL,NULL,'title_mr','1973-03-03','Quatar',NULL,NULL,'Anthony','David',NULL,NULL,NULL,NULL,1),(47,NULL,NULL,'title_mr','1975-02-15','Rotherham',NULL,NULL,'Howarth','Lewis',NULL,NULL,NULL,NULL,1),(59,NULL,NULL,'title_mr','1973-03-03','Swansea',NULL,NULL,'Smith','Peter',NULL,NULL,NULL,NULL,1),(60,NULL,NULL,'title_mr','1975-02-15','Tadcaster',NULL,NULL,'Hamilton','Lewis',NULL,NULL,NULL,NULL,1),(65,NULL,NULL,'title_mr','1972-02-15','Upminster',NULL,NULL,'Smith','Jonathan',NULL,NULL,NULL,NULL,1),(66,NULL,NULL,'title_mr','1975-03-15','Victoria',NULL,NULL,'Cooper','Tim',NULL,NULL,NULL,NULL,1),(77,NULL,NULL,'title_mr','1972-02-15','Leeds',NULL,NULL,'Jones','Tom',NULL,NULL,NULL,NULL,1),(78,NULL,NULL,'title_mr','1975-03-15','Xanten',NULL,NULL,'Winnard','Keith',NULL,NULL,NULL,NULL,1),(79,NULL,NULL,'title_mr','1975-04-15','York',NULL,NULL,'Bond','James',NULL,NULL,NULL,NULL,1),(80,NULL,NULL,'title_mr','1975-04-15','Zurich',NULL,NULL,'Smith','Dave',NULL,NULL,NULL,NULL,1),(81,NULL,NULL,'title_mr','1975-04-15','Zurich',NULL,NULL,'Spellman','John',NULL,NULL,NULL,NULL,1),(82,NULL,NULL,'title_mr','1975-04-15','Zurich',NULL,NULL,'Fox','Steve',NULL,NULL,NULL,NULL,1),(83,NULL,NULL,'title_mrs','1975-04-15','Zurich',NULL,NULL,'Wrigg','Amy',NULL,NULL,NULL,NULL,1),(84,NULL,NULL,'title_mr','1975-04-15','Zurich',NULL,NULL,'Jowitt','Phil',NULL,NULL,NULL,NULL,1),(85,NULL,NULL,'title_mr','1975-04-15','Zurich',NULL,NULL,'Rooney','Kevin',NULL,NULL,NULL,NULL,1),(86,NULL,NULL,'title_mrs','1975-04-15','Zurich',NULL,NULL,'Thompson','Sarah',NULL,NULL,NULL,NULL,1),(87,NULL,NULL,'title_mr','1975-04-15','Zurich',NULL,NULL,'Smith','Tom',NULL,NULL,NULL,NULL,1),(90,1,1,'title_mr','1960-02-01','Aldershot',NULL,NULL,'BONOMI','ABDOU',NULL,NULL,NULL,NULL,1);
/*!40000 ALTER TABLE `person` ENABLE KEYS */;
UNLOCK TABLES;

--
-- Dumping data for table `phone_contact`
--

LOCK TABLES `phone_contact` WRITE;
/*!40000 ALTER TABLE `phone_contact` DISABLE KEYS */;
INSERT INTO `phone_contact` (`id`, `contact_details_id`, `created_by`, `last_modified_by`, `phone_contact_type`, `created_on`, `details`, `last_modified_on`, `olbs_key`, `olbs_type`, `phone_number`, `version`) VALUES (1,101,NULL,NULL,'phone_t_tel',NULL,'',NULL,NULL,NULL,'0113 123 1234',1),(2,8,NULL,NULL,'phone_t_tel',NULL,'',NULL,NULL,NULL,'0113 123 1234',1),(10,1,NULL,NULL,'phone_t_tel',NULL,'',NULL,NULL,NULL,'0113 123 1234',1),(11,124,NULL,NULL,'phone_t_tel','2015-03-27 12:29:38',NULL,NULL,NULL,NULL,'01234 567890',1),(12,127,NULL,NULL,'phone_t_tel','2015-03-27 12:29:38',NULL,NULL,NULL,NULL,'01234 567890',1),(13,145,NULL,NULL,'phone_t_tel',NULL,NULL,NULL,NULL,NULL,'012345',1),(14,145,NULL,NULL,'phone_t_home',NULL,NULL,NULL,NULL,NULL,'012346',1),(15,145,NULL,NULL,'phone_t_mobile',NULL,NULL,NULL,NULL,NULL,'012347',1),(16,145,NULL,NULL,'phone_t_fax',NULL,NULL,NULL,NULL,NULL,'012348',1),(17,146,NULL,NULL,'phone_t_tel',NULL,NULL,NULL,NULL,NULL,'012345',1),(18,146,NULL,NULL,'phone_t_home',NULL,NULL,NULL,NULL,NULL,'012346',1),(19,146,NULL,NULL,'phone_t_mobile',NULL,NULL,NULL,NULL,NULL,'012347',1),(20,146,NULL,NULL,'phone_t_fax',NULL,NULL,NULL,NULL,NULL,'012348',1),(30,181,NULL,NULL,'phone_t_tel',NULL,NULL,NULL,NULL,NULL,'012345',1),(31,181,NULL,NULL,'phone_t_home',NULL,NULL,NULL,NULL,NULL,'012346',1),(32,181,NULL,NULL,'phone_t_mobile',NULL,NULL,NULL,NULL,NULL,'012347',1),(33,181,NULL,NULL,'phone_t_fax',NULL,NULL,NULL,NULL,NULL,'012348',1);
/*!40000 ALTER TABLE `phone_contact` ENABLE KEYS */;
UNLOCK TABLES;

--
-- Dumping data for table `pi`
--

LOCK TABLES `pi` WRITE;
/*!40000 ALTER TABLE `pi` DISABLE KEYS */;
INSERT INTO `pi` (`id`, `agreed_by_tc_id`, `agreed_by_tc_role`, `assigned_to`, `case_id`, `created_by`, `decided_by_tc_id`, `decided_by_tc_role`, `last_modified_by`, `pi_status`, `written_outcome`, `agreed_date`, `brief_to_tc_date`, `call_up_letter_date`, `closed_date`, `comment`, `created_on`, `dec_sent_after_written_dec_date`, `decision_date`, `decision_letter_sent_date`, `decision_notes`, `deleted_date`, `is_cancelled`, `last_modified_on`, `licence_curtailed_at_pi`, `licence_revoked_at_pi`, `licence_suspended_at_pi`, `notification_date`, `olbs_key`, `olbs_type`, `section_code_text`, `tc_written_decision_date`, `tc_written_reason_date`, `version`, `witnesses`, `written_reason_date`, `written_reason_letter_date`) VALUES (1,2,'tc_r_dtc',NULL,24,NULL,2,'tc_r_dhtru',NULL,'pi_s_reg',NULL,'2014-11-24',NULL,NULL,NULL,'Test Pi','2014-11-24 10:06:49',NULL,NULL,NULL,'S13 - Consideration of new application under Section 13',NULL,0,'2014-12-11 10:49:57',0,0,0,NULL,NULL,NULL,NULL,NULL,NULL,2,0,NULL,NULL),(2,2,'tc_r_dtc',NULL,84,NULL,2,'tc_r_dhtru',NULL,'pi_s_reg',NULL,'2014-11-24',NULL,NULL,NULL,'Test Pi','2014-11-24 10:06:49',NULL,NULL,NULL,'S13 - Consideration of new application under Section 13',NULL,0,'2014-12-11 10:49:57',0,0,0,NULL,NULL,NULL,NULL,NULL,NULL,2,0,NULL,NULL);
/*!40000 ALTER TABLE `pi` ENABLE KEYS */;
UNLOCK TABLES;

--
-- Dumping data for table `pi_decision`
--

LOCK TABLES `pi_decision` WRITE;
/*!40000 ALTER TABLE `pi_decision` DISABLE KEYS */;
INSERT INTO `pi_decision` (`pi_id`, `decision_id`) VALUES (1,65),(2,65);
/*!40000 ALTER TABLE `pi_decision` ENABLE KEYS */;
UNLOCK TABLES;

--
-- Dumping data for table `pi_definition`
--

LOCK TABLES `pi_definition` WRITE;
/*!40000 ALTER TABLE `pi_definition` DISABLE KEYS */;
INSERT INTO `pi_definition` (`id`, `created_by`, `goods_or_psv`, `last_modified_by`, `created_on`, `description`, `is_ni`, `last_modified_on`, `pi_definition_category`, `section_code`, `version`) VALUES (1,479,'lcat_gv',479,'2002-05-14 17:45:00','S12 - Objection/representation received against new application under Section 12',0,'2002-05-14 17:45:00','Considerations','S12',1),(2,479,'lcat_gv',479,'2002-05-14 17:45:00','S13 - Consideration of new application under Section 13',0,'2002-05-14 17:45:00','Considerations','S13',1),(3,479,'lcat_gv',479,'2002-05-14 17:45:00','S17 - Consideration of variation application under Section 17',0,'2002-05-14 17:45:00','Considerations','S17',1),(4,479,'lcat_gv',479,'2002-05-14 17:45:00','S19 - Objection /representation received against variation application under Section 19',0,'2002-05-14 17:45:00','Considerations','S19',1),(5,479,'lcat_gv',479,'2002-05-14 17:45:00','S21 - Consider attaching conditions under Section 21',0,'2002-05-14 17:45:00','Considerations','S21',1),(6,479,'lcat_gv',479,'2002-05-14 17:45:00','S22 - Consider attaching conditions under Section 22',0,'2002-05-14 17:45:00','Considerations','S22',1),(7,479,'lcat_gv',479,'2002-05-14 17:45:00','S23 - Consider attaching conditions under Section 23',0,'2002-05-14 17:45:00','Considerations','S23',1),(8,479,'lcat_gv',479,'2002-05-14 17:45:00','S24 - Consideration of interim licence under Section 24',0,'2002-05-14 17:45:00','Considerations','S24',1),(9,479,'lcat_gv',479,'2002-05-14 17:45:00','S25 - Consideration of interim variation under Section 25',0,'2002-05-14 17:45:00','Considerations','S25',1),(10,479,'lcat_gv',479,'2002-05-14 17:45:00','S26 - Consideration of disciplinary action under Section 26',0,'2002-05-14 17:45:00','Considerations','S26',1),(11,479,'lcat_gv',479,'2002-05-14 17:45:00','S27 - Consideration of disciplinary action under Section 27',0,'2002-05-14 17:45:00','Considerations','S27',1),(12,479,'lcat_gv',479,'2002-05-14 17:45:00','S28 - Consideration of disciplinary action under Section 28',0,'2002-05-14 17:45:00','Considerations','S28',1),(13,479,'lcat_gv',479,'2002-05-14 17:45:00','S30 - Review of operating centre under Section 30',0,'2002-05-14 17:45:00','Considerations','S30',1),(14,479,'lcat_gv',479,'2002-05-14 17:45:00','S49 - Consideration of application for Certificate of Qualification',0,'2002-05-14 17:45:00','Considerations','S49',1),(15,479,'lcat_gv',479,'2002-05-14 17:45:00','Sch.3 - Consideration of Transport Managers Repute under Schedule 3',0,'2002-05-14 17:45:00','Considerations','Sch.3',1),(17,479,'lcat_gv',479,'2002-05-14 17:45:00','Art. 8(2) & (3) - Consideration of community Authorisation',0,'2002-05-14 17:45:00','Considerations','Art. 8(2) & (3)',1),(18,479,'lcat_psv',479,'2002-05-14 17:45:00','S14 - Consideration of new application under Section 14 (The Public Passenger Vehicles Act 1981)',0,'2002-05-14 17:45:00','Considerations','S14',1),(19,479,'lcat_psv',479,'2002-05-14 17:45:00','S14A - Objection received against new application under Section 14 A  (The Public Passenger Vehicles Act 1981)',0,'2002-05-14 17:45:00','Considerations','S14A',1),(20,479,'lcat_psv',479,'2002-05-14 17:45:00','S16 - Consider attaching of varying conditions under Section 16  (The Public Passenger Vehicles Act 1981)',0,'2002-05-14 17:45:00','Considerations','S16',1),(21,479,'lcat_psv',479,'2002-05-14 17:45:00','S17 - Consideration of disciplinary action under Section 17  (The Public Passenger Vehicles Act 1981)',0,'2002-05-14 17:45:00','Considerations','S17',1),(22,479,'lcat_psv',479,'2002-05-14 17:45:00','S21 - Consideration of application for Certificate of Qualification',0,'2002-05-14 17:45:00','Considerations','S21',1),(23,479,'lcat_psv',479,'2002-05-14 17:45:00','Sch.3 - Consideration of Transport Managers Repute under Schedule 3  (The Public Passenger Vehicles Act 1981)',0,'2002-05-14 17:45:00','Considerations','Sch.3',1),(24,479,'lcat_psv',479,'2002-05-14 17:45:00','S28 - Consideration of disciplinary action under Section 28 (The Transport Act 1985)',0,'2002-05-14 17:45:00','Considerations','S28',1),(25,479,'lcat_psv',479,'2002-05-14 17:45:00','S26 - Consideration of disciplinary action under Section 26  (The Transport Act 1985)',0,'2002-05-14 17:45:00','Considerations','S26',1),(26,479,'lcat_psv',479,'2002-05-14 17:45:00','S111 - Consideration of disciplinary action under Section 111  (The Transport Act 1985)',0,'2002-05-14 17:45:00','Considerations','S111',1),(27,479,'lcat_psv',479,'2002-05-14 17:45:00','Art. 8(2) & (3) - Consideration of Community Authorisation',0,'2002-05-14 17:45:00','Considerations','Art. 8(2) & (3)',1),(28,479,'lcat_gv',479,'2002-05-14 17:45:00','S13 - Application granted as applied for',0,'2002-05-14 17:45:00','Granted','S13',1),(29,479,'lcat_gv',479,'2002-05-14 17:45:00','S13 - Application granted for [....]',0,'2002-05-14 17:45:00','Granted','S13',1),(30,479,'lcat_gv',479,'2002-05-14 17:45:00','S15 - Application granted in terms other than applied for',0,'2002-05-14 17:45:00','Granted','S15',1),(31,479,'lcat_gv',479,'2002-05-14 17:45:00','S17 - Application granted as applied for',0,'2002-05-14 17:45:00','Granted','S17',1),(32,479,'lcat_gv',479,'2002-05-14 17:45:00','S17 - Application granted for [....]',0,'2002-05-14 17:45:00','Granted','S17',1),(33,479,'lcat_gv',479,'2002-05-14 17:45:00','S21 - Application granted with the following conditions [....]',0,'2002-05-14 17:45:00','Granted','S21',1),(34,479,'lcat_gv',479,'2002-05-14 17:45:00','S22 - Application granted with the following conditions [....]',0,'2002-05-14 17:45:00','Granted','S22',1),(35,479,'lcat_gv',479,'2002-05-14 17:45:00','S23 - Application granted with the following conditions [....]',0,'2002-05-14 17:45:00','Granted','S23',1),(36,479,'lcat_gv',479,'2002-05-14 17:45:00','S49 - Application fo Certification of Qualification granted',0,'2002-05-14 17:45:00','Granted','S49',1),(37,479,'lcat_gv',479,'2002-05-14 17:45:00','S13 - Application refused',0,'2002-05-14 17:45:00','Refused','S13',1),(38,479,'lcat_gv',479,'2002-05-14 17:45:00','S14 - Application refused',0,'2002-05-14 17:45:00','Refused','S14',1),(39,479,'lcat_gv',479,'2002-05-14 17:45:00','S17 - Application refused',0,'2002-05-14 17:45:00','Refused','S17',1),(40,479,'lcat_gv',479,'2002-05-14 17:45:00','S19 - Application refused',0,'2002-05-14 17:45:00','Refused','S19',1),(41,479,'lcat_gv',479,'2002-05-14 17:45:00','S49 - Application for Certificate of Qualification refused',0,'2002-05-14 17:45:00','Refused','S49',1),(42,479,'lcat_gv',479,'2002-05-14 17:45:00','S26 - No action',0,'2002-05-14 17:45:00','No Action','S26',1),(43,479,'lcat_gv',479,'2002-05-14 17:45:00','S26 - Formal warning in respect of [....]',0,'2002-05-14 17:45:00','Formal Warning','S26',1),(44,479,'lcat_gv',479,'2002-05-14 17:45:00','S26 - Licence curtailed to [....] with immediate effect',0,'2002-05-14 17:45:00','Curtailed','S26',1),(45,479,'lcat_gv',479,'2002-05-14 17:45:00','S26 - Licence curtailed to [....] with effect from [....]',0,'2002-05-14 17:45:00','Curtailed','S26',1),(46,479,'lcat_gv',479,'2002-05-14 17:45:00','S26 - Licence suspended for [....] with immediate effect',0,'2002-05-14 17:45:00','Suspended','S26',1),(48,479,'lcat_gv',479,'2002-05-14 17:45:00','S26 - Licence suspended for [....] with  effect from [....]',0,'2002-05-14 17:45:00','Suspended','S26',1),(49,479,'lcat_gv',479,'2002-05-14 17:45:00','Art. 8(2) - Community Authorisation suspended with effect from [....]',0,'2002-05-14 17:45:00','Suspended','Art. 8(2)',1),(50,479,'lcat_gv',479,'2002-05-14 17:45:00','S26(6) - Direction issued that vehicles may not be specified on another licence during period of suspension/curtailment',0,'2002-05-14 17:45:00','Direction','S26(6)',1),(51,479,'lcat_gv',479,'2002-05-14 17:45:00','S29 - Direction/order made under [....] not to take effect until [....]',0,'2002-05-14 17:45:00','Direction','S29',1),(52,479,'lcat_gv',479,'2002-05-14 17:45:00','S31 - Direction made removing [....name of operating center....] from the licence with effect from [....]',0,'2002-05-14 17:45:00','Direction','S31',1),(53,479,'lcat_gv',479,'2002-05-14 17:45:00','S32 - Direction made attaching/varying conditions to the licence as follows [....]',0,'2002-05-14 17:45:00','Direction','S32',1),(54,479,'lcat_gv',479,'2002-05-14 17:45:00','S26 - Condition attached [....]',0,'2002-05-14 17:45:00','Conditions','S26',1),(55,479,'lcat_psv',479,'2002-05-14 17:45:00','S111 - Determination made to repay [....] fuel duty rebate',0,'2002-05-14 17:45:00','Determinations','S111',1),(56,479,'lcat_gv',479,'2002-05-14 17:45:00','Art. 8(3) - Community Authorisation withdrawn with effect from [....]',0,'2002-05-14 17:45:00','Withdrawn','Art. 8(3)',1),(57,479,'lcat_psv',479,'2002-05-14 17:45:00','Art. 8(3) - Community Authorisation suspended with effedct from [....]',0,'2002-05-14 17:45:00','Suspended','Art. 8(3)',1),(58,479,'lcat_psv',479,'2002-05-14 17:45:00','S14 - Application granted as applied for',0,'2002-05-14 17:45:00','Granted','S14',1),(60,479,'lcat_psv',479,'2002-05-14 17:45:00','S14 - Application granted for [....]',0,'2002-05-14 17:45:00','Granted','S14',1),(61,479,'lcat_psv',479,'2002-05-14 17:45:00','S16 - Application granted as applied for',0,'2002-05-14 17:45:00','Granted','S16',1),(62,479,'lcat_psv',479,'2002-05-14 17:45:00','S16 - Application granted [....]',0,'2002-05-14 17:45:00','Granted','S16',1),(63,479,'lcat_psv',479,'2002-05-14 17:45:00','S21 - Application for Certificate of Qualification granted',0,'2002-05-14 17:45:00','Granted','S21',1),(64,479,'lcat_psv',479,'2002-05-14 17:45:00','S14 - Application refused',0,'2002-05-14 17:45:00','Refused','S14',1),(65,479,'lcat_psv',479,'2002-05-14 17:45:00','S16 - Application refused',0,'2002-05-14 17:45:00','Refused','S16',1),(66,479,'lcat_psv',479,'2002-05-14 17:45:00','S21 - Application for Certificate of Qualification refused',0,'2002-05-14 17:45:00','Refused','S21',1),(67,479,'lcat_psv',479,'2002-05-14 17:45:00','S17 - No action',0,'2002-05-14 17:45:00','No Action','S17',1),(68,479,'lcat_psv',479,'2002-05-14 17:45:00','S17 - Formal warning in respect of [....]',0,'2002-05-14 17:45:00','Formal Warning','S17',1),(69,479,'lcat_psv',479,'2002-05-14 17:45:00','S17 - Condition varied/attached [....] with immediate effect',0,'2002-05-14 17:45:00','Conditions','S17',1),(70,479,'lcat_psv',479,'2002-05-14 17:45:00','S17 - Condition varied/attached [....] with effect from [....]',0,'2002-05-14 17:45:00','Conditions','S17',1),(71,479,'lcat_psv',479,'2002-05-14 17:45:00','S17 - Licence revoked with immediate effect',0,'2002-05-14 17:45:00','Revoked','S17',1),(72,479,'lcat_psv',479,'2002-05-14 17:45:00','S17 - Licence revoked with effect from [....]',0,'2002-05-14 17:45:00','Revoked','S17',1),(73,479,'lcat_gv',479,'2002-05-14 17:45:00','Sch.3 - [....] found to be of good repute',0,'2002-05-14 17:45:00','Good Repute','Sch.3',1),(74,479,'lcat_gv',479,'2002-05-14 17:45:00','Sch.3 - [....] found not to be of good repute',0,'2002-05-14 17:45:00','Good Repute','Sch.3',1),(75,479,'lcat_psv',479,'2002-05-14 17:45:00','S28 - [....] disqualified indefinitely with immediate effect',0,'2002-05-14 17:45:00','Disqualified','S28',1),(76,479,'lcat_psv',479,'2002-05-14 17:45:00','S28 - [....] disqualified indefinitely with effect from [....]',0,'2002-05-14 17:45:00','Disqualified','S28',1),(77,479,'lcat_psv',479,'2002-05-14 17:45:00','S28 - [....] disqualified with immediate effect for a period of [....]',0,'2002-05-14 17:45:00','Disqualified','S28',1),(78,479,'lcat_psv',479,'2002-05-14 17:45:00','S28 - [....] disqualified with effect from [....] for a period of [....]',0,'2002-05-14 17:45:00','Disqualified','S28',1),(79,479,'lcat_gv',479,'2002-05-14 17:45:00','S26 - Licence revoked with immediate effect',0,'2002-05-14 17:45:00','Revoked','S26',1),(80,479,'lcat_gv',479,'2002-05-14 17:45:00','S26 - Licence revoked with effect from [....]',0,'2002-05-14 17:45:00','Revoked','S26',1),(81,479,'lcat_gv',479,'2002-05-14 17:45:00','S27 - Licence revoked with immediate effect',0,'2002-05-14 17:45:00','Revoked','S27',1),(82,479,'lcat_gv',479,'2002-05-14 17:45:00','S27 - Licence revoked with effect from [....]',0,'2002-05-14 17:45:00','Revoked','S27',1),(83,479,'lcat_gv',479,'2002-05-14 17:45:00','S28 - [....] disqualified indefinitely with immediate effect',0,'2002-05-14 17:45:00','Disqualified','S28',1),(84,479,'lcat_gv',479,'2002-05-14 17:45:00','S28 - [....] disqualified indefinitely with effect from [....]',0,'2002-05-14 17:45:00','Disqualified','S28',1),(86,479,'lcat_gv',479,'2002-05-14 17:45:00','S28 - [....] disqualified with immediate effect for a period of [....]',0,'2002-05-14 17:45:00','Disqualified','S28',1),(87,479,'lcat_gv',479,'2002-05-14 17:45:00','S28 - [....] Disqualified with effect from [....] for a period of [....]',0,'2002-05-14 17:45:00','Disqualified','S28',1),(88,479,'lcat_psv',479,'2002-05-14 17:45:00','S17 - Licence suspended for [....] with immediate effect',0,'2002-05-14 17:45:00','Suspended','S17',1),(89,479,'lcat_psv',479,'2002-05-14 17:45:00','S17 - Licence suspended for [....] with effect from [....]',0,'2002-05-14 17:45:00','Suspended','S17',1),(90,479,'lcat_psv',479,'2002-05-14 17:45:00','Sch.3 - [....] found to be of good repute',0,'2002-05-14 17:45:00','Good Repute','Sch.3',1),(91,479,'lcat_psv',479,'2002-05-14 17:45:00','Sch.3 - [....] found not to be of good repute',0,'2002-05-14 17:45:00','Good Repute','Sch.3',1),(92,479,'lcat_psv',479,'2002-05-14 17:45:00','S26 - Condition attached [....]',0,'2002-05-14 17:45:00','Conditions','S26',1),(93,479,'lcat_psv',479,'2002-05-14 17:45:00','Art. 8(2) - Community Authorisation withdrawn with effect from [....]',0,'2002-05-14 17:45:00','Withdrawn','Art. 8(2)',1),(94,1,'lcat_gv',1,'2012-10-29 15:47:00','Art. 8(2) & (3) - Consideration of community Authorisation',1,'2012-10-29 15:47:00','Considerations','Art. 8(2) & (3)',1),(95,1,'lcat_gv',1,'2012-10-29 15:47:00','S11 - Objection/representation received against new application under Section 11',1,'2012-10-29 15:47:00','Considerations','S11',1),(96,1,'lcat_gv',1,'2012-10-29 15:47:00','S12 - Consideration of new application under Section 12',1,'2012-10-29 15:47:00','Considerations','S12',1),(97,1,'lcat_gv',1,'2012-10-29 15:47:00','S12(A)(3)(a)- Consideration of Transport Managers Repute under S12(A)(3)(a)',1,'2012-10-29 15:47:00','Considerations','S12A(3)(a)',1),(98,1,'lcat_gv',1,'2012-10-29 15:47:00','S16 - Consideration of variation application under Section 16',1,'2012-10-29 15:47:00','Considerations','S16',1),(99,1,'lcat_gv',1,'2012-10-29 15:47:00','S18 - Objection /representation received against variation application under Section 18',1,'2012-10-29 15:47:00','Considerations','S18',1),(100,1,'lcat_gv',1,'2012-10-29 15:47:00','S20 - Consider attaching conditions under Section 20',1,'2012-10-29 15:47:00','Considerations','S20',1),(101,1,'lcat_gv',1,'2012-10-29 15:47:00','S21 - Consideration of interim licence under Section 21',1,'2012-10-29 15:47:00','Considerations','S21',1),(102,1,'lcat_gv',1,'2012-10-29 15:47:00','S22 - Consideration of interim variation under Section 22',1,'2012-10-29 15:47:00','Considerations','S22',1),(103,1,'lcat_gv',1,'2012-10-29 15:47:00','S23 - Consideration of disciplinary action under Section 23',1,'2012-10-29 15:47:00','Considerations','S23',1),(104,1,'lcat_gv',1,'2012-10-29 15:47:00','S24 - Consideration of disciplinary action under Section 24',1,'2012-10-29 15:47:00','Considerations','S24',1),(105,1,'lcat_gv',1,'2012-10-29 15:47:00','S25 - Consideration of disciplinary action under Section 25',1,'2012-10-29 15:47:00','Considerations','S25',1),(106,1,'lcat_gv',1,'2012-10-29 15:47:00','S27 - Review of operating centre under Section 27',1,'2012-10-29 15:47:00','Considerations','S27',1),(107,1,'lcat_gv',1,'2012-10-29 15:47:00','S49 - Consideration of application for Certificate of Qualification',1,'2012-10-29 15:47:00','Considerations','S49',1),(108,1,'lcat_gv',1,'2012-10-29 15:47:00','S12 - Application granted as applied for',1,'2012-10-29 15:47:00','Granted','S12',1),(109,1,'lcat_gv',1,'2012-10-29 15:47:00','S12 - Application granted for [....]',1,'2012-10-29 15:47:00','Granted','S12',1),(110,1,'lcat_gv',1,'2012-10-29 15:47:00','S14 - Application granted in terms other than applied for',1,'2012-10-29 15:47:00','Granted','S14',1),(111,1,'lcat_gv',1,'2012-10-29 15:47:00','S16 - Application granted as applied for',1,'2012-10-29 15:47:00','Granted','S16',1),(112,1,'lcat_gv',1,'2012-10-29 15:47:00','S16 - Application granted for [....]',1,'2012-10-29 15:47:00','Granted','S16 ',1),(113,1,'lcat_gv',1,'2012-10-29 15:47:00','S20 - Application granted with the following conditions [....]',1,'2012-10-29 15:47:00','Granted','S20',1),(114,1,'lcat_gv',1,'2012-10-29 15:47:00','S49 - Application fo Certification of Qualification granted',1,'2012-10-29 15:47:00','Granted','S49',1),(115,1,'lcat_gv',1,'2012-10-29 15:47:00','S12 - Application refused',1,'2012-10-29 15:47:00','Refused','S12',1),(116,1,'lcat_gv',1,'2012-10-29 15:47:00','S13 - Application refused',1,'2012-10-29 15:47:00','Refused','S13',1),(117,1,'lcat_gv',1,'2012-10-29 15:47:00','S16 - Application refused',1,'2012-10-29 15:47:00','Refused','S16',1),(118,1,'lcat_gv',1,'2012-10-29 15:47:00','S18 - Application refused',1,'2012-10-29 15:47:00','Refused','S18',1),(119,1,'lcat_gv',1,'2012-10-29 15:47:00','S49 - Application for Certificate of Qualification refused',1,'2012-10-29 15:47:00','Refused','S49',1),(120,1,'lcat_gv',1,'2012-10-29 15:47:00','S23 - No action',1,'2012-10-29 15:47:00','No Action','S23',1),(121,1,'lcat_gv',1,'2012-10-29 15:47:00','S23 - Formal warning in respect of [....]',1,'2012-10-29 15:47:00','Formal Warning','S23',1),(122,1,'lcat_gv',1,'2012-10-29 15:47:00','S23 - Condition attached [....]',1,'2012-10-29 15:47:00','Conditions','S23',1),(123,1,'lcat_gv',1,'2012-10-29 15:47:00','Art. 8(2) - Community Authorisation suspended with effect from [....]',1,'2012-10-29 15:47:00','Suspended','Art. 8(2)',1),(124,1,'lcat_gv',1,'2012-10-29 15:47:00','S23 - Licence suspended for [....] with immediate effect',1,'2012-10-29 15:47:00','Suspended','S23',1),(125,1,'lcat_gv',1,'2012-10-29 15:47:00','S23 - S23 - Licence suspended for [....] with  effect from [....]',1,'2012-10-29 15:47:00','Suspended','S23',1),(126,1,'lcat_gv',1,'2012-10-29 15:47:00','S23 - Licence revoked with effect from [....]',1,'2012-10-29 15:47:00','Revoked','S23',1),(127,1,'lcat_gv',1,'2012-10-29 15:47:00','S23 - Licence revoked with immediate effect',1,'2012-10-29 15:47:00','Revoked','S23',1),(128,1,'lcat_gv',1,'2012-10-29 15:47:00','S24 - Licence revoked with effect from [....]',1,'2012-10-29 15:47:00','Revoked','S24',1),(129,1,'lcat_gv',1,'2012-10-29 15:47:00','S24 - Licence revoked with immediate effect',1,'2012-10-29 15:47:00','Revoked','S24',1),(130,1,'lcat_gv',1,'2012-10-29 15:47:00','S12A(3)(a) [....] found to be of good repute',1,'2012-10-29 15:47:00','Good Repute','S12A(3)(a)',1),(131,1,'lcat_gv',1,'2012-10-29 15:47:00','S12A(3)(a) found not to be of good repute',1,'2012-10-29 15:47:00','Good Repute','S12A(3)(a)',1),(132,1,'lcat_gv',1,'2012-10-29 15:47:00','S25 - [....] disqualified indefinitely with effect from [....]',1,'2012-10-29 15:47:00','Disqualified','S25',1),(133,1,'lcat_gv',1,'2012-10-29 15:47:00','S25 - [....] disqualified indefinitely with immediate effect',1,'2012-10-29 15:47:00','Disqualified','S25',1),(134,1,'lcat_gv',1,'2012-10-29 15:47:00','S25 - [....] Disqualified with effect from [....] for a period of [....]',1,'2012-10-29 15:47:00','Disqualified','S25',1),(135,1,'lcat_gv',1,'2012-10-29 15:47:00','S25 - [....] disqualified with immediate effect for a period of [....]',1,'2012-10-29 15:47:00','Disqualified','S25',1),(136,1,'lcat_gv',1,'2012-10-29 15:47:00','S23 - Licence curtailed to [....] with effect from [....]',1,'2012-10-29 15:47:00','Curtailed','S23',1),(137,1,'lcat_gv',1,'2012-10-29 15:47:00','S23 - Licence curtailed to [....] with immediate effect',1,'2012-10-29 15:47:00','Curtailed','S23',1),(138,1,'lcat_gv',1,'2012-10-29 15:47:00','S23(5) - Direction issued that vehicles may not be specified on another licence during period of suspension/curtailment',1,'2012-10-29 15:47:00','Direction','S23(5)',1),(139,1,'lcat_gv',1,'2012-10-29 15:47:00','S26 - Direction/order made under [....] not to take effect until [....]',1,'2012-10-29 15:47:00','Direction','S26',1),(140,1,'lcat_gv',1,'2012-10-29 15:47:00','S28 - Direction made removing [....name of operating center....] from the licence with effect from [....]',1,'2012-10-29 15:47:00','Direction','S28',1),(141,1,'lcat_gv',1,'2012-10-29 15:47:00','S29 - Direction made attaching/varying conditions to the licence as follows [....]',1,'2012-10-29 15:47:00','Direction','S29',1),(142,1,'lcat_gv',1,'2012-10-29 15:47:00','Art. 8(3) - Community Authorisation withdrawn with effect from [....]',1,'2012-10-29 15:47:00','Withdrawn','Art. 8(3)',1),(143,1,NULL,1,'2015-10-07 08:03:45','Repute Not Lost under Article 6 of Regulation (EC) No 1071/2009',1,'2015-10-07 08:03:45','Regulation','Article 6',1),(144,1,NULL,1,'2015-10-07 08:03:45','Declared Unfit under Article 6 of Regulation (EC) No 1071/2009`',1,'2015-10-07 08:03:45','Regulation','Article 6',1);
/*!40000 ALTER TABLE `pi_definition` ENABLE KEYS */;
UNLOCK TABLES;

--
-- Dumping data for table `pi_hearing`
--

LOCK TABLES `pi_hearing` WRITE;
/*!40000 ALTER TABLE `pi_hearing` DISABLE KEYS */;
INSERT INTO `pi_hearing` (`id`, `created_by`, `last_modified_by`, `pi_id`, `pi_venue_id`, `presided_by_role`, `presiding_tc_id`, `adjourned_date`, `adjourned_reason`, `cancelled_date`, `cancelled_reason`, `created_on`, `details`, `hearing_date`, `is_adjourned`, `is_cancelled`, `last_modified_on`, `olbs_key`, `olbs_type`, `pi_venue_other`, `presiding_tc_other`, `version`, `witnesses`) VALUES (1,NULL,NULL,1,1,'tc_r_htru',1,'2014-03-16 11:30:00','adjourned reason',NULL,NULL,'2014-11-24 10:22:24','S23 - Consider attaching conditions under Section 23\r\nS23 - Consider attaching conditions under Section 23\r\nS24 - Consideration of interim licence under Section 24\r\nS25 - Consideration of interim variation under Section 25\r\nS26 - Consideration of disciplinary action under Section 26','2014-03-16 14:30:00',1,0,NULL,NULL,NULL,NULL,NULL,1,9),(2,NULL,NULL,1,1,'tc_r_htru',1,NULL,NULL,NULL,NULL,'2014-11-24 10:22:24','S23 - Consider attaching conditions under Section 23\r\nS23 - Consider attaching conditions under Section 23\r\nS24 - Consideration of interim licence under Section 24\r\nS25 - Consideration of interim variation under Section 25\r\nS26 - Consideration of disciplinary action under Section 26','2014-04-05 14:30:00',0,0,NULL,NULL,NULL,NULL,NULL,1,9),(3,NULL,NULL,2,1,'tc_r_htru',1,NULL,NULL,NULL,NULL,'2014-11-24 10:22:24','S23 - Consider attaching conditions under Section 23\r\nS23 -\n     Consider attaching conditions under Section 23\r\nS24 - Consideration of interim licence under Section 24\r\nS25 - Consideration of interim variation under Section 25\r\nS26 - Consideration of disciplinary action under Section 26','2014-04-05 14:30:00',0,0,NULL,NULL,NULL,NULL,NULL,1,9);
/*!40000 ALTER TABLE `pi_hearing` ENABLE KEYS */;
UNLOCK TABLES;

--
-- Dumping data for table `pi_reason`
--

LOCK TABLES `pi_reason` WRITE;
/*!40000 ALTER TABLE `pi_reason` DISABLE KEYS */;
/*!40000 ALTER TABLE `pi_reason` ENABLE KEYS */;
UNLOCK TABLES;

--
-- Dumping data for table `pi_type`
--

LOCK TABLES `pi_type` WRITE;
/*!40000 ALTER TABLE `pi_type` DISABLE KEYS */;
/*!40000 ALTER TABLE `pi_type` ENABLE KEYS */;
UNLOCK TABLES;

--
-- Dumping data for table `pi_venue`
--

LOCK TABLES `pi_venue` WRITE;
/*!40000 ALTER TABLE `pi_venue` DISABLE KEYS */;
INSERT INTO `pi_venue` (`id`, `address_id`, `created_by`, `last_modified_by`, `traffic_area_id`, `created_on`, `end_date`, `last_modified_on`, `name`, `olbs_key`, `start_date`, `version`) VALUES (1,21,NULL,NULL,'B',NULL,NULL,NULL,'venue_1',NULL,NULL,1),(2,25,NULL,NULL,'B',NULL,NULL,NULL,'venue_2',NULL,NULL,1),(3,26,NULL,NULL,'B',NULL,NULL,NULL,'venue_3',NULL,NULL,1),(4,27,NULL,NULL,'B',NULL,NULL,NULL,'venue_4',NULL,NULL,1),(5,29,NULL,NULL,'B',NULL,NULL,NULL,'venue_5',NULL,NULL,1),(6,30,NULL,NULL,'C',NULL,NULL,NULL,'venue_6',NULL,NULL,1),(7,31,NULL,NULL,'C',NULL,NULL,NULL,'venue_7',NULL,NULL,1),(8,37,NULL,NULL,'C',NULL,NULL,NULL,'venue_8',NULL,NULL,1),(9,39,NULL,NULL,'C',NULL,NULL,NULL,'venue_9',NULL,NULL,1),(10,41,NULL,NULL,'C',NULL,NULL,NULL,'venue_10',NULL,NULL,1),(11,42,NULL,NULL,'C',NULL,NULL,NULL,'venue_11',NULL,NULL,1),(12,54,NULL,NULL,'D',NULL,NULL,NULL,'venue_12',NULL,NULL,1),(13,55,NULL,NULL,'D',NULL,NULL,NULL,'venue_13',NULL,NULL,1),(14,63,NULL,NULL,'D',NULL,NULL,NULL,'venue_14',NULL,NULL,1),(15,64,NULL,NULL,'D',NULL,NULL,NULL,'venue_15',NULL,NULL,1),(16,67,NULL,NULL,'D',NULL,NULL,NULL,'venue_16',NULL,NULL,1),(17,72,NULL,NULL,'F',NULL,NULL,NULL,'venue_17',NULL,NULL,1),(18,75,NULL,NULL,'F',NULL,NULL,NULL,'venue_18',NULL,NULL,1),(19,76,NULL,NULL,'F',NULL,NULL,NULL,'venue_19',NULL,NULL,1),(20,100,NULL,NULL,'F',NULL,NULL,NULL,'venue_20',NULL,NULL,1),(21,104,NULL,NULL,'F',NULL,NULL,NULL,'venue_21',NULL,NULL,1),(22,105,NULL,NULL,'F',NULL,NULL,NULL,'venue_22',NULL,NULL,1),(23,106,NULL,NULL,'G',NULL,NULL,NULL,'venue_23',NULL,NULL,1),(24,107,NULL,NULL,'G',NULL,NULL,NULL,'venue_24',NULL,NULL,1),(25,108,NULL,NULL,'G',NULL,NULL,NULL,'venue_25',NULL,NULL,1),(26,109,NULL,NULL,'G',NULL,NULL,NULL,'venue_26',NULL,NULL,1),(27,110,NULL,NULL,'G',NULL,NULL,NULL,'venue_27',NULL,NULL,1),(28,111,NULL,NULL,'G',NULL,NULL,NULL,'venue_28',NULL,NULL,1),(29,112,NULL,NULL,'H',NULL,NULL,NULL,'venue_29',NULL,NULL,1),(32,113,NULL,NULL,'H',NULL,NULL,NULL,'venue_32',NULL,NULL,1),(33,114,NULL,NULL,'H',NULL,NULL,NULL,'venue_33',NULL,NULL,1),(34,115,NULL,NULL,'H',NULL,NULL,NULL,'venue_34',NULL,NULL,1),(35,7,NULL,NULL,'K',NULL,NULL,NULL,'venue_35',NULL,NULL,1),(36,8,NULL,NULL,'K',NULL,NULL,NULL,'venue_36',NULL,NULL,1),(37,21,NULL,NULL,'K',NULL,NULL,NULL,'venue_37',NULL,NULL,1),(38,25,NULL,NULL,'M',NULL,NULL,NULL,'venue_38',NULL,NULL,1),(39,26,NULL,NULL,'M',NULL,NULL,NULL,'venue_39',NULL,NULL,1),(40,27,NULL,NULL,'M',NULL,NULL,NULL,'venue_40',NULL,NULL,1),(41,29,NULL,NULL,'N',NULL,NULL,NULL,'venue_41',NULL,NULL,1),(42,30,NULL,NULL,'N',NULL,NULL,NULL,'venue_42',NULL,NULL,1),(43,31,NULL,NULL,'N',NULL,NULL,NULL,'venue_43',NULL,NULL,1),(44,32,NULL,NULL,'N',NULL,NULL,NULL,'venue_44',NULL,NULL,1);
/*!40000 ALTER TABLE `pi_venue` ENABLE KEYS */;
UNLOCK TABLES;

--
-- Dumping data for table `postcode_enforcement_area`
--

LOCK TABLES `postcode_enforcement_area` WRITE;
/*!40000 ALTER TABLE `postcode_enforcement_area` DISABLE KEYS */;
INSERT INTO `postcode_enforcement_area` (`id`, `created_by`, `enforcement_area_id`, `last_modified_by`, `created_on`, `last_modified_on`, `postcode_id`, `version`) VALUES (1,NULL,'V067',NULL,NULL,NULL,'AB1',1),(2,NULL,'V067',NULL,NULL,NULL,'AB10',1),(3,NULL,'V067',NULL,NULL,NULL,'AB11',1),(4,NULL,'V067',NULL,NULL,NULL,'AB12',1),(5,NULL,'V067',NULL,NULL,NULL,'AB13',1),(6,NULL,'V067',NULL,NULL,NULL,'AB14',1),(7,NULL,'V067',NULL,NULL,NULL,'AB15',1),(8,NULL,'V067',NULL,NULL,NULL,'AB16',1),(9,NULL,'V067',NULL,NULL,NULL,'AB17',1),(10,NULL,'V067',NULL,NULL,NULL,'AB18',1),(11,NULL,'V067',NULL,NULL,NULL,'AB19',1),(12,NULL,'V067',NULL,NULL,NULL,'AB2',1),(13,NULL,'V067',NULL,NULL,NULL,'AB20',1),(14,NULL,'V067',NULL,NULL,NULL,'AB21',1),(15,NULL,'V067',NULL,NULL,NULL,'AB22',1),(16,NULL,'V067',NULL,NULL,NULL,'AB23',1),(17,NULL,'V067',NULL,NULL,NULL,'AB24',1),(18,NULL,'V067',NULL,NULL,NULL,'AB25',1),(19,NULL,'V067',NULL,NULL,NULL,'AB26',1),(20,NULL,'V067',NULL,NULL,NULL,'AB27',1),(21,NULL,'V067',NULL,NULL,NULL,'AB28',1),(22,NULL,'V067',NULL,NULL,NULL,'AB29',1),(23,NULL,'V067',NULL,NULL,NULL,'AB3',1),(24,NULL,'V067',NULL,NULL,NULL,'AB30',1),(25,NULL,'V067',NULL,NULL,NULL,'AB31',1),(26,NULL,'V067',NULL,NULL,NULL,'AB32',1),(27,NULL,'V067',NULL,NULL,NULL,'AB33',1),(28,NULL,'V067',NULL,NULL,NULL,'AB34',1),(29,NULL,'V067',NULL,NULL,NULL,'AB36',1),(30,NULL,'V065',NULL,NULL,NULL,'AB37',1),(31,NULL,'V065',NULL,NULL,NULL,'AB38',1),(32,NULL,'V067',NULL,NULL,NULL,'AB39',1),(33,NULL,'V067',NULL,NULL,NULL,'AB4',1),(34,NULL,'V067',NULL,NULL,NULL,'AB40',1),(35,NULL,'V067',NULL,NULL,NULL,'AB41',1),(36,NULL,'V067',NULL,NULL,NULL,'AB42',1),(37,NULL,'V067',NULL,NULL,NULL,'AB43',1),(38,NULL,'V067',NULL,NULL,NULL,'AB44',1),(39,NULL,'V067',NULL,NULL,NULL,'AB45',1),(40,NULL,'V067',NULL,NULL,NULL,'AB46',1),(41,NULL,'V067',NULL,NULL,NULL,'AB47',1),(42,NULL,'V067',NULL,NULL,NULL,'AB48',1),(43,NULL,'V067',NULL,NULL,NULL,'AB49',1),(44,NULL,'V067',NULL,NULL,NULL,'AB5',1),(45,NULL,'V067',NULL,NULL,NULL,'AB50',1),(46,NULL,'V067',NULL,NULL,NULL,'AB51',1),(47,NULL,'V067',NULL,NULL,NULL,'AB52',1),(48,NULL,'V067',NULL,NULL,NULL,'AB53',1),(49,NULL,'V067',NULL,NULL,NULL,'AB54',1),(50,NULL,'V065',NULL,NULL,NULL,'AB55',1),(51,NULL,'V065',NULL,NULL,NULL,'AB56',1),(52,NULL,'V067',NULL,NULL,NULL,'AB6',1),(53,NULL,'V067',NULL,NULL,NULL,'AB7',1),(54,NULL,'V067',NULL,NULL,NULL,'AB8',1),(55,NULL,'V067',NULL,NULL,NULL,'AB9',1),(56,NULL,'V035',NULL,NULL,NULL,'AL1',1),(57,NULL,'V035',NULL,NULL,NULL,'AL10',1),(58,NULL,'V035',NULL,NULL,NULL,'AL2',1),(59,NULL,'V035',NULL,NULL,NULL,'AL3',1),(60,NULL,'V035',NULL,NULL,NULL,'AL4',1),(61,NULL,'V035',NULL,NULL,NULL,'AL5',1),(62,NULL,'V035',NULL,NULL,NULL,'AL6',1),(63,NULL,'V035',NULL,NULL,NULL,'AL7',1),(64,NULL,'V035',NULL,NULL,NULL,'AL8',1),(65,NULL,'V035',NULL,NULL,NULL,'AL9',1),(66,NULL,'V026',NULL,NULL,NULL,'B1',1),(67,NULL,'V026',NULL,NULL,NULL,'B10',1),(68,NULL,'V026',NULL,NULL,NULL,'B11',1),(69,NULL,'V026',NULL,NULL,NULL,'B12',1),(70,NULL,'V026',NULL,NULL,NULL,'B13',1),(71,NULL,'V026',NULL,NULL,NULL,'B14',1),(72,NULL,'N001',NULL,NULL,NULL,'B15',1),(73,NULL,'N001',NULL,NULL,NULL,'B16',1),(74,NULL,'V026',NULL,NULL,NULL,'B17',1),(75,NULL,'N001',NULL,NULL,NULL,'B18',1),(76,NULL,'N001',NULL,NULL,NULL,'B19',1),(77,NULL,'V026',NULL,NULL,NULL,'B2',1),(78,NULL,'N001',NULL,NULL,NULL,'B20',1),(79,NULL,'N001',NULL,NULL,NULL,'B21',1),(80,NULL,'V026',NULL,NULL,NULL,'B23',1),(81,NULL,'V026',NULL,NULL,NULL,'B24',1),(82,NULL,'V026',NULL,NULL,NULL,'B25',1),(83,NULL,'V026',NULL,NULL,NULL,'B26',1),(84,NULL,'V026',NULL,NULL,NULL,'B27',1),(85,NULL,'V026',NULL,NULL,NULL,'B28',1),(86,NULL,'V026',NULL,NULL,NULL,'B29',1),(87,NULL,'V026',NULL,NULL,NULL,'B3',1),(88,NULL,'V026',NULL,NULL,NULL,'B30',1),(89,NULL,'V022',NULL,NULL,NULL,'B31',1),(90,NULL,'V022',NULL,NULL,NULL,'B32',1),(91,NULL,'V026',NULL,NULL,NULL,'B33',1),(92,NULL,'V026',NULL,NULL,NULL,'B34',1),(93,NULL,'V026',NULL,NULL,NULL,'B35',1),(94,NULL,'V026',NULL,NULL,NULL,'B36',1),(95,NULL,'V026',NULL,NULL,NULL,'B37',1),(96,NULL,'V026',NULL,NULL,NULL,'B38',1),(97,NULL,'V026',NULL,NULL,NULL,'B4',1),(98,NULL,'N001',NULL,NULL,NULL,'B42',1),(99,NULL,'N001',NULL,NULL,NULL,'B43',1),(100,NULL,'V026',NULL,NULL,NULL,'B44',1),(101,NULL,'V022',NULL,NULL,NULL,'B45',1),(102,NULL,'V026',NULL,NULL,NULL,'B46',1),(103,NULL,'V026',NULL,NULL,NULL,'B47',1),(104,NULL,'V026',NULL,NULL,NULL,'B48',1),(105,NULL,'V026',NULL,NULL,NULL,'B49',1),(106,NULL,'V026',NULL,NULL,NULL,'B5',1),(107,NULL,'V026',NULL,NULL,NULL,'B50',1),(108,NULL,'N001',NULL,NULL,NULL,'B6',1),(109,NULL,'V022',NULL,NULL,NULL,'B60',1),(110,NULL,'V022',NULL,NULL,NULL,'B61',1),(111,NULL,'V022',NULL,NULL,NULL,'B62',1),(112,NULL,'V022',NULL,NULL,NULL,'B63',1),(113,NULL,'V022',NULL,NULL,NULL,'B64',1),(114,NULL,'N001',NULL,NULL,NULL,'B65',1),(115,NULL,'N001',NULL,NULL,NULL,'B66',1),(116,NULL,'N001',NULL,NULL,NULL,'B67',1),(117,NULL,'N001',NULL,NULL,NULL,'B68',1),(118,NULL,'N001',NULL,NULL,NULL,'B69',1),(119,NULL,'V026',NULL,NULL,NULL,'B7',1),(120,NULL,'N001',NULL,NULL,NULL,'B70',1),(121,NULL,'N001',NULL,NULL,NULL,'B71',1),(122,NULL,'V026',NULL,NULL,NULL,'B72',1),(123,NULL,'V026',NULL,NULL,NULL,'B73',1),(124,NULL,'V026',NULL,NULL,NULL,'B74',1),(125,NULL,'V026',NULL,NULL,NULL,'B75',1),(126,NULL,'V026',NULL,NULL,NULL,'B76',1),(127,NULL,'V026',NULL,NULL,NULL,'B77',1),(128,NULL,'V026',NULL,NULL,NULL,'B78',1),(129,NULL,'V026',NULL,NULL,NULL,'B79',1),(130,NULL,'V026',NULL,NULL,NULL,'B8',1),(131,NULL,'V026',NULL,NULL,NULL,'B80',1),(132,NULL,'V026',NULL,NULL,NULL,'B9',1),(133,NULL,'V026',NULL,NULL,NULL,'B90',1),(134,NULL,'V026',NULL,NULL,NULL,'B91',1),(135,NULL,'V026',NULL,NULL,NULL,'B92',1),(136,NULL,'V026',NULL,NULL,NULL,'B93',1),(137,NULL,'V026',NULL,NULL,NULL,'B94',1),(138,NULL,'V026',NULL,NULL,NULL,'B95',1),(139,NULL,'V026',NULL,NULL,NULL,'B96',1),(140,NULL,'V026',NULL,NULL,NULL,'B97',1),(141,NULL,'V026',NULL,NULL,NULL,'B98',1),(142,NULL,'V103',NULL,NULL,NULL,'BA1',1),(143,NULL,'V018',NULL,NULL,NULL,'BA10',1),(144,NULL,'V103',NULL,NULL,NULL,'BA11',1),(145,NULL,'V010',NULL,NULL,NULL,'BA12',1),(146,NULL,'V103',NULL,NULL,NULL,'BA13',1),(147,NULL,'V103',NULL,NULL,NULL,'BA14',1),(148,NULL,'V103',NULL,NULL,NULL,'BA15',1),(149,NULL,'V103',NULL,NULL,NULL,'BA16',1),(150,NULL,'V103',NULL,NULL,NULL,'BA2',1),(151,NULL,'V018',NULL,NULL,NULL,'BA20',1),(152,NULL,'V018',NULL,NULL,NULL,'BA21',1),(153,NULL,'V018',NULL,NULL,NULL,'BA22',1),(154,NULL,'V103',NULL,NULL,NULL,'BA3',1),(155,NULL,'V103',NULL,NULL,NULL,'BA4',1),(156,NULL,'V103',NULL,NULL,NULL,'BA5',1),(157,NULL,'V103',NULL,NULL,NULL,'BA6',1),(158,NULL,'V018',NULL,NULL,NULL,'BA7',1),(159,NULL,'V018',NULL,NULL,NULL,'BA8',1),(160,NULL,'V018',NULL,NULL,NULL,'BA9',1),(161,NULL,'V056',NULL,NULL,NULL,'BB1',1),(162,NULL,'V056',NULL,NULL,NULL,'BB10',1),(163,NULL,'V056',NULL,NULL,NULL,'BB11',1),(164,NULL,'V056',NULL,NULL,NULL,'BB12',1),(165,NULL,'V056',NULL,NULL,NULL,'BB18',1),(166,NULL,'V056',NULL,NULL,NULL,'BB2',1),(167,NULL,'V056',NULL,NULL,NULL,'BB3',1),(168,NULL,'V056',NULL,NULL,NULL,'BB4',1),(169,NULL,'V056',NULL,NULL,NULL,'BB5',1),(170,NULL,'V056',NULL,NULL,NULL,'BB6',1),(171,NULL,'V056',NULL,NULL,NULL,'BB7',1),(172,NULL,'V056',NULL,NULL,NULL,'BB8',1),(173,NULL,'V056',NULL,NULL,NULL,'BB9',1),(174,NULL,'V048',NULL,NULL,NULL,'BD1',1),(175,NULL,'V048',NULL,NULL,NULL,'BD10',1),(176,NULL,'V048',NULL,NULL,NULL,'BD11',1),(177,NULL,'V048',NULL,NULL,NULL,'BD12',1),(178,NULL,'V048',NULL,NULL,NULL,'BD13',1),(179,NULL,'V048',NULL,NULL,NULL,'BD14',1),(180,NULL,'V048',NULL,NULL,NULL,'BD15',1),(181,NULL,'V048',NULL,NULL,NULL,'BD16',1),(182,NULL,'V048',NULL,NULL,NULL,'BD17',1),(183,NULL,'V048',NULL,NULL,NULL,'BD18',1),(184,NULL,'V048',NULL,NULL,NULL,'BD19',1),(185,NULL,'V048',NULL,NULL,NULL,'BD2',1),(186,NULL,'V048',NULL,NULL,NULL,'BD20',1),(187,NULL,'V048',NULL,NULL,NULL,'BD21',1),(188,NULL,'V048',NULL,NULL,NULL,'BD22',1),(189,NULL,'V048',NULL,NULL,NULL,'BD23',1),(190,NULL,'V048',NULL,NULL,NULL,'BD24',1),(191,NULL,'V048',NULL,NULL,NULL,'BD3',1),(192,NULL,'V048',NULL,NULL,NULL,'BD4',1),(193,NULL,'V048',NULL,NULL,NULL,'BD5',1),(194,NULL,'V048',NULL,NULL,NULL,'BD6',1),(195,NULL,'V048',NULL,NULL,NULL,'BD7',1),(196,NULL,'V048',NULL,NULL,NULL,'BD8',1),(197,NULL,'V048',NULL,NULL,NULL,'BD9',1),(198,NULL,'V018',NULL,NULL,NULL,'BH1',1),(199,NULL,'V018',NULL,NULL,NULL,'BH10',1),(200,NULL,'V018',NULL,NULL,NULL,'BH11',1),(201,NULL,'V018',NULL,NULL,NULL,'BH12',1),(202,NULL,'V018',NULL,NULL,NULL,'BH13',1),(203,NULL,'V018',NULL,NULL,NULL,'BH14',1),(204,NULL,'V018',NULL,NULL,NULL,'BH15',1),(205,NULL,'V018',NULL,NULL,NULL,'BH16',1),(206,NULL,'V018',NULL,NULL,NULL,'BH17',1),(207,NULL,'V018',NULL,NULL,NULL,'BH18',1),(208,NULL,'V018',NULL,NULL,NULL,'BH19',1),(209,NULL,'V018',NULL,NULL,NULL,'BH2',1),(210,NULL,'V018',NULL,NULL,NULL,'BH20',1),(211,NULL,'V018',NULL,NULL,NULL,'BH21',1),(212,NULL,'V018',NULL,NULL,NULL,'BH22',1),(213,NULL,'V018',NULL,NULL,NULL,'BH23',1),(214,NULL,'V010',NULL,NULL,NULL,'BH23 8',1),(215,NULL,'V018',NULL,NULL,NULL,'BH24',1),(216,NULL,'V010',NULL,NULL,NULL,'BH24 1',1),(217,NULL,'V010',NULL,NULL,NULL,'BH24 3',1),(218,NULL,'V010',NULL,NULL,NULL,'BH25',1),(219,NULL,'V018',NULL,NULL,NULL,'BH3',1),(220,NULL,'V018',NULL,NULL,NULL,'BH31',1),(221,NULL,'V018',NULL,NULL,NULL,'BH4',1),(222,NULL,'V018',NULL,NULL,NULL,'BH5',1),(223,NULL,'V018',NULL,NULL,NULL,'BH6',1),(224,NULL,'V018',NULL,NULL,NULL,'BH7',1),(225,NULL,'V018',NULL,NULL,NULL,'BH8',1),(226,NULL,'V018',NULL,NULL,NULL,'BH9',1),(227,NULL,'V096',NULL,NULL,NULL,'BL0',1),(228,NULL,'V096',NULL,NULL,NULL,'BL1',1),(229,NULL,'V096',NULL,NULL,NULL,'BL2',1),(230,NULL,'V096',NULL,NULL,NULL,'BL3',1),(231,NULL,'V096',NULL,NULL,NULL,'BL4',1),(232,NULL,'V096',NULL,NULL,NULL,'BL5',1),(233,NULL,'V096',NULL,NULL,NULL,'BL6 4',1),(234,NULL,'V096',NULL,NULL,NULL,'BL6 5',1),(235,NULL,'V096',NULL,NULL,NULL,'BL6 6',1),(236,NULL,'V056',NULL,NULL,NULL,'BL7 8',1),(237,NULL,'V096',NULL,NULL,NULL,'BL7 9',1),(238,NULL,'V056',NULL,NULL,NULL,'BL7 O',1),(239,NULL,'V096',NULL,NULL,NULL,'BL8',1),(240,NULL,'V096',NULL,NULL,NULL,'BL9',1),(241,NULL,'V007',NULL,NULL,NULL,'BN1',1),(242,NULL,'V007',NULL,NULL,NULL,'BN10',1),(243,NULL,'V009',NULL,NULL,NULL,'BN11',1),(244,NULL,'V009',NULL,NULL,NULL,'BN12',1),(245,NULL,'V009',NULL,NULL,NULL,'BN13',1),(246,NULL,'V009',NULL,NULL,NULL,'BN14',1),(247,NULL,'V009',NULL,NULL,NULL,'BN15',1),(248,NULL,'V009',NULL,NULL,NULL,'BN16',1),(249,NULL,'V009',NULL,NULL,NULL,'BN17',1),(250,NULL,'V009',NULL,NULL,NULL,'BN18',1),(251,NULL,'V007',NULL,NULL,NULL,'BN2',1),(252,NULL,'V007',NULL,NULL,NULL,'BN20',1),(253,NULL,'V007',NULL,NULL,NULL,'BN21',1),(254,NULL,'V007',NULL,NULL,NULL,'BN22',1),(255,NULL,'V007',NULL,NULL,NULL,'BN23',1),(256,NULL,'V007',NULL,NULL,NULL,'BN24',1),(257,NULL,'V007',NULL,NULL,NULL,'BN25',1),(258,NULL,'V007',NULL,NULL,NULL,'BN26',1),(259,NULL,'V007',NULL,NULL,NULL,'BN27',1),(260,NULL,'V007',NULL,NULL,NULL,'BN3',1),(261,NULL,'V009',NULL,NULL,NULL,'BN41',1),(262,NULL,'V009',NULL,NULL,NULL,'BN42',1),(263,NULL,'V009',NULL,NULL,NULL,'BN43',1),(264,NULL,'V009',NULL,NULL,NULL,'BN44',1),(265,NULL,'V009',NULL,NULL,NULL,'BN45',1),(266,NULL,'V009',NULL,NULL,NULL,'BN5',1),(267,NULL,'V009',NULL,NULL,NULL,'BN6',1),(268,NULL,'V007',NULL,NULL,NULL,'BN7',1),(269,NULL,'V007',NULL,NULL,NULL,'BN8',1),(270,NULL,'V007',NULL,NULL,NULL,'BN9',1),(271,NULL,'V004',NULL,NULL,NULL,'BR1',1),(272,NULL,'V004',NULL,NULL,NULL,'BR2 0',1),(273,NULL,'V004',NULL,NULL,NULL,'BR2 6',1),(274,NULL,'V004',NULL,NULL,NULL,'BR2 7',1),(275,NULL,'V004',NULL,NULL,NULL,'BR3',1),(276,NULL,'V004',NULL,NULL,NULL,'BR4',1),(277,NULL,'V004',NULL,NULL,NULL,'BR5',1),(278,NULL,'V004',NULL,NULL,NULL,'BR6',1),(279,NULL,'V004',NULL,NULL,NULL,'BR7',1),(280,NULL,'V006',NULL,NULL,NULL,'BR8',1),(281,NULL,'V103',NULL,NULL,NULL,'BS1',1),(282,NULL,'V103',NULL,NULL,NULL,'BS10',1),(283,NULL,'V103',NULL,NULL,NULL,'BS11',1),(284,NULL,'V103',NULL,NULL,NULL,'BS13',1),(285,NULL,'V103',NULL,NULL,NULL,'BS14',1),(286,NULL,'V103',NULL,NULL,NULL,'BS15',1),(287,NULL,'V103',NULL,NULL,NULL,'BS16',1),(288,NULL,'V103',NULL,NULL,NULL,'BS2',1),(289,NULL,'V103',NULL,NULL,NULL,'BS20',1),(290,NULL,'V103',NULL,NULL,NULL,'BS21',1),(291,NULL,'V103',NULL,NULL,NULL,'BS22',1),(292,NULL,'V103',NULL,NULL,NULL,'BS23',1),(293,NULL,'V103',NULL,NULL,NULL,'BS24',1),(294,NULL,'V103',NULL,NULL,NULL,'BS25',1),(295,NULL,'V103',NULL,NULL,NULL,'BS26',1),(296,NULL,'V103',NULL,NULL,NULL,'BS27',1),(297,NULL,'V103',NULL,NULL,NULL,'BS28',1),(298,NULL,'V103',NULL,NULL,NULL,'BS29',1),(299,NULL,'V103',NULL,NULL,NULL,'BS3',1),(300,NULL,'V103',NULL,NULL,NULL,'BS30',1),(301,NULL,'V103',NULL,NULL,NULL,'BS31',1),(302,NULL,'V103',NULL,NULL,NULL,'BS32',1),(303,NULL,'V103',NULL,NULL,NULL,'BS34',1),(304,NULL,'V103',NULL,NULL,NULL,'BS35',1),(305,NULL,'V103',NULL,NULL,NULL,'BS36',1),(306,NULL,'V103',NULL,NULL,NULL,'BS37',1),(307,NULL,'V103',NULL,NULL,NULL,'BS39',1),(308,NULL,'V103',NULL,NULL,NULL,'BS4',1),(309,NULL,'V103',NULL,NULL,NULL,'BS40',1),(310,NULL,'V103',NULL,NULL,NULL,'BS41',1),(311,NULL,'V103',NULL,NULL,NULL,'BS48',1),(312,NULL,'V103',NULL,NULL,NULL,'BS49',1),(313,NULL,'V103',NULL,NULL,NULL,'BS5',1),(314,NULL,'V103',NULL,NULL,NULL,'BS6',1),(315,NULL,'V103',NULL,NULL,NULL,'BS7',1),(316,NULL,'V103',NULL,NULL,NULL,'BS8',1),(317,NULL,'V103',NULL,NULL,NULL,'BS9',1),(318,NULL,'NI01',NULL,NULL,NULL,'BT',1),(319,NULL,'V057',NULL,NULL,NULL,'CA1',1),(320,NULL,'V057',NULL,NULL,NULL,'CA10',1),(321,NULL,'V057',NULL,NULL,NULL,'CA11',1),(322,NULL,'V057',NULL,NULL,NULL,'CA12',1),(323,NULL,'V057',NULL,NULL,NULL,'CA13',1),(324,NULL,'V057',NULL,NULL,NULL,'CA14',1),(325,NULL,'V057',NULL,NULL,NULL,'CA15',1),(326,NULL,'V057',NULL,NULL,NULL,'CA16',1),(327,NULL,'V057',NULL,NULL,NULL,'CA17',1),(328,NULL,'V057',NULL,NULL,NULL,'CA18',1),(329,NULL,'V057',NULL,NULL,NULL,'CA19',1),(330,NULL,'V057',NULL,NULL,NULL,'CA2',1),(331,NULL,'V057',NULL,NULL,NULL,'CA20',1),(332,NULL,'V057',NULL,NULL,NULL,'CA21',1),(333,NULL,'V057',NULL,NULL,NULL,'CA22',1),(334,NULL,'V057',NULL,NULL,NULL,'CA23',1),(335,NULL,'V057',NULL,NULL,NULL,'CA24',1),(336,NULL,'V057',NULL,NULL,NULL,'CA25',1),(337,NULL,'V057',NULL,NULL,NULL,'CA26',1),(338,NULL,'V057',NULL,NULL,NULL,'CA27',1),(339,NULL,'V057',NULL,NULL,NULL,'CA28',1),(340,NULL,'V057',NULL,NULL,NULL,'CA3',1),(341,NULL,'V057',NULL,NULL,NULL,'CA4',1),(342,NULL,'V057',NULL,NULL,NULL,'CA5',1),(343,NULL,'V057',NULL,NULL,NULL,'CA6',1),(344,NULL,'V057',NULL,NULL,NULL,'CA7',1),(345,NULL,'V057',NULL,NULL,NULL,'CA8',1),(346,NULL,'V057',NULL,NULL,NULL,'CA9',1),(347,NULL,'V038',NULL,NULL,NULL,'CB1',1),(348,NULL,'N005',NULL,NULL,NULL,'CB10',1),(349,NULL,'N005',NULL,NULL,NULL,'CB11',1),(350,NULL,'V038',NULL,NULL,NULL,'CB2',1),(351,NULL,'V038',NULL,NULL,NULL,'CB3',1),(352,NULL,'V038',NULL,NULL,NULL,'CB4',1),(353,NULL,'V038',NULL,NULL,NULL,'CB5',1),(354,NULL,'V038',NULL,NULL,NULL,'CB6',1),(355,NULL,'V038',NULL,NULL,NULL,'CB7',1),(356,NULL,'V038',NULL,NULL,NULL,'CB8',1),(357,NULL,'V034',NULL,NULL,NULL,'CB8 0',1),(358,NULL,'V034',NULL,NULL,NULL,'CB8 8',1),(359,NULL,'V034',NULL,NULL,NULL,'CB9 0 ',1),(360,NULL,'V034',NULL,NULL,NULL,'CB9 7',1),(361,NULL,'V034',NULL,NULL,NULL,'CB9 8',1),(362,NULL,'V034',NULL,NULL,NULL,'CB9 9',1),(363,NULL,'N004',NULL,NULL,NULL,'CF1',1),(364,NULL,'N004',NULL,NULL,NULL,'CF10',1),(365,NULL,'N004',NULL,NULL,NULL,'CF11',1),(366,NULL,'N004',NULL,NULL,NULL,'CF14',1),(367,NULL,'N004',NULL,NULL,NULL,'CF15',1),(368,NULL,'N004',NULL,NULL,NULL,'CF2',1),(369,NULL,'N004',NULL,NULL,NULL,'CF23',1),(370,NULL,'N004',NULL,NULL,NULL,'CF24',1),(371,NULL,'N004',NULL,NULL,NULL,'CF3',1),(372,NULL,'N004',NULL,NULL,NULL,'CF31',1),(373,NULL,'N004',NULL,NULL,NULL,'CF32',1),(374,NULL,'N004',NULL,NULL,NULL,'CF33',1),(375,NULL,'N004',NULL,NULL,NULL,'CF34',1),(376,NULL,'N004',NULL,NULL,NULL,'CF35',1),(377,NULL,'N004',NULL,NULL,NULL,'CF36',1),(378,NULL,'N004',NULL,NULL,NULL,'CF37',1),(379,NULL,'N004',NULL,NULL,NULL,'CF38',1),(380,NULL,'N004',NULL,NULL,NULL,'CF39',1),(381,NULL,'N004',NULL,NULL,NULL,'CF4',1),(382,NULL,'N004',NULL,NULL,NULL,'CF40',1),(383,NULL,'N004',NULL,NULL,NULL,'CF41',1),(384,NULL,'N004',NULL,NULL,NULL,'CF42',1),(385,NULL,'N004',NULL,NULL,NULL,'CF43',1),(386,NULL,'N004',NULL,NULL,NULL,'CF44',1),(387,NULL,'N004',NULL,NULL,NULL,'CF45',1),(388,NULL,'N004',NULL,NULL,NULL,'CF46',1),(389,NULL,'N004',NULL,NULL,NULL,'CF47',1),(390,NULL,'N004',NULL,NULL,NULL,'CF48',1),(391,NULL,'N004',NULL,NULL,NULL,'CF5',1),(392,NULL,'N004',NULL,NULL,NULL,'CF6',1),(393,NULL,'N004',NULL,NULL,NULL,'CF61',1),(394,NULL,'N004',NULL,NULL,NULL,'CF62',1),(395,NULL,'N004',NULL,NULL,NULL,'CF63',1),(396,NULL,'N004',NULL,NULL,NULL,'CF64',1),(397,NULL,'N004',NULL,NULL,NULL,'CF7',1),(398,NULL,'N004',NULL,NULL,NULL,'CF71',1),(399,NULL,'N004',NULL,NULL,NULL,'CF72',1),(400,NULL,'N004',NULL,NULL,NULL,'CF8',1),(401,NULL,'N004',NULL,NULL,NULL,'CF81',1),(402,NULL,'N004',NULL,NULL,NULL,'CF82',1),(403,NULL,'N004',NULL,NULL,NULL,'CF83',1),(404,NULL,'V058',NULL,NULL,NULL,'CH1',1),(405,NULL,'V058',NULL,NULL,NULL,'CH2',1),(406,NULL,'V058',NULL,NULL,NULL,'CH3',1),(407,NULL,'V058',NULL,NULL,NULL,'CH4',1),(408,NULL,'V058',NULL,NULL,NULL,'CH41',1),(409,NULL,'V058',NULL,NULL,NULL,'CH42',1),(410,NULL,'V058',NULL,NULL,NULL,'CH43',1),(411,NULL,'V058',NULL,NULL,NULL,'CH44',1),(412,NULL,'V058',NULL,NULL,NULL,'CH45',1),(413,NULL,'V058',NULL,NULL,NULL,'CH46',1),(414,NULL,'V058',NULL,NULL,NULL,'CH47',1),(415,NULL,'V058',NULL,NULL,NULL,'CH48',1),(416,NULL,'V058',NULL,NULL,NULL,'CH49',1),(417,NULL,'V059',NULL,NULL,NULL,'CH5',1),(418,NULL,'V059',NULL,NULL,NULL,'CH6',1),(419,NULL,'V058',NULL,NULL,NULL,'CH60',1),(420,NULL,'V058',NULL,NULL,NULL,'CH61',1),(421,NULL,'V058',NULL,NULL,NULL,'CH62',1),(422,NULL,'V058',NULL,NULL,NULL,'CH63',1),(423,NULL,'V058',NULL,NULL,NULL,'CH64',1),(424,NULL,'V058',NULL,NULL,NULL,'CH65',1),(425,NULL,'V058',NULL,NULL,NULL,'CH66',1),(426,NULL,'V059',NULL,NULL,NULL,'CH7',1),(427,NULL,'V059',NULL,NULL,NULL,'CH8',1),(428,NULL,'N005',NULL,NULL,NULL,'CM0',1),(429,NULL,'N005',NULL,NULL,NULL,'CM1',1),(430,NULL,'N005',NULL,NULL,NULL,'CM11',1),(431,NULL,'N005',NULL,NULL,NULL,'CM12',1),(432,NULL,'N005',NULL,NULL,NULL,'CM13',1),(433,NULL,'N005',NULL,NULL,NULL,'CM14',1),(434,NULL,'N005',NULL,NULL,NULL,'CM15',1),(435,NULL,'N005',NULL,NULL,NULL,'CM16',1),(436,NULL,'V035',NULL,NULL,NULL,'CM17',1),(437,NULL,'V035',NULL,NULL,NULL,'CM18',1),(438,NULL,'V035',NULL,NULL,NULL,'CM19',1),(439,NULL,'N005',NULL,NULL,NULL,'CM2',1),(440,NULL,'V035',NULL,NULL,NULL,'CM20',1),(441,NULL,'V035',NULL,NULL,NULL,'CM21',1),(442,NULL,'V035',NULL,NULL,NULL,'CM22',1),(443,NULL,'V035',NULL,NULL,NULL,'CM23',1),(444,NULL,'V035',NULL,NULL,NULL,'CM24',1),(445,NULL,'N005',NULL,NULL,NULL,'CM3',1),(446,NULL,'N005',NULL,NULL,NULL,'CM4',1),(447,NULL,'N005',NULL,NULL,NULL,'CM5',1),(448,NULL,'N005',NULL,NULL,NULL,'CM6',1),(449,NULL,'N005',NULL,NULL,NULL,'CM7',1),(450,NULL,'N005',NULL,NULL,NULL,'CM77',1),(451,NULL,'N005',NULL,NULL,NULL,'CM8',1),(452,NULL,'N005',NULL,NULL,NULL,'CM9',1),(453,NULL,'N005',NULL,NULL,NULL,'CO1',1),(454,NULL,'N005',NULL,NULL,NULL,'CO10',1),(455,NULL,'N005',NULL,NULL,NULL,'CO11',1),(456,NULL,'N005',NULL,NULL,NULL,'CO12',1),(457,NULL,'N005',NULL,NULL,NULL,'CO13',1),(458,NULL,'N005',NULL,NULL,NULL,'CO14',1),(459,NULL,'N005',NULL,NULL,NULL,'CO15',1),(460,NULL,'N005',NULL,NULL,NULL,'CO16',1),(461,NULL,'N005',NULL,NULL,NULL,'CO2',1),(462,NULL,'N005',NULL,NULL,NULL,'CO3',1),(463,NULL,'N005',NULL,NULL,NULL,'CO4',1),(464,NULL,'N005',NULL,NULL,NULL,'CO5',1),(465,NULL,'N005',NULL,NULL,NULL,'CO6',1),(466,NULL,'N005',NULL,NULL,NULL,'CO7',1),(467,NULL,'N005',NULL,NULL,NULL,'CO8',1),(468,NULL,'N005',NULL,NULL,NULL,'CO9',1),(469,NULL,'V004',NULL,NULL,NULL,'CR0 0',1),(470,NULL,'V004',NULL,NULL,NULL,'CR0 1',1),(471,NULL,'V004',NULL,NULL,NULL,'CR0 2',1),(472,NULL,'V004',NULL,NULL,NULL,'CR0 3',1),(473,NULL,'V004',NULL,NULL,NULL,'CR0 4',1),(474,NULL,'V004',NULL,NULL,NULL,'CR0 5',1),(475,NULL,'V004',NULL,NULL,NULL,'CR0 6',1),(476,NULL,'V004',NULL,NULL,NULL,'CR0 7',1),(477,NULL,'V004',NULL,NULL,NULL,'CR0 8',1),(478,NULL,'V004',NULL,NULL,NULL,'CR0 9',1),(479,NULL,'V004',NULL,NULL,NULL,'CR2',1),(480,NULL,'V004',NULL,NULL,NULL,'CR3',1),(481,NULL,'V004',NULL,NULL,NULL,'CR4',1),(482,NULL,'V004',NULL,NULL,NULL,'CR5',1),(483,NULL,'V004',NULL,NULL,NULL,'CR6',1),(484,NULL,'V004',NULL,NULL,NULL,'CR7',1),(485,NULL,'V004',NULL,NULL,NULL,'CR8',1),(486,NULL,'V004',NULL,NULL,NULL,'CR9',1),(487,NULL,'V007',NULL,NULL,NULL,'CT1',1),(488,NULL,'V007',NULL,NULL,NULL,'CT10 1',1),(489,NULL,'V007',NULL,NULL,NULL,'CT10 2',1),(490,NULL,'V007',NULL,NULL,NULL,'CT10 4',1),(491,NULL,'V007',NULL,NULL,NULL,'CT11',1),(492,NULL,'V007',NULL,NULL,NULL,'CT12',1),(493,NULL,'V007',NULL,NULL,NULL,'CT13',1),(494,NULL,'V007',NULL,NULL,NULL,'CT14',1),(495,NULL,'V007',NULL,NULL,NULL,'CT15',1),(496,NULL,'V007',NULL,NULL,NULL,'CT16',1),(497,NULL,'V007',NULL,NULL,NULL,'CT17',1),(498,NULL,'V007',NULL,NULL,NULL,'CT18',1),(499,NULL,'V007',NULL,NULL,NULL,'CT19',1),(500,NULL,'V007',NULL,NULL,NULL,'CT2',1),(501,NULL,'V007',NULL,NULL,NULL,'CT20',1),(502,NULL,'V007',NULL,NULL,NULL,'CT21',1),(503,NULL,'V007',NULL,NULL,NULL,'CT3 0',1),(504,NULL,'V007',NULL,NULL,NULL,'CT3 1',1),(505,NULL,'V007',NULL,NULL,NULL,'CT3 2',1),(506,NULL,'V007',NULL,NULL,NULL,'CT3 3',1),(507,NULL,'V007',NULL,NULL,NULL,'CT3 4',1),(508,NULL,'V007',NULL,NULL,NULL,'CT3 5',1),(509,NULL,'V007',NULL,NULL,NULL,'CT3 6',1),(510,NULL,'V007',NULL,NULL,NULL,'CT3 7',1),(511,NULL,'V007',NULL,NULL,NULL,'CT3 8',1),(512,NULL,'V007',NULL,NULL,NULL,'CT3 9',1),(513,NULL,'V007',NULL,NULL,NULL,'CT4 5',1),(514,NULL,'V007',NULL,NULL,NULL,'CT4 6',1),(515,NULL,'V007',NULL,NULL,NULL,'CT4 7',1),(516,NULL,'V007',NULL,NULL,NULL,'CT4 8',1),(517,NULL,'V006',NULL,NULL,NULL,'CT5',1),(518,NULL,'V006',NULL,NULL,NULL,'CT6',1),(519,NULL,'V007',NULL,NULL,NULL,'CT7',1),(520,NULL,'V007',NULL,NULL,NULL,'CT8',1),(521,NULL,'V007',NULL,NULL,NULL,'CT9',1),(522,NULL,'V026',NULL,NULL,NULL,'CV1',1),(523,NULL,'V026',NULL,NULL,NULL,'CV10',1),(524,NULL,'V026',NULL,NULL,NULL,'CV11',1),(525,NULL,'V026',NULL,NULL,NULL,'CV12',1),(526,NULL,'V026',NULL,NULL,NULL,'CV2',1),(527,NULL,'V026',NULL,NULL,NULL,'CV21',1),(528,NULL,'V026',NULL,NULL,NULL,'CV22',1),(529,NULL,'V026',NULL,NULL,NULL,'CV23',1),(530,NULL,'V026',NULL,NULL,NULL,'CV3',1),(531,NULL,'V026',NULL,NULL,NULL,'CV31',1),(532,NULL,'V026',NULL,NULL,NULL,'CV32',1),(533,NULL,'V026',NULL,NULL,NULL,'CV33',1),(534,NULL,'V026',NULL,NULL,NULL,'CV34',1),(535,NULL,'V026',NULL,NULL,NULL,'CV35',1),(536,NULL,'V022',NULL,NULL,NULL,'CV36',1),(537,NULL,'V022',NULL,NULL,NULL,'CV37',1),(538,NULL,'V026',NULL,NULL,NULL,'CV4',1),(539,NULL,'V026',NULL,NULL,NULL,'CV5',1),(540,NULL,'V026',NULL,NULL,NULL,'CV6',1),(541,NULL,'V026',NULL,NULL,NULL,'CV7 7',1),(542,NULL,'V026',NULL,NULL,NULL,'CV7 8',1),(543,NULL,'V026',NULL,NULL,NULL,'CV7 9',1),(544,NULL,'V026',NULL,NULL,NULL,'CV8',1),(545,NULL,'V026',NULL,NULL,NULL,'CV9',1),(546,NULL,'V058',NULL,NULL,NULL,'CW1',1),(547,NULL,'V058',NULL,NULL,NULL,'CW10',1),(548,NULL,'V058',NULL,NULL,NULL,'CW11',1),(549,NULL,'V058',NULL,NULL,NULL,'CW12',1),(550,NULL,'V058',NULL,NULL,NULL,'CW2',1),(551,NULL,'V058',NULL,NULL,NULL,'CW3',1),(552,NULL,'V058',NULL,NULL,NULL,'CW4',1),(553,NULL,'V058',NULL,NULL,NULL,'CW5',1),(554,NULL,'V058',NULL,NULL,NULL,'CW6',1),(555,NULL,'V058',NULL,NULL,NULL,'CW7',1),(556,NULL,'V058',NULL,NULL,NULL,'CW8',1),(557,NULL,'V058',NULL,NULL,NULL,'CW9',1),(558,NULL,'V006',NULL,NULL,NULL,'DA1',1),(559,NULL,'V003',NULL,NULL,NULL,'DA1 3',1),(560,NULL,'V003',NULL,NULL,NULL,'DA1 4',1),(561,NULL,'V006',NULL,NULL,NULL,'DA10',1),(562,NULL,'V006',NULL,NULL,NULL,'DA11',1),(563,NULL,'V006',NULL,NULL,NULL,'DA12',1),(564,NULL,'V006',NULL,NULL,NULL,'DA13 0',1),(565,NULL,'V003',NULL,NULL,NULL,'DA14',1),(566,NULL,'V003',NULL,NULL,NULL,'DA15',1),(567,NULL,'V003',NULL,NULL,NULL,'DA16',1),(568,NULL,'V003',NULL,NULL,NULL,'DA17',1),(569,NULL,'V003',NULL,NULL,NULL,'DA18',1),(570,NULL,'V006',NULL,NULL,NULL,'DA2',1),(571,NULL,'V006',NULL,NULL,NULL,'DA3',1),(572,NULL,'V006',NULL,NULL,NULL,'DA4',1),(573,NULL,'V003',NULL,NULL,NULL,'DA5',1),(574,NULL,'V003',NULL,NULL,NULL,'DA6',1),(575,NULL,'V003',NULL,NULL,NULL,'DA7',1),(576,NULL,'V003',NULL,NULL,NULL,'DA8',1),(577,NULL,'V006',NULL,NULL,NULL,'DA9',1),(578,NULL,'V068',NULL,NULL,NULL,'DD1',1),(579,NULL,'V068',NULL,NULL,NULL,'DD10',1),(580,NULL,'V068',NULL,NULL,NULL,'DD11',1),(581,NULL,'V068',NULL,NULL,NULL,'DD2 ',1),(582,NULL,'V068',NULL,NULL,NULL,'DD3',1),(583,NULL,'V068',NULL,NULL,NULL,'DD4',1),(584,NULL,'V068',NULL,NULL,NULL,'DD5',1),(585,NULL,'V068',NULL,NULL,NULL,'DD6',1),(586,NULL,'V068',NULL,NULL,NULL,'DD7',1),(587,NULL,'V068',NULL,NULL,NULL,'DD8',1),(588,NULL,'V068',NULL,NULL,NULL,'DD9',1),(589,NULL,'V030',NULL,NULL,NULL,'DE1',1),(590,NULL,'V030',NULL,NULL,NULL,'DE11',1),(591,NULL,'V030',NULL,NULL,NULL,'DE12',1),(592,NULL,'V028',NULL,NULL,NULL,'DE13',1),(593,NULL,'V028',NULL,NULL,NULL,'DE14',1),(594,NULL,'V030',NULL,NULL,NULL,'DE15 ',1),(595,NULL,'V030',NULL,NULL,NULL,'DE2 ',1),(596,NULL,'V030',NULL,NULL,NULL,'DE21',1),(597,NULL,'V030',NULL,NULL,NULL,'DE22',1),(598,NULL,'V030',NULL,NULL,NULL,'DE23',1),(599,NULL,'V030',NULL,NULL,NULL,'DE24',1),(600,NULL,'V030',NULL,NULL,NULL,'DE3',1),(601,NULL,'V030',NULL,NULL,NULL,'DE4',1),(602,NULL,'V030',NULL,NULL,NULL,'DE45',1),(603,NULL,'V030',NULL,NULL,NULL,'DE5',1),(604,NULL,'V030',NULL,NULL,NULL,'DE55',1),(605,NULL,'V030',NULL,NULL,NULL,'DE56',1),(606,NULL,'V030',NULL,NULL,NULL,'DE6',1),(607,NULL,'V030',NULL,NULL,NULL,'DE65',1),(608,NULL,'V030',NULL,NULL,NULL,'DE7',1),(609,NULL,'V030',NULL,NULL,NULL,'DE72',1),(610,NULL,'V030',NULL,NULL,NULL,'DE73',1),(611,NULL,'V030',NULL,NULL,NULL,'DE75',1),(612,NULL,'V066',NULL,NULL,NULL,'DG1',1),(613,NULL,'V066',NULL,NULL,NULL,'DG10',1),(614,NULL,'V066',NULL,NULL,NULL,'DG11',1),(615,NULL,'V066',NULL,NULL,NULL,'DG12',1),(616,NULL,'V066',NULL,NULL,NULL,'DG13',1),(617,NULL,'V066',NULL,NULL,NULL,'DG14',1),(618,NULL,'V066',NULL,NULL,NULL,'DG2',1),(619,NULL,'V066',NULL,NULL,NULL,'DG3',1),(620,NULL,'V066',NULL,NULL,NULL,'DG4',1),(621,NULL,'V066',NULL,NULL,NULL,'DG5',1),(622,NULL,'V066',NULL,NULL,NULL,'DG6',1),(623,NULL,'V066',NULL,NULL,NULL,'DG7',1),(624,NULL,'V066',NULL,NULL,NULL,'DG8',1),(625,NULL,'V066',NULL,NULL,NULL,'DG9',1),(626,NULL,'V051',NULL,NULL,NULL,'DH1',1),(627,NULL,'V051',NULL,NULL,NULL,'DH2',1),(628,NULL,'V051',NULL,NULL,NULL,'DH3',1),(629,NULL,'V051',NULL,NULL,NULL,'DH4',1),(630,NULL,'V051',NULL,NULL,NULL,'DH5',1),(631,NULL,'V051',NULL,NULL,NULL,'DH6',1),(632,NULL,'V051',NULL,NULL,NULL,'DH7',1),(633,NULL,'V051',NULL,NULL,NULL,'DH8',1),(634,NULL,'V051',NULL,NULL,NULL,'DH9',1),(635,NULL,'V051',NULL,NULL,NULL,'DL1',1),(636,NULL,'V051',NULL,NULL,NULL,'DL10',1),(637,NULL,'V051',NULL,NULL,NULL,'DL11',1),(638,NULL,'V051',NULL,NULL,NULL,'DL12',1),(639,NULL,'V051',NULL,NULL,NULL,'DL13',1),(640,NULL,'V051',NULL,NULL,NULL,'DL14',1),(641,NULL,'V051',NULL,NULL,NULL,'DL15',1),(642,NULL,'V051',NULL,NULL,NULL,'DL16',1),(643,NULL,'V051',NULL,NULL,NULL,'DL17',1),(644,NULL,'V051',NULL,NULL,NULL,'DL2',1),(645,NULL,'V051',NULL,NULL,NULL,'DL3',1),(646,NULL,'V051',NULL,NULL,NULL,'DL4',1),(647,NULL,'V051',NULL,NULL,NULL,'DL5',1),(648,NULL,'V051',NULL,NULL,NULL,'DL6',1),(649,NULL,'V051',NULL,NULL,NULL,'DL7',1),(650,NULL,'V048',NULL,NULL,NULL,'DL8',1),(651,NULL,'V051',NULL,NULL,NULL,'DL9',1),(652,NULL,'V046',NULL,NULL,NULL,'DN1',1),(653,NULL,'V046',NULL,NULL,NULL,'DN10',1),(654,NULL,'V046',NULL,NULL,NULL,'DN11',1),(655,NULL,'V046',NULL,NULL,NULL,'DN12',1),(656,NULL,'V046',NULL,NULL,NULL,'DN14 0',1),(657,NULL,'V042',NULL,NULL,NULL,'DN14 5',1),(658,NULL,'V042',NULL,NULL,NULL,'DN14 6 ',1),(659,NULL,'V042',NULL,NULL,NULL,'DN14 7',1),(660,NULL,'V042',NULL,NULL,NULL,'DN14 8',1),(661,NULL,'V046',NULL,NULL,NULL,'DN14 9',1),(662,NULL,'V045',NULL,NULL,NULL,'DN15',1),(663,NULL,'V045',NULL,NULL,NULL,'DN16',1),(664,NULL,'V045',NULL,NULL,NULL,'DN17 1',1),(665,NULL,'V045',NULL,NULL,NULL,'DN17 2',1),(666,NULL,'V045',NULL,NULL,NULL,'DN17 3',1),(667,NULL,'V042',NULL,NULL,NULL,'DN17 4',1),(668,NULL,'V045',NULL,NULL,NULL,'DN18',1),(669,NULL,'V045',NULL,NULL,NULL,'DN19',1),(670,NULL,'V046',NULL,NULL,NULL,'DN2',1),(671,NULL,'V045',NULL,NULL,NULL,'DN20',1),(672,NULL,'N002',NULL,NULL,NULL,'DN21 1',1),(673,NULL,'N002',NULL,NULL,NULL,'DN21 2',1),(674,NULL,'N002',NULL,NULL,NULL,'DN21 3',1),(675,NULL,'V045',NULL,NULL,NULL,'DN21 4',1),(676,NULL,'N002',NULL,NULL,NULL,'DN21 5',1),(677,NULL,'V029',NULL,NULL,NULL,'DN22',1),(678,NULL,'V046',NULL,NULL,NULL,'DN3',1),(679,NULL,'V045',NULL,NULL,NULL,'DN31',1),(680,NULL,'V045',NULL,NULL,NULL,'DN32',1),(681,NULL,'V045',NULL,NULL,NULL,'DN33',1),(682,NULL,'V045',NULL,NULL,NULL,'DN34',1),(683,NULL,'V045',NULL,NULL,NULL,'DN35',1),(684,NULL,'V045',NULL,NULL,NULL,'DN36',1),(685,NULL,'N002',NULL,NULL,NULL,'DN36 5',1),(686,NULL,'V045',NULL,NULL,NULL,'DN37 0',1),(687,NULL,'V045',NULL,NULL,NULL,'DN37 7',1),(688,NULL,'V045',NULL,NULL,NULL,'DN37 8',1),(689,NULL,'V045',NULL,NULL,NULL,'DN37 9',1),(690,NULL,'V045',NULL,NULL,NULL,'DN38 6',1),(691,NULL,'V045',NULL,NULL,NULL,'DN39',1),(692,NULL,'V046',NULL,NULL,NULL,'DN4',1),(693,NULL,'V045',NULL,NULL,NULL,'DN40',1),(694,NULL,'V045',NULL,NULL,NULL,'DN41',1),(695,NULL,'V046',NULL,NULL,NULL,'DN5',1),(696,NULL,'V046',NULL,NULL,NULL,'DN6',1),(697,NULL,'V046',NULL,NULL,NULL,'DN7',1),(698,NULL,'V042',NULL,NULL,NULL,'DN8 4',1),(699,NULL,'V042',NULL,NULL,NULL,'DN8 5',1),(700,NULL,'V045',NULL,NULL,NULL,'DN9 1',1),(701,NULL,'V045',NULL,NULL,NULL,'DN9 2',1),(702,NULL,'V046',NULL,NULL,NULL,'DN9 3',1),(703,NULL,'V018',NULL,NULL,NULL,'DT1',1),(704,NULL,'V018',NULL,NULL,NULL,'DT10',1),(705,NULL,'V018',NULL,NULL,NULL,'DT11',1),(706,NULL,'V018',NULL,NULL,NULL,'DT2',1),(707,NULL,'V018',NULL,NULL,NULL,'DT3',1),(708,NULL,'V018',NULL,NULL,NULL,'DT4',1),(709,NULL,'V018',NULL,NULL,NULL,'DT5',1),(710,NULL,'V018',NULL,NULL,NULL,'DT6',1),(711,NULL,'V018',NULL,NULL,NULL,'DT7',1),(712,NULL,'V018',NULL,NULL,NULL,'DT8',1),(713,NULL,'V018',NULL,NULL,NULL,'DT9',1),(714,NULL,'N001',NULL,NULL,NULL,'DY1',1),(715,NULL,'V022',NULL,NULL,NULL,'DY10',1),(716,NULL,'V022',NULL,NULL,NULL,'DY11',1),(717,NULL,'V022',NULL,NULL,NULL,'DY12',1),(718,NULL,'V022',NULL,NULL,NULL,'DY13',1),(719,NULL,'V022',NULL,NULL,NULL,'DY14',1),(720,NULL,'V022',NULL,NULL,NULL,'DY2',1),(721,NULL,'N001',NULL,NULL,NULL,'DY3',1),(722,NULL,'N001',NULL,NULL,NULL,'DY4',1),(723,NULL,'V022',NULL,NULL,NULL,'DY5',1),(724,NULL,'V022',NULL,NULL,NULL,'DY6',1),(725,NULL,'V022',NULL,NULL,NULL,'DY7',1),(726,NULL,'V022',NULL,NULL,NULL,'DY8',1),(727,NULL,'V022',NULL,NULL,NULL,'DY9',1),(728,NULL,'V003',NULL,NULL,NULL,'E1',1),(729,NULL,'V003',NULL,NULL,NULL,'E10',1),(730,NULL,'V003',NULL,NULL,NULL,'E11',1),(731,NULL,'V003',NULL,NULL,NULL,'E12',1),(732,NULL,'V003',NULL,NULL,NULL,'E13',1),(733,NULL,'V003',NULL,NULL,NULL,'E14',1),(734,NULL,'V003',NULL,NULL,NULL,'E15',1),(735,NULL,'V003',NULL,NULL,NULL,'E16',1),(736,NULL,'V003',NULL,NULL,NULL,'E17',1),(737,NULL,'V003',NULL,NULL,NULL,'E18',1),(738,NULL,'V003',NULL,NULL,NULL,'E2',1),(739,NULL,'V003',NULL,NULL,NULL,'E3',1),(740,NULL,'V003',NULL,NULL,NULL,'E4',1),(741,NULL,'V003',NULL,NULL,NULL,'E5',1),(742,NULL,'V003',NULL,NULL,NULL,'E6',1),(743,NULL,'V003',NULL,NULL,NULL,'E7',1),(744,NULL,'V003',NULL,NULL,NULL,'E8',1),(745,NULL,'V003',NULL,NULL,NULL,'E9',1),(746,NULL,'V001',NULL,NULL,NULL,'EC1',1),(747,NULL,'V001',NULL,NULL,NULL,'EC2',1),(748,NULL,'V001',NULL,NULL,NULL,'EC3 ',1),(749,NULL,'V001',NULL,NULL,NULL,'EC4',1),(750,NULL,'N003',NULL,NULL,NULL,'EH1',1),(751,NULL,'N003',NULL,NULL,NULL,'EH10',1),(752,NULL,'N003',NULL,NULL,NULL,'EH11',1),(753,NULL,'N003',NULL,NULL,NULL,'EH12',1),(754,NULL,'N003',NULL,NULL,NULL,'EH13',1),(755,NULL,'N003',NULL,NULL,NULL,'EH14',1),(756,NULL,'N003',NULL,NULL,NULL,'EH15',1),(757,NULL,'N003',NULL,NULL,NULL,'EH16',1),(758,NULL,'N003',NULL,NULL,NULL,'EH17',1),(759,NULL,'N003',NULL,NULL,NULL,'EH18',1),(760,NULL,'N003',NULL,NULL,NULL,'EH19',1),(761,NULL,'N003',NULL,NULL,NULL,'EH2',1),(762,NULL,'N003',NULL,NULL,NULL,'EH20',1),(763,NULL,'N003',NULL,NULL,NULL,'EH21',1),(764,NULL,'N003',NULL,NULL,NULL,'EH22',1),(765,NULL,'N003',NULL,NULL,NULL,'EH23',1),(766,NULL,'N003',NULL,NULL,NULL,'EH24',1),(767,NULL,'N003',NULL,NULL,NULL,'EH25',1),(768,NULL,'N003',NULL,NULL,NULL,'EH26',1),(769,NULL,'N003',NULL,NULL,NULL,'EH27',1),(770,NULL,'N003',NULL,NULL,NULL,'EH28',1),(771,NULL,'N003',NULL,NULL,NULL,'EH29',1),(772,NULL,'N003',NULL,NULL,NULL,'EH3',1),(773,NULL,'N003',NULL,NULL,NULL,'EH30',1),(774,NULL,'N003',NULL,NULL,NULL,'EH31',1),(775,NULL,'N003',NULL,NULL,NULL,'EH32',1),(776,NULL,'N003',NULL,NULL,NULL,'EH33',1),(777,NULL,'N003',NULL,NULL,NULL,'EH34',1),(778,NULL,'N003',NULL,NULL,NULL,'EH35',1),(779,NULL,'N003',NULL,NULL,NULL,'EH36',1),(780,NULL,'N003',NULL,NULL,NULL,'EH37',1),(781,NULL,'N003',NULL,NULL,NULL,'EH38',1),(782,NULL,'N003',NULL,NULL,NULL,'EH39',1),(783,NULL,'N003',NULL,NULL,NULL,'EH4',1),(784,NULL,'N003',NULL,NULL,NULL,'EH40',1),(785,NULL,'N003',NULL,NULL,NULL,'EH41',1),(786,NULL,'N003',NULL,NULL,NULL,'EH42',1),(787,NULL,'N003',NULL,NULL,NULL,'EH43',1),(788,NULL,'N003',NULL,NULL,NULL,'EH44',1),(789,NULL,'N003',NULL,NULL,NULL,'EH45',1),(790,NULL,'N003',NULL,NULL,NULL,'EH46',1),(791,NULL,'N003',NULL,NULL,NULL,'EH47',1),(792,NULL,'N003',NULL,NULL,NULL,'EH48',1),(793,NULL,'N003',NULL,NULL,NULL,'EH49',1),(794,NULL,'N003',NULL,NULL,NULL,'EH5',1),(795,NULL,'N003',NULL,NULL,NULL,'EH50',1),(796,NULL,'N003',NULL,NULL,NULL,'EH51',1),(797,NULL,'N003',NULL,NULL,NULL,'EH52',1),(798,NULL,'N003',NULL,NULL,NULL,'EH53',1),(799,NULL,'N003',NULL,NULL,NULL,'EH54',1),(800,NULL,'N003',NULL,NULL,NULL,'EH55',1),(801,NULL,'N003',NULL,NULL,NULL,'EH6',1),(802,NULL,'N003',NULL,NULL,NULL,'EH7',1),(803,NULL,'N003',NULL,NULL,NULL,'EH8',1),(804,NULL,'N003',NULL,NULL,NULL,'EH9',1),(805,NULL,'V001',NULL,NULL,NULL,'EN1',1),(806,NULL,'V035',NULL,NULL,NULL,'EN10',1),(807,NULL,'V035',NULL,NULL,NULL,'EN11',1),(808,NULL,'V001',NULL,NULL,NULL,'EN2',1),(809,NULL,'V003',NULL,NULL,NULL,'EN3',1),(810,NULL,'V001',NULL,NULL,NULL,'EN4',1),(811,NULL,'V001',NULL,NULL,NULL,'EN5',1),(812,NULL,'V035',NULL,NULL,NULL,'EN6',1),(813,NULL,'V035',NULL,NULL,NULL,'EN7',1),(814,NULL,'V035',NULL,NULL,NULL,'EN8',1),(815,NULL,'N005',NULL,NULL,NULL,'EN9',1),(816,NULL,'V018',NULL,NULL,NULL,'EX1',1),(817,NULL,'V018',NULL,NULL,NULL,'EX10',1),(818,NULL,'V018',NULL,NULL,NULL,'EX11',1),(819,NULL,'V018',NULL,NULL,NULL,'EX12',1),(820,NULL,'V018',NULL,NULL,NULL,'EX13',1),(821,NULL,'V018',NULL,NULL,NULL,'EX14',1),(822,NULL,'V018',NULL,NULL,NULL,'EX15',1),(823,NULL,'V018',NULL,NULL,NULL,'EX16',1),(824,NULL,'V018',NULL,NULL,NULL,'EX17',1),(825,NULL,'V018',NULL,NULL,NULL,'EX18',1),(826,NULL,'V018',NULL,NULL,NULL,'EX19',1),(827,NULL,'V018',NULL,NULL,NULL,'EX2',1),(828,NULL,'V018',NULL,NULL,NULL,'EX20',1),(829,NULL,'V018',NULL,NULL,NULL,'EX21',1),(830,NULL,'V018',NULL,NULL,NULL,'EX22',1),(831,NULL,'V018',NULL,NULL,NULL,'EX23',1),(832,NULL,'V018',NULL,NULL,NULL,'EX24',1),(833,NULL,'V018',NULL,NULL,NULL,'EX3',1),(834,NULL,'V018',NULL,NULL,NULL,'EX31',1),(835,NULL,'V018',NULL,NULL,NULL,'EX32',1),(836,NULL,'V018',NULL,NULL,NULL,'EX33',1),(837,NULL,'V018',NULL,NULL,NULL,'EX34',1),(838,NULL,'V018',NULL,NULL,NULL,'EX35',1),(839,NULL,'V018',NULL,NULL,NULL,'EX36',1),(840,NULL,'V018',NULL,NULL,NULL,'EX37',1),(841,NULL,'V018',NULL,NULL,NULL,'EX38',1),(842,NULL,'V018',NULL,NULL,NULL,'EX39',1),(843,NULL,'V018',NULL,NULL,NULL,'EX4',1),(844,NULL,'V018',NULL,NULL,NULL,'EX5',1),(845,NULL,'V018',NULL,NULL,NULL,'EX6',1),(846,NULL,'V018',NULL,NULL,NULL,'EX7',1),(847,NULL,'V018',NULL,NULL,NULL,'EX8',1),(848,NULL,'V018',NULL,NULL,NULL,'EX9',1),(849,NULL,'N003',NULL,NULL,NULL,'FK1',1),(850,NULL,'N003',NULL,NULL,NULL,'FK10',1),(851,NULL,'N003',NULL,NULL,NULL,'FK11',1),(852,NULL,'N003',NULL,NULL,NULL,'FK12',1),(853,NULL,'N003',NULL,NULL,NULL,'FK13',1),(854,NULL,'N003',NULL,NULL,NULL,'FK14',1),(855,NULL,'N003',NULL,NULL,NULL,'FK15',1),(856,NULL,'N003',NULL,NULL,NULL,'FK16',1),(857,NULL,'N003',NULL,NULL,NULL,'FK17',1),(858,NULL,'N003',NULL,NULL,NULL,'FK18',1),(859,NULL,'N003',NULL,NULL,NULL,'FK19',1),(860,NULL,'N003',NULL,NULL,NULL,'FK2',1),(861,NULL,'N003',NULL,NULL,NULL,'FK20',1),(862,NULL,'N003',NULL,NULL,NULL,'FK21',1),(863,NULL,'N003',NULL,NULL,NULL,'FK3',1),(864,NULL,'N003',NULL,NULL,NULL,'FK4',1),(865,NULL,'N003',NULL,NULL,NULL,'FK5',1),(866,NULL,'N003',NULL,NULL,NULL,'FK6',1),(867,NULL,'N003',NULL,NULL,NULL,'FK7',1),(868,NULL,'N003',NULL,NULL,NULL,'FK8',1),(869,NULL,'N003',NULL,NULL,NULL,'FK9',1),(870,NULL,'V056',NULL,NULL,NULL,'FY1',1),(871,NULL,'V056',NULL,NULL,NULL,'FY2',1),(872,NULL,'V056',NULL,NULL,NULL,'FY3',1),(873,NULL,'V056',NULL,NULL,NULL,'FY4',1),(874,NULL,'V056',NULL,NULL,NULL,'FY5',1),(875,NULL,'V056',NULL,NULL,NULL,'FY6',1),(876,NULL,'V056',NULL,NULL,NULL,'FY7',1),(877,NULL,'V056',NULL,NULL,NULL,'FY8',1),(878,NULL,'V063',NULL,NULL,NULL,'G1',1),(879,NULL,'V063',NULL,NULL,NULL,'G11',1),(880,NULL,'V063',NULL,NULL,NULL,'G12',1),(881,NULL,'V063',NULL,NULL,NULL,'G13',1),(882,NULL,'V063',NULL,NULL,NULL,'G14',1),(883,NULL,'V063',NULL,NULL,NULL,'G15',1),(884,NULL,'V063',NULL,NULL,NULL,'G2',1),(885,NULL,'V063',NULL,NULL,NULL,'G20',1),(886,NULL,'V063',NULL,NULL,NULL,'G23',1),(887,NULL,'V063',NULL,NULL,NULL,'G3',1),(888,NULL,'V063',NULL,NULL,NULL,'G31',1),(889,NULL,'V063',NULL,NULL,NULL,'G32',1),(890,NULL,'V063',NULL,NULL,NULL,'G33',1),(891,NULL,'V063',NULL,NULL,NULL,'G34',1),(892,NULL,'V063',NULL,NULL,NULL,'G4',1),(893,NULL,'V063',NULL,NULL,NULL,'G40',1),(894,NULL,'V063',NULL,NULL,NULL,'G41',1),(895,NULL,'V063',NULL,NULL,NULL,'G42',1),(896,NULL,'V063',NULL,NULL,NULL,'G43',1),(897,NULL,'V063',NULL,NULL,NULL,'G44',1),(898,NULL,'V063',NULL,NULL,NULL,'G45',1),(899,NULL,'V063',NULL,NULL,NULL,'G46',1),(900,NULL,'V063',NULL,NULL,NULL,'G5',1),(901,NULL,'V063',NULL,NULL,NULL,'G51',1),(902,NULL,'V063',NULL,NULL,NULL,'G52',1),(903,NULL,'V063',NULL,NULL,NULL,'G53',1),(904,NULL,'V063',NULL,NULL,NULL,'G60',1),(905,NULL,'V063',NULL,NULL,NULL,'G61',1),(906,NULL,'V063',NULL,NULL,NULL,'G62',1),(907,NULL,'V063',NULL,NULL,NULL,'G63',1),(908,NULL,'V063',NULL,NULL,NULL,'G64',1),(909,NULL,'V063',NULL,NULL,NULL,'G65',1),(910,NULL,'V063',NULL,NULL,NULL,'G66',1),(911,NULL,'V063',NULL,NULL,NULL,'G67',1),(912,NULL,'V063',NULL,NULL,NULL,'G68',1),(913,NULL,'V063',NULL,NULL,NULL,'G69',1),(914,NULL,'V063',NULL,NULL,NULL,'G71',1),(915,NULL,'V063',NULL,NULL,NULL,'G72',1),(916,NULL,'V063',NULL,NULL,NULL,'G73',1),(917,NULL,'V066',NULL,NULL,NULL,'G74',1),(918,NULL,'V066',NULL,NULL,NULL,'G75',1),(919,NULL,'V066',NULL,NULL,NULL,'G76',1),(920,NULL,'V066',NULL,NULL,NULL,'G77',1),(921,NULL,'V063',NULL,NULL,NULL,'G78',1),(922,NULL,'V063',NULL,NULL,NULL,'G81',1),(923,NULL,'V063',NULL,NULL,NULL,'G82',1),(924,NULL,'V063',NULL,NULL,NULL,'G83',1),(925,NULL,'V063',NULL,NULL,NULL,'G84',1),(926,NULL,'V103',NULL,NULL,NULL,'GL1',1),(927,NULL,'V103',NULL,NULL,NULL,'GL10',1),(928,NULL,'V103',NULL,NULL,NULL,'GL11',1),(929,NULL,'V103',NULL,NULL,NULL,'GL12',1),(930,NULL,'V103',NULL,NULL,NULL,'GL13',1),(931,NULL,'V103',NULL,NULL,NULL,'GL14',1),(932,NULL,'V103',NULL,NULL,NULL,'GL15',1),(933,NULL,'V103',NULL,NULL,NULL,'GL16',1),(934,NULL,'V103',NULL,NULL,NULL,'GL17',1),(935,NULL,'V103',NULL,NULL,NULL,'GL18',1),(936,NULL,'V103',NULL,NULL,NULL,'GL19',1),(937,NULL,'V103',NULL,NULL,NULL,'GL2',1),(938,NULL,'V103',NULL,NULL,NULL,'GL20',1),(939,NULL,'V103',NULL,NULL,NULL,'GL3',1),(940,NULL,'V103',NULL,NULL,NULL,'GL4',1),(941,NULL,'V103',NULL,NULL,NULL,'GL5',1),(942,NULL,'V103',NULL,NULL,NULL,'GL50',1),(943,NULL,'V103',NULL,NULL,NULL,'GL51',1),(944,NULL,'V103',NULL,NULL,NULL,'GL52',1),(945,NULL,'V103',NULL,NULL,NULL,'GL53',1),(946,NULL,'V103',NULL,NULL,NULL,'GL54',1),(947,NULL,'V103',NULL,NULL,NULL,'GL55',1),(948,NULL,'V103',NULL,NULL,NULL,'GL56',1),(949,NULL,'V103',NULL,NULL,NULL,'GL6',1),(950,NULL,'V103',NULL,NULL,NULL,'GL7',1),(951,NULL,'V010',NULL,NULL,NULL,'GL7 3',1),(952,NULL,'V103',NULL,NULL,NULL,'GL8',1),(953,NULL,'V103',NULL,NULL,NULL,'GL9',1),(954,NULL,'V009',NULL,NULL,NULL,'GU1',1),(955,NULL,'V009',NULL,NULL,NULL,'GU10 1',1),(956,NULL,'V009',NULL,NULL,NULL,'GU10 2',1),(957,NULL,'V009',NULL,NULL,NULL,'GU10 3',1),(958,NULL,'V010',NULL,NULL,NULL,'GU10 4',1),(959,NULL,'V010',NULL,NULL,NULL,'GU10 5',1),(960,NULL,'V010',NULL,NULL,NULL,'GU11',1),(961,NULL,'V010',NULL,NULL,NULL,'GU12',1),(962,NULL,'V009',NULL,NULL,NULL,'GU12 5',1),(963,NULL,'V009',NULL,NULL,NULL,'GU12 6',1),(964,NULL,'V010',NULL,NULL,NULL,'GU14',1),(965,NULL,'V010',NULL,NULL,NULL,'GU15',1),(966,NULL,'V009',NULL,NULL,NULL,'GU15 1',1),(967,NULL,'V009',NULL,NULL,NULL,'GU15 2',1),(968,NULL,'V009',NULL,NULL,NULL,'GU15 3',1),(969,NULL,'V009',NULL,NULL,NULL,'GU16',1),(970,NULL,'V010',NULL,NULL,NULL,'GU17',1),(971,NULL,'V009',NULL,NULL,NULL,'GU18',1),(972,NULL,'V009',NULL,NULL,NULL,'GU19',1),(973,NULL,'V009',NULL,NULL,NULL,'GU2',1),(974,NULL,'V009',NULL,NULL,NULL,'GU20',1),(975,NULL,'V009',NULL,NULL,NULL,'GU21',1),(976,NULL,'V009',NULL,NULL,NULL,'GU22',1),(977,NULL,'V009',NULL,NULL,NULL,'GU23',1),(978,NULL,'V009',NULL,NULL,NULL,'GU24',1),(979,NULL,'V009',NULL,NULL,NULL,'GU25',1),(980,NULL,'V010',NULL,NULL,NULL,'GU26',1),(981,NULL,'V009',NULL,NULL,NULL,'GU27',1),(982,NULL,'V009',NULL,NULL,NULL,'GU28',1),(983,NULL,'V009',NULL,NULL,NULL,'GU29',1),(984,NULL,'V009',NULL,NULL,NULL,'GU3',1),(985,NULL,'V010',NULL,NULL,NULL,'GU30',1),(986,NULL,'V010',NULL,NULL,NULL,'GU31',1),(987,NULL,'V010',NULL,NULL,NULL,'GU31 4',1),(988,NULL,'V009',NULL,NULL,NULL,'GU31 5',1),(989,NULL,'V010',NULL,NULL,NULL,'GU32',1),(990,NULL,'V010',NULL,NULL,NULL,'GU33',1),(991,NULL,'V010',NULL,NULL,NULL,'GU34',1),(992,NULL,'V010',NULL,NULL,NULL,'GU35',1),(993,NULL,'V009',NULL,NULL,NULL,'GU4 7',1),(994,NULL,'V009',NULL,NULL,NULL,'GU4 8',1),(995,NULL,'V010',NULL,NULL,NULL,'GU46',1),(996,NULL,'V010',NULL,NULL,NULL,'GU47',1),(997,NULL,'V009',NULL,NULL,NULL,'GU5',1),(998,NULL,'V010',NULL,NULL,NULL,'GU51',1),(999,NULL,'V010',NULL,NULL,NULL,'GU52',1),(1000,NULL,'V009',NULL,NULL,NULL,'GU6',1),(1001,NULL,'V009',NULL,NULL,NULL,'GU7',1),(1002,NULL,'V009',NULL,NULL,NULL,'GU8',1),(1003,NULL,'V009',NULL,NULL,NULL,'GU9',1),(1004,NULL,'V001',NULL,NULL,NULL,'HA0',1),(1005,NULL,'V001',NULL,NULL,NULL,'HA1',1),(1006,NULL,'V001',NULL,NULL,NULL,'HA2',1),(1007,NULL,'V001',NULL,NULL,NULL,'HA3',1),(1008,NULL,'V001',NULL,NULL,NULL,'HA4',1),(1009,NULL,'V001',NULL,NULL,NULL,'HA5',1),(1010,NULL,'V001',NULL,NULL,NULL,'HA6',1),(1011,NULL,'V001',NULL,NULL,NULL,'HA7',1),(1012,NULL,'V001',NULL,NULL,NULL,'HA8',1),(1013,NULL,'V001',NULL,NULL,NULL,'HA9',1),(1014,NULL,'V048',NULL,NULL,NULL,'HD1',1),(1015,NULL,'V048',NULL,NULL,NULL,'HD2',1),(1016,NULL,'V048',NULL,NULL,NULL,'HD3',1),(1017,NULL,'V048',NULL,NULL,NULL,'HD4',1),(1018,NULL,'V048',NULL,NULL,NULL,'HD5',1),(1019,NULL,'V048',NULL,NULL,NULL,'HD6',1),(1020,NULL,'V046',NULL,NULL,NULL,'HD7 1',1),(1021,NULL,'V046',NULL,NULL,NULL,'HD7 2',1),(1022,NULL,'V048',NULL,NULL,NULL,'HD7 3',1),(1023,NULL,'V048',NULL,NULL,NULL,'HD7 4',1),(1024,NULL,'V048',NULL,NULL,NULL,'HD7 5',1),(1025,NULL,'V048',NULL,NULL,NULL,'HD7 6',1),(1026,NULL,'V046',NULL,NULL,NULL,'HD7 7',1),(1027,NULL,'V046',NULL,NULL,NULL,'HD8',1),(1028,NULL,'V046',NULL,NULL,NULL,'HD9',1),(1029,NULL,'V048',NULL,NULL,NULL,'HG1',1),(1030,NULL,'V048',NULL,NULL,NULL,'HG2',1),(1031,NULL,'V048',NULL,NULL,NULL,'HG3',1),(1032,NULL,'V048',NULL,NULL,NULL,'HG4',1),(1033,NULL,'V048',NULL,NULL,NULL,'HG5',1),(1034,NULL,'V035',NULL,NULL,NULL,'HP1',1),(1035,NULL,'V037',NULL,NULL,NULL,'HP10',1),(1036,NULL,'V037',NULL,NULL,NULL,'HP11',1),(1037,NULL,'V037',NULL,NULL,NULL,'HP12',1),(1038,NULL,'V037',NULL,NULL,NULL,'HP13',1),(1039,NULL,'V037',NULL,NULL,NULL,'HP14',1),(1040,NULL,'V037',NULL,NULL,NULL,'HP15',1),(1041,NULL,'V037',NULL,NULL,NULL,'HP16',1),(1042,NULL,'V037',NULL,NULL,NULL,'HP17',1),(1043,NULL,'V037',NULL,NULL,NULL,'HP18',1),(1044,NULL,'V037',NULL,NULL,NULL,'HP19',1),(1045,NULL,'V035',NULL,NULL,NULL,'HP2',1),(1046,NULL,'V037',NULL,NULL,NULL,'HP20',1),(1047,NULL,'V037',NULL,NULL,NULL,'HP21',1),(1048,NULL,'V037',NULL,NULL,NULL,'HP22',1),(1049,NULL,'V035',NULL,NULL,NULL,'HP23',1),(1050,NULL,'V037',NULL,NULL,NULL,'HP27',1),(1051,NULL,'V035',NULL,NULL,NULL,'HP3',1),(1052,NULL,'V035',NULL,NULL,NULL,'HP4',1),(1053,NULL,'V037',NULL,NULL,NULL,'HP5',1),(1054,NULL,'V037',NULL,NULL,NULL,'HP6',1),(1055,NULL,'V037',NULL,NULL,NULL,'HP7',1),(1056,NULL,'V037',NULL,NULL,NULL,'HP8',1),(1057,NULL,'V037',NULL,NULL,NULL,'HP9',1),(1058,NULL,'V021',NULL,NULL,NULL,'HR1',1),(1059,NULL,'V021',NULL,NULL,NULL,'HR2',1),(1060,NULL,'V021',NULL,NULL,NULL,'HR3',1),(1061,NULL,'V021',NULL,NULL,NULL,'HR4',1),(1062,NULL,'V021',NULL,NULL,NULL,'HR5',1),(1063,NULL,'V021',NULL,NULL,NULL,'HR6',1),(1064,NULL,'V022',NULL,NULL,NULL,'HR7',1),(1065,NULL,'V021',NULL,NULL,NULL,'HR8',1),(1066,NULL,'V021',NULL,NULL,NULL,'HR9',1),(1067,NULL,'V065',NULL,NULL,NULL,'HS1',1),(1068,NULL,'V065',NULL,NULL,NULL,'HS2',1),(1069,NULL,'V065',NULL,NULL,NULL,'HS3',1),(1070,NULL,'V065',NULL,NULL,NULL,'HS4',1),(1071,NULL,'V065',NULL,NULL,NULL,'HS5',1),(1072,NULL,'V065',NULL,NULL,NULL,'HS6',1),(1073,NULL,'V065',NULL,NULL,NULL,'HS7',1),(1074,NULL,'V065',NULL,NULL,NULL,'HS8',1),(1075,NULL,'V065',NULL,NULL,NULL,'HS9',1),(1076,NULL,'V042',NULL,NULL,NULL,'HU1',1),(1077,NULL,'V042',NULL,NULL,NULL,'HU10',1),(1078,NULL,'V042',NULL,NULL,NULL,'HU11',1),(1079,NULL,'V042',NULL,NULL,NULL,'HU12',1),(1080,NULL,'V042',NULL,NULL,NULL,'HU13',1),(1081,NULL,'V042',NULL,NULL,NULL,'HU14',1),(1082,NULL,'V042',NULL,NULL,NULL,'HU15',1),(1083,NULL,'V042',NULL,NULL,NULL,'HU16',1),(1084,NULL,'V042',NULL,NULL,NULL,'HU18',1),(1085,NULL,'V042',NULL,NULL,NULL,'HU19',1),(1086,NULL,'V042',NULL,NULL,NULL,'HU2',1),(1087,NULL,'V042',NULL,NULL,NULL,'HU20',1),(1088,NULL,'V042',NULL,NULL,NULL,'HU3',1),(1089,NULL,'V042',NULL,NULL,NULL,'HU4',1),(1090,NULL,'V042',NULL,NULL,NULL,'HU5',1),(1091,NULL,'V042',NULL,NULL,NULL,'HU6',1),(1092,NULL,'V042',NULL,NULL,NULL,'HU7',1),(1093,NULL,'V042',NULL,NULL,NULL,'HU8',1),(1094,NULL,'V042',NULL,NULL,NULL,'HU9',1),(1095,NULL,'V048',NULL,NULL,NULL,'HX1',1),(1096,NULL,'V048',NULL,NULL,NULL,'HX2',1),(1097,NULL,'V048',NULL,NULL,NULL,'HX3',1),(1098,NULL,'V048',NULL,NULL,NULL,'HX4',1),(1099,NULL,'V048',NULL,NULL,NULL,'HX5',1),(1100,NULL,'V048',NULL,NULL,NULL,'HX6',1),(1101,NULL,'V048',NULL,NULL,NULL,'HX7',1),(1102,NULL,'V003',NULL,NULL,NULL,'IG1',1),(1103,NULL,'N005',NULL,NULL,NULL,'IG10',1),(1104,NULL,'V003',NULL,NULL,NULL,'IG11',1),(1105,NULL,'V003',NULL,NULL,NULL,'IG2',1),(1106,NULL,'V003',NULL,NULL,NULL,'IG3',1),(1107,NULL,'V003',NULL,NULL,NULL,'IG4',1),(1108,NULL,'V003',NULL,NULL,NULL,'IG5',1),(1109,NULL,'V003',NULL,NULL,NULL,'IG6',1),(1110,NULL,'N005',NULL,NULL,NULL,'IG7',1),(1111,NULL,'V003',NULL,NULL,NULL,'IG8',1),(1112,NULL,'N005',NULL,NULL,NULL,'IG9',1),(1113,NULL,'V034',NULL,NULL,NULL,'IP1',1),(1114,NULL,'V034',NULL,NULL,NULL,'IP10',1),(1115,NULL,'V034',NULL,NULL,NULL,'IP11',1),(1116,NULL,'V034',NULL,NULL,NULL,'IP12',1),(1117,NULL,'V034',NULL,NULL,NULL,'IP13',1),(1118,NULL,'V034',NULL,NULL,NULL,'IP14',1),(1119,NULL,'V034',NULL,NULL,NULL,'IP15',1),(1120,NULL,'V034',NULL,NULL,NULL,'IP16',1),(1121,NULL,'V034',NULL,NULL,NULL,'IP17',1),(1122,NULL,'V034',NULL,NULL,NULL,'IP18',1),(1123,NULL,'V034',NULL,NULL,NULL,'IP19',1),(1124,NULL,'V034',NULL,NULL,NULL,'IP2',1),(1125,NULL,'V038',NULL,NULL,NULL,'IP20',1),(1126,NULL,'V034',NULL,NULL,NULL,'IP21',1),(1127,NULL,'V038',NULL,NULL,NULL,'IP22',1),(1128,NULL,'V034',NULL,NULL,NULL,'IP23',1),(1129,NULL,'V038',NULL,NULL,NULL,'IP24',1),(1130,NULL,'V038',NULL,NULL,NULL,'IP25',1),(1131,NULL,'V034',NULL,NULL,NULL,'IP26',1),(1132,NULL,'V038',NULL,NULL,NULL,'IP27',1),(1133,NULL,'V034',NULL,NULL,NULL,'IP28',1),(1134,NULL,'V034',NULL,NULL,NULL,'IP29',1),(1135,NULL,'V034',NULL,NULL,NULL,'IP3',1),(1136,NULL,'V034',NULL,NULL,NULL,'IP30',1),(1137,NULL,'V034',NULL,NULL,NULL,'IP31',1),(1138,NULL,'V034',NULL,NULL,NULL,'IP32',1),(1139,NULL,'V034',NULL,NULL,NULL,'IP33',1),(1140,NULL,'V034',NULL,NULL,NULL,'IP4',1),(1141,NULL,'V034',NULL,NULL,NULL,'IP5',1),(1142,NULL,'V034',NULL,NULL,NULL,'IP6',1),(1143,NULL,'V034',NULL,NULL,NULL,'IP7',1),(1144,NULL,'V034',NULL,NULL,NULL,'IP8',1),(1145,NULL,'V034',NULL,NULL,NULL,'IP9',1),(1146,NULL,'V065',NULL,NULL,NULL,'IV1',1),(1147,NULL,'V065',NULL,NULL,NULL,'IV10',1),(1148,NULL,'V065',NULL,NULL,NULL,'IV11',1),(1149,NULL,'V065',NULL,NULL,NULL,'IV12',1),(1150,NULL,'V065',NULL,NULL,NULL,'IV13',1),(1151,NULL,'V065',NULL,NULL,NULL,'IV14',1),(1152,NULL,'V065',NULL,NULL,NULL,'IV15',1),(1153,NULL,'V065',NULL,NULL,NULL,'IV16',1),(1154,NULL,'V065',NULL,NULL,NULL,'IV17',1),(1155,NULL,'V065',NULL,NULL,NULL,'IV18',1),(1156,NULL,'V065',NULL,NULL,NULL,'IV19',1),(1157,NULL,'V065',NULL,NULL,NULL,'IV2',1),(1158,NULL,'V065',NULL,NULL,NULL,'IV20',1),(1159,NULL,'V065',NULL,NULL,NULL,'IV21',1),(1160,NULL,'V065',NULL,NULL,NULL,'IV22',1),(1161,NULL,'V065',NULL,NULL,NULL,'IV23',1),(1162,NULL,'V065',NULL,NULL,NULL,'IV24',1),(1163,NULL,'V065',NULL,NULL,NULL,'IV25',1),(1164,NULL,'V065',NULL,NULL,NULL,'IV26',1),(1165,NULL,'V065',NULL,NULL,NULL,'IV27',1),(1166,NULL,'V065',NULL,NULL,NULL,'IV28',1),(1167,NULL,'V065',NULL,NULL,NULL,'IV29',1),(1168,NULL,'V065',NULL,NULL,NULL,'IV3',1),(1169,NULL,'V065',NULL,NULL,NULL,'IV30',1),(1170,NULL,'V065',NULL,NULL,NULL,'IV31',1),(1171,NULL,'V065',NULL,NULL,NULL,'IV32',1),(1172,NULL,'V065',NULL,NULL,NULL,'IV33',1),(1173,NULL,'V065',NULL,NULL,NULL,'IV34',1),(1174,NULL,'V065',NULL,NULL,NULL,'IV35',1),(1175,NULL,'V065',NULL,NULL,NULL,'IV36',1),(1176,NULL,'V065',NULL,NULL,NULL,'IV37',1),(1177,NULL,'V065',NULL,NULL,NULL,'IV38',1),(1178,NULL,'V065',NULL,NULL,NULL,'IV39',1),(1179,NULL,'V065',NULL,NULL,NULL,'IV4',1),(1180,NULL,'V065',NULL,NULL,NULL,'IV40',1),(1181,NULL,'V065',NULL,NULL,NULL,'IV41',1),(1182,NULL,'V065',NULL,NULL,NULL,'IV42',1),(1183,NULL,'V065',NULL,NULL,NULL,'IV43',1),(1184,NULL,'V065',NULL,NULL,NULL,'IV44',1),(1185,NULL,'V065',NULL,NULL,NULL,'IV45',1),(1186,NULL,'V065',NULL,NULL,NULL,'IV46',1),(1187,NULL,'V065',NULL,NULL,NULL,'IV47',1),(1188,NULL,'V065',NULL,NULL,NULL,'IV48',1),(1189,NULL,'V065',NULL,NULL,NULL,'IV49',1),(1190,NULL,'V065',NULL,NULL,NULL,'IV5',1),(1191,NULL,'V065',NULL,NULL,NULL,'IV50',1),(1192,NULL,'V065',NULL,NULL,NULL,'IV51',1),(1193,NULL,'V065',NULL,NULL,NULL,'IV52',1),(1194,NULL,'V065',NULL,NULL,NULL,'IV53',1),(1195,NULL,'V065',NULL,NULL,NULL,'IV54',1),(1196,NULL,'V065',NULL,NULL,NULL,'IV55',1),(1197,NULL,'V065',NULL,NULL,NULL,'IV56',1),(1198,NULL,'V065',NULL,NULL,NULL,'IV6',1),(1199,NULL,'V065',NULL,NULL,NULL,'IV7',1),(1200,NULL,'V065',NULL,NULL,NULL,'IV8',1),(1201,NULL,'V065',NULL,NULL,NULL,'IV9',1),(1202,NULL,'V066',NULL,NULL,NULL,'KA1',1),(1203,NULL,'V066',NULL,NULL,NULL,'KA10',1),(1204,NULL,'V066',NULL,NULL,NULL,'KA11',1),(1205,NULL,'V066',NULL,NULL,NULL,'KA12',1),(1206,NULL,'V066',NULL,NULL,NULL,'KA13',1),(1207,NULL,'V066',NULL,NULL,NULL,'KA14',1),(1208,NULL,'V066',NULL,NULL,NULL,'KA15',1),(1209,NULL,'V066',NULL,NULL,NULL,'KA16',1),(1210,NULL,'V066',NULL,NULL,NULL,'KA17',1),(1211,NULL,'V066',NULL,NULL,NULL,'KA18',1),(1212,NULL,'V066',NULL,NULL,NULL,'KA19',1),(1213,NULL,'V066',NULL,NULL,NULL,'KA2',1),(1214,NULL,'V066',NULL,NULL,NULL,'KA20',1),(1215,NULL,'V066',NULL,NULL,NULL,'KA21',1),(1216,NULL,'V066',NULL,NULL,NULL,'KA22',1),(1217,NULL,'V066',NULL,NULL,NULL,'KA23',1),(1218,NULL,'V066',NULL,NULL,NULL,'KA24',1),(1219,NULL,'V066',NULL,NULL,NULL,'KA25',1),(1220,NULL,'V066',NULL,NULL,NULL,'KA26',1),(1221,NULL,'V066',NULL,NULL,NULL,'KA27',1),(1222,NULL,'V066',NULL,NULL,NULL,'KA28',1),(1223,NULL,'V066',NULL,NULL,NULL,'KA29',1),(1224,NULL,'V066',NULL,NULL,NULL,'KA3',1),(1225,NULL,'V066',NULL,NULL,NULL,'KA30',1),(1226,NULL,'V066',NULL,NULL,NULL,'KA4',1),(1227,NULL,'V066',NULL,NULL,NULL,'KA5',1),(1228,NULL,'V066',NULL,NULL,NULL,'KA6',1),(1229,NULL,'V066',NULL,NULL,NULL,'KA7',1),(1230,NULL,'V066',NULL,NULL,NULL,'KA8',1),(1231,NULL,'V066',NULL,NULL,NULL,'KA9',1),(1232,NULL,'V004',NULL,NULL,NULL,'KT1',1),(1233,NULL,'V009',NULL,NULL,NULL,'KT10',1),(1234,NULL,'V009',NULL,NULL,NULL,'KT11',1),(1235,NULL,'V009',NULL,NULL,NULL,'KT12',1),(1236,NULL,'V009',NULL,NULL,NULL,'KT13',1),(1237,NULL,'V009',NULL,NULL,NULL,'KT14',1),(1238,NULL,'V009',NULL,NULL,NULL,'KT15',1),(1239,NULL,'V009',NULL,NULL,NULL,'KT16',1),(1240,NULL,'V009',NULL,NULL,NULL,'KT17',1),(1241,NULL,'V009',NULL,NULL,NULL,'KT18',1),(1242,NULL,'V009',NULL,NULL,NULL,'KT19',1),(1243,NULL,'V004',NULL,NULL,NULL,'KT2',1),(1244,NULL,'V004',NULL,NULL,NULL,'KT20',1),(1245,NULL,'V009',NULL,NULL,NULL,'KT21',1),(1246,NULL,'V009',NULL,NULL,NULL,'KT22',1),(1247,NULL,'V009',NULL,NULL,NULL,'KT23',1),(1248,NULL,'V009',NULL,NULL,NULL,'KT24',1),(1249,NULL,'V004',NULL,NULL,NULL,'KT3',1),(1250,NULL,'V004',NULL,NULL,NULL,'KT4',1),(1251,NULL,'V004',NULL,NULL,NULL,'KT5',1),(1252,NULL,'V004',NULL,NULL,NULL,'KT6',1),(1253,NULL,'V004',NULL,NULL,NULL,'KT7',1),(1254,NULL,'V004',NULL,NULL,NULL,'KT8',1),(1255,NULL,'V004',NULL,NULL,NULL,'KT9',1),(1256,NULL,'V065',NULL,NULL,NULL,'KW1',1),(1257,NULL,'V065',NULL,NULL,NULL,'KW10',1),(1258,NULL,'V065',NULL,NULL,NULL,'KW11',1),(1259,NULL,'V065',NULL,NULL,NULL,'KW12',1),(1260,NULL,'V065',NULL,NULL,NULL,'KW13',1),(1261,NULL,'V065',NULL,NULL,NULL,'KW14',1),(1262,NULL,'V065',NULL,NULL,NULL,'KW15',1),(1263,NULL,'V065',NULL,NULL,NULL,'KW16',1),(1264,NULL,'V065',NULL,NULL,NULL,'KW17',1),(1265,NULL,'V065',NULL,NULL,NULL,'KW2',1),(1266,NULL,'V065',NULL,NULL,NULL,'KW3',1),(1267,NULL,'V065',NULL,NULL,NULL,'KW4',1),(1268,NULL,'V065',NULL,NULL,NULL,'KW5',1),(1269,NULL,'V065',NULL,NULL,NULL,'KW6',1),(1270,NULL,'V065',NULL,NULL,NULL,'KW7',1),(1271,NULL,'V065',NULL,NULL,NULL,'KW8',1),(1272,NULL,'V065',NULL,NULL,NULL,'KW9',1),(1273,NULL,'N003',NULL,NULL,NULL,'KY1',1),(1274,NULL,'N003',NULL,NULL,NULL,'KY10',1),(1275,NULL,'N003',NULL,NULL,NULL,'KY11',1),(1276,NULL,'N003',NULL,NULL,NULL,'KY12',1),(1277,NULL,'N003',NULL,NULL,NULL,'KY13',1),(1278,NULL,'N003',NULL,NULL,NULL,'KY14',1),(1279,NULL,'N003',NULL,NULL,NULL,'KY15',1),(1280,NULL,'N003',NULL,NULL,NULL,'KY16',1),(1281,NULL,'N003',NULL,NULL,NULL,'KY2',1),(1282,NULL,'N003',NULL,NULL,NULL,'KY3',1),(1283,NULL,'N003',NULL,NULL,NULL,'KY4',1),(1284,NULL,'N003',NULL,NULL,NULL,'KY5',1),(1285,NULL,'N003',NULL,NULL,NULL,'KY6',1),(1286,NULL,'N003',NULL,NULL,NULL,'KY7',1),(1287,NULL,'N003',NULL,NULL,NULL,'KY8',1),(1288,NULL,'N003',NULL,NULL,NULL,'KY9',1),(1289,NULL,'V058',NULL,NULL,NULL,'L1',1),(1290,NULL,'V058',NULL,NULL,NULL,'L10',1),(1291,NULL,'V058',NULL,NULL,NULL,'L11',1),(1292,NULL,'V058',NULL,NULL,NULL,'L12',1),(1293,NULL,'V058',NULL,NULL,NULL,'L13',1),(1294,NULL,'V058',NULL,NULL,NULL,'L14',1),(1295,NULL,'V058',NULL,NULL,NULL,'L15',1),(1296,NULL,'V058',NULL,NULL,NULL,'L16',1),(1297,NULL,'V058',NULL,NULL,NULL,'L17',1),(1298,NULL,'V058',NULL,NULL,NULL,'L18',1),(1299,NULL,'V058',NULL,NULL,NULL,'L19',1),(1300,NULL,'V058',NULL,NULL,NULL,'L2',1),(1301,NULL,'V058',NULL,NULL,NULL,'L20',1),(1302,NULL,'V058',NULL,NULL,NULL,'L21',1),(1303,NULL,'V058',NULL,NULL,NULL,'L22',1),(1304,NULL,'V058',NULL,NULL,NULL,'L23',1),(1305,NULL,'V058',NULL,NULL,NULL,'L24',1),(1306,NULL,'V058',NULL,NULL,NULL,'L25',1),(1307,NULL,'V058',NULL,NULL,NULL,'L26',1),(1308,NULL,'V058',NULL,NULL,NULL,'L27',1),(1309,NULL,'V058',NULL,NULL,NULL,'L28',1),(1310,NULL,'V058',NULL,NULL,NULL,'L29',1),(1311,NULL,'V058',NULL,NULL,NULL,'L3',1),(1312,NULL,'V058',NULL,NULL,NULL,'L30',1),(1313,NULL,'V058',NULL,NULL,NULL,'L31',1),(1314,NULL,'V058',NULL,NULL,NULL,'L32',1),(1315,NULL,'V058',NULL,NULL,NULL,'L33',1),(1316,NULL,'V058',NULL,NULL,NULL,'L34',1),(1317,NULL,'V058',NULL,NULL,NULL,'L35',1),(1318,NULL,'V058',NULL,NULL,NULL,'L36',1),(1319,NULL,'V058',NULL,NULL,NULL,'L37',1),(1320,NULL,'V058',NULL,NULL,NULL,'L38',1),(1321,NULL,'V056',NULL,NULL,NULL,'L39',1),(1322,NULL,'V058',NULL,NULL,NULL,'L4',1),(1323,NULL,'V056',NULL,NULL,NULL,'L40',1),(1324,NULL,'V058',NULL,NULL,NULL,'L5',1),(1325,NULL,'V058',NULL,NULL,NULL,'L6',1),(1326,NULL,'V058',NULL,NULL,NULL,'L69',1),(1327,NULL,'V058',NULL,NULL,NULL,'L7',1),(1328,NULL,'V058',NULL,NULL,NULL,'L8',1),(1329,NULL,'V058',NULL,NULL,NULL,'L9',1),(1330,NULL,'V057',NULL,NULL,NULL,'LA1',1),(1331,NULL,'V057',NULL,NULL,NULL,'LA10',1),(1332,NULL,'V057',NULL,NULL,NULL,'LA11',1),(1333,NULL,'V057',NULL,NULL,NULL,'LA12',1),(1334,NULL,'V057',NULL,NULL,NULL,'LA13',1),(1335,NULL,'V057',NULL,NULL,NULL,'LA14',1),(1336,NULL,'V057',NULL,NULL,NULL,'LA15',1),(1337,NULL,'V057',NULL,NULL,NULL,'LA16',1),(1338,NULL,'V057',NULL,NULL,NULL,'LA17',1),(1339,NULL,'V057',NULL,NULL,NULL,'LA18',1),(1340,NULL,'V057',NULL,NULL,NULL,'LA19',1),(1341,NULL,'V057',NULL,NULL,NULL,'LA2',1),(1342,NULL,'V057',NULL,NULL,NULL,'LA20',1),(1343,NULL,'V057',NULL,NULL,NULL,'LA21',1),(1344,NULL,'V057',NULL,NULL,NULL,'LA22',1),(1345,NULL,'V057',NULL,NULL,NULL,'LA23',1),(1346,NULL,'V057',NULL,NULL,NULL,'LA3',1),(1347,NULL,'V057',NULL,NULL,NULL,'LA4',1),(1348,NULL,'V057',NULL,NULL,NULL,'LA5',1),(1349,NULL,'V057',NULL,NULL,NULL,'LA6',1),(1350,NULL,'V057',NULL,NULL,NULL,'LA7',1),(1351,NULL,'V057',NULL,NULL,NULL,'LA8',1),(1352,NULL,'V057',NULL,NULL,NULL,'LA9',1),(1353,NULL,'N004',NULL,NULL,NULL,'LD1',1),(1354,NULL,'N004',NULL,NULL,NULL,'LD2',1),(1355,NULL,'N004',NULL,NULL,NULL,'LD3',1),(1356,NULL,'N004',NULL,NULL,NULL,'LD4',1),(1357,NULL,'N004',NULL,NULL,NULL,'LD5',1),(1358,NULL,'N004',NULL,NULL,NULL,'LD6',1),(1359,NULL,'V022',NULL,NULL,NULL,'LD8',1),(1360,NULL,'V031',NULL,NULL,NULL,'LE1',1),(1361,NULL,'V031',NULL,NULL,NULL,'LE10',1),(1362,NULL,'V031',NULL,NULL,NULL,'LE11',1),(1363,NULL,'V031',NULL,NULL,NULL,'LE12',1),(1364,NULL,'V029',NULL,NULL,NULL,'LE12 5',1),(1365,NULL,'V029',NULL,NULL,NULL,'LE12 6',1),(1366,NULL,'V031',NULL,NULL,NULL,'LE13',1),(1367,NULL,'V031',NULL,NULL,NULL,'LE14',1),(1368,NULL,'N006',NULL,NULL,NULL,'LE15',1),(1369,NULL,'N006',NULL,NULL,NULL,'LE16',1),(1370,NULL,'V031',NULL,NULL,NULL,'LE17',1),(1371,NULL,'V031',NULL,NULL,NULL,'LE18',1),(1372,NULL,'V031',NULL,NULL,NULL,'LE2',1),(1373,NULL,'V031',NULL,NULL,NULL,'LE3',1),(1374,NULL,'V031',NULL,NULL,NULL,'LE4',1),(1375,NULL,'V031',NULL,NULL,NULL,'LE5',1),(1376,NULL,'V031',NULL,NULL,NULL,'LE6',1),(1377,NULL,'V031',NULL,NULL,NULL,'LE65',1),(1378,NULL,'V031',NULL,NULL,NULL,'LE67',1),(1379,NULL,'V031',NULL,NULL,NULL,'LE7',1),(1380,NULL,'V031',NULL,NULL,NULL,'LE8',1),(1381,NULL,'V031',NULL,NULL,NULL,'LE9',1),(1382,NULL,'V059',NULL,NULL,NULL,'LL11',1),(1383,NULL,'V059',NULL,NULL,NULL,'LL12',1),(1384,NULL,'V059',NULL,NULL,NULL,'LL13',1),(1385,NULL,'V059',NULL,NULL,NULL,'LL14',1),(1386,NULL,'V059',NULL,NULL,NULL,'LL15',1),(1387,NULL,'V059',NULL,NULL,NULL,'LL16',1),(1388,NULL,'V059',NULL,NULL,NULL,'LL17',1),(1389,NULL,'V059',NULL,NULL,NULL,'LL18',1),(1390,NULL,'V059',NULL,NULL,NULL,'LL19',1),(1391,NULL,'V059',NULL,NULL,NULL,'LL20',1),(1392,NULL,'V059',NULL,NULL,NULL,'LL21',1),(1393,NULL,'V059',NULL,NULL,NULL,'LL22',1),(1394,NULL,'V059',NULL,NULL,NULL,'LL23',1),(1395,NULL,'V059',NULL,NULL,NULL,'LL24',1),(1396,NULL,'V059',NULL,NULL,NULL,'LL25',1),(1397,NULL,'V059',NULL,NULL,NULL,'LL26',1),(1398,NULL,'V059',NULL,NULL,NULL,'LL27',1),(1399,NULL,'V059',NULL,NULL,NULL,'LL28',1),(1400,NULL,'V059',NULL,NULL,NULL,'LL29',1),(1401,NULL,'V059',NULL,NULL,NULL,'LL30',1),(1402,NULL,'V059',NULL,NULL,NULL,'LL31',1),(1403,NULL,'V059',NULL,NULL,NULL,'LL32',1),(1404,NULL,'V059',NULL,NULL,NULL,'LL33',1),(1405,NULL,'V059',NULL,NULL,NULL,'LL34',1),(1406,NULL,'V059',NULL,NULL,NULL,'LL35',1),(1407,NULL,'V059',NULL,NULL,NULL,'LL36',1),(1408,NULL,'V059',NULL,NULL,NULL,'LL37',1),(1409,NULL,'V059',NULL,NULL,NULL,'LL38',1),(1410,NULL,'V059',NULL,NULL,NULL,'LL39',1),(1411,NULL,'V059',NULL,NULL,NULL,'LL40',1),(1412,NULL,'V059',NULL,NULL,NULL,'LL41',1),(1413,NULL,'V059',NULL,NULL,NULL,'LL42',1),(1414,NULL,'V059',NULL,NULL,NULL,'LL43',1),(1415,NULL,'V059',NULL,NULL,NULL,'LL44',1),(1416,NULL,'V059',NULL,NULL,NULL,'LL45',1),(1417,NULL,'V059',NULL,NULL,NULL,'LL46',1),(1418,NULL,'V059',NULL,NULL,NULL,'LL47',1),(1419,NULL,'V059',NULL,NULL,NULL,'LL48',1),(1420,NULL,'V059',NULL,NULL,NULL,'LL49',1),(1421,NULL,'V059',NULL,NULL,NULL,'LL51',1),(1422,NULL,'V059',NULL,NULL,NULL,'LL52',1),(1423,NULL,'V059',NULL,NULL,NULL,'LL53',1),(1424,NULL,'V059',NULL,NULL,NULL,'LL54',1),(1425,NULL,'V059',NULL,NULL,NULL,'LL55',1),(1426,NULL,'V059',NULL,NULL,NULL,'LL56',1),(1427,NULL,'V059',NULL,NULL,NULL,'LL57',1),(1428,NULL,'V059',NULL,NULL,NULL,'LL58',1),(1429,NULL,'V059',NULL,NULL,NULL,'LL59',1),(1430,NULL,'V059',NULL,NULL,NULL,'LL60',1),(1431,NULL,'V059',NULL,NULL,NULL,'LL61',1),(1432,NULL,'V059',NULL,NULL,NULL,'LL62',1),(1433,NULL,'V059',NULL,NULL,NULL,'LL63',1),(1434,NULL,'V059',NULL,NULL,NULL,'LL64',1),(1435,NULL,'V059',NULL,NULL,NULL,'LL65',1),(1436,NULL,'V059',NULL,NULL,NULL,'LL66',1),(1437,NULL,'V059',NULL,NULL,NULL,'LL67',1),(1438,NULL,'V059',NULL,NULL,NULL,'LL68',1),(1439,NULL,'V059',NULL,NULL,NULL,'LL69',1),(1440,NULL,'V059',NULL,NULL,NULL,'LL70',1),(1441,NULL,'V059',NULL,NULL,NULL,'LL71',1),(1442,NULL,'V059',NULL,NULL,NULL,'LL72',1),(1443,NULL,'V059',NULL,NULL,NULL,'LL73',1),(1444,NULL,'V059',NULL,NULL,NULL,'LL74',1),(1445,NULL,'V059',NULL,NULL,NULL,'LL75',1),(1446,NULL,'V059',NULL,NULL,NULL,'LL76',1),(1447,NULL,'V059',NULL,NULL,NULL,'LL77',1),(1448,NULL,'N002',NULL,NULL,NULL,'LN1',1),(1449,NULL,'N002',NULL,NULL,NULL,'LN10',1),(1450,NULL,'N002',NULL,NULL,NULL,'LN11',1),(1451,NULL,'N002',NULL,NULL,NULL,'LN12',1),(1452,NULL,'N002',NULL,NULL,NULL,'LN13',1),(1453,NULL,'N002',NULL,NULL,NULL,'LN2',1),(1454,NULL,'N002',NULL,NULL,NULL,'LN3',1),(1455,NULL,'N002',NULL,NULL,NULL,'LN4',1),(1456,NULL,'N002',NULL,NULL,NULL,'LN5',1),(1457,NULL,'N002',NULL,NULL,NULL,'LN6',1),(1458,NULL,'N002',NULL,NULL,NULL,'LN7',1),(1459,NULL,'N002',NULL,NULL,NULL,'LN8',1),(1460,NULL,'N002',NULL,NULL,NULL,'LN9',1),(1461,NULL,'V048',NULL,NULL,NULL,'LS1',1),(1462,NULL,'V048',NULL,NULL,NULL,'LS10',1),(1463,NULL,'V048',NULL,NULL,NULL,'LS11',1),(1464,NULL,'V048',NULL,NULL,NULL,'LS12',1),(1465,NULL,'V048',NULL,NULL,NULL,'LS13',1),(1466,NULL,'V048',NULL,NULL,NULL,'LS14',1),(1467,NULL,'V048',NULL,NULL,NULL,'LS15',1),(1468,NULL,'V048',NULL,NULL,NULL,'LS16',1),(1469,NULL,'V048',NULL,NULL,NULL,'LS17',1),(1470,NULL,'V048',NULL,NULL,NULL,'LS18',1),(1471,NULL,'V048',NULL,NULL,NULL,'LS19',1),(1472,NULL,'V048',NULL,NULL,NULL,'LS2',1),(1473,NULL,'V048',NULL,NULL,NULL,'LS20',1),(1474,NULL,'V048',NULL,NULL,NULL,'LS21',1),(1475,NULL,'V048',NULL,NULL,NULL,'LS22',1),(1476,NULL,'V048',NULL,NULL,NULL,'LS23',1),(1477,NULL,'V048',NULL,NULL,NULL,'LS24',1),(1478,NULL,'V048',NULL,NULL,NULL,'LS25',1),(1479,NULL,'V048',NULL,NULL,NULL,'LS26',1),(1480,NULL,'V048',NULL,NULL,NULL,'LS27',1),(1481,NULL,'V048',NULL,NULL,NULL,'LS28',1),(1482,NULL,'V048',NULL,NULL,NULL,'LS3',1),(1483,NULL,'V048',NULL,NULL,NULL,'LS4',1),(1484,NULL,'V048',NULL,NULL,NULL,'LS5',1),(1485,NULL,'V048',NULL,NULL,NULL,'LS6',1),(1486,NULL,'V048',NULL,NULL,NULL,'LS7',1),(1487,NULL,'V048',NULL,NULL,NULL,'LS8',1),(1488,NULL,'V048',NULL,NULL,NULL,'LS9',1),(1489,NULL,'V037',NULL,NULL,NULL,'LU1',1),(1490,NULL,'V037',NULL,NULL,NULL,'LU2',1),(1491,NULL,'V037',NULL,NULL,NULL,'LU3',1),(1492,NULL,'V037',NULL,NULL,NULL,'LU4',1),(1493,NULL,'V037',NULL,NULL,NULL,'LU5',1),(1494,NULL,'V037',NULL,NULL,NULL,'LU6',1),(1495,NULL,'V037',NULL,NULL,NULL,'LU7',1),(1496,NULL,'V096',NULL,NULL,NULL,'M1',1),(1497,NULL,'V096',NULL,NULL,NULL,'M11',1),(1498,NULL,'V096',NULL,NULL,NULL,'M12',1),(1499,NULL,'V096',NULL,NULL,NULL,'M13',1),(1500,NULL,'V096',NULL,NULL,NULL,'M14',1),(1501,NULL,'V096',NULL,NULL,NULL,'M15',1),(1502,NULL,'V096',NULL,NULL,NULL,'M16',1),(1503,NULL,'V096',NULL,NULL,NULL,'M17',1),(1504,NULL,'V096',NULL,NULL,NULL,'M18',1),(1505,NULL,'V096',NULL,NULL,NULL,'M19',1),(1506,NULL,'V096',NULL,NULL,NULL,'M2',1),(1507,NULL,'V096',NULL,NULL,NULL,'M20',1),(1508,NULL,'V096',NULL,NULL,NULL,'M21',1),(1509,NULL,'V096',NULL,NULL,NULL,'M22',1),(1510,NULL,'V096',NULL,NULL,NULL,'M23',1),(1511,NULL,'V096',NULL,NULL,NULL,'M24',1),(1512,NULL,'V096',NULL,NULL,NULL,'M25',1),(1513,NULL,'V096',NULL,NULL,NULL,'M26',1),(1514,NULL,'V096',NULL,NULL,NULL,'M27',1),(1515,NULL,'V096',NULL,NULL,NULL,'M28',1),(1516,NULL,'V096',NULL,NULL,NULL,'M29',1),(1517,NULL,'V096',NULL,NULL,NULL,'M3',1),(1518,NULL,'V096',NULL,NULL,NULL,'M30',1),(1519,NULL,'V096',NULL,NULL,NULL,'M31',1),(1520,NULL,'V096',NULL,NULL,NULL,'M32',1),(1521,NULL,'V096',NULL,NULL,NULL,'M33',1),(1522,NULL,'V096',NULL,NULL,NULL,'M34',1),(1523,NULL,'V096',NULL,NULL,NULL,'M35',1),(1524,NULL,'V096',NULL,NULL,NULL,'M38',1),(1525,NULL,'V096',NULL,NULL,NULL,'M4',1),(1526,NULL,'V096',NULL,NULL,NULL,'M40',1),(1527,NULL,'V096',NULL,NULL,NULL,'M41',1),(1528,NULL,'V096',NULL,NULL,NULL,'M43',1),(1529,NULL,'V096',NULL,NULL,NULL,'M44',1),(1530,NULL,'V096',NULL,NULL,NULL,'M45',1),(1531,NULL,'V096',NULL,NULL,NULL,'M46',1),(1532,NULL,'V096',NULL,NULL,NULL,'M5',1),(1533,NULL,'V096',NULL,NULL,NULL,'M6',1),(1534,NULL,'V096',NULL,NULL,NULL,'M7',1),(1535,NULL,'V096',NULL,NULL,NULL,'M8',1),(1536,NULL,'V096',NULL,NULL,NULL,'M9',1),(1537,NULL,'V096',NULL,NULL,NULL,'M90',1),(1538,NULL,'V006',NULL,NULL,NULL,'ME1 1',1),(1539,NULL,'V006',NULL,NULL,NULL,'ME1 2',1),(1540,NULL,'V006',NULL,NULL,NULL,'ME1 3',1),(1541,NULL,'V006',NULL,NULL,NULL,'ME10 1',1),(1542,NULL,'V006',NULL,NULL,NULL,'ME10 2',1),(1543,NULL,'V006',NULL,NULL,NULL,'ME10 3',1),(1544,NULL,'V006',NULL,NULL,NULL,'ME10 4',1),(1545,NULL,'V006',NULL,NULL,NULL,'ME11',1),(1546,NULL,'V006',NULL,NULL,NULL,'ME12',1),(1547,NULL,'V006',NULL,NULL,NULL,'ME13',1),(1548,NULL,'V006',NULL,NULL,NULL,'ME14',1),(1549,NULL,'V006',NULL,NULL,NULL,'ME15',1),(1550,NULL,'V006',NULL,NULL,NULL,'ME16',1),(1551,NULL,'V006',NULL,NULL,NULL,'ME17 1',1),(1552,NULL,'V006',NULL,NULL,NULL,'ME17 2',1),(1553,NULL,'V006',NULL,NULL,NULL,'ME17 3',1),(1554,NULL,'V006',NULL,NULL,NULL,'ME17 4',1),(1555,NULL,'V006',NULL,NULL,NULL,'ME18',1),(1556,NULL,'V006',NULL,NULL,NULL,'ME19',1),(1557,NULL,'V006',NULL,NULL,NULL,'ME2 1',1),(1558,NULL,'V006',NULL,NULL,NULL,'ME2 2',1),(1559,NULL,'V006',NULL,NULL,NULL,'ME2 3',1),(1560,NULL,'V006',NULL,NULL,NULL,'ME2 4',1),(1561,NULL,'V006',NULL,NULL,NULL,'ME20',1),(1562,NULL,'V006',NULL,NULL,NULL,'ME3 0',1),(1563,NULL,'V006',NULL,NULL,NULL,'ME3 7',1),(1564,NULL,'V006',NULL,NULL,NULL,'ME3 8',1),(1565,NULL,'V006',NULL,NULL,NULL,'ME3 9',1),(1566,NULL,'V006',NULL,NULL,NULL,'ME4',1),(1567,NULL,'V006',NULL,NULL,NULL,'ME5',1),(1568,NULL,'V006',NULL,NULL,NULL,'ME6',1),(1569,NULL,'V006',NULL,NULL,NULL,'ME7',1),(1570,NULL,'V006',NULL,NULL,NULL,'ME8',1),(1571,NULL,'V006',NULL,NULL,NULL,'ME9 0',1),(1572,NULL,'V006',NULL,NULL,NULL,'ME9 7',1),(1573,NULL,'V006',NULL,NULL,NULL,'ME9 8',1),(1574,NULL,'V006',NULL,NULL,NULL,'ME9 9',1),(1575,NULL,'N006',NULL,NULL,NULL,'MK1',1),(1576,NULL,'N006',NULL,NULL,NULL,'MK10',1),(1577,NULL,'N006',NULL,NULL,NULL,'MK11',1),(1578,NULL,'N006',NULL,NULL,NULL,'MK12',1),(1579,NULL,'N006',NULL,NULL,NULL,'MK13',1),(1580,NULL,'N006',NULL,NULL,NULL,'MK14',1),(1581,NULL,'N006',NULL,NULL,NULL,'MK15',1),(1582,NULL,'V037',NULL,NULL,NULL,'MK16',1),(1583,NULL,'V037',NULL,NULL,NULL,'MK17',1),(1584,NULL,'N006',NULL,NULL,NULL,'MK18',1),(1585,NULL,'N006',NULL,NULL,NULL,'MK19',1),(1586,NULL,'N006',NULL,NULL,NULL,'MK2',1),(1587,NULL,'N006',NULL,NULL,NULL,'MK3',1),(1588,NULL,'N006',NULL,NULL,NULL,'MK4',1),(1589,NULL,'V037',NULL,NULL,NULL,'MK40',1),(1590,NULL,'V037',NULL,NULL,NULL,'MK41',1),(1591,NULL,'V037',NULL,NULL,NULL,'MK42',1),(1592,NULL,'V037',NULL,NULL,NULL,'MK43',1),(1593,NULL,'V037',NULL,NULL,NULL,'MK44',1),(1594,NULL,'V037',NULL,NULL,NULL,'MK45',1),(1595,NULL,'V037',NULL,NULL,NULL,'MK46',1),(1596,NULL,'N006',NULL,NULL,NULL,'MK5',1),(1597,NULL,'N006',NULL,NULL,NULL,'MK6',1),(1598,NULL,'N006',NULL,NULL,NULL,'MK7',1),(1599,NULL,'N006',NULL,NULL,NULL,'MK8',1),(1600,NULL,'N006',NULL,NULL,NULL,'MK9',1),(1601,NULL,'V063',NULL,NULL,NULL,'ML1',1),(1602,NULL,'V066',NULL,NULL,NULL,'ML10',1),(1603,NULL,'V063',NULL,NULL,NULL,'ML11',1),(1604,NULL,'V066',NULL,NULL,NULL,'ML12',1),(1605,NULL,'V063',NULL,NULL,NULL,'ML2',1),(1606,NULL,'V063',NULL,NULL,NULL,'ML3',1),(1607,NULL,'V063',NULL,NULL,NULL,'ML4',1),(1608,NULL,'V063',NULL,NULL,NULL,'ML5',1),(1609,NULL,'V063',NULL,NULL,NULL,'ML6',1),(1610,NULL,'V063',NULL,NULL,NULL,'ML7',1),(1611,NULL,'V063',NULL,NULL,NULL,'ML8',1),(1612,NULL,'V066',NULL,NULL,NULL,'ML9',1),(1613,NULL,'V001',NULL,NULL,NULL,'N1',1),(1614,NULL,'V001',NULL,NULL,NULL,'N10',1),(1615,NULL,'V001',NULL,NULL,NULL,'N11',1),(1616,NULL,'V001',NULL,NULL,NULL,'N12',1),(1617,NULL,'V001',NULL,NULL,NULL,'N13',1),(1618,NULL,'V001',NULL,NULL,NULL,'N14',1),(1619,NULL,'V003',NULL,NULL,NULL,'N15',1),(1620,NULL,'V003',NULL,NULL,NULL,'N16',1),(1621,NULL,'V003',NULL,NULL,NULL,'N17',1),(1622,NULL,'V003',NULL,NULL,NULL,'N18',1),(1623,NULL,'V001',NULL,NULL,NULL,'N19',1),(1624,NULL,'V001',NULL,NULL,NULL,'N2',1),(1625,NULL,'V001',NULL,NULL,NULL,'N20',1),(1626,NULL,'V001',NULL,NULL,NULL,'N21',1),(1627,NULL,'V001',NULL,NULL,NULL,'N22',1),(1628,NULL,'V001',NULL,NULL,NULL,'N3',1),(1629,NULL,'V001',NULL,NULL,NULL,'N4',1),(1630,NULL,'V001',NULL,NULL,NULL,'N5',1),(1631,NULL,'V001',NULL,NULL,NULL,'N6',1),(1632,NULL,'V001',NULL,NULL,NULL,'N7',1),(1633,NULL,'V001',NULL,NULL,NULL,'N8',1),(1634,NULL,'V003',NULL,NULL,NULL,'N9',1),(1635,NULL,'V051',NULL,NULL,NULL,'NE1',1),(1636,NULL,'V051',NULL,NULL,NULL,'NE10',1),(1637,NULL,'V051',NULL,NULL,NULL,'NE11',1),(1638,NULL,'V051',NULL,NULL,NULL,'NE12',1),(1639,NULL,'V051',NULL,NULL,NULL,'NE13',1),(1640,NULL,'V051',NULL,NULL,NULL,'NE15',1),(1641,NULL,'V051',NULL,NULL,NULL,'NE16',1),(1642,NULL,'V051',NULL,NULL,NULL,'NE17',1),(1643,NULL,'V051',NULL,NULL,NULL,'NE18',1),(1644,NULL,'V051',NULL,NULL,NULL,'NE19',1),(1645,NULL,'V051',NULL,NULL,NULL,'NE2',1),(1646,NULL,'V051',NULL,NULL,NULL,'NE20',1),(1647,NULL,'V051',NULL,NULL,NULL,'NE21',1),(1648,NULL,'V051',NULL,NULL,NULL,'NE22',1),(1649,NULL,'V051',NULL,NULL,NULL,'NE23',1),(1650,NULL,'V051',NULL,NULL,NULL,'NE24',1),(1651,NULL,'V051',NULL,NULL,NULL,'NE25',1),(1652,NULL,'V051',NULL,NULL,NULL,'NE26',1),(1653,NULL,'V051',NULL,NULL,NULL,'NE27',1),(1654,NULL,'V051',NULL,NULL,NULL,'NE28',1),(1655,NULL,'V051',NULL,NULL,NULL,'NE29',1),(1656,NULL,'V051',NULL,NULL,NULL,'NE3',1),(1657,NULL,'V051',NULL,NULL,NULL,'NE30',1),(1658,NULL,'V051',NULL,NULL,NULL,'NE31',1),(1659,NULL,'V051',NULL,NULL,NULL,'NE32',1),(1660,NULL,'V051',NULL,NULL,NULL,'NE33',1),(1661,NULL,'V051',NULL,NULL,NULL,'NE34',1),(1662,NULL,'V051',NULL,NULL,NULL,'NE35',1),(1663,NULL,'V051',NULL,NULL,NULL,'NE36',1),(1664,NULL,'V051',NULL,NULL,NULL,'NE37',1),(1665,NULL,'V051',NULL,NULL,NULL,'NE38',1),(1666,NULL,'V051',NULL,NULL,NULL,'NE39',1),(1667,NULL,'V051',NULL,NULL,NULL,'NE4',1),(1668,NULL,'V051',NULL,NULL,NULL,'NE40',1),(1669,NULL,'V051',NULL,NULL,NULL,'NE41',1),(1670,NULL,'V051',NULL,NULL,NULL,'NE42',1),(1671,NULL,'V051',NULL,NULL,NULL,'NE43',1),(1672,NULL,'V051',NULL,NULL,NULL,'NE44',1),(1673,NULL,'V051',NULL,NULL,NULL,'NE45',1),(1674,NULL,'V051',NULL,NULL,NULL,'NE46',1),(1675,NULL,'V051',NULL,NULL,NULL,'NE47',1),(1676,NULL,'V051',NULL,NULL,NULL,'NE48',1),(1677,NULL,'V051',NULL,NULL,NULL,'NE49',1),(1678,NULL,'V051',NULL,NULL,NULL,'NE5',1),(1679,NULL,'V051',NULL,NULL,NULL,'NE6',1),(1680,NULL,'V051',NULL,NULL,NULL,'NE61',1),(1681,NULL,'V051',NULL,NULL,NULL,'NE62',1),(1682,NULL,'V051',NULL,NULL,NULL,'NE63',1),(1683,NULL,'V051',NULL,NULL,NULL,'NE64',1),(1684,NULL,'V051',NULL,NULL,NULL,'NE65',1),(1685,NULL,'V051',NULL,NULL,NULL,'NE66',1),(1686,NULL,'V051',NULL,NULL,NULL,'NE67',1),(1687,NULL,'V051',NULL,NULL,NULL,'NE68',1),(1688,NULL,'V051',NULL,NULL,NULL,'NE69',1),(1689,NULL,'V051',NULL,NULL,NULL,'NE7',1),(1690,NULL,'V051',NULL,NULL,NULL,'NE70',1),(1691,NULL,'V051',NULL,NULL,NULL,'NE71',1),(1692,NULL,'V051',NULL,NULL,NULL,'NE8',1),(1693,NULL,'V051',NULL,NULL,NULL,'NE9',1),(1694,NULL,'V030',NULL,NULL,NULL,'NG10',1),(1695,NULL,'V029',NULL,NULL,NULL,'NG11',1),(1696,NULL,'V029',NULL,NULL,NULL,'NG12',1),(1697,NULL,'V031',NULL,NULL,NULL,'NG13',1),(1698,NULL,'V029',NULL,NULL,NULL,'NG13 8',1),(1699,NULL,'V029',NULL,NULL,NULL,'NG13 9',1),(1700,NULL,'V029',NULL,NULL,NULL,'NG14',1),(1701,NULL,'V029',NULL,NULL,NULL,'NG15',1),(1702,NULL,'V096',NULL,NULL,NULL,'NG16',1),(1703,NULL,'V030',NULL,NULL,NULL,'NG16 4',1),(1704,NULL,'V030',NULL,NULL,NULL,'NG16 5',1),(1705,NULL,'V030',NULL,NULL,NULL,'NG16 6',1),(1706,NULL,'V029',NULL,NULL,NULL,'NG17',1),(1707,NULL,'V029',NULL,NULL,NULL,'NG18',1),(1708,NULL,'V029',NULL,NULL,NULL,'NG19 7',1),(1709,NULL,'V030',NULL,NULL,NULL,'NG19 8',1),(1710,NULL,'V029',NULL,NULL,NULL,'NG2',1),(1711,NULL,'V096',NULL,NULL,NULL,'NG20',1),(1712,NULL,'V030',NULL,NULL,NULL,'NG20 8',1),(1713,NULL,'V029',NULL,NULL,NULL,'NG20 9',1),(1714,NULL,'V029',NULL,NULL,NULL,'NG21',1),(1715,NULL,'V029',NULL,NULL,NULL,'NG22',1),(1716,NULL,'V029',NULL,NULL,NULL,'NG23 5',1),(1717,NULL,'V029',NULL,NULL,NULL,'NG24',1),(1718,NULL,'V029',NULL,NULL,NULL,'NG25',1),(1719,NULL,'V029',NULL,NULL,NULL,'NG3',1),(1720,NULL,'N002',NULL,NULL,NULL,'NG31',1),(1721,NULL,'N002',NULL,NULL,NULL,'NG32 1',1),(1722,NULL,'N002',NULL,NULL,NULL,'NG32 2',1),(1723,NULL,'N002',NULL,NULL,NULL,'NG32 3',1),(1724,NULL,'N002',NULL,NULL,NULL,'NG33 4',1),(1725,NULL,'N002',NULL,NULL,NULL,'NG33 5',1),(1726,NULL,'N002',NULL,NULL,NULL,'NG34',1),(1727,NULL,'V029',NULL,NULL,NULL,'NG4',1),(1728,NULL,'V029',NULL,NULL,NULL,'NG5',1),(1729,NULL,'V029',NULL,NULL,NULL,'NG6',1),(1730,NULL,'V029',NULL,NULL,NULL,'NG7',1),(1731,NULL,'V029',NULL,NULL,NULL,'NG8',1),(1732,NULL,'V029',NULL,NULL,NULL,'NG9',1),(1733,NULL,'N006',NULL,NULL,NULL,'NN1',1),(1734,NULL,'N006',NULL,NULL,NULL,'NN10',1),(1735,NULL,'N006',NULL,NULL,NULL,'NN11',1),(1736,NULL,'N006',NULL,NULL,NULL,'NN12',1),(1737,NULL,'N006',NULL,NULL,NULL,'NN13',1),(1738,NULL,'N006',NULL,NULL,NULL,'NN14',1),(1739,NULL,'N006',NULL,NULL,NULL,'NN15',1),(1740,NULL,'N006',NULL,NULL,NULL,'NN16',1),(1741,NULL,'N006',NULL,NULL,NULL,'NN17',1),(1742,NULL,'N006',NULL,NULL,NULL,'NN18',1),(1743,NULL,'N006',NULL,NULL,NULL,'NN19',1),(1744,NULL,'N006',NULL,NULL,NULL,'NN2',1),(1745,NULL,'N006',NULL,NULL,NULL,'NN29',1),(1746,NULL,'N006',NULL,NULL,NULL,'NN3',1),(1747,NULL,'N006',NULL,NULL,NULL,'NN4',1),(1748,NULL,'N006',NULL,NULL,NULL,'NN5',1),(1749,NULL,'N006',NULL,NULL,NULL,'NN6',1),(1750,NULL,'N006',NULL,NULL,NULL,'NN7',1),(1751,NULL,'N006',NULL,NULL,NULL,'NN8',1),(1752,NULL,'N006',NULL,NULL,NULL,'NN9',1),(1753,NULL,'N004',NULL,NULL,NULL,'NP1',1),(1754,NULL,'N004',NULL,NULL,NULL,'NP10',1),(1755,NULL,'N004',NULL,NULL,NULL,'NP11',1),(1756,NULL,'N004',NULL,NULL,NULL,'NP12',1),(1757,NULL,'N004',NULL,NULL,NULL,'NP13',1),(1758,NULL,'N004',NULL,NULL,NULL,'NP15',1),(1759,NULL,'N004',NULL,NULL,NULL,'NP16',1),(1760,NULL,'N004',NULL,NULL,NULL,'NP18',1),(1761,NULL,'N004',NULL,NULL,NULL,'NP19',1),(1762,NULL,'N004',NULL,NULL,NULL,'NP2',1),(1763,NULL,'N004',NULL,NULL,NULL,'NP20',1),(1764,NULL,'N004',NULL,NULL,NULL,'NP22',1),(1765,NULL,'N004',NULL,NULL,NULL,'NP23',1),(1766,NULL,'N004',NULL,NULL,NULL,'NP24',1),(1767,NULL,'N004',NULL,NULL,NULL,'NP25',1),(1768,NULL,'N004',NULL,NULL,NULL,'NP26',1),(1769,NULL,'N004',NULL,NULL,NULL,'NP3',1),(1770,NULL,'N004',NULL,NULL,NULL,'NP4',1),(1771,NULL,'N004',NULL,NULL,NULL,'NP44',1),(1772,NULL,'N004',NULL,NULL,NULL,'NP5',1),(1773,NULL,'N004',NULL,NULL,NULL,'NP6',1),(1774,NULL,'N004',NULL,NULL,NULL,'NP7',1),(1775,NULL,'N004',NULL,NULL,NULL,'NP9',1),(1776,NULL,'V038',NULL,NULL,NULL,'NR1',1),(1777,NULL,'V038',NULL,NULL,NULL,'NR10',1),(1778,NULL,'V038',NULL,NULL,NULL,'NR11',1),(1779,NULL,'V038',NULL,NULL,NULL,'NR12',1),(1780,NULL,'V038',NULL,NULL,NULL,'NR13',1),(1781,NULL,'V038',NULL,NULL,NULL,'NR14',1),(1782,NULL,'V038',NULL,NULL,NULL,'NR15',1),(1783,NULL,'V038',NULL,NULL,NULL,'NR16',1),(1784,NULL,'V038',NULL,NULL,NULL,'NR17',1),(1785,NULL,'V038',NULL,NULL,NULL,'NR18',1),(1786,NULL,'V038',NULL,NULL,NULL,'NR19',1),(1787,NULL,'V038',NULL,NULL,NULL,'NR2',1),(1788,NULL,'V038',NULL,NULL,NULL,'NR20',1),(1789,NULL,'V038',NULL,NULL,NULL,'NR21',1),(1790,NULL,'V038',NULL,NULL,NULL,'NR22',1),(1791,NULL,'V038',NULL,NULL,NULL,'NR23',1),(1792,NULL,'V038',NULL,NULL,NULL,'NR24',1),(1793,NULL,'V038',NULL,NULL,NULL,'NR25',1),(1794,NULL,'V038',NULL,NULL,NULL,'NR26',1),(1795,NULL,'V038',NULL,NULL,NULL,'NR27',1),(1796,NULL,'V038',NULL,NULL,NULL,'NR28',1),(1797,NULL,'V038',NULL,NULL,NULL,'NR29',1),(1798,NULL,'V038',NULL,NULL,NULL,'NR3',1),(1799,NULL,'V038',NULL,NULL,NULL,'NR30',1),(1800,NULL,'V038',NULL,NULL,NULL,'NR31',1),(1801,NULL,'V038',NULL,NULL,NULL,'NR32',1),(1802,NULL,'V038',NULL,NULL,NULL,'NR33',1),(1803,NULL,'V038',NULL,NULL,NULL,'NR34',1),(1804,NULL,'V038',NULL,NULL,NULL,'NR35',1),(1805,NULL,'V038',NULL,NULL,NULL,'NR4',1),(1806,NULL,'V038',NULL,NULL,NULL,'NR5',1),(1807,NULL,'V038',NULL,NULL,NULL,'NR6',1),(1808,NULL,'V038',NULL,NULL,NULL,'NR7',1),(1809,NULL,'V038',NULL,NULL,NULL,'NR8',1),(1810,NULL,'V038',NULL,NULL,NULL,'NR9',1),(1811,NULL,'V001',NULL,NULL,NULL,'NW1',1),(1812,NULL,'V001',NULL,NULL,NULL,'NW10',1),(1813,NULL,'V001',NULL,NULL,NULL,'NW11',1),(1814,NULL,'V001',NULL,NULL,NULL,'NW2',1),(1815,NULL,'V001',NULL,NULL,NULL,'NW3',1),(1816,NULL,'V001',NULL,NULL,NULL,'NW4',1),(1817,NULL,'V001',NULL,NULL,NULL,'NW5',1),(1818,NULL,'V001',NULL,NULL,NULL,'NW6',1),(1819,NULL,'V001',NULL,NULL,NULL,'NW7',1),(1820,NULL,'V001',NULL,NULL,NULL,'NW8',1),(1821,NULL,'V001',NULL,NULL,NULL,'NW9',1),(1822,NULL,'V096',NULL,NULL,NULL,'OL1',1),(1823,NULL,'V096',NULL,NULL,NULL,'OL10',1),(1824,NULL,'V096',NULL,NULL,NULL,'OL11',1),(1825,NULL,'V096',NULL,NULL,NULL,'OL12',1),(1826,NULL,'V056',NULL,NULL,NULL,'OL12 8',1),(1827,NULL,'V056',NULL,NULL,NULL,'OL13 0',1),(1828,NULL,'V056',NULL,NULL,NULL,'OL13 8',1),(1829,NULL,'V056',NULL,NULL,NULL,'OL13 9',1),(1830,NULL,'V048',NULL,NULL,NULL,'OL14',1),(1831,NULL,'V096',NULL,NULL,NULL,'OL15',1),(1832,NULL,'V096',NULL,NULL,NULL,'OL16',1),(1833,NULL,'V096',NULL,NULL,NULL,'OL2',1),(1834,NULL,'V096',NULL,NULL,NULL,'OL3',1),(1835,NULL,'V096',NULL,NULL,NULL,'OL4',1),(1836,NULL,'V096',NULL,NULL,NULL,'OL5',1),(1837,NULL,'V096',NULL,NULL,NULL,'OL6',1),(1838,NULL,'V096',NULL,NULL,NULL,'OL7',1),(1839,NULL,'V096',NULL,NULL,NULL,'OL8',1),(1840,NULL,'V096',NULL,NULL,NULL,'OL9',1),(1841,NULL,'V010',NULL,NULL,NULL,'OX1',1),(1842,NULL,'V010',NULL,NULL,NULL,'OX10',1),(1843,NULL,'V010',NULL,NULL,NULL,'OX11',1),(1844,NULL,'V010',NULL,NULL,NULL,'OX12',1),(1845,NULL,'V010',NULL,NULL,NULL,'OX13',1),(1846,NULL,'V010',NULL,NULL,NULL,'OX14',1),(1847,NULL,'V010',NULL,NULL,NULL,'OX15',1),(1848,NULL,'V010',NULL,NULL,NULL,'OX16',1),(1849,NULL,'V010',NULL,NULL,NULL,'OX17',1),(1850,NULL,'N006',NULL,NULL,NULL,'OX17 2',1),(1851,NULL,'N006',NULL,NULL,NULL,'OX17 3',1),(1852,NULL,'V010',NULL,NULL,NULL,'OX18',1),(1853,NULL,'V010',NULL,NULL,NULL,'OX2',1),(1854,NULL,'V010',NULL,NULL,NULL,'OX20',1),(1855,NULL,'V010',NULL,NULL,NULL,'OX25',1),(1856,NULL,'V010',NULL,NULL,NULL,'OX26',1),(1857,NULL,'V010',NULL,NULL,NULL,'OX27',1),(1858,NULL,'V010',NULL,NULL,NULL,'OX28',1),(1859,NULL,'V010',NULL,NULL,NULL,'OX29',1),(1860,NULL,'V010',NULL,NULL,NULL,'OX3',1),(1861,NULL,'V010',NULL,NULL,NULL,'OX33',1),(1862,NULL,'V010',NULL,NULL,NULL,'OX39',1),(1863,NULL,'V010',NULL,NULL,NULL,'OX4',1),(1864,NULL,'V010',NULL,NULL,NULL,'OX44',1),(1865,NULL,'V010',NULL,NULL,NULL,'OX49',1),(1866,NULL,'V010',NULL,NULL,NULL,'OX5',1),(1867,NULL,'V010',NULL,NULL,NULL,'OX6',1),(1868,NULL,'V010',NULL,NULL,NULL,'OX7',1),(1869,NULL,'V010',NULL,NULL,NULL,'OX8',1),(1870,NULL,'V010',NULL,NULL,NULL,'OX9',1),(1871,NULL,'V063',NULL,NULL,NULL,'PA1',1),(1872,NULL,'V066',NULL,NULL,NULL,'PA10',1),(1873,NULL,'V063',NULL,NULL,NULL,'PA11',1),(1874,NULL,'V066',NULL,NULL,NULL,'PA12',1),(1875,NULL,'V063',NULL,NULL,NULL,'PA13',1),(1876,NULL,'V063',NULL,NULL,NULL,'PA14',1),(1877,NULL,'V063',NULL,NULL,NULL,'PA15',1),(1878,NULL,'V063',NULL,NULL,NULL,'PA16',1),(1879,NULL,'V066',NULL,NULL,NULL,'PA17',1),(1880,NULL,'V063',NULL,NULL,NULL,'PA18',1),(1881,NULL,'V063',NULL,NULL,NULL,'PA19',1),(1882,NULL,'V063',NULL,NULL,NULL,'PA2',1),(1883,NULL,'V066',NULL,NULL,NULL,'PA20',1),(1884,NULL,'V063',NULL,NULL,NULL,'PA21',1),(1885,NULL,'V063',NULL,NULL,NULL,'PA22',1),(1886,NULL,'V063',NULL,NULL,NULL,'PA23',1),(1887,NULL,'V063',NULL,NULL,NULL,'PA24',1),(1888,NULL,'V063',NULL,NULL,NULL,'PA25',1),(1889,NULL,'V063',NULL,NULL,NULL,'PA26',1),(1890,NULL,'V063',NULL,NULL,NULL,'PA27',1),(1891,NULL,'V063',NULL,NULL,NULL,'PA28',1),(1892,NULL,'V063',NULL,NULL,NULL,'PA29',1),(1893,NULL,'V063',NULL,NULL,NULL,'PA3',1),(1894,NULL,'V063',NULL,NULL,NULL,'PA30',1),(1895,NULL,'V063',NULL,NULL,NULL,'PA31',1),(1896,NULL,'V063',NULL,NULL,NULL,'PA32',1),(1897,NULL,'V063',NULL,NULL,NULL,'PA33',1),(1898,NULL,'V063',NULL,NULL,NULL,'PA34',1),(1899,NULL,'V063',NULL,NULL,NULL,'PA35',1),(1900,NULL,'V065',NULL,NULL,NULL,'PA36',1),(1901,NULL,'V065',NULL,NULL,NULL,'PA37',1),(1902,NULL,'V065',NULL,NULL,NULL,'PA38',1),(1903,NULL,'V065',NULL,NULL,NULL,'PA39',1),(1904,NULL,'V063',NULL,NULL,NULL,'PA4',1),(1905,NULL,'V065',NULL,NULL,NULL,'PA40',1),(1906,NULL,'V065',NULL,NULL,NULL,'PA41',1),(1907,NULL,'V065',NULL,NULL,NULL,'PA42',1),(1908,NULL,'V065',NULL,NULL,NULL,'PA43',1),(1909,NULL,'V065',NULL,NULL,NULL,'PA45',1),(1910,NULL,'V065',NULL,NULL,NULL,'PA46',1),(1911,NULL,'V065',NULL,NULL,NULL,'PA47',1),(1912,NULL,'V065',NULL,NULL,NULL,'PA48',1),(1913,NULL,'V065',NULL,NULL,NULL,'PA49',1),(1914,NULL,'V063',NULL,NULL,NULL,'PA5',1),(1915,NULL,'V063',NULL,NULL,NULL,'PA6',1),(1916,NULL,'V065',NULL,NULL,NULL,'PA60',1),(1917,NULL,'V065',NULL,NULL,NULL,'PA61',1),(1918,NULL,'V065',NULL,NULL,NULL,'PA62',1),(1919,NULL,'V065',NULL,NULL,NULL,'PA63',1),(1920,NULL,'V065',NULL,NULL,NULL,'PA64',1),(1921,NULL,'V065',NULL,NULL,NULL,'PA65',1),(1922,NULL,'V065',NULL,NULL,NULL,'PA66',1),(1923,NULL,'V065',NULL,NULL,NULL,'PA67',1),(1924,NULL,'V065',NULL,NULL,NULL,'PA68',1),(1925,NULL,'V065',NULL,NULL,NULL,'PA69',1),(1926,NULL,'V063',NULL,NULL,NULL,'PA7',1),(1927,NULL,'V065',NULL,NULL,NULL,'PA70',1),(1928,NULL,'V065',NULL,NULL,NULL,'PA71',1),(1929,NULL,'V065',NULL,NULL,NULL,'PA72',1),(1930,NULL,'V065',NULL,NULL,NULL,'PA73',1),(1931,NULL,'V065',NULL,NULL,NULL,'PA74',1),(1932,NULL,'V065',NULL,NULL,NULL,'PA75',1),(1933,NULL,'V065',NULL,NULL,NULL,'PA76',1),(1934,NULL,'V065',NULL,NULL,NULL,'PA77',1),(1935,NULL,'V065',NULL,NULL,NULL,'PA78',1),(1936,NULL,'V063',NULL,NULL,NULL,'PA8',1),(1937,NULL,'V065',NULL,NULL,NULL,'PA81',1),(1938,NULL,'V065',NULL,NULL,NULL,'PA82',1),(1939,NULL,'V065',NULL,NULL,NULL,'PA83',1),(1940,NULL,'V065',NULL,NULL,NULL,'PA84',1),(1941,NULL,'V065',NULL,NULL,NULL,'PA85',1),(1942,NULL,'V065',NULL,NULL,NULL,'PA86',1),(1943,NULL,'V065',NULL,NULL,NULL,'PA87',1),(1944,NULL,'V065',NULL,NULL,NULL,'PA88',1),(1945,NULL,'V066',NULL,NULL,NULL,'PA9',1),(1946,NULL,'N002',NULL,NULL,NULL,'PE1',1),(1947,NULL,'N002',NULL,NULL,NULL,'PE10',1),(1948,NULL,'N002',NULL,NULL,NULL,'PE11',1),(1949,NULL,'N002',NULL,NULL,NULL,'PE12',1),(1950,NULL,'N002',NULL,NULL,NULL,'PE13',1),(1951,NULL,'V034',NULL,NULL,NULL,'PE14 0',1),(1952,NULL,'V034',NULL,NULL,NULL,'PE14 1',1),(1953,NULL,'V034',NULL,NULL,NULL,'PE14 2',1),(1954,NULL,'V034',NULL,NULL,NULL,'PE14 3',1),(1955,NULL,'V034',NULL,NULL,NULL,'PE14 4',1),(1956,NULL,'V034',NULL,NULL,NULL,'PE14 5',1),(1957,NULL,'V034',NULL,NULL,NULL,'PE14 6',1),(1958,NULL,'V034',NULL,NULL,NULL,'PE14 7',1),(1959,NULL,'V034',NULL,NULL,NULL,'PE14 8',1),(1960,NULL,'V034',NULL,NULL,NULL,'PE14 9',1),(1961,NULL,'N002',NULL,NULL,NULL,'PE15',1),(1962,NULL,'N002',NULL,NULL,NULL,'PE16',1),(1963,NULL,'N002',NULL,NULL,NULL,'PE17',1),(1964,NULL,'N002',NULL,NULL,NULL,'PE18',1),(1965,NULL,'N002',NULL,NULL,NULL,'PE19',1),(1966,NULL,'N002',NULL,NULL,NULL,'PE2',1),(1967,NULL,'N002',NULL,NULL,NULL,'PE20',1),(1968,NULL,'N002',NULL,NULL,NULL,'PE21',1),(1969,NULL,'N002',NULL,NULL,NULL,'PE22',1),(1970,NULL,'N002',NULL,NULL,NULL,'PE23',1),(1971,NULL,'N002',NULL,NULL,NULL,'PE24',1),(1972,NULL,'N002',NULL,NULL,NULL,'PE25',1),(1973,NULL,'N002',NULL,NULL,NULL,'PE26',1),(1974,NULL,'N002',NULL,NULL,NULL,'PE27',1),(1975,NULL,'N002',NULL,NULL,NULL,'PE28',1),(1976,NULL,'N002',NULL,NULL,NULL,'PE29',1),(1977,NULL,'N002',NULL,NULL,NULL,'PE3',1),(1978,NULL,'V034',NULL,NULL,NULL,'PE30',1),(1979,NULL,'V034',NULL,NULL,NULL,'PE31',1),(1980,NULL,'V034',NULL,NULL,NULL,'PE32',1),(1981,NULL,'V034',NULL,NULL,NULL,'PE33',1),(1982,NULL,'V034',NULL,NULL,NULL,'PE34',1),(1983,NULL,'V034',NULL,NULL,NULL,'PE35',1),(1984,NULL,'V034',NULL,NULL,NULL,'PE36',1),(1985,NULL,'V034',NULL,NULL,NULL,'PE37',1),(1986,NULL,'V034',NULL,NULL,NULL,'PE38',1),(1987,NULL,'N002',NULL,NULL,NULL,'PE4',1),(1988,NULL,'N002',NULL,NULL,NULL,'PE5',1),(1989,NULL,'N002',NULL,NULL,NULL,'PE6',1),(1990,NULL,'N002',NULL,NULL,NULL,'PE7',1),(1991,NULL,'N006',NULL,NULL,NULL,'PE8',1),(1992,NULL,'N006',NULL,NULL,NULL,'PE9',1),(1993,NULL,'N002',NULL,NULL,NULL,'PE9 1',1),(1994,NULL,'N002',NULL,NULL,NULL,'PE9 2',1),(1995,NULL,'N002',NULL,NULL,NULL,'PE9 3',1),(1996,NULL,'V068',NULL,NULL,NULL,'PH1',1),(1997,NULL,'V068',NULL,NULL,NULL,'PH10',1),(1998,NULL,'V068',NULL,NULL,NULL,'PH11',1),(1999,NULL,'V068',NULL,NULL,NULL,'PH12',1),(2000,NULL,'V068',NULL,NULL,NULL,'PH13',1),(2001,NULL,'V068',NULL,NULL,NULL,'PH14',1),(2002,NULL,'V068',NULL,NULL,NULL,'PH15',1),(2003,NULL,'V068',NULL,NULL,NULL,'PH16',1),(2004,NULL,'V068',NULL,NULL,NULL,'PH17',1),(2005,NULL,'V068',NULL,NULL,NULL,'PH18',1),(2006,NULL,'V065',NULL,NULL,NULL,'PH19',1),(2007,NULL,'V068',NULL,NULL,NULL,'PH2',1),(2008,NULL,'V065',NULL,NULL,NULL,'PH20',1),(2009,NULL,'V065',NULL,NULL,NULL,'PH21',1),(2010,NULL,'V065',NULL,NULL,NULL,'PH22',1),(2011,NULL,'V065',NULL,NULL,NULL,'PH23',1),(2012,NULL,'V065',NULL,NULL,NULL,'PH24',1),(2013,NULL,'V065',NULL,NULL,NULL,'PH25',1),(2014,NULL,'V065',NULL,NULL,NULL,'PH26',1),(2015,NULL,'V065',NULL,NULL,NULL,'PH27',1),(2016,NULL,'V065',NULL,NULL,NULL,'PH28',1),(2017,NULL,'V065',NULL,NULL,NULL,'PH29',1),(2018,NULL,'V068',NULL,NULL,NULL,'PH3',1),(2019,NULL,'V065',NULL,NULL,NULL,'PH30',1),(2020,NULL,'V065',NULL,NULL,NULL,'PH31',1),(2021,NULL,'V065',NULL,NULL,NULL,'PH32',1),(2022,NULL,'V065',NULL,NULL,NULL,'PH33',1),(2023,NULL,'V065',NULL,NULL,NULL,'PH34',1),(2024,NULL,'V065',NULL,NULL,NULL,'PH35',1),(2025,NULL,'V065',NULL,NULL,NULL,'PH36',1),(2026,NULL,'V065',NULL,NULL,NULL,'PH37',1),(2027,NULL,'V065',NULL,NULL,NULL,'PH38',1),(2028,NULL,'V065',NULL,NULL,NULL,'PH39',1),(2029,NULL,'V068',NULL,NULL,NULL,'PH4',1),(2030,NULL,'V065',NULL,NULL,NULL,'PH40',1),(2031,NULL,'V065',NULL,NULL,NULL,'PH41',1),(2032,NULL,'V065',NULL,NULL,NULL,'PH42',1),(2033,NULL,'V065',NULL,NULL,NULL,'PH43',1),(2034,NULL,'V065',NULL,NULL,NULL,'PH44',1),(2035,NULL,'V068',NULL,NULL,NULL,'PH5',1),(2036,NULL,'V068',NULL,NULL,NULL,'PH6',1),(2037,NULL,'V068',NULL,NULL,NULL,'PH7',1),(2038,NULL,'V068',NULL,NULL,NULL,'PH8',1),(2039,NULL,'V068',NULL,NULL,NULL,'PH9',1),(2040,NULL,'V018',NULL,NULL,NULL,'PL1',1),(2041,NULL,'V018',NULL,NULL,NULL,'PL10',1),(2042,NULL,'V018',NULL,NULL,NULL,'PL11',1),(2043,NULL,'V018',NULL,NULL,NULL,'PL12',1),(2044,NULL,'V018',NULL,NULL,NULL,'PL13',1),(2045,NULL,'V018',NULL,NULL,NULL,'PL14',1),(2046,NULL,'V018',NULL,NULL,NULL,'PL15',1),(2047,NULL,'V018',NULL,NULL,NULL,'PL16',1),(2048,NULL,'V018',NULL,NULL,NULL,'PL17',1),(2049,NULL,'V018',NULL,NULL,NULL,'PL18',1),(2050,NULL,'V018',NULL,NULL,NULL,'PL19',1),(2051,NULL,'V018',NULL,NULL,NULL,'PL2',1),(2052,NULL,'V018',NULL,NULL,NULL,'PL20',1),(2053,NULL,'V018',NULL,NULL,NULL,'PL21',1),(2054,NULL,'V018',NULL,NULL,NULL,'PL22',1),(2055,NULL,'V018',NULL,NULL,NULL,'PL23',1),(2056,NULL,'V018',NULL,NULL,NULL,'PL24',1),(2057,NULL,'V018',NULL,NULL,NULL,'PL25',1),(2058,NULL,'V018',NULL,NULL,NULL,'PL26',1),(2059,NULL,'V018',NULL,NULL,NULL,'PL27',1),(2060,NULL,'V018',NULL,NULL,NULL,'PL28',1),(2061,NULL,'V018',NULL,NULL,NULL,'PL29',1),(2062,NULL,'V018',NULL,NULL,NULL,'PL3',1),(2063,NULL,'V018',NULL,NULL,NULL,'PL30',1),(2064,NULL,'V018',NULL,NULL,NULL,'PL31',1),(2065,NULL,'V018',NULL,NULL,NULL,'PL32',1),(2066,NULL,'V018',NULL,NULL,NULL,'PL33',1),(2067,NULL,'V018',NULL,NULL,NULL,'PL34',1),(2068,NULL,'V018',NULL,NULL,NULL,'PL35',1),(2069,NULL,'V018',NULL,NULL,NULL,'PL4',1),(2070,NULL,'V018',NULL,NULL,NULL,'PL5',1),(2071,NULL,'V018',NULL,NULL,NULL,'PL6',1),(2072,NULL,'V018',NULL,NULL,NULL,'PL7',1),(2073,NULL,'V018',NULL,NULL,NULL,'PL8',1),(2074,NULL,'V018',NULL,NULL,NULL,'PL9',1),(2075,NULL,'V010',NULL,NULL,NULL,'PO1',1),(2076,NULL,'V010',NULL,NULL,NULL,'PO10',1),(2077,NULL,'V009',NULL,NULL,NULL,'PO10 8',1),(2078,NULL,'V010',NULL,NULL,NULL,'PO11',1),(2079,NULL,'V010',NULL,NULL,NULL,'PO12',1),(2080,NULL,'V010',NULL,NULL,NULL,'PO13',1),(2081,NULL,'V010',NULL,NULL,NULL,'PO14',1),(2082,NULL,'V010',NULL,NULL,NULL,'PO15',1),(2083,NULL,'V010',NULL,NULL,NULL,'PO16',1),(2084,NULL,'V010',NULL,NULL,NULL,'PO17',1),(2085,NULL,'V009',NULL,NULL,NULL,'PO18',1),(2086,NULL,'V009',NULL,NULL,NULL,'PO19',1),(2087,NULL,'V010',NULL,NULL,NULL,'PO2',1),(2088,NULL,'V009',NULL,NULL,NULL,'PO20',1),(2089,NULL,'V009',NULL,NULL,NULL,'PO21',1),(2090,NULL,'V009',NULL,NULL,NULL,'PO22',1),(2091,NULL,'V010',NULL,NULL,NULL,'PO3',1),(2092,NULL,'V010',NULL,NULL,NULL,'PO30',1),(2093,NULL,'V010',NULL,NULL,NULL,'PO31',1),(2094,NULL,'V010',NULL,NULL,NULL,'PO32',1),(2095,NULL,'V010',NULL,NULL,NULL,'PO33',1),(2096,NULL,'V010',NULL,NULL,NULL,'PO34',1),(2097,NULL,'V010',NULL,NULL,NULL,'PO35',1),(2098,NULL,'V010',NULL,NULL,NULL,'PO36',1),(2099,NULL,'V010',NULL,NULL,NULL,'PO37',1),(2100,NULL,'V010',NULL,NULL,NULL,'PO38',1),(2101,NULL,'V010',NULL,NULL,NULL,'PO39',1),(2102,NULL,'V010',NULL,NULL,NULL,'PO4',1),(2103,NULL,'V010',NULL,NULL,NULL,'PO40',1),(2104,NULL,'V010',NULL,NULL,NULL,'PO41',1),(2105,NULL,'V010',NULL,NULL,NULL,'PO5',1),(2106,NULL,'V010',NULL,NULL,NULL,'PO6',1),(2107,NULL,'V010',NULL,NULL,NULL,'PO7',1),(2108,NULL,'V010',NULL,NULL,NULL,'PO8',1),(2109,NULL,'V010',NULL,NULL,NULL,'PO9',1),(2110,NULL,'V056',NULL,NULL,NULL,'PR1',1),(2111,NULL,'V056',NULL,NULL,NULL,'PR2',1),(2112,NULL,'V056',NULL,NULL,NULL,'PR25',1),(2113,NULL,'V056',NULL,NULL,NULL,'PR26',1),(2114,NULL,'V056',NULL,NULL,NULL,'PR3',1),(2115,NULL,'V056',NULL,NULL,NULL,'PR4',1),(2116,NULL,'V056',NULL,NULL,NULL,'PR5',1),(2117,NULL,'V056',NULL,NULL,NULL,'PR6',1),(2118,NULL,'V056',NULL,NULL,NULL,'PR7',1),(2119,NULL,'V058',NULL,NULL,NULL,'PR8',1),(2120,NULL,'V058',NULL,NULL,NULL,'PR9',1),(2121,NULL,'V010',NULL,NULL,NULL,'RG1',1),(2122,NULL,'V010',NULL,NULL,NULL,'RG10',1),(2123,NULL,'V010',NULL,NULL,NULL,'RG11',1),(2124,NULL,'V010',NULL,NULL,NULL,'RG12',1),(2125,NULL,'V010',NULL,NULL,NULL,'RG13',1),(2126,NULL,'V010',NULL,NULL,NULL,'RG14',1),(2127,NULL,'V010',NULL,NULL,NULL,'RG15',1),(2128,NULL,'V010',NULL,NULL,NULL,'RG16',1),(2129,NULL,'V010',NULL,NULL,NULL,'RG17',1),(2130,NULL,'V010',NULL,NULL,NULL,'RG18',1),(2131,NULL,'V010',NULL,NULL,NULL,'RG19',1),(2132,NULL,'V010',NULL,NULL,NULL,'RG2',1),(2133,NULL,'V010',NULL,NULL,NULL,'RG20',1),(2134,NULL,'V010',NULL,NULL,NULL,'RG21',1),(2135,NULL,'V010',NULL,NULL,NULL,'RG22',1),(2136,NULL,'V010',NULL,NULL,NULL,'RG23',1),(2137,NULL,'V010',NULL,NULL,NULL,'RG24',1),(2138,NULL,'V010',NULL,NULL,NULL,'RG25',1),(2139,NULL,'V010',NULL,NULL,NULL,'RG26',1),(2140,NULL,'V010',NULL,NULL,NULL,'RG27',1),(2141,NULL,'V010',NULL,NULL,NULL,'RG28',1),(2142,NULL,'V010',NULL,NULL,NULL,'RG29',1),(2143,NULL,'V010',NULL,NULL,NULL,'RG3',1),(2144,NULL,'V010',NULL,NULL,NULL,'RG30',1),(2145,NULL,'V010',NULL,NULL,NULL,'RG31',1),(2146,NULL,'V010',NULL,NULL,NULL,'RG4',1),(2147,NULL,'V010',NULL,NULL,NULL,'RG40',1),(2148,NULL,'V010',NULL,NULL,NULL,'RG41',1),(2149,NULL,'V010',NULL,NULL,NULL,'RG42',1),(2150,NULL,'V010',NULL,NULL,NULL,'RG45',1),(2151,NULL,'V010',NULL,NULL,NULL,'RG5',1),(2152,NULL,'V010',NULL,NULL,NULL,'RG6',1),(2153,NULL,'V010',NULL,NULL,NULL,'RG7',1),(2154,NULL,'V010',NULL,NULL,NULL,'RG8',1),(2155,NULL,'V010',NULL,NULL,NULL,'RG9',1),(2156,NULL,'V009',NULL,NULL,NULL,'RH1',1),(2157,NULL,'V009',NULL,NULL,NULL,'RH10',1),(2158,NULL,'V004',NULL,NULL,NULL,'RH11',1),(2159,NULL,'V004',NULL,NULL,NULL,'RH12 1',1),(2160,NULL,'V004',NULL,NULL,NULL,'RH12 2',1),(2161,NULL,'V004',NULL,NULL,NULL,'RH12 3',1),(2162,NULL,'V004',NULL,NULL,NULL,'RH12 4',1),(2163,NULL,'V004',NULL,NULL,NULL,'RH12 5',1),(2164,NULL,'V009',NULL,NULL,NULL,'RH13',1),(2165,NULL,'V009',NULL,NULL,NULL,'RH14',1),(2166,NULL,'V009',NULL,NULL,NULL,'RH15',1),(2167,NULL,'V009',NULL,NULL,NULL,'RH16',1),(2168,NULL,'V009',NULL,NULL,NULL,'RH17',1),(2169,NULL,'V007',NULL,NULL,NULL,'RH18',1),(2170,NULL,'V009',NULL,NULL,NULL,'RH19',1),(2171,NULL,'V009',NULL,NULL,NULL,'RH2',1),(2172,NULL,'V009',NULL,NULL,NULL,'RH20',1),(2173,NULL,'V009',NULL,NULL,NULL,'RH3',1),(2174,NULL,'V009',NULL,NULL,NULL,'RH4',1),(2175,NULL,'V009',NULL,NULL,NULL,'RH5',1),(2176,NULL,'V009',NULL,NULL,NULL,'RH6',1),(2177,NULL,'V009',NULL,NULL,NULL,'RH7',1),(2178,NULL,'V009',NULL,NULL,NULL,'RH8',1),(2179,NULL,'V009',NULL,NULL,NULL,'RH9',1),(2180,NULL,'V003',NULL,NULL,NULL,'RM1',1),(2181,NULL,'V003',NULL,NULL,NULL,'RM10',1),(2182,NULL,'V003',NULL,NULL,NULL,'RM11',1),(2183,NULL,'V003',NULL,NULL,NULL,'RM12',1),(2184,NULL,'V003',NULL,NULL,NULL,'RM13',1),(2185,NULL,'N005',NULL,NULL,NULL,'RM14',1),(2186,NULL,'N005',NULL,NULL,NULL,'RM15',1),(2187,NULL,'N005',NULL,NULL,NULL,'RM16',1),(2188,NULL,'N005',NULL,NULL,NULL,'RM17',1),(2189,NULL,'N005',NULL,NULL,NULL,'RM18',1),(2190,NULL,'N005',NULL,NULL,NULL,'RM19',1),(2191,NULL,'V003',NULL,NULL,NULL,'RM2',1),(2192,NULL,'N005',NULL,NULL,NULL,'RM20',1),(2193,NULL,'V003',NULL,NULL,NULL,'RM3',1),(2194,NULL,'V003',NULL,NULL,NULL,'RM4',1),(2195,NULL,'V003',NULL,NULL,NULL,'RM5',1),(2196,NULL,'V003',NULL,NULL,NULL,'RM6',1),(2197,NULL,'V003',NULL,NULL,NULL,'RM7',1),(2198,NULL,'V003',NULL,NULL,NULL,'RM8',1),(2199,NULL,'V003',NULL,NULL,NULL,'RM9',1),(2200,NULL,'V046',NULL,NULL,NULL,'S1',1),(2201,NULL,'V046',NULL,NULL,NULL,'S10',1),(2202,NULL,'V046',NULL,NULL,NULL,'S11',1),(2203,NULL,'V046',NULL,NULL,NULL,'S12 2',1),(2204,NULL,'V030',NULL,NULL,NULL,'S12 3',1),(2205,NULL,'V046',NULL,NULL,NULL,'S12 4',1),(2206,NULL,'V046',NULL,NULL,NULL,'S13',1),(2207,NULL,'V046',NULL,NULL,NULL,'S14',1),(2208,NULL,'V046',NULL,NULL,NULL,'S17 3',1),(2209,NULL,'V030',NULL,NULL,NULL,'S17 4',1),(2210,NULL,'V030',NULL,NULL,NULL,'S18',1),(2211,NULL,'V046',NULL,NULL,NULL,'S19 5',1),(2212,NULL,'V046',NULL,NULL,NULL,'S19 6',1),(2213,NULL,'V046',NULL,NULL,NULL,'S2',1),(2214,NULL,'V046',NULL,NULL,NULL,'S20 1',1),(2215,NULL,'V046',NULL,NULL,NULL,'S20 2',1),(2216,NULL,'V046',NULL,NULL,NULL,'S20 6',1),(2217,NULL,'V046',NULL,NULL,NULL,'S20 7',1),(2218,NULL,'V030',NULL,NULL,NULL,'S21',1),(2219,NULL,'V046',NULL,NULL,NULL,'S21 1',1),(2220,NULL,'V046',NULL,NULL,NULL,'S21 2',1),(2221,NULL,'V046',NULL,NULL,NULL,'S25 1',1),(2222,NULL,'V046',NULL,NULL,NULL,'S25 2',1),(2223,NULL,'V046',NULL,NULL,NULL,'S25 3',1),(2224,NULL,'V046',NULL,NULL,NULL,'S25 4',1),(2225,NULL,'V046',NULL,NULL,NULL,'S25 5',1),(2226,NULL,'V046',NULL,NULL,NULL,'S26 1',1),(2227,NULL,'V046',NULL,NULL,NULL,'S26 2',1),(2228,NULL,'V046',NULL,NULL,NULL,'S26 3',1),(2229,NULL,'V046',NULL,NULL,NULL,'S26 4',1),(2230,NULL,'V046',NULL,NULL,NULL,'S3',1),(2231,NULL,'V046',NULL,NULL,NULL,'S30 3',1),(2232,NULL,'V046',NULL,NULL,NULL,'S30 4',1),(2233,NULL,'V046',NULL,NULL,NULL,'S30 5',1),(2234,NULL,'V046',NULL,NULL,NULL,'S30 6',1),(2235,NULL,'V046',NULL,NULL,NULL,'S30 7',1),(2236,NULL,'V030',NULL,NULL,NULL,'S32',1),(2237,NULL,'V096',NULL,NULL,NULL,'S33',1),(2238,NULL,'V096',NULL,NULL,NULL,'S33 6',1),(2239,NULL,'V096',NULL,NULL,NULL,'S33 9',1),(2240,NULL,'V046',NULL,NULL,NULL,'S35 0',1),(2241,NULL,'V046',NULL,NULL,NULL,'S35 1',1),(2242,NULL,'V046',NULL,NULL,NULL,'S35 2',1),(2243,NULL,'V046',NULL,NULL,NULL,'S35 3',1),(2244,NULL,'V046',NULL,NULL,NULL,'S35 4',1),(2245,NULL,'V046',NULL,NULL,NULL,'S35 7',1),(2246,NULL,'V046',NULL,NULL,NULL,'S35 8',1),(2247,NULL,'V046',NULL,NULL,NULL,'S35 9',1),(2248,NULL,'V046',NULL,NULL,NULL,'S36 0',1),(2249,NULL,'V046',NULL,NULL,NULL,'S36 1',1),(2250,NULL,'V046',NULL,NULL,NULL,'S36 2',1),(2251,NULL,'V046',NULL,NULL,NULL,'S36 3',1),(2252,NULL,'V046',NULL,NULL,NULL,'S36 4',1),(2253,NULL,'V046',NULL,NULL,NULL,'S36 7',1),(2254,NULL,'V046',NULL,NULL,NULL,'S36 8',1),(2255,NULL,'V046',NULL,NULL,NULL,'S36 9',1),(2256,NULL,'V046',NULL,NULL,NULL,'S4',1),(2257,NULL,'V030',NULL,NULL,NULL,'S40',1),(2258,NULL,'V030',NULL,NULL,NULL,'S41',1),(2259,NULL,'V030',NULL,NULL,NULL,'S42',1),(2260,NULL,'V030',NULL,NULL,NULL,'S43',1),(2261,NULL,'V030',NULL,NULL,NULL,'S44',1),(2262,NULL,'V030',NULL,NULL,NULL,'S45',1),(2263,NULL,'V046',NULL,NULL,NULL,'S5',1),(2264,NULL,'V046',NULL,NULL,NULL,'S6',1),(2265,NULL,'V046',NULL,NULL,NULL,'S60',1),(2266,NULL,'V046',NULL,NULL,NULL,'S61',1),(2267,NULL,'V046',NULL,NULL,NULL,'S62',1),(2268,NULL,'V046',NULL,NULL,NULL,'S63',1),(2269,NULL,'V046',NULL,NULL,NULL,'S64',1),(2270,NULL,'V046',NULL,NULL,NULL,'S65',1),(2271,NULL,'V046',NULL,NULL,NULL,'S66',1),(2272,NULL,'V046',NULL,NULL,NULL,'S7',1),(2273,NULL,'V046',NULL,NULL,NULL,'S70',1),(2274,NULL,'V046',NULL,NULL,NULL,'S71',1),(2275,NULL,'V046',NULL,NULL,NULL,'S72',1),(2276,NULL,'V046',NULL,NULL,NULL,'S73',1),(2277,NULL,'V046',NULL,NULL,NULL,'S74',1),(2278,NULL,'V046',NULL,NULL,NULL,'S75',1),(2279,NULL,'V046',NULL,NULL,NULL,'S8 0',1),(2280,NULL,'V046',NULL,NULL,NULL,'S8 1',1),(2281,NULL,'V046',NULL,NULL,NULL,'S8 2',1),(2282,NULL,'V046',NULL,NULL,NULL,'S8 3',1),(2283,NULL,'V046',NULL,NULL,NULL,'S8 4',1),(2284,NULL,'V046',NULL,NULL,NULL,'S8 5',1),(2285,NULL,'V046',NULL,NULL,NULL,'S8 6',1),(2286,NULL,'V046',NULL,NULL,NULL,'S8 7 ',1),(2287,NULL,'V030',NULL,NULL,NULL,'S8 8',1),(2288,NULL,'V046',NULL,NULL,NULL,'S8 9',1),(2289,NULL,'V096',NULL,NULL,NULL,'S80 ',1),(2290,NULL,'V029',NULL,NULL,NULL,'S80 1',1),(2291,NULL,'V029',NULL,NULL,NULL,'S80 2',1),(2292,NULL,'V029',NULL,NULL,NULL,'S80 3',1),(2293,NULL,'V030',NULL,NULL,NULL,'S80 4',1),(2294,NULL,'V029',NULL,NULL,NULL,'S81',1),(2295,NULL,'V046',NULL,NULL,NULL,'S9',1),(2296,NULL,'N004',NULL,NULL,NULL,'SA1',1),(2297,NULL,'N004',NULL,NULL,NULL,'SA10',1),(2298,NULL,'N004',NULL,NULL,NULL,'SA11',1),(2299,NULL,'N004',NULL,NULL,NULL,'SA12',1),(2300,NULL,'N004',NULL,NULL,NULL,'SA13',1),(2301,NULL,'N004',NULL,NULL,NULL,'SA14',1),(2302,NULL,'N004',NULL,NULL,NULL,'SA15',1),(2303,NULL,'N004',NULL,NULL,NULL,'SA16',1),(2304,NULL,'N004',NULL,NULL,NULL,'SA17',1),(2305,NULL,'N004',NULL,NULL,NULL,'SA18',1),(2306,NULL,'N004',NULL,NULL,NULL,'SA19',1),(2307,NULL,'N004',NULL,NULL,NULL,'SA2',1),(2308,NULL,'N004',NULL,NULL,NULL,'SA20',1),(2309,NULL,'N004',NULL,NULL,NULL,'SA3',1),(2310,NULL,'N004',NULL,NULL,NULL,'SA31',1),(2311,NULL,'N004',NULL,NULL,NULL,'SA32',1),(2312,NULL,'N004',NULL,NULL,NULL,'SA33',1),(2313,NULL,'N004',NULL,NULL,NULL,'SA34',1),(2314,NULL,'N004',NULL,NULL,NULL,'SA35',1),(2315,NULL,'N004',NULL,NULL,NULL,'SA36',1),(2316,NULL,'N004',NULL,NULL,NULL,'SA37',1),(2317,NULL,'N004',NULL,NULL,NULL,'SA38',1),(2318,NULL,'N004',NULL,NULL,NULL,'SA39',1),(2319,NULL,'N004',NULL,NULL,NULL,'SA4',1),(2320,NULL,'N004',NULL,NULL,NULL,'SA40',1),(2321,NULL,'N004',NULL,NULL,NULL,'SA41',1),(2322,NULL,'N004',NULL,NULL,NULL,'SA42',1),(2323,NULL,'N004',NULL,NULL,NULL,'SA43',1),(2324,NULL,'N004',NULL,NULL,NULL,'SA44',1),(2325,NULL,'N004',NULL,NULL,NULL,'SA45',1),(2326,NULL,'N004',NULL,NULL,NULL,'SA46',1),(2327,NULL,'N004',NULL,NULL,NULL,'SA47',1),(2328,NULL,'N004',NULL,NULL,NULL,'SA48',1),(2329,NULL,'N004',NULL,NULL,NULL,'SA5',1),(2330,NULL,'N004',NULL,NULL,NULL,'SA6',1),(2331,NULL,'N004',NULL,NULL,NULL,'SA61',1),(2332,NULL,'N004',NULL,NULL,NULL,'SA62',1),(2333,NULL,'N004',NULL,NULL,NULL,'SA63',1),(2334,NULL,'N004',NULL,NULL,NULL,'SA64',1),(2335,NULL,'N004',NULL,NULL,NULL,'SA65',1),(2336,NULL,'N004',NULL,NULL,NULL,'SA66',1),(2337,NULL,'N004',NULL,NULL,NULL,'SA67',1),(2338,NULL,'N004',NULL,NULL,NULL,'SA68',1),(2339,NULL,'N004',NULL,NULL,NULL,'SA69',1),(2340,NULL,'N004',NULL,NULL,NULL,'SA7',1),(2341,NULL,'N004',NULL,NULL,NULL,'SA70',1),(2342,NULL,'N004',NULL,NULL,NULL,'SA71',1),(2343,NULL,'N004',NULL,NULL,NULL,'SA72',1),(2344,NULL,'N004',NULL,NULL,NULL,'SA73',1),(2345,NULL,'N004',NULL,NULL,NULL,'SA8',1),(2346,NULL,'N004',NULL,NULL,NULL,'SA9',1),(2347,NULL,'V003',NULL,NULL,NULL,'SE1',1),(2348,NULL,'V003',NULL,NULL,NULL,'SE10',1),(2349,NULL,'V003',NULL,NULL,NULL,'SE11',1),(2350,NULL,'V003',NULL,NULL,NULL,'SE12',1),(2351,NULL,'V003',NULL,NULL,NULL,'SE13',1),(2352,NULL,'V003',NULL,NULL,NULL,'SE14',1),(2353,NULL,'V003',NULL,NULL,NULL,'SE15',1),(2354,NULL,'V003',NULL,NULL,NULL,'SE16',1),(2355,NULL,'V003',NULL,NULL,NULL,'SE17',1),(2356,NULL,'V003',NULL,NULL,NULL,'SE18',1),(2357,NULL,'V003',NULL,NULL,NULL,'SE19',1),(2358,NULL,'V003',NULL,NULL,NULL,'SE2',1),(2359,NULL,'V003',NULL,NULL,NULL,'SE20',1),(2360,NULL,'V003',NULL,NULL,NULL,'SE21',1),(2361,NULL,'V003',NULL,NULL,NULL,'SE22',1),(2362,NULL,'V003',NULL,NULL,NULL,'SE23',1),(2363,NULL,'V003',NULL,NULL,NULL,'SE24',1),(2364,NULL,'V003',NULL,NULL,NULL,'SE25',1),(2365,NULL,'V003',NULL,NULL,NULL,'SE26',1),(2366,NULL,'V003',NULL,NULL,NULL,'SE27',1),(2367,NULL,'V003',NULL,NULL,NULL,'SE28',1),(2368,NULL,'V003',NULL,NULL,NULL,'SE3',1),(2369,NULL,'V003',NULL,NULL,NULL,'SE4',1),(2370,NULL,'V003',NULL,NULL,NULL,'SE5',1),(2371,NULL,'V003',NULL,NULL,NULL,'SE6',1),(2372,NULL,'V003',NULL,NULL,NULL,'SE7',1),(2373,NULL,'V003',NULL,NULL,NULL,'SE8',1),(2374,NULL,'V003',NULL,NULL,NULL,'SE9',1),(2375,NULL,'V035',NULL,NULL,NULL,'SG1',1),(2376,NULL,'V035',NULL,NULL,NULL,'SG10',1),(2377,NULL,'V035',NULL,NULL,NULL,'SG11',1),(2378,NULL,'V035',NULL,NULL,NULL,'SG12',1),(2379,NULL,'V035',NULL,NULL,NULL,'SG13',1),(2380,NULL,'V035',NULL,NULL,NULL,'SG14',1),(2381,NULL,'V037',NULL,NULL,NULL,'SG15',1),(2382,NULL,'V037',NULL,NULL,NULL,'SG16',1),(2383,NULL,'V037',NULL,NULL,NULL,'SG17',1),(2384,NULL,'V037',NULL,NULL,NULL,'SG18',1),(2385,NULL,'V037',NULL,NULL,NULL,'SG19',1),(2386,NULL,'N002',NULL,NULL,NULL,'SG19 0',1),(2387,NULL,'N002',NULL,NULL,NULL,'SG19 3',1),(2388,NULL,'V035',NULL,NULL,NULL,'SG2',1),(2389,NULL,'V035',NULL,NULL,NULL,'SG3',1),(2390,NULL,'V035',NULL,NULL,NULL,'SG4',1),(2391,NULL,'V035',NULL,NULL,NULL,'SG5',1),(2392,NULL,'V035',NULL,NULL,NULL,'SG6',1),(2393,NULL,'V035',NULL,NULL,NULL,'SG7',1),(2394,NULL,'N002',NULL,NULL,NULL,'SG8 0',1),(2395,NULL,'V035',NULL,NULL,NULL,'SG8 1',1),(2396,NULL,'V035',NULL,NULL,NULL,'SG8 2',1),(2397,NULL,'V035',NULL,NULL,NULL,'SG8 3',1),(2398,NULL,'V035',NULL,NULL,NULL,'SG8 4',1),(2399,NULL,'N002',NULL,NULL,NULL,'SG8 5',1),(2400,NULL,'N002',NULL,NULL,NULL,'SG8 6',1),(2401,NULL,'N002',NULL,NULL,NULL,'SG8 7',1),(2402,NULL,'N002',NULL,NULL,NULL,'SG8 8',1),(2403,NULL,'N002',NULL,NULL,NULL,'SG8 9',1),(2404,NULL,'V035',NULL,NULL,NULL,'SG9',1),(2405,NULL,'V096',NULL,NULL,NULL,'SK1',1),(2406,NULL,'V058',NULL,NULL,NULL,'SK10',1),(2407,NULL,'V058',NULL,NULL,NULL,'SK11',1),(2408,NULL,'V058',NULL,NULL,NULL,'SK12 1',1),(2409,NULL,'V058',NULL,NULL,NULL,'SK12 2',1),(2410,NULL,'V096',NULL,NULL,NULL,'SK13',1),(2411,NULL,'V096',NULL,NULL,NULL,'SK14 ',1),(2412,NULL,'V096',NULL,NULL,NULL,'SK15',1),(2413,NULL,'V096',NULL,NULL,NULL,'SK16',1),(2414,NULL,'V096',NULL,NULL,NULL,'SK17',1),(2415,NULL,'V096',NULL,NULL,NULL,'SK17 9',1),(2416,NULL,'V096',NULL,NULL,NULL,'SK2',1),(2417,NULL,'V096',NULL,NULL,NULL,'SK22',1),(2418,NULL,'V096',NULL,NULL,NULL,'SK23',1),(2419,NULL,'V096',NULL,NULL,NULL,'SK3',1),(2420,NULL,'V096',NULL,NULL,NULL,'SK4',1),(2421,NULL,'V096',NULL,NULL,NULL,'SK5',1),(2422,NULL,'V096',NULL,NULL,NULL,'SK6',1),(2423,NULL,'V096',NULL,NULL,NULL,'SK7',1),(2424,NULL,'V096',NULL,NULL,NULL,'SK8',1),(2425,NULL,'V058',NULL,NULL,NULL,'SK9',1),(2426,NULL,'V010',NULL,NULL,NULL,'SL0',1),(2427,NULL,'V010',NULL,NULL,NULL,'SL1',1),(2428,NULL,'V010',NULL,NULL,NULL,'SL2',1),(2429,NULL,'V010',NULL,NULL,NULL,'SL3',1),(2430,NULL,'V009',NULL,NULL,NULL,'SL3 0',1),(2431,NULL,'V010',NULL,NULL,NULL,'SL4',1),(2432,NULL,'V010',NULL,NULL,NULL,'SL5',1),(2433,NULL,'V010',NULL,NULL,NULL,'SL6',1),(2434,NULL,'V037',NULL,NULL,NULL,'SL7',1),(2435,NULL,'V037',NULL,NULL,NULL,'SL8',1),(2436,NULL,'V037',NULL,NULL,NULL,'SL9',1),(2437,NULL,'V004',NULL,NULL,NULL,'SM1',1),(2438,NULL,'V004',NULL,NULL,NULL,'SM2',1),(2439,NULL,'V004',NULL,NULL,NULL,'SM3',1),(2440,NULL,'V004',NULL,NULL,NULL,'SM4',1),(2441,NULL,'V004',NULL,NULL,NULL,'SM5',1),(2442,NULL,'V004',NULL,NULL,NULL,'SM6',1),(2443,NULL,'V004',NULL,NULL,NULL,'SM7',1),(2444,NULL,'V103',NULL,NULL,NULL,'SN1',1),(2445,NULL,'V103',NULL,NULL,NULL,'SN10',1),(2446,NULL,'V103',NULL,NULL,NULL,'SN11',1),(2447,NULL,'V103',NULL,NULL,NULL,'SN12',1),(2448,NULL,'V103',NULL,NULL,NULL,'SN13',1),(2449,NULL,'V103',NULL,NULL,NULL,'SN14',1),(2450,NULL,'V103',NULL,NULL,NULL,'SN15',1),(2451,NULL,'V103',NULL,NULL,NULL,'SN16',1),(2452,NULL,'V103',NULL,NULL,NULL,'SN2',1),(2453,NULL,'V103',NULL,NULL,NULL,'SN3',1),(2454,NULL,'V103',NULL,NULL,NULL,'SN4',1),(2455,NULL,'V103',NULL,NULL,NULL,'SN5',1),(2456,NULL,'V103',NULL,NULL,NULL,'SN6',1),(2457,NULL,'V010',NULL,NULL,NULL,'SN6 8',1),(2458,NULL,'V010',NULL,NULL,NULL,'SN7 7',1),(2459,NULL,'V010',NULL,NULL,NULL,'SN7 8',1),(2460,NULL,'V103',NULL,NULL,NULL,'SN8',1),(2461,NULL,'V103',NULL,NULL,NULL,'SN9',1),(2462,NULL,'V010',NULL,NULL,NULL,'SO14',1),(2463,NULL,'V010',NULL,NULL,NULL,'SO15',1),(2464,NULL,'V010',NULL,NULL,NULL,'SO16',1),(2465,NULL,'V010',NULL,NULL,NULL,'SO17',1),(2466,NULL,'V010',NULL,NULL,NULL,'SO18',1),(2467,NULL,'V010',NULL,NULL,NULL,'SO19',1),(2468,NULL,'V010',NULL,NULL,NULL,'SO20',1),(2469,NULL,'V010',NULL,NULL,NULL,'SO21',1),(2470,NULL,'V010',NULL,NULL,NULL,'SO22',1),(2471,NULL,'V010',NULL,NULL,NULL,'SO23',1),(2472,NULL,'V010',NULL,NULL,NULL,'SO24',1),(2473,NULL,'V010',NULL,NULL,NULL,'SO30',1),(2474,NULL,'V010',NULL,NULL,NULL,'SO31',1),(2475,NULL,'V010',NULL,NULL,NULL,'SO32',1),(2476,NULL,'V010',NULL,NULL,NULL,'SO40',1),(2477,NULL,'V010',NULL,NULL,NULL,'SO41',1),(2478,NULL,'V010',NULL,NULL,NULL,'SO42',1),(2479,NULL,'V010',NULL,NULL,NULL,'SO43',1),(2480,NULL,'V010',NULL,NULL,NULL,'SO45',1),(2481,NULL,'V010',NULL,NULL,NULL,'SO50',1),(2482,NULL,'V010',NULL,NULL,NULL,'SO51',1),(2483,NULL,'V010',NULL,NULL,NULL,'SO52',1),(2484,NULL,'V010',NULL,NULL,NULL,'SO53',1),(2485,NULL,'V010',NULL,NULL,NULL,'SP1',1),(2486,NULL,'V010',NULL,NULL,NULL,'SP10',1),(2487,NULL,'V010',NULL,NULL,NULL,'SP11',1),(2488,NULL,'V010',NULL,NULL,NULL,'SP2 0',1),(2489,NULL,'V010',NULL,NULL,NULL,'SP2 7',1),(2490,NULL,'V010',NULL,NULL,NULL,'SP2 8',1),(2491,NULL,'V010',NULL,NULL,NULL,'SP2 9',1),(2492,NULL,'V010',NULL,NULL,NULL,'SP3',1),(2493,NULL,'V010',NULL,NULL,NULL,'SP4',1),(2494,NULL,'V010',NULL,NULL,NULL,'SP5',1),(2495,NULL,'V010',NULL,NULL,NULL,'SP6',1),(2496,NULL,'V018',NULL,NULL,NULL,'SP7',1),(2497,NULL,'V018',NULL,NULL,NULL,'SP8',1),(2498,NULL,'V010',NULL,NULL,NULL,'SP9 7',1),(2499,NULL,'V051',NULL,NULL,NULL,'SR1',1),(2500,NULL,'V051',NULL,NULL,NULL,'SR2',1),(2501,NULL,'V051',NULL,NULL,NULL,'SR3',1),(2502,NULL,'V051',NULL,NULL,NULL,'SR4',1),(2503,NULL,'V051',NULL,NULL,NULL,'SR5',1),(2504,NULL,'V051',NULL,NULL,NULL,'SR6',1),(2505,NULL,'V051',NULL,NULL,NULL,'SR7',1),(2506,NULL,'V051',NULL,NULL,NULL,'SR8',1),(2507,NULL,'N005',NULL,NULL,NULL,'SS0',1),(2508,NULL,'N005',NULL,NULL,NULL,'SS1',1),(2509,NULL,'N005',NULL,NULL,NULL,'SS11',1),(2510,NULL,'N005',NULL,NULL,NULL,'SS12',1),(2511,NULL,'N005',NULL,NULL,NULL,'SS13',1),(2512,NULL,'N005',NULL,NULL,NULL,'SS14',1),(2513,NULL,'N005',NULL,NULL,NULL,'SS15',1),(2514,NULL,'N005',NULL,NULL,NULL,'SS16',1),(2515,NULL,'N005',NULL,NULL,NULL,'SS17',1),(2516,NULL,'N005',NULL,NULL,NULL,'SS2',1),(2517,NULL,'N005',NULL,NULL,NULL,'SS3',1),(2518,NULL,'N005',NULL,NULL,NULL,'SS4',1),(2519,NULL,'N005',NULL,NULL,NULL,'SS5',1),(2520,NULL,'N005',NULL,NULL,NULL,'SS6',1),(2521,NULL,'N005',NULL,NULL,NULL,'SS7',1),(2522,NULL,'N005',NULL,NULL,NULL,'SS8',1),(2523,NULL,'N005',NULL,NULL,NULL,'SS9',1),(2524,NULL,'V028',NULL,NULL,NULL,'ST1',1),(2525,NULL,'V028',NULL,NULL,NULL,'ST10',1),(2526,NULL,'V028',NULL,NULL,NULL,'ST11',1),(2527,NULL,'V028',NULL,NULL,NULL,'ST12',1),(2528,NULL,'V028',NULL,NULL,NULL,'ST13',1),(2529,NULL,'V028',NULL,NULL,NULL,'ST14',1),(2530,NULL,'V028',NULL,NULL,NULL,'ST15',1),(2531,NULL,'V028',NULL,NULL,NULL,'ST16',1),(2532,NULL,'V028',NULL,NULL,NULL,'ST17',1),(2533,NULL,'V028',NULL,NULL,NULL,'ST18',1),(2534,NULL,'V028',NULL,NULL,NULL,'ST19',1),(2535,NULL,'V028',NULL,NULL,NULL,'ST2',1),(2536,NULL,'V028',NULL,NULL,NULL,'ST20',1),(2537,NULL,'V028',NULL,NULL,NULL,'ST21',1),(2538,NULL,'V028',NULL,NULL,NULL,'ST3',1),(2539,NULL,'V028',NULL,NULL,NULL,'ST4',1),(2540,NULL,'V028',NULL,NULL,NULL,'ST5',1),(2541,NULL,'V028',NULL,NULL,NULL,'ST6',1),(2542,NULL,'V028',NULL,NULL,NULL,'ST7',1),(2543,NULL,'V058',NULL,NULL,NULL,'ST7 2',1),(2544,NULL,'V058',NULL,NULL,NULL,'ST7 3',1),(2545,NULL,'V028',NULL,NULL,NULL,'ST8',1),(2546,NULL,'V028',NULL,NULL,NULL,'ST9',1),(2547,NULL,'V001',NULL,NULL,NULL,'SW1',1),(2548,NULL,'V001',NULL,NULL,NULL,'SW10',1),(2549,NULL,'V001',NULL,NULL,NULL,'SW11',1),(2550,NULL,'V001',NULL,NULL,NULL,'SW12',1),(2551,NULL,'V001',NULL,NULL,NULL,'SW13',1),(2552,NULL,'V001',NULL,NULL,NULL,'SW14',1),(2553,NULL,'V001',NULL,NULL,NULL,'SW15',1),(2554,NULL,'V001',NULL,NULL,NULL,'SW16',1),(2555,NULL,'V001',NULL,NULL,NULL,'SW17',1),(2556,NULL,'V001',NULL,NULL,NULL,'SW18',1),(2557,NULL,'V004',NULL,NULL,NULL,'SW19',1),(2558,NULL,'V001',NULL,NULL,NULL,'SW2',1),(2559,NULL,'V004',NULL,NULL,NULL,'SW20',1),(2560,NULL,'V001',NULL,NULL,NULL,'SW3',1),(2561,NULL,'V001',NULL,NULL,NULL,'SW4',1),(2562,NULL,'V001',NULL,NULL,NULL,'SW5',1),(2563,NULL,'V001',NULL,NULL,NULL,'SW6',1),(2564,NULL,'V001',NULL,NULL,NULL,'SW7',1),(2565,NULL,'V001',NULL,NULL,NULL,'SW8',1),(2566,NULL,'V001',NULL,NULL,NULL,'SW9',1),(2567,NULL,'V028',NULL,NULL,NULL,'SY1',1),(2568,NULL,'V059',NULL,NULL,NULL,'SY10 0',1),(2569,NULL,'V059',NULL,NULL,NULL,'SY10 1',1),(2570,NULL,'V059',NULL,NULL,NULL,'SY10 2',1),(2571,NULL,'V059',NULL,NULL,NULL,'SY10 3',1),(2572,NULL,'V059',NULL,NULL,NULL,'SY10 4',1),(2573,NULL,'V059',NULL,NULL,NULL,'SY10 5',1),(2574,NULL,'V059',NULL,NULL,NULL,'SY10 6',1),(2575,NULL,'V059',NULL,NULL,NULL,'SY10 7',1),(2576,NULL,'N004',NULL,NULL,NULL,'SY10 8',1),(2577,NULL,'V028',NULL,NULL,NULL,'SY10 9',1),(2578,NULL,'V028',NULL,NULL,NULL,'SY11',1),(2579,NULL,'V028',NULL,NULL,NULL,'SY12',1),(2580,NULL,'V028',NULL,NULL,NULL,'SY13',1),(2581,NULL,'V059',NULL,NULL,NULL,'SY13 2',1),(2582,NULL,'V059',NULL,NULL,NULL,'SY13 3',1),(2583,NULL,'V058',NULL,NULL,NULL,'SY14',1),(2584,NULL,'N004',NULL,NULL,NULL,'SY15',1),(2585,NULL,'V059',NULL,NULL,NULL,'SY15 6',1),(2586,NULL,'N004',NULL,NULL,NULL,'SY16',1),(2587,NULL,'V059',NULL,NULL,NULL,'SY16 1',1),(2588,NULL,'V059',NULL,NULL,NULL,'SY16 2',1),(2589,NULL,'V059',NULL,NULL,NULL,'SY16 3',1),(2590,NULL,'V059',NULL,NULL,NULL,'SY16 4',1),(2591,NULL,'N004',NULL,NULL,NULL,'SY17',1),(2592,NULL,'V059',NULL,NULL,NULL,'SY17 5',1),(2593,NULL,'N004',NULL,NULL,NULL,'SY18',1),(2594,NULL,'N004',NULL,NULL,NULL,'SY19',1),(2595,NULL,'V059',NULL,NULL,NULL,'SY19 7',1),(2596,NULL,'V028',NULL,NULL,NULL,'SY2',1),(2597,NULL,'V059',NULL,NULL,NULL,'SY21 2',1),(2598,NULL,'V059',NULL,NULL,NULL,'SY21 7',1),(2599,NULL,'V059',NULL,NULL,NULL,'SY21 8',1),(2600,NULL,'N004',NULL,NULL,NULL,'SY21 9',1),(2601,NULL,'N004',NULL,NULL,NULL,'SY22',1),(2602,NULL,'V059',NULL,NULL,NULL,'SY22 5',1),(2603,NULL,'N004',NULL,NULL,NULL,'SY22 6',1),(2604,NULL,'N004',NULL,NULL,NULL,'SY23',1),(2605,NULL,'N004',NULL,NULL,NULL,'SY24',1),(2606,NULL,'N004',NULL,NULL,NULL,'SY25',1),(2607,NULL,'V028',NULL,NULL,NULL,'SY3',1),(2608,NULL,'V028',NULL,NULL,NULL,'SY4',1),(2609,NULL,'V028',NULL,NULL,NULL,'SY5',1),(2610,NULL,'V028',NULL,NULL,NULL,'SY6',1),(2611,NULL,'V028',NULL,NULL,NULL,'SY7',1),(2612,NULL,'V022',NULL,NULL,NULL,'SY8',1),(2613,NULL,'V028',NULL,NULL,NULL,'SY9',1),(2614,NULL,'V018',NULL,NULL,NULL,'TA1',1),(2615,NULL,'V018',NULL,NULL,NULL,'TA10',1),(2616,NULL,'V018',NULL,NULL,NULL,'TA11',1),(2617,NULL,'V018',NULL,NULL,NULL,'TA12',1),(2618,NULL,'V018',NULL,NULL,NULL,'TA13',1),(2619,NULL,'V018',NULL,NULL,NULL,'TA14',1),(2620,NULL,'V018',NULL,NULL,NULL,'TA15',1),(2621,NULL,'V018',NULL,NULL,NULL,'TA16',1),(2622,NULL,'V018',NULL,NULL,NULL,'TA17',1),(2623,NULL,'V018',NULL,NULL,NULL,'TA18',1),(2624,NULL,'V018',NULL,NULL,NULL,'TA19',1),(2625,NULL,'V018',NULL,NULL,NULL,'TA2',1),(2626,NULL,'V018',NULL,NULL,NULL,'TA20',1),(2627,NULL,'V018',NULL,NULL,NULL,'TA21',1),(2628,NULL,'V018',NULL,NULL,NULL,'TA22',1),(2629,NULL,'V018',NULL,NULL,NULL,'TA23',1),(2630,NULL,'V018',NULL,NULL,NULL,'TA24',1),(2631,NULL,'V018',NULL,NULL,NULL,'TA3',1),(2632,NULL,'V018',NULL,NULL,NULL,'TA4',1),(2633,NULL,'V103',NULL,NULL,NULL,'TA5',1),(2634,NULL,'V103',NULL,NULL,NULL,'TA6',1),(2635,NULL,'V103',NULL,NULL,NULL,'TA7',1),(2636,NULL,'V103',NULL,NULL,NULL,'TA8',1),(2637,NULL,'V103',NULL,NULL,NULL,'TA9',1),(2638,NULL,'N003',NULL,NULL,NULL,'TD1',1),(2639,NULL,'N003',NULL,NULL,NULL,'TD10',1),(2640,NULL,'N003',NULL,NULL,NULL,'TD11',1),(2641,NULL,'N003',NULL,NULL,NULL,'TD12',1),(2642,NULL,'N003',NULL,NULL,NULL,'TD13',1),(2643,NULL,'N003',NULL,NULL,NULL,'TD14',1),(2644,NULL,'V051',NULL,NULL,NULL,'TD15',1),(2645,NULL,'N003',NULL,NULL,NULL,'TD2',1),(2646,NULL,'N003',NULL,NULL,NULL,'TD3',1),(2647,NULL,'N003',NULL,NULL,NULL,'TD4',1),(2648,NULL,'N003',NULL,NULL,NULL,'TD5',1),(2649,NULL,'N003',NULL,NULL,NULL,'TD6',1),(2650,NULL,'N003',NULL,NULL,NULL,'TD7',1),(2651,NULL,'N003',NULL,NULL,NULL,'TD8',1),(2652,NULL,'N003',NULL,NULL,NULL,'TD9',1),(2653,NULL,'V028',NULL,NULL,NULL,'TF1',1),(2654,NULL,'V028',NULL,NULL,NULL,'TF10',1),(2655,NULL,'V028',NULL,NULL,NULL,'TF11',1),(2656,NULL,'V028',NULL,NULL,NULL,'TF12',1),(2657,NULL,'V028',NULL,NULL,NULL,'TF13',1),(2658,NULL,'V028',NULL,NULL,NULL,'TF2',1),(2659,NULL,'V028',NULL,NULL,NULL,'TF3',1),(2660,NULL,'V028',NULL,NULL,NULL,'TF4',1),(2661,NULL,'V028',NULL,NULL,NULL,'TF5',1),(2662,NULL,'V028',NULL,NULL,NULL,'TF6',1),(2663,NULL,'V028',NULL,NULL,NULL,'TF7',1),(2664,NULL,'V028',NULL,NULL,NULL,'TF8',1),(2665,NULL,'V028',NULL,NULL,NULL,'TF9',1),(2666,NULL,'V006',NULL,NULL,NULL,'TN1',1),(2667,NULL,'V006',NULL,NULL,NULL,'TN10',1),(2668,NULL,'V006',NULL,NULL,NULL,'TN11',1),(2669,NULL,'V006',NULL,NULL,NULL,'TN12',1),(2670,NULL,'V006',NULL,NULL,NULL,'TN13',1),(2671,NULL,'V006',NULL,NULL,NULL,'TN14',1),(2672,NULL,'V006',NULL,NULL,NULL,'TN15',1),(2673,NULL,'V006',NULL,NULL,NULL,'TN16',1),(2674,NULL,'V004',NULL,NULL,NULL,'TN16 2',1),(2675,NULL,'V004',NULL,NULL,NULL,'TN16 3',1),(2676,NULL,'V007',NULL,NULL,NULL,'TN17',1),(2677,NULL,'V007',NULL,NULL,NULL,'TN18',1),(2678,NULL,'V007',NULL,NULL,NULL,'TN19',1),(2679,NULL,'V006',NULL,NULL,NULL,'TN2',1),(2680,NULL,'V007',NULL,NULL,NULL,'TN20',1),(2681,NULL,'V007',NULL,NULL,NULL,'TN21',1),(2682,NULL,'V007',NULL,NULL,NULL,'TN22',1),(2683,NULL,'V007',NULL,NULL,NULL,'TN23',1),(2684,NULL,'V007',NULL,NULL,NULL,'TN24',1),(2685,NULL,'V007',NULL,NULL,NULL,'TN25',1),(2686,NULL,'V007',NULL,NULL,NULL,'TN26',1),(2687,NULL,'V006',NULL,NULL,NULL,'TN27',1),(2688,NULL,'V007',NULL,NULL,NULL,'TN28',1),(2689,NULL,'V007',NULL,NULL,NULL,'TN29',1),(2690,NULL,'V006',NULL,NULL,NULL,'TN3',1),(2691,NULL,'V007',NULL,NULL,NULL,'TN30',1),(2692,NULL,'V007',NULL,NULL,NULL,'TN31',1),(2693,NULL,'V007',NULL,NULL,NULL,'TN32',1),(2694,NULL,'V007',NULL,NULL,NULL,'TN33',1),(2695,NULL,'V007',NULL,NULL,NULL,'TN34',1),(2696,NULL,'V007',NULL,NULL,NULL,'TN35',1),(2697,NULL,'V007',NULL,NULL,NULL,'TN36',1),(2698,NULL,'V007',NULL,NULL,NULL,'TN37',1),(2699,NULL,'V007',NULL,NULL,NULL,'TN38 0',1),(2700,NULL,'V007',NULL,NULL,NULL,'TN38 8',1),(2701,NULL,'V007',NULL,NULL,NULL,'TN38 9',1),(2702,NULL,'V007',NULL,NULL,NULL,'TN39',1),(2703,NULL,'V006',NULL,NULL,NULL,'TN4',1),(2704,NULL,'V007',NULL,NULL,NULL,'TN40',1),(2705,NULL,'V007',NULL,NULL,NULL,'TN5',1),(2706,NULL,'V007',NULL,NULL,NULL,'TN6',1),(2707,NULL,'V006',NULL,NULL,NULL,'TN7',1),(2708,NULL,'V006',NULL,NULL,NULL,'TN8',1),(2709,NULL,'V006',NULL,NULL,NULL,'TN9',1),(2710,NULL,'V018',NULL,NULL,NULL,'TQ1',1),(2711,NULL,'V018',NULL,NULL,NULL,'TQ10',1),(2712,NULL,'V018',NULL,NULL,NULL,'TQ11',1),(2713,NULL,'V018',NULL,NULL,NULL,'TQ12',1),(2714,NULL,'V018',NULL,NULL,NULL,'TQ13',1),(2715,NULL,'V018',NULL,NULL,NULL,'TQ14',1),(2716,NULL,'V018',NULL,NULL,NULL,'TQ2',1),(2717,NULL,'V018',NULL,NULL,NULL,'TQ3',1),(2718,NULL,'V018',NULL,NULL,NULL,'TQ4',1),(2719,NULL,'V018',NULL,NULL,NULL,'TQ5',1),(2720,NULL,'V018',NULL,NULL,NULL,'TQ6',1),(2721,NULL,'V018',NULL,NULL,NULL,'TQ7',1),(2722,NULL,'V018',NULL,NULL,NULL,'TQ8',1),(2723,NULL,'V018',NULL,NULL,NULL,'TQ9',1),(2724,NULL,'V018',NULL,NULL,NULL,'TR1',1),(2725,NULL,'V018',NULL,NULL,NULL,'TR10',1),(2726,NULL,'V018',NULL,NULL,NULL,'TR11',1),(2727,NULL,'V018',NULL,NULL,NULL,'TR12',1),(2728,NULL,'V018',NULL,NULL,NULL,'TR13',1),(2729,NULL,'V018',NULL,NULL,NULL,'TR14',1),(2730,NULL,'V018',NULL,NULL,NULL,'TR15',1),(2731,NULL,'V018',NULL,NULL,NULL,'TR16',1),(2732,NULL,'V018',NULL,NULL,NULL,'TR17',1),(2733,NULL,'V018',NULL,NULL,NULL,'TR18',1),(2734,NULL,'V018',NULL,NULL,NULL,'TR19',1),(2735,NULL,'V018',NULL,NULL,NULL,'TR2',1),(2736,NULL,'V018',NULL,NULL,NULL,'TR20',1),(2737,NULL,'V018',NULL,NULL,NULL,'TR26',1),(2738,NULL,'V018',NULL,NULL,NULL,'TR27',1),(2739,NULL,'V018',NULL,NULL,NULL,'TR3',1),(2740,NULL,'V018',NULL,NULL,NULL,'TR4',1),(2741,NULL,'V018',NULL,NULL,NULL,'TR5',1),(2742,NULL,'V018',NULL,NULL,NULL,'TR6',1),(2743,NULL,'V018',NULL,NULL,NULL,'TR7',1),(2744,NULL,'V018',NULL,NULL,NULL,'TR8',1),(2745,NULL,'V018',NULL,NULL,NULL,'TR9',1),(2746,NULL,'V051',NULL,NULL,NULL,'TS1',1),(2747,NULL,'V051',NULL,NULL,NULL,'TS10',1),(2748,NULL,'V051',NULL,NULL,NULL,'TS11',1),(2749,NULL,'V051',NULL,NULL,NULL,'TS12',1),(2750,NULL,'V051',NULL,NULL,NULL,'TS13',1),(2751,NULL,'V051',NULL,NULL,NULL,'TS14',1),(2752,NULL,'V051',NULL,NULL,NULL,'TS15',1),(2753,NULL,'V051',NULL,NULL,NULL,'TS16',1),(2754,NULL,'V051',NULL,NULL,NULL,'TS17',1),(2755,NULL,'V051',NULL,NULL,NULL,'TS18',1),(2756,NULL,'V051',NULL,NULL,NULL,'TS19',1),(2757,NULL,'V051',NULL,NULL,NULL,'TS2',1),(2758,NULL,'V051',NULL,NULL,NULL,'TS20',1),(2759,NULL,'V051',NULL,NULL,NULL,'TS21',1),(2760,NULL,'V051',NULL,NULL,NULL,'TS22',1),(2761,NULL,'V051',NULL,NULL,NULL,'TS23',1),(2762,NULL,'V051',NULL,NULL,NULL,'TS24',1),(2763,NULL,'V051',NULL,NULL,NULL,'TS25',1),(2764,NULL,'V051',NULL,NULL,NULL,'TS26',1),(2765,NULL,'V051',NULL,NULL,NULL,'TS27',1),(2766,NULL,'V051',NULL,NULL,NULL,'TS28',1),(2767,NULL,'V051',NULL,NULL,NULL,'TS29',1),(2768,NULL,'V051',NULL,NULL,NULL,'TS3',1),(2769,NULL,'V051',NULL,NULL,NULL,'TS4',1),(2770,NULL,'V051',NULL,NULL,NULL,'TS5',1),(2771,NULL,'V051',NULL,NULL,NULL,'TS6',1),(2772,NULL,'V051',NULL,NULL,NULL,'TS7',1),(2773,NULL,'V051',NULL,NULL,NULL,'TS8',1),(2774,NULL,'V051',NULL,NULL,NULL,'TS9',1),(2775,NULL,'V001',NULL,NULL,NULL,'TW1',1),(2776,NULL,'V001',NULL,NULL,NULL,'TW10',1),(2777,NULL,'V001',NULL,NULL,NULL,'TW11',1),(2778,NULL,'V001',NULL,NULL,NULL,'TW12',1),(2779,NULL,'V001',NULL,NULL,NULL,'TW13',1),(2780,NULL,'V001',NULL,NULL,NULL,'TW14',1),(2781,NULL,'V009',NULL,NULL,NULL,'TW15',1),(2782,NULL,'V009',NULL,NULL,NULL,'TW16',1),(2783,NULL,'V009',NULL,NULL,NULL,'TW17',1),(2784,NULL,'V009',NULL,NULL,NULL,'TW18',1),(2785,NULL,'V010',NULL,NULL,NULL,'TW19 5',1),(2786,NULL,'V009',NULL,NULL,NULL,'TW19 6',1),(2787,NULL,'V009',NULL,NULL,NULL,'TW19 7',1),(2788,NULL,'V001',NULL,NULL,NULL,'TW2',1),(2789,NULL,'V009',NULL,NULL,NULL,'TW20',1),(2790,NULL,'V001',NULL,NULL,NULL,'TW3',1),(2791,NULL,'V001',NULL,NULL,NULL,'TW4',1),(2792,NULL,'V001',NULL,NULL,NULL,'TW5',1),(2793,NULL,'V001',NULL,NULL,NULL,'TW6',1),(2794,NULL,'V001',NULL,NULL,NULL,'TW7',1),(2795,NULL,'V001',NULL,NULL,NULL,'TW8',1),(2796,NULL,'V001',NULL,NULL,NULL,'TW9',1),(2797,NULL,'V001',NULL,NULL,NULL,'UB1',1),(2798,NULL,'V001',NULL,NULL,NULL,'UB10',1),(2799,NULL,'V001',NULL,NULL,NULL,'UB11',1),(2800,NULL,'V001',NULL,NULL,NULL,'UB2',1),(2801,NULL,'V001',NULL,NULL,NULL,'UB3',1),(2802,NULL,'V001',NULL,NULL,NULL,'UB4',1),(2803,NULL,'V001',NULL,NULL,NULL,'UB5',1),(2804,NULL,'V001',NULL,NULL,NULL,'UB6',1),(2805,NULL,'V001',NULL,NULL,NULL,'UB7',1),(2806,NULL,'V001',NULL,NULL,NULL,'UB8',1),(2807,NULL,'V001',NULL,NULL,NULL,'UB9',1),(2808,NULL,'V001',NULL,NULL,NULL,'W1',1),(2809,NULL,'V001',NULL,NULL,NULL,'W10',1),(2810,NULL,'V001',NULL,NULL,NULL,'W11',1),(2811,NULL,'V001',NULL,NULL,NULL,'W12',1),(2812,NULL,'V001',NULL,NULL,NULL,'W13',1),(2813,NULL,'V001',NULL,NULL,NULL,'W14',1),(2814,NULL,'V001',NULL,NULL,NULL,'W2',1),(2815,NULL,'V001',NULL,NULL,NULL,'W3',1),(2816,NULL,'V001',NULL,NULL,NULL,'W4',1),(2817,NULL,'V001',NULL,NULL,NULL,'W5',1),(2818,NULL,'V001',NULL,NULL,NULL,'W6',1),(2819,NULL,'V001',NULL,NULL,NULL,'W7',1),(2820,NULL,'V001',NULL,NULL,NULL,'W8',1),(2821,NULL,'V001',NULL,NULL,NULL,'W9',1),(2822,NULL,'V058',NULL,NULL,NULL,'WA1',1),(2823,NULL,'V058',NULL,NULL,NULL,'WA10',1),(2824,NULL,'V058',NULL,NULL,NULL,'WA11',1),(2825,NULL,'V058',NULL,NULL,NULL,'WA12',1),(2826,NULL,'V058',NULL,NULL,NULL,'WA13',1),(2827,NULL,'V096',NULL,NULL,NULL,'WA13 9',1),(2828,NULL,'V096',NULL,NULL,NULL,'WA14',1),(2829,NULL,'V096',NULL,NULL,NULL,'WA15',1),(2830,NULL,'V058',NULL,NULL,NULL,'WA16',1),(2831,NULL,'V058',NULL,NULL,NULL,'WA2',1),(2832,NULL,'V058',NULL,NULL,NULL,'WA3',1),(2833,NULL,'V096',NULL,NULL,NULL,'WA3 1',1),(2834,NULL,'V096',NULL,NULL,NULL,'WA3 2',1),(2835,NULL,'V096',NULL,NULL,NULL,'WA3 3',1),(2836,NULL,'V058',NULL,NULL,NULL,'WA4',1),(2837,NULL,'V058',NULL,NULL,NULL,'WA5',1),(2838,NULL,'V058',NULL,NULL,NULL,'WA6',1),(2839,NULL,'V058',NULL,NULL,NULL,'WA7',1),(2840,NULL,'V058',NULL,NULL,NULL,'WA8',1),(2841,NULL,'V058',NULL,NULL,NULL,'WA9',1),(2842,NULL,'V001',NULL,NULL,NULL,'WC1',1),(2843,NULL,'V001',NULL,NULL,NULL,'WC2',1),(2844,NULL,'V035',NULL,NULL,NULL,'WD1',1),(2845,NULL,'V035',NULL,NULL,NULL,'WD2',1),(2846,NULL,'V035',NULL,NULL,NULL,'WD3',1),(2847,NULL,'V035',NULL,NULL,NULL,'WD4',1),(2848,NULL,'V035',NULL,NULL,NULL,'WD5',1),(2849,NULL,'V035',NULL,NULL,NULL,'WD6',1),(2850,NULL,'V035',NULL,NULL,NULL,'WD7',1),(2851,NULL,'V048',NULL,NULL,NULL,'WF1',1),(2852,NULL,'V048',NULL,NULL,NULL,'WF10',1),(2853,NULL,'V048',NULL,NULL,NULL,'WF11',1),(2854,NULL,'V048',NULL,NULL,NULL,'WF12',1),(2855,NULL,'V048',NULL,NULL,NULL,'WF13',1),(2856,NULL,'V048',NULL,NULL,NULL,'WF14',1),(2857,NULL,'V048',NULL,NULL,NULL,'WF15',1),(2858,NULL,'V048',NULL,NULL,NULL,'WF16',1),(2859,NULL,'V048',NULL,NULL,NULL,'WF17',1),(2860,NULL,'V048',NULL,NULL,NULL,'WF2',1),(2861,NULL,'V048',NULL,NULL,NULL,'WF3',1),(2862,NULL,'V046',NULL,NULL,NULL,'WF4',1),(2863,NULL,'V048',NULL,NULL,NULL,'WF5',1),(2864,NULL,'V048',NULL,NULL,NULL,'WF6',1),(2865,NULL,'V048',NULL,NULL,NULL,'WF7',1),(2866,NULL,'V048',NULL,NULL,NULL,'WF8',1),(2867,NULL,'V046',NULL,NULL,NULL,'WF9',1),(2868,NULL,'V096',NULL,NULL,NULL,'WN1',1),(2869,NULL,'V096',NULL,NULL,NULL,'WN2',1),(2870,NULL,'V096',NULL,NULL,NULL,'WN3',1),(2871,NULL,'V096',NULL,NULL,NULL,'WN4',1),(2872,NULL,'V058',NULL,NULL,NULL,'WN4 0',1),(2873,NULL,'V058',NULL,NULL,NULL,'WN4 8',1),(2874,NULL,'V058',NULL,NULL,NULL,'WN4 9',1),(2875,NULL,'V096',NULL,NULL,NULL,'WN5',1),(2876,NULL,'V096',NULL,NULL,NULL,'WN6',1),(2877,NULL,'V096',NULL,NULL,NULL,'WN6 0',1),(2878,NULL,'V096',NULL,NULL,NULL,'WN6 7',1),(2879,NULL,'V096',NULL,NULL,NULL,'WN6 8',1),(2880,NULL,'V056',NULL,NULL,NULL,'WN6 9',1),(2881,NULL,'V096',NULL,NULL,NULL,'WN7',1),(2882,NULL,'V056',NULL,NULL,NULL,'WN8 0',1),(2883,NULL,'V056',NULL,NULL,NULL,'WN8 6',1),(2884,NULL,'V056',NULL,NULL,NULL,'WN8 7',1),(2885,NULL,'V056',NULL,NULL,NULL,'WN8 8',1),(2886,NULL,'V056',NULL,NULL,NULL,'WN8 9',1),(2887,NULL,'V022',NULL,NULL,NULL,'WR1',1),(2888,NULL,'V022',NULL,NULL,NULL,'WR10',1),(2889,NULL,'V022',NULL,NULL,NULL,'WR11',1),(2890,NULL,'V022',NULL,NULL,NULL,'WR12',1),(2891,NULL,'V022',NULL,NULL,NULL,'WR13',1),(2892,NULL,'V022',NULL,NULL,NULL,'WR14',1),(2893,NULL,'V022',NULL,NULL,NULL,'WR15',1),(2894,NULL,'V022',NULL,NULL,NULL,'WR2',1),(2895,NULL,'V022',NULL,NULL,NULL,'WR3',1),(2896,NULL,'V022',NULL,NULL,NULL,'WR4',1),(2897,NULL,'V022',NULL,NULL,NULL,'WR5',1),(2898,NULL,'V022',NULL,NULL,NULL,'WR6',1),(2899,NULL,'V022',NULL,NULL,NULL,'WR7',1),(2900,NULL,'V022',NULL,NULL,NULL,'WR8',1),(2901,NULL,'V022',NULL,NULL,NULL,'WR9',1),(2902,NULL,'N001',NULL,NULL,NULL,'WS1',1),(2903,NULL,'N001',NULL,NULL,NULL,'WS10',1),(2904,NULL,'V028',NULL,NULL,NULL,'WS11',1),(2905,NULL,'N001',NULL,NULL,NULL,'WS12',1),(2906,NULL,'V028',NULL,NULL,NULL,'WS13',1),(2907,NULL,'N001',NULL,NULL,NULL,'WS14',1),(2908,NULL,'V028',NULL,NULL,NULL,'WS15',1),(2909,NULL,'N001',NULL,NULL,NULL,'WS2',1),(2910,NULL,'N001',NULL,NULL,NULL,'WS3',1),(2911,NULL,'N001',NULL,NULL,NULL,'WS4',1),(2912,NULL,'N001',NULL,NULL,NULL,'WS5',1),(2913,NULL,'N001',NULL,NULL,NULL,'WS6',1),(2914,NULL,'V028',NULL,NULL,NULL,'WS7',1),(2915,NULL,'V028',NULL,NULL,NULL,'WS8',1),(2916,NULL,'N001',NULL,NULL,NULL,'WS9',1),(2917,NULL,'N001',NULL,NULL,NULL,'WV1',1),(2918,NULL,'N001',NULL,NULL,NULL,'WV10',1),(2919,NULL,'N001',NULL,NULL,NULL,'WV11',1),(2920,NULL,'N001',NULL,NULL,NULL,'WV12',1),(2921,NULL,'N001',NULL,NULL,NULL,'WV13',1),(2922,NULL,'N001',NULL,NULL,NULL,'WV14',1),(2923,NULL,'N001',NULL,NULL,NULL,'WV15',1),(2924,NULL,'V028',NULL,NULL,NULL,'WV16',1),(2925,NULL,'N001',NULL,NULL,NULL,'WV2',1),(2926,NULL,'N001',NULL,NULL,NULL,'WV3',1),(2927,NULL,'N001',NULL,NULL,NULL,'WV4',1),(2928,NULL,'N001',NULL,NULL,NULL,'WV5',1),(2929,NULL,'N001',NULL,NULL,NULL,'WV6',1),(2930,NULL,'N001',NULL,NULL,NULL,'WV7',1),(2931,NULL,'N001',NULL,NULL,NULL,'WV8',1),(2932,NULL,'N001',NULL,NULL,NULL,'WV9',1),(2933,NULL,'V048',NULL,NULL,NULL,'YO1',1),(2934,NULL,'V048',NULL,NULL,NULL,'YO11',1),(2935,NULL,'V048',NULL,NULL,NULL,'YO12',1),(2936,NULL,'V048',NULL,NULL,NULL,'YO13',1),(2937,NULL,'V048',NULL,NULL,NULL,'YO14',1),(2938,NULL,'V042',NULL,NULL,NULL,'YO15 1',1),(2939,NULL,'V042',NULL,NULL,NULL,'YO15 2',1),(2940,NULL,'V042',NULL,NULL,NULL,'YO15 3',1),(2941,NULL,'V042',NULL,NULL,NULL,'YO16 4',1),(2942,NULL,'V042',NULL,NULL,NULL,'YO16 5',1),(2943,NULL,'V048',NULL,NULL,NULL,'YO17',1),(2944,NULL,'V048',NULL,NULL,NULL,'YO18',1),(2945,NULL,'V048',NULL,NULL,NULL,'YO2',1),(2946,NULL,'V048',NULL,NULL,NULL,'YO21',1),(2947,NULL,'V048',NULL,NULL,NULL,'YO22',1),(2948,NULL,'V048',NULL,NULL,NULL,'YO23',1),(2949,NULL,'V042',NULL,NULL,NULL,'YO25 0',1),(2950,NULL,'V042',NULL,NULL,NULL,'YO25 7',1),(2951,NULL,'V042',NULL,NULL,NULL,'YO25 8',1),(2952,NULL,'V042',NULL,NULL,NULL,'YO25 9',1),(2953,NULL,'V048',NULL,NULL,NULL,'YO26',1),(2954,NULL,'V048',NULL,NULL,NULL,'YO3',1),(2955,NULL,'V048',NULL,NULL,NULL,'YO30',1),(2956,NULL,'V048',NULL,NULL,NULL,'YO31',1),(2957,NULL,'V048',NULL,NULL,NULL,'YO32',1),(2958,NULL,'V048',NULL,NULL,NULL,'YO4 1',1),(2959,NULL,'V048',NULL,NULL,NULL,'YO4 5 ',1),(2960,NULL,'V048',NULL,NULL,NULL,'YO4 6',1),(2961,NULL,'V048',NULL,NULL,NULL,'YO41',1),(2962,NULL,'V042',NULL,NULL,NULL,'YO42 1',1),(2963,NULL,'V042',NULL,NULL,NULL,'YO42 2',1),(2964,NULL,'V042',NULL,NULL,NULL,'YO42 3',1),(2965,NULL,'V042',NULL,NULL,NULL,'YO42 4',1),(2966,NULL,'V042',NULL,NULL,NULL,'YO43',1),(2967,NULL,'V048',NULL,NULL,NULL,'YO5 7',1),(2968,NULL,'V048',NULL,NULL,NULL,'YO5 8',1),(2969,NULL,'V048',NULL,NULL,NULL,'YO5 9',1),(2970,NULL,'V048',NULL,NULL,NULL,'YO51',1),(2971,NULL,'V048',NULL,NULL,NULL,'YO6',1),(2972,NULL,'V048',NULL,NULL,NULL,'YO60',1),(2973,NULL,'V048',NULL,NULL,NULL,'YO61',1),(2974,NULL,'V048',NULL,NULL,NULL,'YO62',1),(2975,NULL,'V048',NULL,NULL,NULL,'YO7',1),(2976,NULL,'V048',NULL,NULL,NULL,'YO8 0',1),(2977,NULL,'V042',NULL,NULL,NULL,'YO8 6',1),(2978,NULL,'V042',NULL,NULL,NULL,'YO8 7',1),(2979,NULL,'V048',NULL,NULL,NULL,'YO8 8',1),(2980,NULL,'V048',NULL,NULL,NULL,'YO8 9',1),(2981,NULL,'V067',NULL,NULL,NULL,'ZE1',1),(2982,NULL,'V067',NULL,NULL,NULL,'ZE2',1),(2983,NULL,'V067',NULL,NULL,NULL,'ZE3',1);
/*!40000 ALTER TABLE `postcode_enforcement_area` ENABLE KEYS */;
UNLOCK TABLES;

--
-- Dumping data for table `presiding_tc`
--

LOCK TABLES `presiding_tc` WRITE;
/*!40000 ALTER TABLE `presiding_tc` DISABLE KEYS */;
INSERT INTO `presiding_tc` (`id`, `deleted`, `name`) VALUES (1,0,'Presiding TC Name 1'),(2,0,'Presiding TC Name 2'),(3,0,'Presiding TC Name 3');
/*!40000 ALTER TABLE `presiding_tc` ENABLE KEYS */;
UNLOCK TABLES;

--
-- Dumping data for table `previous_conviction`
--

LOCK TABLES `previous_conviction` WRITE;
/*!40000 ALTER TABLE `previous_conviction` DISABLE KEYS */;
INSERT INTO `previous_conviction` (`id`, `application_id`, `title`, `transport_manager_id`, `birth_date`, `category_text`, `conviction_date`, `court_fpn`, `deleted_date`, `family_name`, `forename`, `notes`, `penalty`, `version`) VALUES (1,NULL,NULL,1,NULL,'Offence 1','2014-10-30','Court 1',NULL,NULL,NULL,'Offence 1 details','Penalty 1',1),(2,NULL,NULL,1,NULL,'Offence 2','2014-11-30','Court 2',NULL,NULL,NULL,'Offence 2 details','Penalty 2',1),(3,NULL,NULL,3,NULL,'Offence 3','2012-10-30','Court 3',NULL,NULL,NULL,'Offence 3 details','Penalty 3',1),(4,NULL,NULL,3,NULL,'Offence 4','2011-11-30','Court 4',NULL,NULL,NULL,'Offence 4 details','Penalty 4',1);
/*!40000 ALTER TABLE `previous_conviction` ENABLE KEYS */;
UNLOCK TABLES;

--
-- Dumping data for table `print_queue`
--

LOCK TABLES `print_queue` WRITE;
/*!40000 ALTER TABLE `print_queue` DISABLE KEYS */;
/*!40000 ALTER TABLE `print_queue` ENABLE KEYS */;
UNLOCK TABLES;

--
-- Dumping data for table `printer`
--

LOCK TABLES `printer` WRITE;
/*!40000 ALTER TABLE `printer` DISABLE KEYS */;
/*!40000 ALTER TABLE `printer` ENABLE KEYS */;
UNLOCK TABLES;

--
-- Dumping data for table `private_hire_licence`
--

LOCK TABLES `private_hire_licence` WRITE;
/*!40000 ALTER TABLE `private_hire_licence` DISABLE KEYS */;
/*!40000 ALTER TABLE `private_hire_licence` ENABLE KEYS */;
UNLOCK TABLES;

--
-- Dumping data for table `prohibition`
--

LOCK TABLES `prohibition` WRITE;
/*!40000 ALTER TABLE `prohibition` DISABLE KEYS */;
INSERT INTO `prohibition` (`id`, `case_id`, `created_by`, `last_modified_by`, `prohibition_type`, `cleared_date`, `created_on`, `deleted_date`, `imposed_at`, `is_trailer`, `last_modified_on`, `olbs_key`, `prohibition_date`, `version`, `vrm`) VALUES (1,24,1,1,'pro_t_d','2014-03-11','2014-06-09 11:01:21',NULL,'Doncaster',1,'2014-06-09 11:01:21',NULL,'2014-01-24',1,'AB52 CDE');
/*!40000 ALTER TABLE `prohibition` ENABLE KEYS */;
UNLOCK TABLES;

--
-- Dumping data for table `prohibition_defect`
--

LOCK TABLES `prohibition_defect` WRITE;
/*!40000 ALTER TABLE `prohibition_defect` DISABLE KEYS */;
INSERT INTO `prohibition_defect` (`id`, `created_by`, `last_modified_by`, `prohibition_id`, `created_on`, `defect_type`, `last_modified_on`, `notes`, `olbs_key`, `version`) VALUES (1,1,1,1,'2014-06-09 12:06:41','defect type','2014-06-09 12:06:41','defect description',NULL,1);
/*!40000 ALTER TABLE `prohibition_defect` ENABLE KEYS */;
UNLOCK TABLES;

--
-- Dumping data for table `propose_to_revoke`
--

LOCK TABLES `propose_to_revoke` WRITE;
/*!40000 ALTER TABLE `propose_to_revoke` DISABLE KEYS */;
/*!40000 ALTER TABLE `propose_to_revoke` ENABLE KEYS */;
UNLOCK TABLES;

--
-- Dumping data for table `psv_disc`
--

LOCK TABLES `psv_disc` WRITE;
/*!40000 ALTER TABLE `psv_disc` DISABLE KEYS */;
INSERT INTO `psv_disc` (`id`, `created_by`, `last_modified_by`, `licence_id`, `ceased_date`, `created_on`, `disc_no`, `is_copy`, `is_printing`, `issued_date`, `last_modified_on`, `olbs_key`, `reprint_required`, `version`) VALUES (1,NULL,NULL,63,NULL,'2014-02-20 00:00:00',NULL,0,0,NULL,NULL,NULL,0,1),(2,NULL,NULL,75,NULL,'2014-02-20 00:00:00',NULL,0,0,NULL,NULL,NULL,0,1),(3,NULL,NULL,100,NULL,'2014-02-20 00:00:00',NULL,0,0,NULL,NULL,NULL,0,1),(4,NULL,NULL,110,NULL,'2014-02-20 00:00:00',NULL,0,0,NULL,NULL,NULL,0,1),(5,NULL,NULL,63,NULL,'2014-02-20 00:00:00',NULL,0,0,NULL,NULL,NULL,0,1),(6,NULL,NULL,75,NULL,'2014-02-20 00:00:00',NULL,0,0,NULL,NULL,NULL,0,1),(7,NULL,NULL,100,NULL,'2014-02-20 00:00:00',NULL,0,0,NULL,NULL,NULL,0,1),(8,NULL,NULL,110,NULL,'2014-02-20 00:00:00',NULL,0,0,NULL,NULL,NULL,0,1),(9,NULL,NULL,63,NULL,'2014-02-20 00:00:00',NULL,0,0,NULL,NULL,NULL,0,1),(10,NULL,NULL,75,NULL,'2014-02-20 00:00:00',NULL,0,0,NULL,NULL,NULL,0,1),(11,NULL,NULL,100,NULL,'2014-02-20 00:00:00',NULL,0,0,NULL,NULL,NULL,0,1),(12,NULL,NULL,110,NULL,'2014-02-20 00:00:00',NULL,0,0,NULL,NULL,NULL,0,1),(13,NULL,NULL,110,NULL,'2014-02-20 00:00:00','1231',0,0,'2014-02-20 00:00:00',NULL,NULL,0,1),(14,NULL,NULL,110,NULL,'2014-02-20 00:00:00','1234',0,0,'2014-02-20 00:00:00',NULL,NULL,0,1),(15,NULL,NULL,30,NULL,'2014-02-20 00:00:00',NULL,0,0,NULL,NULL,NULL,0,1);
/*!40000 ALTER TABLE `psv_disc` ENABLE KEYS */;
UNLOCK TABLES;

--
-- Dumping data for table `ptr_reason`
--

LOCK TABLES `ptr_reason` WRITE;
/*!40000 ALTER TABLE `ptr_reason` DISABLE KEYS */;
/*!40000 ALTER TABLE `ptr_reason` ENABLE KEYS */;
UNLOCK TABLES;

--
-- Dumping data for table `public_holiday`
--

LOCK TABLES `public_holiday` WRITE;
/*!40000 ALTER TABLE `public_holiday` DISABLE KEYS */;
INSERT INTO `public_holiday` (`id`, `created_by`, `last_modified_by`, `created_on`, `is_england`, `is_ni`, `is_scotland`, `is_wales`, `last_modified_on`, `public_holiday_date`, `version`) VALUES (1,1,1,'2015-10-07 08:04:05',1,1,1,1,'2015-10-07 08:04:05','2014-01-01',1),(2,1,1,'2015-10-07 08:04:05',0,0,1,0,'2015-10-07 08:04:05','2014-01-02',1),(3,1,1,'2015-10-07 08:04:05',0,1,0,0,'2015-10-07 08:04:05','2014-03-17',1),(4,1,1,'2015-10-07 08:04:05',1,1,1,1,'2015-10-07 08:04:05','2014-04-18',1),(5,1,1,'2015-10-07 08:04:05',1,1,0,1,'2015-10-07 08:04:05','2014-04-21',1),(6,1,1,'2015-10-07 08:04:05',1,1,1,1,'2015-10-07 08:04:05','2014-05-05',1),(7,1,1,'2015-10-07 08:04:05',1,1,1,1,'2015-10-07 08:04:05','2014-05-26',1),(8,1,1,'2015-10-07 08:04:05',0,1,0,0,'2015-10-07 08:04:05','2014-07-14',1),(9,1,1,'2015-10-07 08:04:05',0,0,1,0,'2015-10-07 08:04:05','2014-08-04',1),(10,1,1,'2015-10-07 08:04:05',1,1,0,1,'2015-10-07 08:04:05','2014-08-25',1),(11,1,1,'2015-10-07 08:04:05',0,0,1,0,'2015-10-07 08:04:05','2014-12-01',1),(12,1,1,'2015-10-07 08:04:05',1,1,1,1,'2015-10-07 08:04:05','2014-12-25',1),(13,1,1,'2015-10-07 08:04:05',1,1,1,1,'2015-10-07 08:04:05','2014-12-26',1),(14,1,1,'2015-10-07 08:04:05',1,1,1,1,'2015-10-07 08:04:05','2015-01-01',1),(15,1,1,'2015-10-07 08:04:05',0,0,1,0,'2015-10-07 08:04:05','2015-01-02',1),(16,1,1,'2015-10-07 08:04:05',0,1,0,0,'2015-10-07 08:04:05','2015-03-17',1),(17,1,1,'2015-10-07 08:04:05',1,1,1,1,'2015-10-07 08:04:05','2015-04-03',1),(18,1,1,'2015-10-07 08:04:05',1,1,0,1,'2015-10-07 08:04:05','2015-04-06',1),(19,1,1,'2015-10-07 08:04:05',1,1,1,1,'2015-10-07 08:04:05','2015-05-04',1),(20,1,1,'2015-10-07 08:04:05',1,1,1,1,'2015-10-07 08:04:05','2015-05-25',1),(21,1,1,'2015-10-07 08:04:05',0,1,0,0,'2015-10-07 08:04:05','2015-07-13',1),(22,1,1,'2015-10-07 08:04:05',0,0,1,0,'2015-10-07 08:04:05','2015-08-03',1),(23,1,1,'2015-10-07 08:04:05',1,1,0,1,'2015-10-07 08:04:05','2015-08-31',1),(24,1,1,'2015-10-07 08:04:05',0,0,1,0,'2015-10-07 08:04:05','2015-11-30',1),(25,1,1,'2015-10-07 08:04:05',1,1,1,1,'2015-10-07 08:04:05','2015-12-25',1),(26,1,1,'2015-10-07 08:04:05',1,1,1,1,'2015-10-07 08:04:05','2015-12-28',1),(27,1,1,'2015-10-07 08:04:05',1,1,1,1,'2015-10-07 08:04:05','2016-01-01',1),(28,1,1,'2015-10-07 08:04:05',0,0,1,0,'2015-10-07 08:04:05','2016-01-04',1),(29,1,1,'2015-10-07 08:04:05',0,1,0,0,'2015-10-07 08:04:05','2016-03-17',1),(30,1,1,'2015-10-07 08:04:05',1,1,1,1,'2015-10-07 08:04:05','2016-03-25',1),(31,1,1,'2015-10-07 08:04:05',1,1,0,1,'2015-10-07 08:04:05','2016-03-28',1),(32,1,1,'2015-10-07 08:04:05',1,1,1,1,'2015-10-07 08:04:05','2016-05-02',1),(33,1,1,'2015-10-07 08:04:05',1,1,1,1,'2015-10-07 08:04:05','2016-05-30',1),(34,1,1,'2015-10-07 08:04:05',0,1,0,0,'2015-10-07 08:04:05','2016-07-12',1),(35,1,1,'2015-10-07 08:04:05',0,0,1,0,'2015-10-07 08:04:05','2016-08-01',1),(36,1,1,'2015-10-07 08:04:05',1,1,1,1,'2015-10-07 08:04:05','2016-08-29',1),(37,1,1,'2015-10-07 08:04:05',1,1,1,1,'2015-10-07 08:04:05','2016-12-26',1),(38,1,1,'2015-10-07 08:04:05',1,0,0,1,'2015-10-07 08:04:05','2016-12-27',1);
/*!40000 ALTER TABLE `public_holiday` ENABLE KEYS */;
UNLOCK TABLES;

--
-- Dumping data for table `publication`
--

LOCK TABLES `publication` WRITE;
/*!40000 ALTER TABLE `publication` DISABLE KEYS */;
INSERT INTO `publication` (`id`, `created_by`, `doc_template_id`, `document_id`, `last_modified_by`, `pub_status`, `traffic_area_id`, `created_on`, `doc_name`, `last_modified_on`, `pub_date`, `pub_type`, `publication_no`, `version`) VALUES (3,1,685,NULL,1,'pub_s_new','B','2014-10-30 00:00:00',NULL,'2014-10-30 00:00:00','2014-10-30','A&D',6129,1),(4,1,693,NULL,1,'pub_s_new','B','2014-10-30 00:00:00',NULL,'2014-10-30 00:00:00','2014-10-30','N&P',2156,1),(5,1,686,NULL,1,'pub_s_new','C','2014-10-30 00:00:00',NULL,'2014-10-30 00:00:00','2014-10-30','A&D',6576,1),(6,1,694,NULL,1,'pub_s_new','C','2014-10-30 00:00:00',NULL,'2014-10-30 00:00:00','2014-10-30','N&P',2648,1),(7,1,689,NULL,1,'pub_s_new','D','2014-10-30 00:00:00',NULL,'2014-10-30 00:00:00','2014-10-30','A&D',2624,1),(8,1,696,NULL,1,'pub_s_new','D','2014-10-30 00:00:00',NULL,'2014-10-30 00:00:00','2014-10-30','N&P',2181,1),(9,1,683,NULL,1,'pub_s_new','F','2014-10-30 00:00:00',NULL,'2014-10-30 00:00:00','2014-10-30','A&D',5008,1),(10,1,691,NULL,1,'pub_s_new','F','2014-10-30 00:00:00',NULL,'2014-10-30 00:00:00','2014-10-30','N&P',2160,1),(11,1,698,NULL,1,'pub_s_new','G','2014-10-30 00:00:00',NULL,'2014-10-30 00:00:00','2014-10-30','A&D',8377,1),(12,1,699,NULL,1,'pub_s_new','G','2014-10-30 00:00:00',NULL,'2014-10-30 00:00:00','2014-10-30','N&P',1986,1),(13,1,690,NULL,1,'pub_s_new','H','2014-10-30 00:00:00',NULL,'2014-10-30 00:00:00','2014-10-30','A&D',5379,1),(14,1,697,NULL,1,'pub_s_new','H','2014-10-30 00:00:00',NULL,'2014-10-30 00:00:00','2014-10-30','N&P',2484,1),(15,1,684,NULL,1,'pub_s_new','K','2014-10-30 00:00:00',NULL,'2014-10-30 00:00:00','2014-10-30','A&D',3889,1),(16,1,692,NULL,1,'pub_s_new','K','2014-10-30 00:00:00',NULL,'2014-10-30 00:00:00','2014-10-30','N&P',2283,1),(21,1,688,NULL,1,'pub_s_new','M','2014-10-30 00:00:00',NULL,'2014-10-30 00:00:00','2014-10-30','A&D',6666,1),(22,1,695,NULL,1,'pub_s_new','M','2014-10-30 00:00:00',NULL,'2014-10-30 00:00:00','2014-10-20','N&P',7777,1),(23,1,687,NULL,1,'pub_s_new','N','2014-10-30 00:00:00',NULL,'2014-10-30 00:00:00','2014-10-31','A&D',8888,1);
/*!40000 ALTER TABLE `publication` ENABLE KEYS */;
UNLOCK TABLES;

--
-- Dumping data for table `publication_link`
--

LOCK TABLES `publication_link` WRITE;
/*!40000 ALTER TABLE `publication_link` DISABLE KEYS */;
INSERT INTO `publication_link` (`id`, `application_id`, `bus_reg_id`, `created_by`, `last_modified_by`, `licence_id`, `pi_id`, `publication_id`, `publication_section_id`, `traffic_area_id`, `transport_manager_id`, `created_on`, `deleted_date`, `last_modified_on`, `olbs_key`, `olbs_type`, `orig_pub_date`, `text1`, `text2`, `text3`, `version`) VALUES (1,NULL,NULL,NULL,NULL,7,NULL,3,13,'B',NULL,'2014-11-25 15:47:03',NULL,NULL,NULL,NULL,NULL,'Public Inquiry (47574) to be held at The Court Room, Eastern Traffic Area, Eastbrook, Shaftesbury Road, Cambridge, CB2 8BF, on 16 May 2014 commencing at 14:00(Previous Publication:(5024)\r)\rOF1093864          R\rCOASTFIELDS LEISURE LIMITED\rDirector(s): LYNDA JOYCE SILVESTER, LLOYD BENNET SILVESTER.\rVICKERS POINT, ROMAN BANK, INGOLDMELLS SKEGNESS PE25 1JU','GV - S26 - Consideration of disciplinary action under Section 26\rGV - S28 - Consideration of disciplinary action under Section 28',NULL,1),(2,NULL,NULL,NULL,NULL,7,NULL,3,14,'B',NULL,'2014-12-11 10:03:15',NULL,NULL,NULL,NULL,NULL,'Public Inquiry (47212) held at The Court Room, Eastern Traffic Area, Eastbrook, Shaftesbury Road, Cambridge, CB2 8BF on 25 March 2014 at 10:00(Previous Publication:(5024)\r)OF1100325          SI\rB B TRANSPORT (EAST ANGLIA) LIMITED\rDirector(s): STEVEN CLIVE HARROLD.\rBROCKFORD GARAGE, BROCKFORD , STOWMARKET IP14 5PF','GV - S26 - Licence revoked with immediate effect\rGV - S27 - Licence revoked with immediate effect',NULL,1),(3,1,NULL,NULL,NULL,7,1,3,1,'B',NULL,'2014-12-11 10:03:15',NULL,NULL,NULL,NULL,NULL,'OF1128599 SN','A & R DISTRIBUTION (LINCS) LIMITED\rDirector(s): STUART JOHN ROBERTS.','4 EARLSFIELD, MOULTON SEAS END , SPALDING PE12 6LE\rOperating Centre: EDISON COURT, SOUTH HOLLAND ENTERPRISE PARK, PINCHBECK SPALDING PE11 3FX\rAuthorisation:2 Vehicle(s) and 0 Trailer(s).\rTransport Manager(s): STUART JOHN ROBERTS',1),(4,1,NULL,NULL,NULL,7,1,3,3,'B',NULL,'2014-12-11 10:03:15',NULL,NULL,NULL,NULL,NULL,'OF1049327 SN','A J GRAB HIRE LTD\rDirector(s): JASON MATHEW USHER','LANGDALE FARM, CAMBRIDGE ROAD, MELBOURN ROYSTON SG8 6EY\rIncreased authorisation at existing operating centre: LANGDALE FARM, HARD STANDING BEHIND BARN TO LEFT, CAMBRIDGE ROAD, MELBOURN, ROYSTON SG8 6EY ()\rNew authorisation at this operating centre will be: 2 vehicle(s), 1 trailer(s)',1),(5,1,NULL,NULL,NULL,7,1,3,4,'B',NULL,'2014-12-11 10:03:15',NULL,NULL,NULL,NULL,NULL,'OF1125539 SN\r(5020)','A K FREIGHT LTD\rDirector(s): STEPHEN ANTHONY KIDD','14 HINGLEY CLOSE, GORLESTON , GREAT YARMOUTH NR31 0QH\rOperating Centre: 8 SPEEDWELL WAY  HARLESTON IP20 9EH\rAuthorisation:2 Vehicle(s) and 2 Trailer(s).\rTransport Manager(s): RICHARD ALFRED SPALL\rNew Undertaking: Andrew Kidd will not be involved in the management of the company or the transport operations.. Attached to Licence.\rNew Undertaking: The operator will obtain an independent audit covering all aspects of their operations in January 2015 and January 2016. These audits will be retained and made available to the Traffic Commissioner on request.. Attached to Licence.\rNew Undertaking: The operator will submit original company bank statements showing access to the required financial standing as an average balance by 31 January 2015 and 31 January 2016. These statements will cover the entire months of October, November and December of 2014 and 2015 respectively.. Attached to Licence.',1),(6,1,NULL,NULL,NULL,7,1,3,5,'B',NULL,'2014-12-11 10:03:15',NULL,NULL,NULL,NULL,NULL,'OF1127481 SN\r(5022)','DANIEL CHIRAN',NULL,1),(7,NULL,12,NULL,NULL,110,NULL,4,23,'B',NULL,'2015-03-06 11:47:52',NULL,NULL,NULL,NULL,NULL,'PD2737280/13245','PD2737280 LEEDS CITY COUNCIL, UNIT 5, 12 ALBERT STREET, WESTPOINT, LEEDS, LS9 6NA','Operating between Leeds and Doncaster given service number 26453 / 13249 / 13355 effective from 27 May 2014. To amend Start & finish point and Stopping places.',1),(8,NULL,12,NULL,NULL,110,NULL,8,23,'D',NULL,'2015-03-06 11:47:53',NULL,NULL,NULL,NULL,NULL,'PD2737280/13245','PD2737280 LEEDS CITY COUNCIL, UNIT 5, 12 ALBERT STREET, WESTPOINT, LEEDS, LS9 6NA','Operating between Leeds and Doncaster given service number 26453 / 13249 / 13355 effective from 27 May 2014. To amend Start & finish point and Stopping places.',1),(9,NULL,12,NULL,NULL,110,NULL,10,23,'F',NULL,'2015-03-06 11:47:54',NULL,NULL,NULL,NULL,NULL,'PD2737280/13245','PD2737280 LEEDS CITY COUNCIL, UNIT 5, 12 ALBERT STREET, WESTPOINT, LEEDS, LS9 6NA','Operating between Leeds and Doncaster given service number 26453 / 13249 / 13355 effective from 27 May 2014. To amend Start & finish point and Stopping places.',1),(13,NULL,15,NULL,NULL,110,NULL,4,23,'B',NULL,'2015-03-06 13:07:52',NULL,NULL,NULL,NULL,NULL,'PD2737280/15711','PD2737280 LEEDS CITY COUNCIL, UNIT 5, 12 ALBERT STREET, WESTPOINT, LEEDS, LS9 6NA','Operating between Leeds and Doncaster given service number 46474 / 15712 / 15719 effective from 10 March 2014.',1),(14,NULL,15,NULL,NULL,110,NULL,14,23,'H',NULL,'2015-03-06 13:07:53',NULL,NULL,NULL,NULL,NULL,'PD2737280/15711','PD2737280 LEEDS CITY COUNCIL, UNIT 5, 12 ALBERT STREET, WESTPOINT, LEEDS, LS9 6NA','Operating between Leeds and Doncaster given service number 46474 / 15712 / 15719 effective from 10 March 2014.',1),(15,NULL,15,NULL,NULL,110,NULL,22,23,'M',NULL,'2015-03-06 13:07:54',NULL,NULL,NULL,NULL,NULL,'PD2737280/15711','PD2737280 LEEDS CITY COUNCIL, UNIT 5, 12 ALBERT STREET, WESTPOINT, LEEDS, LS9 6NA','Operating between Leeds and Doncaster given service number 46474 / 15712 / 15719 effective from 10 March 2014.',1),(16,NULL,1,NULL,NULL,110,NULL,4,21,'B',NULL,'2015-03-06 13:09:19',NULL,NULL,NULL,NULL,NULL,'PD2737280/14686','PD2737280 LEEDS CITY COUNCIL, UNIT 5, 12 ALBERT STREET, WESTPOINT, LEEDS, LS9 6NA','From: Doncaster\nTo: Sheffield\nVia: York\nName or No.: 90839 / 90840 / 90841\nService type: Normal Stopping, Frequent Service, Hail & Ride\nEffective date: 15 March 2014\nOther details: Other details',1),(17,NULL,1,NULL,NULL,110,NULL,12,21,'G',NULL,'2015-03-06 13:09:20',NULL,NULL,NULL,NULL,NULL,'PD2737280/14686','PD2737280 LEEDS CITY COUNCIL, UNIT 5, 12 ALBERT STREET, WESTPOINT, LEEDS, LS9 6NA','From: Doncaster\nTo: Sheffield\nVia: York\nName or No.: 90839 / 90840 / 90841\nService type: Normal Stopping, Frequent Service, Hail & Ride\nEffective date: 15 March 2014\nOther details: Other details',1),(18,1,NULL,NULL,NULL,7,1,4,4,'B',NULL,'2014-12-11 10:03:15',NULL,NULL,NULL,NULL,NULL,'PF1129560 R\r(2180)','ACORN CHILDCARE LTD\rDirector(s): ZOE RAVEN.','17 SOUTH STREET, CASTLETHORPE , MILTON KEYNES MK19 7EL\rOperating Centre: LINCOLN LODGE FARM, CASTLETHORPE , MILTON KEYNES MK19 7HJ\rAuthorisation:1 Vehicle(s).\rOperating Centre: 17 SOUTH STREET, CASTLETHORPE , MILTON KEYNES MK19 7EL\rAuthorisation:1 Vehicle(s).\rNew Undertaking: Limousines and novelty type vehicles are not to be operated under this operators licence.. Attached to Licence.\rNew Undertaking: Should income from, or time spent on, the minibus operation exceed that from all other sources for two consecutive months, the operator will apply for a standard national licence.\r. Attached to Licence.\rNew Undertaking: The operator shall, during the life of the restricted licence, keep records of time spent and income earned from all occupations to enable the primary occupation to be determined. Copies of the record shall be made available to the DVSA and/or OTC Officers on request. . Attached to Licence.\rNew Undertaking: Vehicles with eight passenger seats or less will not be operated under the licence without the prior written agreement of the traffic commissioner who may require you to agree to certain undertakings.. Attached to Licence.',1),(19,1,NULL,NULL,NULL,7,1,4,5,'B',NULL,'2014-12-11 10:03:15',NULL,NULL,NULL,NULL,NULL,'New applications refused text 1','New applications refused text 2','New applications refused text 3',1),(20,NULL,NULL,NULL,NULL,7,NULL,4,10,'B',NULL,'2014-12-11 10:03:15',NULL,NULL,NULL,NULL,NULL,'PF1125228 R\r(2175)','Licence surrendered WEF 20 February 2015\rCP WOBURN (OPERATING COMPANY) LIMITED\rDirector(s): ANDREA VALERI, PETER HUDSON STOLL, ANTHONY MARTIN ROBINSON, MICHAEL JOHN PEGLER, FARHAD MAWJIKARIM, MARTIN PETER DALBY, PAUL INGLETT.','CENTRE PARCS, 1 EDISON RISE, NEW OLLERTON NEWARK NG22 9DP\rRegistered Bus Services running under this licence have also been surrendered with immediate effect.',1),(21,NULL,NULL,NULL,NULL,7,NULL,4,10,'B',NULL,'2014-12-11 10:03:15',NULL,NULL,NULL,NULL,NULL,'PF1091679 R\r(2065)','Licence surrendered WEF 20 February 2015\rISHTIAQ AHMED T/A H I TRAVEL','5 PREBENDAL AVENUE AYLESBURY HP21 8HZ\rRegistered Bus Services running under this licence have also been surrendered with immediate effect.',1),(22,NULL,NULL,NULL,NULL,7,NULL,4,11,'B',NULL,'2014-12-11 10:03:15',NULL,NULL,NULL,NULL,NULL,'Licences terminated text 1 (test data line 1)','Licences terminated text 2 (test data line 1)','Licences terminated text 3 (test data line 1)',1),(23,NULL,NULL,NULL,NULL,7,NULL,4,11,'B',NULL,'2014-12-11 10:03:15',NULL,NULL,NULL,NULL,NULL,'Licences terminated text 1 (test data line 2)','Licences terminated text 2 (test data line 2\n)','Licences terminated text 3 (test data line 2)',1),(24,NULL,NULL,NULL,NULL,7,NULL,4,12,'B',NULL,'2014-12-11 10:03:15',NULL,NULL,NULL,NULL,NULL,'Licence revoked text 1','Licence revoked text 2','Licence revoked text 3\n',1),(25,NULL,NULL,NULL,NULL,7,NULL,4,20,'B',NULL,'2014-12-11 10:03:15',NULL,NULL,NULL,NULL,NULL,'Licence CNS text 1 (test data line 1)','Licence CNS text 2 (test data line 1)','Licence CNS text 3 (test data line 1)',1),(26,1,NULL,NULL,NULL,7,1,3,1,'B',NULL,'2014-12-11 10:03:15',NULL,NULL,NULL,NULL,NULL,'OF1128513 R','AMA SCAFFOLDING LTD\rDirector(s): MARTIN UNSTEAD','UN IT 8, FAIRVIEW INDUSTRIAL CENTRE, MARSH WAY RAINHAM RM13 8UH\rOperating Centre: FOSTER STREET FARM, FOSTER STREET , HARLOW CM17 9HS\rAuthorisation:4 Vehicle(s) and 0 Trailer(s).',1),(27,1,NULL,NULL,NULL,7,1,3,3,'B',NULL,'2014-12-11 10:03:15',NULL,NULL,NULL,NULL,NULL,'OF1063688 SN','ABBEY WASTE CONTROL LTD\rDirector(s): TYSON MARK ALEXANDER BONHAM, PAUL ARTHUR ALEXANDER BONHAM\r','VICTORY HOUSE, 245 SOUTHTOWN ROAD , GREAT YARMOUTH NR31 0JJ\rIncreased authorisation at existing operating centre: MARINE BASE, BERTH 28, PORTLAND WHARF, 244, SOUTHTOWN ROAD GREAT YARMOUTH NR31 0JJ ()\rNew authorisation at this operating centre will be: 6 vehicle(s), 2 trailer(s)',1),(28,1,NULL,NULL,NULL,7,1,3,4,'B',NULL,'2014-12-11 10:03:15',NULL,NULL,NULL,NULL,NULL,'OF1127113 SI\r(5021)\r','ANUFRIEW LOGISTICS LIMITED\rDirector(s): SLAMONIR WLODZIMIERZ ANUFRIEW','115 SIDEGATE LANE  IPSWICH IP4 4JB\rOperating Centre: ROY HUMPHREY, A140 NORWICH ROAD, BROME EYE IP23 8AW\rAuthorisation:2 Vehicle(s) and 2 Trailer(s).\rTransport Manager(s): DAVID AUGUSTUS ARTHUR MYHILL',1),(29,1,NULL,NULL,NULL,7,1,3,5,'B',NULL,'2014-12-11 10:03:15',NULL,NULL,NULL,NULL,NULL,'OF1126341 R\r(5018)','FOSTER INSTALLATIONS LTD\rDirector(s): DAVID ROBERT FOSTER',NULL,1),(30,1,NULL,NULL,NULL,7,1,3,8,'B',NULL,'2014-12-11 10:03:15',NULL,NULL,NULL,NULL,NULL,'OF1123014 R (5021)','ALISTAGE LTD\rDirector(s): PHILIP ROSS CHRISTODOLOU','EARLS FARM, EARLS LANE, SOUTH MIMMS POTTERS BAR EN6 3LT\rRemoved operating centre: KENRICH HOUSE, ELIZABETH WAY , HARLOW CM19 5TL\rNew operating centre: EARLS FARM , BESIDE TOP BARN, EARLS LANE, SOUTH MIMMS, POTTERS BAR EN6 3LT ()\rNew authorisation at this operating centre will be: 3 vehicle(s), 0 trailer(s)',1),(31,1,NULL,NULL,NULL,7,1,3,8,'B',NULL,'2014-12-11 10:03:15',NULL,NULL,NULL,NULL,NULL,'OF1028978 R (5021)','ALLTYPE FENCING SPECIALISTS LTD\rDirector(s): STEVEN BRIAN PHILLIPS, CLIVE SHARPE','YE WENTES WAYES, HIGH RD, LANGDON HILLS BASILDON SS16 6HY\rIncreased authorisation at existing operating centre: YE WENTE WAYES, HIGH ROAD, LANGDON HILLS BASILDON SS16 6HY ()\rNew authorisation at this operating centre will be: 3 vehicle(s), 2 trailer(s)',1),(32,1,NULL,NULL,NULL,7,1,3,16,'B',NULL,'2014-12-11 10:03:15',NULL,NULL,NULL,NULL,NULL,'OF1126252 SN','AMEYS HIGHWAYS LIMITED\rDirector(s): NICHOLAS GREGG, ANDREW MILNER, ANDREW NELSON, MELVYN EWELL.\rTransport Managers: KEITH DONALD MANDALL, RICHARD STILLMAN','APPLEFORD ROAD, SUTTON COURTENAY , ABINGDON OX14 4PP\rOperating Centre: WHITTLESFORD MOTORWAY COMPOUND, 1 MILE EAST OF M11, ON NORTH SIDE OF A505 STATION CAMBRIDGE CB2 4NZ\rAuthorisation: 5 vehicle(s), 0 trailer(s)\rOperating Centre: BREAKSPEARS HIGHWAY COMPOUND, BREAKSPEAR WAY , HEMEL HEMPSTEAD HP2 4UE\rAuthorisation: 6 vehicle(s), 0 trailer(s)\rOperating Centre: UNIT 4, BEAMISH CLOSE , SANDY SG19 1SD\rAuthorisation: 10 vehicle(s), 0 trailer(s)\rOperating Centre: M1 MOTORWAY SERVICES AREA, NEWPORT PAGNALL, MK16 8DS\rAuthorisation: 6 vehicle(s), 0 trailer(s)\rThe Traffic Commissioner has given a direction under paragraph 2 of Schedule 4 that the above operating centre(s) shall be transferred from licence OF0201163, held by CARILLION CONSTRUCTION LTD, with the operating centre(s) being removed from that licence as part of this application.\rOperating Centre:BIRCHANGER MOTORWAY COMPOUND, NORTHBOUND M11, JUNCTION 8, START HILL, BISHOPS STORTFORD, CM22 7TA. \rAuthorisation: 8 vehicles 0 trailers.\rOperating centre: ARDLEIGH DEPOT, OLD IPSWICH ROAD, ARDLEIGH, COLCHESTER, CO7 7QL\rAuthorisation 8 vehicles o trailers.\rThe Traffic Commissioner has given a direction under paragraph 2 of Schedule 4 that the above operating centre(s) shall be transferred from licence OF1074524, held by SKANSKA CONSTRUCTION LTD, with the operating centre(s) being removed from that licence as part of this application.\rOperating Centres: M1 MAINTENANCE OFFICE SERVICE AREA, TODDINGTON DEPOT LU5 6HP\rAuthorisation 3 vehicles 0 trailer.\rFORMER VOLVO SITE, SADDLEBOW ROAD, SADDLEBOW, KINGS LYNN, PE30 5BN.\rAuthotisation: 7 vehicles 0 trailers',1),(33,1,NULL,NULL,NULL,7,1,3,16,'B',NULL,'2014-12-11 10:03:15',NULL,NULL,NULL,NULL,NULL,'OF1128725 SI','C G BULK HAULAGE LTD\rDirector(s): CAROLE ANN GLEGG, STEPHEN PATRICK COOPER.\rTransport Manager: STEPHEN PATRICK COOPER','2 DOWESHILL CLOSE  BECCLES NR34 9XL\rOperating Centre: OC JEWERS & SONS LTD, NEW GRANARIES, WOOLPIT BURY ST. EDMUNDS IP30 9RH\rAuthorisation: 2 vehicle(s), 2 trailer(s)\rThe Traffic Commissioner has given a direction under paragraph 2 of Schedule 4 that the above operating centre(s) shall be transferred from licence OF1118189, held by C G BULK HAULAGE LTD, with the operating centre(s) being removed from that licence as part of this application, providing that the applicant demonstrates a plan of the operating centre showing separate and distinct parking areas.',1),(34,1,NULL,NULL,NULL,7,1,3,6,'B',NULL,'2014-12-11 10:03:15',NULL,NULL,NULL,NULL,NULL,'OF1109512 R\r(5024)','BLACK EAGLE BREWERY LTD T/A TRUMAN\'S',NULL,1),(35,1,NULL,NULL,NULL,7,1,3,6,'B',NULL,'2014-12-11 10:03:15',NULL,NULL,NULL,NULL,NULL,'OF1043554 SN\r(5020)','J. SINGH TRANSPORT LTD',NULL,1),(36,NULL,NULL,NULL,NULL,7,NULL,3,13,'B',NULL,'2014-11-25 15:47:03',NULL,NULL,NULL,NULL,NULL,'Public Inquiry (48417) to be held at The Court Room, Eastern Traffic Area, Eastbrook, Shaftesbury Road, Cambridge, CB2 8BF, on 23 April 2014 commencing at 09:00(Previous Publication:(5024)\r)\rOF1108443          SN\rTANK AND CONTAINER SERVICES LIMITED\rDirector(s): JOANNE WOOTTEN.\rUNIT, 35B THURROCK COMMERCIAL CENTRE, PURFLEET INDUSTRIAL PARK, AVELEY, SOUTH OCKENDON RM15 4YA','GV - S26 - Consideration of disciplinary action under Section 26\rGV - S27 - Consideration of disciplinary action under Section 27\rGV - S28 - Consideration of disciplinary action under Section 28',NULL,1),(37,NULL,NULL,NULL,NULL,7,NULL,3,14,'B',NULL,'2014-12-11 10:03:15',NULL,NULL,NULL,NULL,NULL,'Public Inquiry (47359) held at The Court Room, Eastern Traffic Area, Eastbrook, Shaftesbury Road, Cambridge, CB2 8BF on 21 March 2014 at 10:00(Previous Publication:(5024)\r)OF0220645          SI\rDONALD DESMOND DODD & PARTNERS T/A D D DODD & SON\rPartner(s): JUNE MARY PAMELA DODD, PETER DODD, DONALD DESMOND DODD.\rTHE OLD WAGGON & HORSES, CHAPEL ST, SHIPDHAM THETFORD IP25 7LB','GV - S26 - Licence suspended for a period of 3 consecutive days with effect from 2359 hours on 2 May 2013 to 2359 hours on 5 May 2014.\rGV - S26(6) - Direction issued that vehicles may not be specified on another licence during period of suspension',NULL,1),(38,NULL,NULL,NULL,NULL,7,NULL,3,27,'B',NULL,'2014-12-11 10:03:15',NULL,NULL,NULL,NULL,NULL,'TM Public Inquiry (EpisodeId:2672 PublicInquiryId:1748) for BEN CHRISTOPHER NORTON to be held at The Court Room Eastern Traffic Area Eastbrook Shaftesbury Road Cambridge CB2 8BF, on 29 April 2014 commencing at 14:00 (Previous Publication:(6093))','Article 6 of Regulation (EC) No 1071/2009',NULL,1),(39,NULL,NULL,NULL,NULL,7,NULL,3,27,'B',NULL,'2014-12-11 10:03:15',NULL,NULL,NULL,NULL,NULL,'TM Public Inquiry (EpisodeId:2633 PublicInquiryId:1724) for MARIA CRISTINA LUTAC to be held at The Court Room Eastern Traffic Area Eastbrook Shaftesbury Road Cambridge CB2 8BF, on 01 May 2014 commencing at 10:00 (Previous Publication:(6093))','Article 6 of Regulation (EC) No 1071/2009',NULL,1),(40,NULL,NULL,NULL,NULL,7,NULL,3,28,'B',NULL,'2014-12-11 10:03:15',NULL,NULL,NULL,NULL,NULL,'TM Public Inquiry (EpisodeId:2283 DecisionId:1577) for RUTH PHILLIPS held at Jubilee House Croydon Street Bristol BS5 0GB, on 21 March 2014 at 13:30 (Previous Publication:(6093))','Declared Unfit under Article 6 of Regulation (EC) No 1071/2009',NULL,1),(41,NULL,NULL,NULL,NULL,7,NULL,3,28,'B',NULL,'2014-12-11 10:03:15',NULL,NULL,NULL,NULL,NULL,'TM Public Inquiry (EpisodeId:1986 DecisionId:1567) for STEVEN CLIVE HARROLD held at The Court Room Eastern Traffic Area Eastbrook Shaftesbury Road Cambridge CB2 8BF, on 25 March 2014 at 10:00 (Previous Publication:(6093))','Declared Unfit under Article 6 of Regulation (EC) No 1071/2009',NULL,1),(42,NULL,NULL,NULL,NULL,7,NULL,3,10,'B',NULL,'2014-12-11 10:03:15',NULL,NULL,NULL,NULL,NULL,'OF1018204 SN\r(5017)','Licence surrendered WEF 21 March 2014\rCCF LTD',NULL,1),(43,NULL,NULL,NULL,NULL,7,NULL,3,10,'B',NULL,'2014-12-11 10:03:15',NULL,NULL,NULL,NULL,NULL,'OF1089582 SI\r(4906)','Licence surrendered WEF 24 March 2014\rNORBERT DENTRESSANGLE UK LTD',NULL,1),(44,NULL,NULL,NULL,NULL,7,NULL,3,11,'B',NULL,'2014-12-11 10:03:15',NULL,NULL,NULL,NULL,NULL,'OF0100971 SN\r(5024)','Licence not continued WEF 28 March 2014\rTREVOR JOHN COTTIS T/A T J COTTIS TRANSPORT',NULL,1),(45,NULL,NULL,NULL,NULL,7,NULL,3,12,'B',NULL,'2014-12-11 10:03:15',NULL,NULL,NULL,NULL,NULL,'OF0231851 SI\r(4852)','B B HAULAGE LTD',NULL,1),(46,NULL,NULL,NULL,NULL,7,NULL,3,12,'B',NULL,'2014-12-11 10:03:15',NULL,NULL,NULL,NULL,NULL,'OF1100325 SI\r(5024)','B B TRANSPORT (EAST ANGLIA) LIMITED',NULL,1),(47,1,NULL,NULL,NULL,7,1,4,5,'B',NULL,'2014-12-11 10:03:15',NULL,NULL,NULL,NULL,NULL,'New applications refused text 1','New applications refused text 2','New applications refused text 3',1),(48,1,NULL,NULL,NULL,7,1,4,4,'B',NULL,'2014-12-11 10:03:15',NULL,NULL,NULL,NULL,NULL,'PF1134276 SR\r(Previous Publication not found)','DAVID SHEPPARD T/A ST MARY\'S GARAGE','27 NORWICH ROAD, PULHAM ST. MARY , DISS IP21 4QU',1),(49,1,NULL,NULL,NULL,7,1,4,1,'B',NULL,'2014-12-11 10:03:15',NULL,NULL,NULL,NULL,NULL,'PF1136379 SI','JASON DE-VALL T/A STEVENAGE MINIBUS HIRE','379 RIPON ROAD STEVENAGE SG1 4LU\rOperating Centre: SHANGRI-LA FARM, TODDS GREEN , STEVENAGE SG1 2JE Authorisation:2 Vehicle(s).\rTransport Manager(s): JASON DE-VALL',1),(50,1,NULL,NULL,NULL,7,1,4,1,'B',NULL,'2014-12-11 10:03:15',NULL,NULL,NULL,NULL,NULL,'PF1136501 SI','NOEL HENRY T/A GLENROSE LUXURY TRAVEL','20 SONNING WAY, GLEN PARVA , LEICESTER LE2 9RU\rOperating Centre: UNIT 84, THE WHITTLE ESTATE, CAMBRIDGE ROAD, WHETSTONE LEICESTER LE8 6LH\rAuthorisation:1 Vehicle(s).\rTransport Manager(s): NOEL HENRY',1),(51,1,NULL,NULL,NULL,7,1,4,8,'B',NULL,'2014-12-11 10:03:15',NULL,NULL,NULL,NULL,NULL,'PF1129560 R','ACORN CHILDCARE LTD\rDirector(s): ZOE RAVEN.','17 SOUTH STREET, CASTLETHORPE , MILTON KEYNES MK19 7EL\rNew Undertaking: Required to attend a DVSA Restricted Operator Seminar.. Attached to Licence.',1),(52,1,NULL,NULL,NULL,7,1,4,8,'B',NULL,'2014-12-11 10:03:15',NULL,NULL,NULL,NULL,NULL,'PF1014655 SN','BABCOCK AEROSPACE LIMITED\rDirector(s): RICHARD HEWITT TAYLOR, RICHARD DUNCAN STOATE, MICHAEL DAVID PARRY, ALBERT NORMAN DUNGATE, JOHN RICHARD DAVIES, KENNETH LESLIE CORNFIELD, Franco Martinelli.','AIRCRAFT HALL, RAF CRANWELL, RAUCEBY LANE, CRANWELL, SLEAFORD NG34 8GR\rRemoved operating centre: RAF BRAMPTON , WYTON, HUNTINGDON PE28 2EA\rNew operating centre: BABCOCK AEROSPACE, RAF WITTERING, WITTERING PETERBOROUGH PE8 6HB ()\rNew authorisation at this operating centre will be: 9 vehicle(s),',1),(53,1,NULL,NULL,NULL,7,1,4,6,'B',NULL,'2014-12-11 10:03:15',NULL,NULL,NULL,NULL,NULL,'PF1125753 R\r(2199)','HTT TRANSPORT LTD\rDirector(s): BALRAJ NOTAY, ANDREW JOHN MUSK.','62A BRIDGE ROAD EAST WELWYN GARDEN CITY AL7 1JU',1),(54,1,NULL,NULL,NULL,7,1,4,6,'B',NULL,'2014-12-11 10:03:15',NULL,NULL,NULL,NULL,NULL,'PF1133870 R\r(2191)','WARREN ATHERTON','120 ARAGLEN AVENUE SOUTH OCKENDON RM15 5DD',1),(56,NULL,12,NULL,NULL,110,NULL,4,24,'B',NULL,'2015-03-06 11:47:52',NULL,NULL,NULL,NULL,NULL,'PF0000508/484','ARRIVA THE SHIRES LTD T/A ARRIVA THE SHIRES & ESSEX, CENTRAL ENGINEERING DEPT, 487 DUNSTABLE ROAD , LUTON LU4 8DS','Operating between Hemel Hempstead Railway Station and Hemel Hempstead Railway Station given service number ML1 effective from 29-Mar-2015. To amend Route and Timetable.',1),(57,NULL,12,NULL,NULL,110,NULL,4,24,'B',NULL,'2015-03-06 11:47:52',NULL,NULL,NULL,NULL,NULL,'PF0001353/14','FLAGFINDERS (CTB) LTD, 267 COGGESHALL ROAD BRAINTREE CM7 9EF','Operating between Halstead and New Hall School given service number 64 effective from 23-Feb-2015. To amend Stopping Places.',1),(58,NULL,12,NULL,NULL,110,NULL,4,26,'B',NULL,'2015-03-06 11:47:52',NULL,NULL,NULL,NULL,NULL,'PF0000508/48','ARRIVA THE SHIRES LTD T/A ARRIVA THE SHIRES & ESSEX, CENTRAL ENGINEERING DEPT, 487 DUNSTABLE ROAD , LUTON LU4 8DS','Operating between Hemel Hempstead Railway Station and Hemel Hempstead Railway Station given service number ML2 effective from 29-Mar-2015.',1),(59,NULL,12,NULL,NULL,110,NULL,4,26,'B',NULL,'2015-03-06 11:47:52',NULL,NULL,NULL,NULL,NULL,'PF1018256/59','SANDERS COACHES LTD, HEATH FARM, HEMPSTEAD ROAD INDUSTRIAL ESTATE , HOLT NR25 6JU','Operating between EDGFIELD GREEN and FAKENHAM FIELD LANE given service number 304 effective from 29-Mar-2015.',1),(60,NULL,NULL,NULL,NULL,7,NULL,4,13,'B',NULL,'2015-03-06 11:47:52',NULL,NULL,NULL,NULL,NULL,'Public Inquiry (50286) to be held at The Court Room, Eastern Traffic Area, Eastbrook, Shaftesbury Road, Cambridge, CB2 8BF, on 27 February 2015 commencing at 10:00(Previous Publication:(2200)\r)\rPF1134484 SI\rVICEROY OF ESSEX LTD\rDirector(s): STEVEN ANDREW MOORE, AARON RICHARD MOORE.\r10-12 BRIDGE STREET SAFFRON WALDEN CB10 1BU','PSV - S14 - Consideration of new application under Section 14 (The Public Passenger Vehicles Act 1981)',NULL,1),(61,NULL,NULL,NULL,NULL,7,NULL,4,13,'B',NULL,'2015-03-06 11:47:52',NULL,NULL,NULL,NULL,NULL,'Public Inquiry (50262) to be held at The Court Room, Eastern Traffic Area, Eastbrook, Shaftesbury Road, Cambridge, CB2 8BF, on 17 March 2015 commencing at 10:00(Previous Publication:(2200)\r)\rPF1023898 R\rNICK JOHN ONLEY & DIANE JEAN WHITE T/A EASIBUS\rPartner(s): DIANE JEAN WHITE, NICK JOHN ONLEY.\r35 THE RUNDELS BENFLEET SS7 3QN','PSV - S17 - Consideration of disciplinary action under Section 17 (The Public Passenger Vehicles Act 1981)\rPSV - S28 - Consideration of disciplinary action under Section 28 (The Transport Act 1985)',NULL,1),(62,NULL,NULL,NULL,NULL,7,NULL,4,14,'B',NULL,'2015-03-06 11:47:52',NULL,NULL,NULL,NULL,NULL,'Public Inquiry (49473) held at The Court Room, Eastern Traffic Area, Eastbrook, Shaftesbury Road, Cambridge, CB2 8BF on 31 October 2014 at 10:00(Previous Publication:(2200)\r)PF0001624 SI\rVICEROY OF ESSEX LTD\rDIRECTOR(s): STEVEN ANDREW MOORE, AARON RICHARD MOORE.\r10 - 12 BRIDGE STREET SAFFRON WALDEN CB10 1BU','PSV - S17 - Licence revoked with effect from 20 March 2015.\rPSV - Sch.3 - Steven Moore found to be of good repute',NULL,1),(63,NULL,NULL,NULL,NULL,7,NULL,4,27,'B',NULL,'2015-03-06 11:47:52',NULL,NULL,NULL,NULL,NULL,'TM Public Inquiry (EpisodeId:3764 PublicInquiryId:2479) for COLIN RICHARD COLLINS to be held at The Court Room Eastern Traffic Area Eastbrook Shaftesbury Road Cambridge CB2 8BF, on 20 March 2015 commencing at 10:00 (Previous Publication:(6093))','Article 6 of Regulation (EC) No 1071/2009',NULL,1);
/*!40000 ALTER TABLE `publication_link` ENABLE KEYS */;
UNLOCK TABLES;

--
-- Dumping data for table `publication_police_data`
--

LOCK TABLES `publication_police_data` WRITE;
/*!40000 ALTER TABLE `publication_police_data` DISABLE KEYS */;
INSERT INTO `publication_police_data` (`id`, `created_by`, `last_modified_by`, `person_id`, `publication_link_id`, `birth_date`, `created_on`, `family_name`, `forename`, `last_modified_on`, `olbs_dob`, `olbs_key`, `version`) VALUES (1,NULL,NULL,77,1,'1972-02-15','2014-12-11 10:00:34','Jones','Tom',NULL,NULL,NULL,1),(2,NULL,NULL,78,1,'1975-03-15','2014-12-11 10:00:35','Winnard','Keith',NULL,NULL,NULL,1),(3,NULL,NULL,77,2,'1972-02-15','2014-12-11 10:02:18','Jones','Tom',NULL,NULL,NULL,1),(4,NULL,NULL,78,2,'1975-03-15','2014-12-11 10:02:19','Winnard','Keith',NULL,NULL,NULL,1),(5,NULL,NULL,77,3,'1972-02-15','2014-12-11 10:03:15','Jones','Tom',NULL,NULL,NULL,1),(6,NULL,NULL,78,3,'1975-03-15','2014-12-11 10:03:16','Winnard','Keith',NULL,NULL,NULL,1);
/*!40000 ALTER TABLE `publication_police_data` ENABLE KEYS */;
UNLOCK TABLES;

--
-- Dumping data for table `publication_section`
--

LOCK TABLES `publication_section` WRITE;
/*!40000 ALTER TABLE `publication_section` DISABLE KEYS */;
INSERT INTO `publication_section` (`id`, `created_by`, `last_modified_by`, `created_on`, `description`, `last_modified_on`, `version`) VALUES (1,1,1,'2001-10-10 00:00:00','New Application','2001-10-10 00:00:00',1),(2,1,1,'2001-10-10 00:00:00',NULL,'2001-10-10 00:00:00',1),(3,1,1,'2001-10-10 00:00:00','New Variation','2001-10-10 00:00:00',1),(4,1,1,'2001-10-10 00:00:00','Application Granted','2001-10-10 00:00:00',1),(5,1,1,'2001-10-10 00:00:00','Application Refused','2001-10-10 00:00:00',1),(6,1,1,'2001-10-10 00:00:00','Application Withdrawn','2001-10-10 00:00:00',1),(7,1,1,'2001-10-10 00:00:00','Grant Not Taken Up','2001-10-10 00:00:00',1),(8,1,1,'2001-10-10 00:00:00','Variation Granted','2001-10-10 00:00:00',1),(9,1,1,'2001-10-10 00:00:00','Variation Refused','2001-10-10 00:00:00',1),(10,1,1,'2001-10-10 00:00:00','Licence Surrendered','2001-10-10 00:00:00',1),(11,1,1,'2001-10-10 00:00:00','Licence Terminated','2001-10-10 00:00:00',1),(12,1,1,'2001-10-10 00:00:00','Licence Revoked','2001-10-10 00:00:00',1),(13,1,1,'2001-10-10 00:00:00','Notice of PI to be held','2001-10-10 00:00:00',1),(14,1,1,'2001-10-10 00:00:00','Decisions taken at PI','2001-10-10 00:00:00',1),(15,1,1,'2001-10-10 00:00:00','Decisions taken at Review','2001-10-10 00:00:00',1),(16,1,1,'2001-10-10 00:00:00','New Schedule 4 Application','2001-10-10 00:00:00',1),(17,1,1,'2001-10-10 00:00:00','Schedule 4 Variation','2001-10-10 00:00:00',1),(18,1,1,'2001-10-10 00:00:00','True Schedule 4','2001-10-10 00:00:00',1),(19,1,1,'2001-10-10 00:00:00','Errata','2001-10-10 00:00:00',1),(20,1,1,'2001-10-10 00:00:00','Continuation Not Sought','2001-10-10 00:00:00',1),(21,1,1,'2001-10-10 00:00:00','New Bus Registration Application','2001-10-10 00:00:00',1),(22,1,1,'2001-10-10 00:00:00','New Short Notice Bus Registration Application','2001-10-10 00:00:00',1),(23,1,1,'2001-10-10 00:00:00','Bus Registration Variation','2001-10-10 00:00:00',1),(24,1,1,'2001-10-10 00:00:00','Short Notice Bus Registration Variation','2001-10-10 00:00:00',1),(25,1,1,'2001-10-10 00:00:00','Bus Registration Cancellation','2001-10-10 00:00:00',1),(26,1,1,'2001-10-10 00:00:00','Short Notice Bus Registration Cancellation','2001-10-10 00:00:00',1),(27,1,1,'2011-11-04 17:50:09','Notice of TM PI to be held','2011-11-04 17:50:09',1),(28,1,1,'2011-11-04 17:50:09','Decisions taken at TM PI','2011-11-04 17:50:09',1),(29,1,1,'2012-10-26 00:00:00','New Schedule 1 (NI) Application','2012-10-26 00:00:00',1),(30,1,1,'2012-10-26 00:00:00','Schedule 1 (NI) Variation','2012-10-26 00:00:00',1),(31,1,1,'2012-10-26 00:00:00','True Schedule 1 (NI)','2012-10-26 00:00:00',1);
/*!40000 ALTER TABLE `publication_section` ENABLE KEYS */;
UNLOCK TABLES;

--
-- Dumping data for table `queue`
--

LOCK TABLES `queue` WRITE;
/*!40000 ALTER TABLE `queue` DISABLE KEYS */;
/*!40000 ALTER TABLE `queue` ENABLE KEYS */;
UNLOCK TABLES;

--
-- Dumping data for table `reason`
--

LOCK TABLES `reason` WRITE;
/*!40000 ALTER TABLE `reason` DISABLE KEYS */;
INSERT INTO `reason` (`id`, `created_by`, `goods_or_psv`, `last_modified_by`, `created_on`, `description`, `is_ni`, `is_propose_to_revoke`, `is_read_only`, `last_modified_on`, `section_code`, `version`) VALUES (1,NULL,'lcat_gv',NULL,NULL,'Objection/Representation: New application',0,0,1,NULL,'Section 12',1),(2,NULL,'lcat_gv',NULL,NULL,'New application',0,0,1,NULL,'Section 13',1),(3,NULL,'lcat_gv',NULL,NULL,'Good Repute/Financial Standing/Prof Comp',0,0,1,NULL,'Section 13 (3)',1),(4,NULL,'lcat_gv',NULL,NULL,'Must not be unfit',0,0,1,NULL,'Section 13 (4)',1),(5,NULL,'lcat_gv',NULL,NULL,'Drivers Hours and Tachographs',0,0,1,NULL,'Section 13 (5)(a)',1),(6,NULL,'lcat_gv',NULL,NULL,'Loading of Vehicles',0,0,1,NULL,'Section 13 (5)(b)',1),(7,NULL,'lcat_gv',NULL,NULL,'Maintenance',0,0,1,NULL,'Section 13 (5)(c)',1),(8,NULL,'lcat_gv',NULL,NULL,'Availability/Suitability of Operating Centre',0,0,1,NULL,'Section 13 (5)(d)',1),(9,NULL,'lcat_gv',NULL,NULL,'Capacity of Operating Centre',0,0,1,NULL,'Section 13 (5)(e)',1),(10,NULL,'lcat_gv',NULL,NULL,'Finance for Maintenance',0,0,1,NULL,'Section 13 (6)',1),(11,NULL,'lcat_gv',NULL,NULL,'Variation application',0,0,1,NULL,'Section 17',1),(12,NULL,'lcat_gv',NULL,NULL,'Objection/Representation: Var. application',0,0,1,NULL,'Section 19',1),(13,NULL,'lcat_gv',NULL,NULL,'Conditions: Road Safety',0,0,1,NULL,'Section 21',1),(14,NULL,'lcat_gv',NULL,NULL,'Conditions: Matters to be notified',0,0,1,NULL,'Section 22',1),(15,NULL,'lcat_gv',NULL,NULL,'Conditions: Operating Centres',0,0,1,NULL,'Section 23',1),(16,NULL,'lcat_gv',NULL,NULL,'Interim Licence',0,0,1,NULL,'Section 24',1),(17,NULL,'lcat_gv',NULL,NULL,'Interim Variation',0,0,1,NULL,'Section 25',1),(18,NULL,'lcat_gv',NULL,NULL,'Unauthorised use of place as an o/c',0,0,1,NULL,'Section 26 (1)(a)',1),(19,NULL,'lcat_gv',NULL,NULL,'Contravention of Licence Condition',0,0,1,NULL,'Section 26 (1)(b)',1),(20,NULL,'lcat_gv',NULL,NULL,'Convictions of Licence Holder (Sch 2, Para 5)',0,0,1,NULL,'Section 26 (1)(c)(i)',1),(21,NULL,'lcat_gv',NULL,NULL,'Convictions of Servant/Agent (Sch 2, Para 5)',0,0,1,NULL,'Section 26 (1)(c)(ii)',1),(22,NULL,'lcat_gv',NULL,NULL,'Prohibitions',0,0,1,NULL,'Section 26 (1)(c)(iii)',1),(23,NULL,'lcat_gv',NULL,NULL,'Convictions (Schedule 2, Paragraph 5(j))',0,0,1,NULL,'Section 26 (1)(d)',1),(24,NULL,'lcat_gv',NULL,NULL,'False Statement/Fail to fulfil Statement of Exp.',0,0,1,NULL,'Section 26 (1)(e)',1),(25,NULL,'lcat_gv',NULL,NULL,'Fail to fulfil Undertaking',0,0,1,NULL,'Section 26 (1)(f)',1),(26,NULL,'lcat_gv',NULL,NULL,'Bankruptcy/Liquidation',0,0,1,NULL,'Section 26 (1)(g)',1),(27,NULL,'lcat_gv',NULL,NULL,'Material Change',0,0,1,NULL,'Section 26 (1)(h)',1),(28,NULL,'lcat_gv',NULL,NULL,'Suspend/Curtail/Revoke under Section 28(4)',0,0,1,NULL,'Section 26 (1)(i)',1),(29,NULL,'lcat_gv',NULL,NULL,'Good Repute',0,0,1,NULL,'Section 27 (1)(a)',1),(30,NULL,'lcat_gv',NULL,NULL,'Financial Standing',0,1,1,NULL,'Section 27 (1)(b)',1),(31,NULL,'lcat_gv',NULL,NULL,'Professional Competence',0,1,1,NULL,'Section 27 (1)(c)',1),(32,NULL,'lcat_gv',NULL,NULL,'Disqualification',0,0,1,NULL,'Section 28',1),(33,NULL,'lcat_gv',NULL,NULL,'Review of Operating Centre',0,0,1,NULL,'Section 30',1),(34,NULL,'lcat_gv',NULL,NULL,'Certificate of Qualification',0,0,1,NULL,'Section 49',1),(35,NULL,'lcat_gv',NULL,NULL,'Transport Manager\'s Good Repute',0,0,1,NULL,'Schedule 3',1),(36,NULL,'lcat_gv',NULL,NULL,'Community Authorisations',0,0,1,NULL,'Art. 8(2)&(3)',1),(66,NULL,'lcat_psv',NULL,NULL,'New application',0,0,0,NULL,'Section 14',1),(67,NULL,'lcat_psv',NULL,NULL,'Good Repute',0,0,0,NULL,'Section 14    (1)(a)',1),(68,NULL,'lcat_psv',NULL,NULL,'Financial Standing',0,0,0,NULL,'Section 14    (1)(b)',1),(69,NULL,'lcat_psv',NULL,NULL,'Professional Competence',0,0,0,NULL,'Section 14    (1)(c)',1),(70,NULL,'lcat_psv',NULL,NULL,'Facilities/arrangements for maintenance',0,0,0,NULL,'Section 14    (3)(a)',1),(71,NULL,'lcat_psv',NULL,NULL,'Arrangements for driving/operation of vehicles',0,0,0,NULL,'Section 14    (3)(b)',1),(72,NULL,'lcat_psv',NULL,NULL,'Objection: New application',0,0,0,NULL,'Section 14A',1),(73,NULL,'lcat_psv',NULL,NULL,'Application to Increase Authorisation',0,0,0,NULL,'Section 16',1),(74,NULL,'lcat_psv',NULL,NULL,'Good Repute/Financial Standing',0,0,0,NULL,'Section 17 (1)',1),(75,NULL,'lcat_psv',NULL,NULL,'Professional Competence (Standard Licences)',0,0,0,NULL,'Section 17 (1)',1),(76,NULL,'lcat_psv',NULL,NULL,'False Statement/Fail to fulfil Statement of Exp.',0,0,0,NULL,'Section 17 (3)(a)',1),(77,NULL,'lcat_psv',NULL,NULL,'Fail to fulfil an Undertaking',0,0,0,NULL,'Section 17 (3)(aa)',1),(78,NULL,'lcat_psv',NULL,NULL,'Breach of Licence Condition',0,0,0,NULL,'Section 17 (3)(b)',1),(79,NULL,'lcat_psv',NULL,NULL,'Prohibitions',0,0,0,NULL,'Section 17 (3)(c)',1),(80,NULL,'lcat_psv',NULL,NULL,'Good Repute',0,0,0,NULL,'Section 17 (3)(d)',1),(81,NULL,'lcat_psv',NULL,NULL,'Financial Standing (Restricted Licence)',0,0,0,NULL,'Section 17 (3)(d)',1),(82,NULL,'lcat_psv',NULL,NULL,'Material Change',0,0,0,NULL,'Section 17 (3)(e)',1),(83,NULL,'lcat_psv',NULL,NULL,'Certificate of Qualification',0,0,0,NULL,'Section 21',1),(84,NULL,'lcat_psv',NULL,NULL,'Transport Managers Good Repute',0,0,1,NULL,'Schedule 3',1),(85,NULL,'lcat_psv',NULL,NULL,'Bus Registration: Local Services',0,0,0,NULL,'Section 26',1),(86,NULL,'lcat_psv',NULL,NULL,'Disqualification',0,0,1,NULL,'Section 28',1),(87,NULL,'lcat_psv',NULL,NULL,'Bus Registration: Fuel Duty',0,0,0,NULL,'Section 111',1),(88,NULL,'lcat_psv',NULL,NULL,'Community Authorisations',0,0,1,NULL,'Art. 8(2)&(3)',1),(107,NULL,'lcat_gv',NULL,NULL,'Transport Manager to attend',0,0,1,NULL,'Other Matters',1),(108,NULL,'lcat_gv',NULL,NULL,'Produce Financial Information',0,0,1,NULL,'Other Matters',1),(109,NULL,'lcat_gv',NULL,NULL,'Financial Assessor to assist TC at PI',0,0,1,NULL,'Other Matters',1),(110,NULL,'lcat_gv',NULL,NULL,'Driver Conduct Action',0,0,1,NULL,'Other Matters',1),(111,NULL,'lcat_psv',NULL,NULL,'Transport Manager to attend',0,0,1,NULL,'Other Matters',1),(112,NULL,'lcat_psv',NULL,NULL,'Produce Financial Information',0,0,1,NULL,'Other Matters',1),(113,NULL,'lcat_psv',NULL,NULL,'Financial Assessor to assist TC at PI',0,0,1,NULL,'Other Matters',1),(114,NULL,'lcat_psv',NULL,NULL,'Driver Conduct Action',0,0,1,NULL,'Other Matters',1),(115,NULL,'lcat_gv',NULL,NULL,'Vehicle Examiner to Attend',0,0,1,NULL,'Other Matters',1),(116,NULL,'lcat_gv',NULL,NULL,'Traffic Examiner to Attend',0,0,1,NULL,'Other Matters',1),(117,NULL,'lcat_gv',NULL,NULL,'Police to Attend',0,0,1,NULL,'Other Matters',1),(118,NULL,'lcat_psv',NULL,NULL,'Vehicle Examiner to Attend',0,0,1,NULL,'Other Matters',1),(119,NULL,'lcat_psv',NULL,NULL,'Traffic Examiner to Attend',0,0,1,NULL,'Other Matters',1),(120,NULL,'lcat_psv',NULL,NULL,'Bus Monitor to Attend',0,0,0,NULL,'Other Matters',1),(121,NULL,'lcat_psv',NULL,NULL,'Police to Attend',0,0,1,NULL,'Other Matters',1),(122,NULL,'lcat_gv',NULL,NULL,'New application',0,0,0,NULL,'01 - Section 13',1),(123,NULL,'lcat_gv',NULL,NULL,'Variation application',0,0,0,NULL,'02 - Section 17',1),(124,NULL,'lcat_gv',NULL,NULL,'Unauthorised use of a place as an operating centre',0,1,0,NULL,'03 - Section 26 (1)(a)',1),(125,NULL,'lcat_gv',NULL,NULL,'Contravention of a licence condition (specify)',0,0,0,NULL,'04 - Section 26 (1)(b)',1),(126,NULL,'lcat_gv',NULL,NULL,'(1) Fail to notify of change in maintenance arrangements',0,1,0,NULL,'04.1 - Section 26 (1)(b)',1),(127,NULL,'lcat_gv',NULL,NULL,'(2) Fail to notify of change in ownership',0,1,0,NULL,'04.2 - Section 26 (1)(b)',1),(128,NULL,'lcat_gv',NULL,NULL,'(3) Fail to notify of notifiable convictions - Sch 2 (restricted)',0,1,0,NULL,'04.3 - Section 26 (1)(b)',1),(129,NULL,'lcat_gv',NULL,NULL,'(4) Fail to notify of events which affect good repute - Sch 3 (standard)',0,1,0,NULL,'04.4 - Section 26 (1)(b)',1),(130,NULL,'lcat_gv',NULL,NULL,'(5) Fail to notify of events which affect financial standing',0,1,0,NULL,'04.5 - Section 26 (1)(b)',1),(131,NULL,'lcat_gv',NULL,NULL,'(6) Fail to notify of events which affect professional competence',0,1,0,NULL,'04.6 - Section 26 (1)(b)',1),(132,NULL,'lcat_gv',NULL,NULL,'(7) Breach of road safety condition',0,1,0,NULL,'04.7 - Section 26 (1)(b)',1),(133,NULL,'lcat_gv',NULL,NULL,'(8) Breach of environmental condition',0,1,0,NULL,'04.8 - Section 26 (1)(b)',1),(134,NULL,'lcat_gv',NULL,NULL,'(9) Other (please specify)',0,1,0,NULL,'04.9 - Section 26 (1)(b)',1),(135,NULL,'lcat_gv',NULL,NULL,'Schedule 2 Paragraph 5 convictions (operator)',0,1,0,NULL,'05 - Section 26 (1)(c)(i)',1),(136,NULL,'lcat_gv',NULL,NULL,'Schedule 2 Paragraph 5 convictions (servants/agents)',0,1,0,NULL,'06 - Section 26 (1)(c)(ii)',1),(137,NULL,'lcat_gv',NULL,NULL,'Prohibitions',0,1,0,NULL,'07 - Section 26 (1)(c)(iii)',1),(138,NULL,'lcat_gv',NULL,NULL,'Fixed Penalty or conditional offer issued',0,1,0,NULL,'08 - Section 26(1)(ca)',1),(139,NULL,'lcat_gv',NULL,NULL,'Convictions - for Schedule 2 Paragraph 5 (j) offences',0,1,0,NULL,'09 - Section 26(1)(d)',1),(140,NULL,'lcat_gv',NULL,NULL,'Failing to fulfil Statement of Expectation/False statement (specify)',0,0,0,NULL,'10 - Section 26(1)(e)',1),(141,NULL,'lcat_gv',NULL,NULL,'(1) Failure to declare previous refusal or revocation',0,1,0,NULL,'10.01 - Section 26(1)(e)',1),(142,NULL,'lcat_gv',NULL,NULL,'(2) Stating that (x) would be the TM responsible for vehicles on licence',0,1,0,NULL,'10.02 - Section 26(1)(e)',1),(143,NULL,'lcat_gv',NULL,NULL,'(3) Stating that the TM would not be responsible for any other licence',0,1,0,NULL,'10.03 - Section 26(1)(e)',1),(144,NULL,'lcat_gv',NULL,NULL,'(4) Stating that the vehicles would normally be kept at the o/c',0,1,0,NULL,'10.04 - Section 26(1)(e)',1),(145,NULL,'lcat_gv',NULL,NULL,'(5) Stating that the nominated o/c is not used by other operators',0,1,0,NULL,'10.05 - Section 26(1)(e)',1),(146,NULL,'lcat_gv',NULL,NULL,'(6) Stating that the vehicles would be given inspections at (x) intervals',0,1,0,NULL,'10.06 - Section 26(1)(e)',1),(147,NULL,'lcat_gv',NULL,NULL,'(7) Stating that the maintenance would be carried out by own staff',0,1,0,NULL,'10.07 - Section 26(1)(e)',1),(148,NULL,'lcat_gv',NULL,NULL,'(8) Stating that the maintenance would be carried out by (x) firm',0,1,0,NULL,'10.08 - Section 26(1)(e)',1),(149,NULL,'lcat_gv',NULL,NULL,'(9) Failure to declare that (x) has been made bankrupt',0,1,0,NULL,'10.09 - Section 26(1)(e)',1),(150,NULL,'lcat_gv',NULL,NULL,'(10) Failure to declare that (x) has been involved in a liquidated co',0,1,0,NULL,'10.10 - Section 26(1)(e)',1),(151,NULL,'lcat_gv',NULL,NULL,'(11) Failure to declare that (x) has been disqualified as a director',0,1,0,NULL,'10.11 - Section 26(1)(e)',1),(152,NULL,'lcat_gv',NULL,NULL,'(12) Failure to declare convictions on making the application',0,1,0,NULL,'10.12 - Section 26(1)(e)',1),(153,NULL,'lcat_gv',NULL,NULL,'(13) Stating that the holder would abide by any conditions on the licence',0,1,0,NULL,'10.13 - Section 26(1)(e)',1),(154,NULL,'lcat_gv',NULL,NULL,'Failing to fulfil a licence undertaking',0,0,0,NULL,'11 - Section 26(1)(f)',1),(155,NULL,'lcat_gv',NULL,NULL,'(1) Rules on drivers hours and tachographs would be observed',0,1,0,NULL,'11.1 - Section 26(1)(f)',1),(156,NULL,'lcat_gv',NULL,NULL,'(2) Vehicles and trailers not to be overloaded',0,1,0,NULL,'11.2 - Section 26(1)(f)',1),(157,NULL,'lcat_gv',NULL,NULL,'(3) Vehicles operate within speed limits',0,1,0,NULL,'11.3 - Section 26(1)(f)',1),(158,NULL,'lcat_gv',NULL,NULL,'(4) Vehicles and trailers would be kept fit and serviceable',0,1,0,NULL,'11.4 - Section 26(1)(f)',1),(159,NULL,'lcat_gv',NULL,NULL,'(5) Driver reports any defects in writing',0,1,0,NULL,'11.5 - Section 26(1)(f)',1),(160,NULL,'lcat_gv',NULL,NULL,'(6) Maintenance records would be kept for 15 months',0,1,0,NULL,'11.6 - Section 26(1)(f)',1),(161,NULL,'lcat_gv',NULL,NULL,'(7) Exceeding operating centre authorisation',0,1,0,NULL,'11.7 - Section 26(1)(f)',1),(162,NULL,'lcat_gv',NULL,NULL,'(8) Other (please specify)',0,1,0,NULL,'11.8 - Section 26(1)(f)',1),(163,NULL,'lcat_gv',NULL,NULL,'Bankruptcy/liquidation (other than voluntary liquidation)',0,1,0,NULL,'12 - Section 26(1)(g)',1),(164,NULL,'lcat_gv',NULL,NULL,'Material Change (please specify)',0,1,0,NULL,'13 - Section 26(1)(h)',1),(165,NULL,'lcat_gv',NULL,NULL,'Licence liable to revocation, suspension or curtailment following a direction under section 28 (4) (director/individual disqualified on another licence)',0,1,0,NULL,'14 - Section 26 (1)(i)',1),(166,NULL,'lcat_gv',NULL,NULL,'To consider whether the operator has an effective and stable establishment in Great Britain.',0,1,0,NULL,'15 - Section 27(1)(a)',1),(167,NULL,'lcat_gv',NULL,NULL,'To consider the operator is still of good repute in accordance with paragraphs 1 to 5 of schedule 3.',0,1,0,NULL,'16 - Section 27(1)(a)',1),(168,NULL,'lcat_gv',NULL,NULL,'To consider whether the operator continues to meet the requirement to be of appropriate financial standing.',0,1,0,NULL,'17 - Section 27(1)(a)',1),(169,NULL,'lcat_gv',NULL,NULL,'No longer professionally competent.',0,1,0,NULL,'18 - Section 27(1)(a)',1),(170,NULL,'lcat_gv',NULL,NULL,'No longer of good repute (section 13A (3)(a))',0,1,0,NULL,'19 - Section 27(1)(b)',1),(171,NULL,'lcat_gv',NULL,NULL,'No longer professionally competent (section 13A (3)(b))',0,1,0,NULL,'20 - Section 27(1)(b)',1),(172,NULL,'lcat_gv',NULL,NULL,'External TM exceeds the 4/50 rule (section 13A (c))',0,1,0,NULL,'21 - Section 27(1)(b)',1),(173,NULL,'lcat_gv',NULL,NULL,'Disqualification to be considered - Operator licence',0,0,0,NULL,'22 - Section 28',1),(174,NULL,'lcat_gv',NULL,NULL,'TM good repute or professional competence',0,0,0,NULL,'23 - Schedule 3(15)(1)',1),(175,NULL,'lcat_gv',NULL,NULL,'Disqualification to be considered - Transport Manager',0,0,0,NULL,'24 - Section 28',1),(176,NULL,'lcat_gv',NULL,NULL,'(1) Withdraw/suspend community licence',0,0,0,NULL,'24.1 - Section 28',1),(177,NULL,'lcat_gv',NULL,NULL,'(2) Financial assessor required',0,0,0,NULL,'24.2 - Section 28',1),(178,NULL,'lcat_gv',NULL,NULL,'(3) Other (please specify)',0,0,0,NULL,'24.3 - Section 28',1),(179,NULL,'lcat_psv',NULL,NULL,'New application',0,0,0,NULL,'01 - Section 14',1),(180,NULL,'lcat_psv',NULL,NULL,'Variation application to be considered',0,0,0,NULL,'02 - Section 16',1),(181,NULL,'lcat_psv',NULL,NULL,'To consider whether operator has an effective and stable establishment in Great Britain. (Standard licence)',0,1,0,NULL,'03 - Section 17 (1)(a)(Revocation only)',1),(182,NULL,'lcat_psv',NULL,NULL,'To consider the operators good repute in accordance with paragraphs 1 of schedule 3 (standard licence):',0,1,0,NULL,'04 - Section 17 (1)(a)(Revocation only)',1),(183,NULL,'lcat_psv',NULL,NULL,'(a) relevant convictions have been incurred',0,1,0,NULL,'04.1 - Section 17 (1)(a)(Revocation only)',1),(184,NULL,'lcat_psv',NULL,NULL,'(b) relevant FPN have been incurred',0,1,0,NULL,'04.2 - Section 17 (1)(a)(Revocation only)',1),(185,NULL,'lcat_psv',NULL,NULL,'(c) any other relevant information',0,1,0,NULL,'04.3 - Section 17 (1)(a)(Revocation only)',1),(186,NULL,'lcat_psv',NULL,NULL,'To consider whether the operator continues to meet the requirement to be of appropriate financial standing (standard licence)',0,1,0,NULL,'05 - Section 17 (1)(a)(Revocation only)',1),(187,NULL,'lcat_psv',NULL,NULL,'No longer professionally competent (Standard only)',0,1,0,NULL,'06 - Section 17 (1)(a)(Revocation only)',1),(188,NULL,'lcat_psv',NULL,NULL,'TM no longer of good repute (section 14ZA (3)(a)) (standard only)',0,1,0,NULL,'07 - Section 17 (1)(b)(Revocation only)',1),(189,NULL,'lcat_psv',NULL,NULL,'TM no longer professionally competent (section 14ZA (3)(b)) (standard only)',0,1,0,NULL,'08 - Section 17 (1)(b)(Revocation only)',1),(190,NULL,'lcat_psv',NULL,NULL,'External TM exceeds the 4/50 rule or prohibited (Section 14ZA (3)(c) (standard only)',0,1,0,NULL,'09 - Section 17 (1)(b)(Revocation only)',1),(191,NULL,'lcat_psv',NULL,NULL,'Operator made a statement of fact on application/variation which was false or expectation has not been fulfilled (specify)',0,0,0,NULL,'10 - Section 17(3)(a) Revoke/suspend/vary',1),(192,NULL,'lcat_psv',NULL,NULL,'(a) Stating that the vehicles would be kept at a specified o/c',0,1,0,NULL,'10.1 - Section 17(3)(a) Revoke/suspend/vary',1),(193,NULL,'lcat_psv',NULL,NULL,'(b) Stating that the vehicles would be given inspections at (x) intervals',0,1,0,NULL,'10.2 - Section 17(3)(a) Revoke/suspend/vary',1),(194,NULL,'lcat_psv',NULL,NULL,'(c) Stating that the maintenance would be carried out by (x) firm',0,1,0,NULL,'10.3 - Section 17(3)(a) Revoke/suspend/vary',1),(195,NULL,'lcat_psv',NULL,NULL,'(d) Failure to declare conviction(s) on making the application',0,1,0,NULL,'10.4 - Section 17(3)(a) Revoke/suspend/vary',1),(196,NULL,'lcat_psv',NULL,NULL,'(e) Failure to declare on application involvement in previous licence',0,1,0,NULL,'10.5 - Section 17(3)(a) Revoke/suspend/vary',1),(197,NULL,'lcat_psv',NULL,NULL,'(f) Failure to declare that (x) had been made bankrupt/liquidated/disqualified (delete as applicable)',0,1,0,NULL,'10.6 - Section 17(3)(a) Revoke/suspend/vary',1),(198,NULL,'lcat_psv',NULL,NULL,'(g) Other (please specify)',0,1,0,NULL,'10.7 - Section 17(3)(a) Revoke/suspend/vary',1),(199,NULL,'lcat_psv',NULL,NULL,'An undertaking has not been fulfilled namely',0,0,0,NULL,'11 - Section 17 (3)(aa) Revoke/suspend/vary',1),(200,NULL,'lcat_psv',NULL,NULL,'(a) the laws relating to the driving and operation of vehicles used under the licence were observed',0,1,0,NULL,'11.1 - Section 17 (3)(aa) Revoke/suspend/vary',1),(201,NULL,'lcat_psv',NULL,NULL,'(b) the rules on drivers hours and tachographs are observed and proper records kept',0,1,0,NULL,'11.2 - Section 17 (3)(aa) Revoke/suspend/vary',1),(202,NULL,'lcat_psv',NULL,NULL,'(c) vehicles do not carry more than the permitted number of passengers',0,1,0,NULL,'11.3 - Section 17 (3)(aa) Revoke/suspend/vary',1),(203,NULL,'lcat_psv',NULL,NULL,'(d) vehicles, including hired vehicles, are kept in a fit and serviceable condition',0,1,0,NULL,'11.4 - Section 17 (3)(aa) Revoke/suspend/vary',1),(204,NULL,'lcat_psv',NULL,NULL,'(e) drivers report promptly any defects that could prevent the safe operation of vehicles, and that any defects are promptly recorded in writing',0,1,0,NULL,'11.5 - Section 17 (3)(aa) Revoke/suspend/vary',1),(205,NULL,'lcat_psv',NULL,NULL,'(f) records are kept (for 15 months) of all safety inspections, routine maintenance and repairs to vehicles and made available on request',0,1,0,NULL,'11.6 - Section 17 (3)(aa) Revoke/suspend/vary',1),(206,NULL,'lcat_psv',NULL,NULL,'(g) Other (please specify)',0,1,0,NULL,'11.7 - Section 17 (3)(aa) Revoke/suspend/vary',1),(207,NULL,'lcat_psv',NULL,NULL,'Contravention of any condition attached to the licence i.e. failed to inform the Commissioner within 28 days of the following:',0,1,0,NULL,'12 - Section 17 (3)(b) Revoke/suspend/vary',1),(208,NULL,'lcat_psv',NULL,NULL,'14ZA (2)(a) no longer has an effective and stable establishment in GB (S16 A)',0,1,0,NULL,'12.01 - Section 17 (3)(b) Revoke/suspend/vary',1),(209,NULL,'lcat_psv',NULL,NULL,'14ZA (2)(b) requirement to be of good repute',0,1,0,NULL,'12.02 - Section 17 (3)(b) Revoke/suspend/vary',1),(210,NULL,'lcat_psv',NULL,NULL,'14ZA (2)(c) requirement to be of appropriate financial standing (S16A)',0,1,0,NULL,'12.03 - Section 17 (3)(b) Revoke/suspend/vary',1),(211,NULL,'lcat_psv',NULL,NULL,'14ZA (2)(d) the requirement to be of professional competence',0,1,0,NULL,'12.04 - Section 17 (3)(b) Revoke/suspend/vary',1),(212,NULL,'lcat_psv',NULL,NULL,'14ZA (3)(a) TM no longer of good repute',0,1,0,NULL,'12.05 - Section 17 (3)(b) Revoke/suspend/vary',1),(213,NULL,'lcat_psv',NULL,NULL,'14ZA (3)(b) No longer professionally competent',0,1,0,NULL,'12.06 - Section 17 (3)(b) Revoke/suspend/vary',1),(214,NULL,'lcat_psv',NULL,NULL,'14ZA (3)(c)(i) TM is prohibited',0,1,0,NULL,'12.07 - Section 17 (3)(b) Revoke/suspend/vary',1),(215,NULL,'lcat_psv',NULL,NULL,'14ZA (3)(c)(ii) External TM exceeds the 4/50 rule',0,1,0,NULL,'12.08 - Section 17 (3)(b) Revoke/suspend/vary',1),(216,NULL,'lcat_psv',NULL,NULL,'Restricted licence only : No more than two PSV, not adapted to carry more than 16 passengers, can be used',0,1,0,NULL,'12.09 - Section 17 (3)(b) Revoke/suspend/vary',1),(217,NULL,'lcat_psv',NULL,NULL,'Other (please specify)',0,1,0,NULL,'12.10 - Section 17 (3)(b) Revoke/suspend/vary',1),(218,NULL,'lcat_psv',NULL,NULL,'A prohibition on a vehicle owned or operated by the operator',0,1,0,NULL,'13 - Section 17 (3)(c) Revoke/suspend/vary',1),(219,NULL,'lcat_psv',NULL,NULL,'RESTRICTED Licence holders only - no longer of good\nrepute and/or financial standing',0,1,0,NULL,'14 - Section 17 (3)(d) Revoke/suspend/vary',1),(220,NULL,'lcat_psv',NULL,NULL,'A material change in any of the circumstances relevant to the grant or variation of the licence (incl FPN/Conviction).',0,1,0,NULL,'15 - Section 17 (3)(e) Revoke/suspend/vary',1),(221,NULL,'lcat_psv',NULL,NULL,'Licence subject to revocation, suspension, variation of condition following a direction under section 28(4) of the 1985 Act (director/individual disqualified on another licence)',0,1,0,NULL,'16 - Section 17 (3)(f)',1),(222,NULL,'lcat_psv',NULL,NULL,'TM good repute or professional competence',0,0,0,NULL,'17 - Schedule 3(7A)(1)',1),(223,NULL,'lcat_psv',NULL,NULL,'Disqualification TM',0,0,0,NULL,'18 - Schedule 3(7B)(1)',1),(224,NULL,'lcat_psv',NULL,NULL,'Financial assessor required',0,0,0,NULL,'19 - Schedule 3(7B)(1)',1),(225,NULL,'lcat_psv',NULL,NULL,'Driver(s) to be called',0,0,0,NULL,'20 - Schedule 3(7B)(1)',1),(226,NULL,'lcat_psv',NULL,NULL,'Failure to operate a local bus service in accordance with the registered details',0,0,0,NULL,'21 - Section 26 of the Transport Act 1985',1),(227,NULL,'lcat_psv',NULL,NULL,'Disqualification  of operator',0,0,0,NULL,'22 - Section 28 of the Transport Act 1985',1),(228,NULL,'lcat_psv',NULL,NULL,'(a) Financial penalty for failure to operate bus service',0,0,0,NULL,'23.1 - Section 155 of the TA 2000',1),(229,NULL,'lcat_psv',NULL,NULL,'(b) Withdraw/suspend community licence',0,0,0,NULL,'23.2 - Section 155 of the TA 2000',1),(230,NULL,'lcat_psv',NULL,NULL,'(c) Other (please specify)',0,0,0,NULL,'23.3 - Section 155 of the TA 2000',1),(231,NULL,'lcat_gv',NULL,NULL,'New application',1,0,0,NULL,'x NI-Section 12',1),(232,NULL,'lcat_gv',NULL,NULL,'Variation application',1,0,0,NULL,'x NI-Section 16',1),(233,NULL,'lcat_gv',NULL,NULL,'Unauthorised use of a place as an operating centre',1,1,0,NULL,'x NI-Section 23(1)(a)',1),(234,NULL,'lcat_gv',NULL,NULL,'Contravention of a licence condition (specify)',1,1,0,NULL,'x NI-Section 23(1)(b)',1),(235,NULL,'lcat_gv',NULL,NULL,'(1) Fail to notify of change in maintenance arrangements',1,1,0,NULL,'x NI-Section 23(1)(b)',1),(236,NULL,'lcat_gv',NULL,NULL,'(2) Fail to notify of change in ownership',1,1,0,NULL,'x NI-Section 23(1)(b)',1),(237,NULL,'lcat_gv',NULL,NULL,'(3) Fail to notify of notifiable convictions ',1,1,0,NULL,'x NI-Section 23(1)(b)',1),(238,NULL,'lcat_gv',NULL,NULL,'(4) Fail to notify of events which affect good repute ',1,1,0,NULL,'x NI-Section 23(1)(b)',1),(239,NULL,'lcat_gv',NULL,NULL,'(5) Fail to notify of events which affect financial standing',1,1,0,NULL,'x NI-Section 23(1)(b)',1),(240,NULL,'lcat_gv',NULL,NULL,'(6) Fail to notify of events which affect professional competence',1,1,0,NULL,'x NI-Section 23(1)(b)',1),(241,NULL,'lcat_gv',NULL,NULL,'(7) Breach of road safety condition',1,1,0,NULL,'x NI-Section 23(1)(b)',1),(242,NULL,'lcat_gv',NULL,NULL,'(8) Breach of environmental condition',1,1,0,NULL,'x NI-Section 23(1)(b)',1),(243,NULL,'lcat_gv',NULL,NULL,'(9) Other (please specify)',1,1,0,NULL,'x NI-Section 23(1)(b)',1),(244,NULL,'lcat_gv',NULL,NULL,'Schedule 2 Paragraph 5 convictions (operator)',1,1,0,NULL,'x NI-Section 23(1)(c)',1),(245,NULL,'lcat_gv',NULL,NULL,'Schedule 2 Paragraph 5 convictions (servants/agents)',1,1,0,NULL,'x NI-Section 23(1)(c)',1),(246,NULL,'lcat_gv',NULL,NULL,'Prohibitions',1,1,0,NULL,'x NI-Section 23(1)(c)',1),(247,NULL,'lcat_gv',NULL,NULL,'Fixed Penalty or conditional offer issued',1,1,0,NULL,'x NI-Section 23(1)(c)',1),(248,NULL,'lcat_gv',NULL,NULL,'Convictions for Schedule 2 Paragraph 5 (j) offences',1,1,0,NULL,'x NI-Section 23(1)(c)',1),(249,NULL,'lcat_gv',NULL,NULL,'Failing to fulfil Statement of Expectation/False statement (specify)',1,1,0,NULL,'x NI-Section 23(1)(d)',1),(250,NULL,'lcat_gv',NULL,NULL,'(1) Failure to declare previous refusal or revocation',1,1,0,NULL,'x NI-Section 23(1)(d)',1),(251,NULL,'lcat_gv',NULL,NULL,'(2) Stating that (x) would be the TM responsible for vehicles on licence',1,1,0,NULL,'x NI-Section 23(1)(d)',1),(252,NULL,'lcat_gv',NULL,NULL,'(3) Stating that the TM would not be responsible for any other licence',1,1,0,NULL,'x NI-Section 23(1)(d)',1),(253,NULL,'lcat_gv',NULL,NULL,'(4) Stating that the vehicles would normally be kept at the o/c',1,1,0,NULL,'x NI-Section 23(1)(d)',1),(254,NULL,'lcat_gv',NULL,NULL,'(5) Stating that the nominated o/c is not used by other operators',1,1,0,NULL,'x NI-Section 23(1)(d)',1),(255,NULL,'lcat_gv',NULL,NULL,'(6) Stating that the vehicles would be given inspections at (x) intervals',1,1,0,NULL,'x NI-Section 23(1)(d)',1),(256,NULL,'lcat_gv',NULL,NULL,'(7) Stating that the maintenance would be carried out by own staff',1,1,0,NULL,'x NI-Section 23(1)(d)',1),(257,NULL,'lcat_gv',NULL,NULL,'(8) Stating that the maintenance would be carried out by (x) firm',1,1,0,NULL,'x NI-Section 23(1)(d)',1),(258,NULL,'lcat_gv',NULL,NULL,'(9) Failure to declare that (x) has been made bankrupt',1,1,0,NULL,'x NI-Section 23(1)(d)',1),(259,NULL,'lcat_gv',NULL,NULL,'(10) Failure to declare that (x) has been involved in a liquidated co',1,1,0,NULL,'x NI-Section 23(1)(d)',1),(260,NULL,'lcat_gv',NULL,NULL,'(11) Failure to declare that (x) has been disqualified as a director',1,1,0,NULL,'x NI-Section 23(1)(d)',1),(261,NULL,'lcat_gv',NULL,NULL,'(12) Failure to declare convictions on making the application',1,1,0,NULL,'x NI-Section 23(1)(d)',1),(262,NULL,'lcat_gv',NULL,NULL,'(13) Stating that the holder would abide by any conditions on the licence',1,1,0,NULL,'x NI-Section 23(1)(d)',1),(263,NULL,'lcat_gv',NULL,NULL,'Failing to fulfil a licence undertaking',1,1,0,NULL,'x NI-Section 23(1)(e)',1),(264,NULL,'lcat_gv',NULL,NULL,'(1) Rules on drivers hours and tachographs would be observed',1,1,0,NULL,'x NI-Section 23(1)(e)',1),(265,NULL,'lcat_gv',NULL,NULL,'(2) Vehicles and trailers not to be overloaded',1,1,0,NULL,'x NI-Section 23(1)(e)',1),(266,NULL,'lcat_gv',NULL,NULL,'(3) Vehicles operate within speed limits',1,1,0,NULL,'x NI-Section 23(1)(e)',1),(267,NULL,'lcat_gv',NULL,NULL,'(4) Vehicles and trailers would be kept fit and serviceable',1,1,0,NULL,'x NI-Section 23(1)(e)',1),(268,NULL,'lcat_gv',NULL,NULL,'(5) Driver reports any defects in writing',1,1,0,NULL,'x NI-Section 23(1)(e)',1),(269,NULL,'lcat_gv',NULL,NULL,'(6) Maintenance records would be kept for 15 months',1,1,0,NULL,'x NI-Section 23(1)(e)',1),(270,NULL,'lcat_gv',NULL,NULL,'(7) Exceeding operating centre authorisation',1,1,0,NULL,'x NI-Section 23(1)(e)',1),(271,NULL,'lcat_gv',NULL,NULL,'(8) Other (please specify)',1,1,0,NULL,'x NI-Section 23(1)(e)',1),(272,NULL,'lcat_gv',NULL,NULL,'Bankruptcy/liquidation (other than voluntary liquidation)',1,1,0,NULL,'x NI-Section 23(1)(f)',1),(273,NULL,'lcat_gv',NULL,NULL,'Material Change (please specify)',1,1,0,NULL,'x NI-Section 23(1)(g)',1),(274,NULL,'lcat_gv',NULL,NULL,'Licence liable to revocation, suspension or curtailment following a direction under section 25 (4) (director/individual disqualified on another licence)',1,1,0,NULL,'x NI-Section 23(1)(h)',1),(275,NULL,'lcat_gv',NULL,NULL,'To consider whether the operator has an effective and stable establishment in Great Britain.',1,1,0,NULL,'x NI-Section 24(1)(a)',1),(276,NULL,'lcat_gv',NULL,NULL,'To consider the operator is still of good repute in accordance with Regulation 5 of the Goods Vehicles (Qualifications of Operators) Regualtions(Northern Ireland) 2012',1,1,0,NULL,'x NI-Section 24(1)(a)',1),(277,NULL,'lcat_gv',NULL,NULL,'To consider whether the operator continues to meet the requirement to be of appropriate financial standing.',1,1,0,NULL,'x NI-Section 24(1)(a)',1),(278,NULL,'lcat_gv',NULL,NULL,'No longer professionally competent.',1,1,0,NULL,'x NI-Section 24(1)(a)',1),(279,NULL,'lcat_gv',NULL,NULL,'No longer of good repute (section 12A (3)(a))',1,1,0,NULL,'x NI-Section 24(1)(b)',1),(280,NULL,'lcat_gv',NULL,NULL,'No longer professionally competent (section 12A (3)(b))',1,1,0,NULL,'x NI-Section 24(1)(b)',1),(281,NULL,'lcat_gv',NULL,NULL,'External TM exceeds the 4/50 rule (section 12A (3)(c )(ii))',1,1,0,NULL,'x NI-Section 24(1)(b)',1),(282,NULL,'lcat_gv',NULL,NULL,'Disqualification to be considered - Operator licence',1,0,0,NULL,'x NI-Section 25',1),(283,NULL,'lcat_gv',NULL,NULL,'TM good repute or professional competence',1,0,0,NULL,'x NI-Section 12A(3)(a) or (b)',1),(284,NULL,'lcat_gv',NULL,NULL,'Disqualification to be considered - Transport Manager',1,0,0,NULL,'x NI-Section 25',1),(285,NULL,NULL,NULL,NULL,'Declare unfit',0,0,0,NULL,'Article 6',1),(286,NULL,NULL,NULL,NULL,'Repute not lost',0,0,0,NULL,'Article 6',1);
/*!40000 ALTER TABLE `reason` ENABLE KEYS */;
UNLOCK TABLES;

--
-- Dumping data for table `recipient`
--

LOCK TABLES `recipient` WRITE;
/*!40000 ALTER TABLE `recipient` DISABLE KEYS */;
/*!40000 ALTER TABLE `recipient` ENABLE KEYS */;
UNLOCK TABLES;

--
-- Dumping data for table `recipient_traffic_area`
--

LOCK TABLES `recipient_traffic_area` WRITE;
/*!40000 ALTER TABLE `recipient_traffic_area` DISABLE KEYS */;
/*!40000 ALTER TABLE `recipient_traffic_area` ENABLE KEYS */;
UNLOCK TABLES;

--
-- Dumping data for table `ref_data`
--

LOCK TABLES `ref_data` WRITE;
/*!40000 ALTER TABLE `ref_data` DISABLE KEYS */;
INSERT INTO `ref_data` (`id`, `parent_id`, `description`, `display_order`, `olbs_key`, `ref_data_category_id`) VALUES ('01110',NULL,'Growing of cereals (except rice),, leguminous crops and oil seeds',NULL,NULL,'SIC_CODE'),('01120',NULL,'Growing of rice',NULL,NULL,'SIC_CODE'),('01130',NULL,'Growing of vegetables and melons, roots and tubers',NULL,NULL,'SIC_CODE'),('01140',NULL,'Growing of sugar cane',NULL,NULL,'SIC_CODE'),('01150',NULL,'Growing of tobacco',NULL,NULL,'SIC_CODE'),('01160',NULL,'Growing of fibre crops',NULL,NULL,'SIC_CODE'),('01190',NULL,'Growing of other non-perennial crops',NULL,NULL,'SIC_CODE'),('01210',NULL,'Growing of grapes',NULL,NULL,'SIC_CODE'),('01220',NULL,'Growing of tropical and subtropical fruits',NULL,NULL,'SIC_CODE'),('01230',NULL,'Growing of citrus fruits',NULL,NULL,'SIC_CODE'),('01240',NULL,'Growing of pome fruits and stone fruits',NULL,NULL,'SIC_CODE'),('01250',NULL,'Growing of other tree and bush fruits and nuts',NULL,NULL,'SIC_CODE'),('01260',NULL,'Growing of oleaginous fruits',NULL,NULL,'SIC_CODE'),('01270',NULL,'Growing of beverage crops',NULL,NULL,'SIC_CODE'),('01280',NULL,'Growing of spices, aromatic, drug and pharmaceutical crops',NULL,NULL,'SIC_CODE'),('01290',NULL,'Growing of other perennial crops',NULL,NULL,'SIC_CODE'),('01300',NULL,'Plant propagation',NULL,NULL,'SIC_CODE'),('01410',NULL,'Raising of dairy cattle',NULL,NULL,'SIC_CODE'),('01420',NULL,'Raising of other cattle and buffaloes',NULL,NULL,'SIC_CODE'),('01430',NULL,'Raising of horses and other equines',NULL,NULL,'SIC_CODE'),('01440',NULL,'Raising of camels and camelids',NULL,NULL,'SIC_CODE'),('01450',NULL,'Raising of sheep and goats',NULL,NULL,'SIC_CODE'),('01460',NULL,'Raising of swine/pigs',NULL,NULL,'SIC_CODE'),('01470',NULL,'Raising of poultry',NULL,NULL,'SIC_CODE'),('01490',NULL,'Raising of other animals',NULL,NULL,'SIC_CODE'),('01500',NULL,'Mixed farming',NULL,NULL,'SIC_CODE'),('01610',NULL,'Support activities for crop production',NULL,NULL,'SIC_CODE'),('01621',NULL,'Farm animal boarding and care',NULL,NULL,'SIC_CODE'),('01629',NULL,'Support activities for animal production (other than farm animal boarding and care), n.e.c.',NULL,NULL,'SIC_CODE'),('01630',NULL,'Post-harvest crop activities',NULL,NULL,'SIC_CODE'),('01640',NULL,'Seed processing for propagation',NULL,NULL,'SIC_CODE'),('01700',NULL,'Hunting, trapping and related service activities',NULL,NULL,'SIC_CODE'),('02100',NULL,'Silviculture and other forestry activities',NULL,NULL,'SIC_CODE'),('02200',NULL,'Logging',NULL,NULL,'SIC_CODE'),('02300',NULL,'Gathering of wild growing non-wood products',NULL,NULL,'SIC_CODE'),('02400',NULL,'Support services to forestry',NULL,NULL,'SIC_CODE'),('03110',NULL,'Marine fishing',NULL,NULL,'SIC_CODE'),('03120',NULL,'Freshwater fishing',NULL,NULL,'SIC_CODE'),('03210',NULL,'Marine aquaculture',NULL,NULL,'SIC_CODE'),('03220',NULL,'Freshwater aquaculture',NULL,NULL,'SIC_CODE'),('05101',NULL,'Mining of hard coal from deep coal mines (underground mining),',NULL,NULL,'SIC_CODE'),('05102',NULL,'Mining of hard coal from open cast coal working (surface mining),',NULL,NULL,'SIC_CODE'),('05200',NULL,'Mining of lignite',NULL,NULL,'SIC_CODE'),('06100',NULL,'Extraction of crude petroleum',NULL,NULL,'SIC_CODE'),('06200',NULL,'Extraction of natural gas',NULL,NULL,'SIC_CODE'),('07100',NULL,'Mining of iron ores',NULL,NULL,'SIC_CODE'),('07210',NULL,'Mining of uranium and thorium ores',NULL,NULL,'SIC_CODE'),('07290',NULL,'Mining of other non-ferrous metal ores',NULL,NULL,'SIC_CODE'),('08110',NULL,'Quarrying of ornamental and building stone, limestone, gypsum, chalk and slate',NULL,NULL,'SIC_CODE'),('08120',NULL,'Operation of gravel and sand pits; mining of clays and kaolin',NULL,NULL,'SIC_CODE'),('08910',NULL,'Mining of chemical and fertiliser minerals',NULL,NULL,'SIC_CODE'),('08920',NULL,'Extraction of peat',NULL,NULL,'SIC_CODE'),('08930',NULL,'Extraction of salt',NULL,NULL,'SIC_CODE'),('08990',NULL,'Other mining and quarrying n.e.c.',NULL,NULL,'SIC_CODE'),('09100',NULL,'Support activities for petroleum and natural gas extraction',NULL,NULL,'SIC_CODE'),('09900',NULL,'Support activities for other mining and quarrying',NULL,NULL,'SIC_CODE'),('10110',NULL,'Processing and preserving of meat',NULL,NULL,'SIC_CODE'),('10120',NULL,'Processing and preserving of poultry meat',NULL,NULL,'SIC_CODE'),('10130',NULL,'Production of meat and poultry meat products',NULL,NULL,'SIC_CODE'),('10200',NULL,'Processing and preserving of fish, crustaceans and molluscs',NULL,NULL,'SIC_CODE'),('10310',NULL,'Processing and preserving of potatoes',NULL,NULL,'SIC_CODE'),('10320',NULL,'Manufacture of fruit and vegetable juice',NULL,NULL,'SIC_CODE'),('10390',NULL,'Other processing and preserving of fruit and vegetables',NULL,NULL,'SIC_CODE'),('10410',NULL,'Manufacture of oils and fats',NULL,NULL,'SIC_CODE'),('10420',NULL,'Manufacture of margarine and similar edible fats',NULL,NULL,'SIC_CODE'),('10511',NULL,'Liquid milk and cream production',NULL,NULL,'SIC_CODE'),('10512',NULL,'Butter and cheese production',NULL,NULL,'SIC_CODE'),('10519',NULL,'Manufacture of milk products (other than liquid milk and cream, butter, cheese), n.e.c.',NULL,NULL,'SIC_CODE'),('10520',NULL,'Manufacture of ice cream',NULL,NULL,'SIC_CODE'),('10611',NULL,'Grain milling',NULL,NULL,'SIC_CODE'),('10612',NULL,'Manufacture of breakfast cereals and cereals-based foods',NULL,NULL,'SIC_CODE'),('10620',NULL,'Manufacture of starches and starch products',NULL,NULL,'SIC_CODE'),('10710',NULL,'Manufacture of bread; manufacture of fresh pastry goods and cakes',NULL,NULL,'SIC_CODE'),('10720',NULL,'Manufacture of rusks and biscuits; manufacture of preserved pastry goods and cakes',NULL,NULL,'SIC_CODE'),('10730',NULL,'Manufacture of macaroni, noodles, couscous and similar farinaceous products',NULL,NULL,'SIC_CODE'),('10810',NULL,'Manufacture of sugar',NULL,NULL,'SIC_CODE'),('10821',NULL,'Manufacture of cocoa, and chocolate confectionery',NULL,NULL,'SIC_CODE'),('10822',NULL,'Manufacture of sugar confectionery',NULL,NULL,'SIC_CODE'),('10831',NULL,'Tea processing',NULL,NULL,'SIC_CODE'),('10832',NULL,'Production of coffee and coffee substitutes',NULL,NULL,'SIC_CODE'),('10840',NULL,'Manufacture of condiments and seasonings',NULL,NULL,'SIC_CODE'),('10850',NULL,'Manufacture of prepared meals and dishes',NULL,NULL,'SIC_CODE'),('10860',NULL,'Manufacture of homogenised food preparations and dietetic food',NULL,NULL,'SIC_CODE'),('10890',NULL,'Manufacture of other food products n.e.c.',NULL,NULL,'SIC_CODE'),('10910',NULL,'Manufacture of prepared feeds for farm animals',NULL,NULL,'SIC_CODE'),('10920',NULL,'Manufacture of prepared pet foods',NULL,NULL,'SIC_CODE'),('11010',NULL,'Distilling, rectifying and blending of spirits',NULL,NULL,'SIC_CODE'),('11020',NULL,'Manufacture of wine from grape',NULL,NULL,'SIC_CODE'),('11030',NULL,'Manufacture of cider and other fruit wines',NULL,NULL,'SIC_CODE'),('11040',NULL,'Manufacture of other non-distilled fermented beverages',NULL,NULL,'SIC_CODE'),('11050',NULL,'Manufacture of beer',NULL,NULL,'SIC_CODE'),('11060',NULL,'Manufacture of malt',NULL,NULL,'SIC_CODE'),('11070',NULL,'Manufacture of soft drinks; production of mineral waters and other bottled waters',NULL,NULL,'SIC_CODE'),('12000',NULL,'Manufacture of tobacco products',NULL,NULL,'SIC_CODE'),('13100',NULL,'Preparation and spinning of textile fibres',NULL,NULL,'SIC_CODE'),('13200',NULL,'Weaving of textiles',NULL,NULL,'SIC_CODE'),('13300',NULL,'Finishing of textiles',NULL,NULL,'SIC_CODE'),('13910',NULL,'Manufacture of knitted and crocheted fabrics',NULL,NULL,'SIC_CODE'),('13921',NULL,'Manufacture of soft furnishings',NULL,NULL,'SIC_CODE'),('13922',NULL,'Manufacture of canvas goods, sacks etc.',NULL,NULL,'SIC_CODE'),('13923',NULL,'Manufacture of household textiles (other than soft furnishings of 13.92/1),',NULL,NULL,'SIC_CODE'),('13931',NULL,'Manufacture of woven or tufted carpets and rugs',NULL,NULL,'SIC_CODE'),('13939',NULL,'Manufacture of carpets and rugs (other than woven or tufted), n.e.c.',NULL,NULL,'SIC_CODE'),('13940',NULL,'Manufacture of cordage, rope, twine and netting',NULL,NULL,'SIC_CODE'),('13950',NULL,'Manufacture of non-wovens and articles made from non-wovens, except apparel',NULL,NULL,'SIC_CODE'),('13960',NULL,'Manufacture of other technical and industrial textiles',NULL,NULL,'SIC_CODE'),('13990',NULL,'Manufacture of other textiles n.e.c.',NULL,NULL,'SIC_CODE'),('14110',NULL,'Manufacture of leather clothes',NULL,NULL,'SIC_CODE'),('14120',NULL,'Manufacture of workwear',NULL,NULL,'SIC_CODE'),('14131',NULL,'Manufacture of men\'s outerwear, other than leather clothes and workwear',NULL,NULL,'SIC_CODE'),('14132',NULL,'Manufacture of women\'s outerwear, other than leather clothes and workwear',NULL,NULL,'SIC_CODE'),('14141',NULL,'Manufacture of men\'s underwear',NULL,NULL,'SIC_CODE'),('14142',NULL,'Manufacture of women\'s underwear',NULL,NULL,'SIC_CODE'),('14190',NULL,'Manufacture of other wearing apparel and accessories',NULL,NULL,'SIC_CODE'),('14200',NULL,'Manufacture of articles of fur',NULL,NULL,'SIC_CODE'),('14310',NULL,'Manufacture of knitted and crocheted hosiery',NULL,NULL,'SIC_CODE'),('14390',NULL,'Manufacture of other knitted and crocheted apparel',NULL,NULL,'SIC_CODE'),('15110',NULL,'Tanning and dressing of leather; dressing and dyeing of fur',NULL,NULL,'SIC_CODE'),('15120',NULL,'Manufacture of luggage, handbags and the like, saddlery and harness',NULL,NULL,'SIC_CODE'),('15200',NULL,'Manufacture of footwear',NULL,NULL,'SIC_CODE'),('16100',NULL,'Sawmilling and planing of wood',NULL,NULL,'SIC_CODE'),('16210',NULL,'Manufacture of veneer sheets and wood-based panels',NULL,NULL,'SIC_CODE'),('16220',NULL,'Manufacture of assembled parquet floors',NULL,NULL,'SIC_CODE'),('16230',NULL,'Manufacture of other builders\' carpentry and joinery',NULL,NULL,'SIC_CODE'),('16240',NULL,'Manufacture of wooden containers',NULL,NULL,'SIC_CODE'),('16290',NULL,'Manufacture of other products of wood; manufacture of articles of cork, straw and plaiting materials',NULL,NULL,'SIC_CODE'),('17110',NULL,'Manufacture of pulp',NULL,NULL,'SIC_CODE'),('17120',NULL,'Manufacture of paper and paperboard',NULL,NULL,'SIC_CODE'),('17211',NULL,'Manufacture of corrugated paper and paperboard; manufacture of sacks and bags of paper',NULL,NULL,'SIC_CODE'),('17219',NULL,'Manufacture of paper and paperboard containers other than sacks and bags',NULL,NULL,'SIC_CODE'),('17220',NULL,'Manufacture of household and sanitary goods and of toilet requisites',NULL,NULL,'SIC_CODE'),('17230',NULL,'Manufacture of paper stationery',NULL,NULL,'SIC_CODE'),('17240',NULL,'Manufacture of wallpaper',NULL,NULL,'SIC_CODE'),('17290',NULL,'Manufacture of other articles of paper and paperboard',NULL,NULL,'SIC_CODE'),('18110',NULL,'Printing of newspapers',NULL,NULL,'SIC_CODE'),('18121',NULL,'Manufacture of printed labels',NULL,NULL,'SIC_CODE'),('18129',NULL,'Printing (other than printing of newspapers and printing on labels and tags), n.e.c.',NULL,NULL,'SIC_CODE'),('18130',NULL,'Pre-press and pre-media services',NULL,NULL,'SIC_CODE'),('18140',NULL,'Binding and related services',NULL,NULL,'SIC_CODE'),('18201',NULL,'Reproduction of sound recording',NULL,NULL,'SIC_CODE'),('18202',NULL,'Reproduction of video recording',NULL,NULL,'SIC_CODE'),('18203',NULL,'Reproduction of computer media',NULL,NULL,'SIC_CODE'),('19100',NULL,'Manufacture of coke oven products',NULL,NULL,'SIC_CODE'),('19201',NULL,'Mineral oil refining',NULL,NULL,'SIC_CODE'),('19209',NULL,'Other treatment of petroleum products (excluding mineral oil refining/petrochemicals manufacture),',NULL,NULL,'SIC_CODE'),('20110',NULL,'Manufacture of industrial gases',NULL,NULL,'SIC_CODE'),('20120',NULL,'Manufacture of dyes and pigments',NULL,NULL,'SIC_CODE'),('20130',NULL,'Manufacture of other inorganic basic chemicals',NULL,NULL,'SIC_CODE'),('20140',NULL,'Manufacture of other organic basic chemicals',NULL,NULL,'SIC_CODE'),('20150',NULL,'Manufacture of fertilisers and nitrogen compounds',NULL,NULL,'SIC_CODE'),('20160',NULL,'Manufacture of plastics in primary forms',NULL,NULL,'SIC_CODE'),('20170',NULL,'Manufacture of synthetic rubber in primary forms',NULL,NULL,'SIC_CODE'),('20200',NULL,'Manufacture of pesticides and other agrochemical products',NULL,NULL,'SIC_CODE'),('20301',NULL,'Manufacture of paints, varnishes and similar coatings, mastics and sealants',NULL,NULL,'SIC_CODE'),('20302',NULL,'Manufacture of printing ink',NULL,NULL,'SIC_CODE'),('20411',NULL,'Manufacture of soap and detergents',NULL,NULL,'SIC_CODE'),('20412',NULL,'Manufacture of cleaning and polishing preparations',NULL,NULL,'SIC_CODE'),('20420',NULL,'Manufacture of perfumes and toilet preparations',NULL,NULL,'SIC_CODE'),('20510',NULL,'Manufacture of explosives',NULL,NULL,'SIC_CODE'),('20520',NULL,'Manufacture of glues',NULL,NULL,'SIC_CODE'),('20530',NULL,'Manufacture of essential oils',NULL,NULL,'SIC_CODE'),('20590',NULL,'Manufacture of other chemical products n.e.c.',NULL,NULL,'SIC_CODE'),('20600',NULL,'Manufacture of man-made fibres',NULL,NULL,'SIC_CODE'),('21100',NULL,'Manufacture of basic pharmaceutical products',NULL,NULL,'SIC_CODE'),('21200',NULL,'Manufacture of pharmaceutical preparations',NULL,NULL,'SIC_CODE'),('22110',NULL,'Manufacture of rubber tyres and tubes; retreading and rebuilding of rubber tyres',NULL,NULL,'SIC_CODE'),('22190',NULL,'Manufacture of other rubber products',NULL,NULL,'SIC_CODE'),('22210',NULL,'Manufacture of plastic plates, sheets, tubes and profiles',NULL,NULL,'SIC_CODE'),('22220',NULL,'Manufacture of plastic packing goods',NULL,NULL,'SIC_CODE'),('22230',NULL,'Manufacture of builders\' ware of plastic',NULL,NULL,'SIC_CODE'),('22290',NULL,'Manufacture of other plastic products',NULL,NULL,'SIC_CODE'),('23110',NULL,'Manufacture of flat glass',NULL,NULL,'SIC_CODE'),('23120',NULL,'Shaping and processing of flat glass',NULL,NULL,'SIC_CODE'),('23130',NULL,'Manufacture of hollow glass',NULL,NULL,'SIC_CODE'),('23140',NULL,'Manufacture of glass fibres',NULL,NULL,'SIC_CODE'),('23190',NULL,'Manufacture and processing of other glass, including technical glassware',NULL,NULL,'SIC_CODE'),('23200',NULL,'Manufacture of refractory products',NULL,NULL,'SIC_CODE'),('23310',NULL,'Manufacture of ceramic tiles and flags',NULL,NULL,'SIC_CODE'),('23320',NULL,'Manufacture of bricks, tiles and construction products, in baked clay',NULL,NULL,'SIC_CODE'),('23410',NULL,'Manufacture of ceramic household and ornamental articles',NULL,NULL,'SIC_CODE'),('23420',NULL,'Manufacture of ceramic sanitary fixtures',NULL,NULL,'SIC_CODE'),('23430',NULL,'Manufacture of ceramic insulators and insulating fittings',NULL,NULL,'SIC_CODE'),('23440',NULL,'Manufacture of other technical ceramic products',NULL,NULL,'SIC_CODE'),('23490',NULL,'Manufacture of other ceramic products',NULL,NULL,'SIC_CODE'),('23510',NULL,'Manufacture of cement',NULL,NULL,'SIC_CODE'),('23520',NULL,'Manufacture of lime and plaster',NULL,NULL,'SIC_CODE'),('23610',NULL,'Manufacture of concrete products for construction purposes',NULL,NULL,'SIC_CODE'),('23620',NULL,'Manufacture of plaster products for construction purposes',NULL,NULL,'SIC_CODE'),('23630',NULL,'Manufacture of ready-mixed concrete',NULL,NULL,'SIC_CODE'),('23640',NULL,'Manufacture of mortars',NULL,NULL,'SIC_CODE'),('23650',NULL,'Manufacture of fibre cement',NULL,NULL,'SIC_CODE'),('23690',NULL,'Manufacture of other articles of concrete, plaster and cement',NULL,NULL,'SIC_CODE'),('23700',NULL,'Cutting, shaping and finishing of stone',NULL,NULL,'SIC_CODE'),('23910',NULL,'Production of abrasive products',NULL,NULL,'SIC_CODE'),('23990',NULL,'Manufacture of other non-metallic mineral products n.e.c.',NULL,NULL,'SIC_CODE'),('24100',NULL,'Manufacture of basic iron and steel and of ferro-alloys',NULL,NULL,'SIC_CODE'),('24200',NULL,'Manufacture of tubes, pipes, hollow profiles and related fittings, of steel',NULL,NULL,'SIC_CODE'),('24310',NULL,'Cold drawing of bars',NULL,NULL,'SIC_CODE'),('24320',NULL,'Cold rolling of narrow strip',NULL,NULL,'SIC_CODE'),('24330',NULL,'Cold forming or folding',NULL,NULL,'SIC_CODE'),('24340',NULL,'Cold drawing of wire',NULL,NULL,'SIC_CODE'),('24410',NULL,'Precious metals production',NULL,NULL,'SIC_CODE'),('24420',NULL,'Aluminium production',NULL,NULL,'SIC_CODE'),('24430',NULL,'Lead, zinc and tin production',NULL,NULL,'SIC_CODE'),('24440',NULL,'Copper production',NULL,NULL,'SIC_CODE'),('24450',NULL,'Other non-ferrous metal production',NULL,NULL,'SIC_CODE'),('24460',NULL,'Processing of nuclear fuel',NULL,NULL,'SIC_CODE'),('24510',NULL,'Casting of iron',NULL,NULL,'SIC_CODE'),('24520',NULL,'Casting of steel',NULL,NULL,'SIC_CODE'),('24530',NULL,'Casting of light metals',NULL,NULL,'SIC_CODE'),('24540',NULL,'Casting of other non-ferrous metals',NULL,NULL,'SIC_CODE'),('25110',NULL,'Manufacture of metal structures and parts of structures',NULL,NULL,'SIC_CODE'),('25120',NULL,'Manufacture of doors and windows of metal',NULL,NULL,'SIC_CODE'),('25210',NULL,'Manufacture of central heating radiators and boilers',NULL,NULL,'SIC_CODE'),('25290',NULL,'Manufacture of other tanks, reservoirs and containers of metal',NULL,NULL,'SIC_CODE'),('25300',NULL,'Manufacture of steam generators, except central heating hot water boilers',NULL,NULL,'SIC_CODE'),('25400',NULL,'Manufacture of weapons and ammunition',NULL,NULL,'SIC_CODE'),('25500',NULL,'Forging, pressing, stamping and roll-forming of metal; powder metallurgy',NULL,NULL,'SIC_CODE'),('25610',NULL,'Treatment and coating of metals',NULL,NULL,'SIC_CODE'),('25620',NULL,'Machining',NULL,NULL,'SIC_CODE'),('25710',NULL,'Manufacture of cutlery',NULL,NULL,'SIC_CODE'),('25720',NULL,'Manufacture of locks and hinges',NULL,NULL,'SIC_CODE'),('25730',NULL,'Manufacture of tools',NULL,NULL,'SIC_CODE'),('25910',NULL,'Manufacture of steel drums and similar containers',NULL,NULL,'SIC_CODE'),('25920',NULL,'Manufacture of light metal packaging',NULL,NULL,'SIC_CODE'),('25930',NULL,'Manufacture of wire products, chain and springs',NULL,NULL,'SIC_CODE'),('25940',NULL,'Manufacture of fasteners and screw machine products',NULL,NULL,'SIC_CODE'),('25990',NULL,'Manufacture of other fabricated metal products n.e.c.',NULL,NULL,'SIC_CODE'),('26110',NULL,'Manufacture of electronic components',NULL,NULL,'SIC_CODE'),('26120',NULL,'Manufacture of loaded electronic boards',NULL,NULL,'SIC_CODE'),('26200',NULL,'Manufacture of computers and peripheral equipment',NULL,NULL,'SIC_CODE'),('26301',NULL,'Manufacture of telegraph and telephone apparatus and equipment',NULL,NULL,'SIC_CODE'),('26309',NULL,'Manufacture of communication equipment (other than telegraph and telephone apparatus and equipment),',NULL,NULL,'SIC_CODE'),('26400',NULL,'Manufacture of consumer electronics',NULL,NULL,'SIC_CODE'),('26511',NULL,'Manufacture of electronic instruments and appliances for measuring, testing, and navigation, except industrial process control equipment',NULL,NULL,'SIC_CODE'),('26512',NULL,'Manufacture of electronic industrial process control equipment',NULL,NULL,'SIC_CODE'),('26513',NULL,'Manufacture of non-electronic instruments and appliances for measuring, testing and navigation, except industrial process control equipment',NULL,NULL,'SIC_CODE'),('26514',NULL,'Manufacture of non-electronic industrial process control equipment',NULL,NULL,'SIC_CODE'),('26520',NULL,'Manufacture of watches and clocks',NULL,NULL,'SIC_CODE'),('26600',NULL,'Manufacture of irradiation, electromedical and electrotherapeutic equipment',NULL,NULL,'SIC_CODE'),('26701',NULL,'Manufacture of optical precision instruments',NULL,NULL,'SIC_CODE'),('26702',NULL,'Manufacture of photographic and cinematographic equipment',NULL,NULL,'SIC_CODE'),('26800',NULL,'Manufacture of magnetic and optical media',NULL,NULL,'SIC_CODE'),('27110',NULL,'Manufacture of electric motors, generators and transformers',NULL,NULL,'SIC_CODE'),('27120',NULL,'Manufacture of electricity distribution and control apparatus',NULL,NULL,'SIC_CODE'),('27200',NULL,'Manufacture of batteries and accumulators',NULL,NULL,'SIC_CODE'),('27310',NULL,'Manufacture of fibre optic cables',NULL,NULL,'SIC_CODE'),('27320',NULL,'Manufacture of other electronic and electric wires and cables',NULL,NULL,'SIC_CODE'),('27330',NULL,'Manufacture of wiring devices',NULL,NULL,'SIC_CODE'),('27400',NULL,'Manufacture of electric lighting equipment',NULL,NULL,'SIC_CODE'),('27510',NULL,'Manufacture of electric domestic appliances',NULL,NULL,'SIC_CODE'),('27520',NULL,'Manufacture of non-electric domestic appliances',NULL,NULL,'SIC_CODE'),('27900',NULL,'Manufacture of other electrical equipment',NULL,NULL,'SIC_CODE'),('28110',NULL,'Manufacture of engines and turbines, except aircraft, vehicle and cycle engines',NULL,NULL,'SIC_CODE'),('28120',NULL,'Manufacture of fluid power equipment',NULL,NULL,'SIC_CODE'),('28131',NULL,'Manufacture of pumps',NULL,NULL,'SIC_CODE'),('28132',NULL,'Manufacture of compressors',NULL,NULL,'SIC_CODE'),('28140',NULL,'Manufacture of other taps and valves',NULL,NULL,'SIC_CODE'),('28150',NULL,'Manufacture of bearings, gears, gearing and driving elements',NULL,NULL,'SIC_CODE'),('28210',NULL,'Manufacture of ovens, furnaces and furnace burners',NULL,NULL,'SIC_CODE'),('28220',NULL,'Manufacture of lifting and handling equipment',NULL,NULL,'SIC_CODE'),('28230',NULL,'Manufacture of office machinery and equipment (except computers and peripheral equipment),',NULL,NULL,'SIC_CODE'),('28240',NULL,'Manufacture of power-driven hand tools',NULL,NULL,'SIC_CODE'),('28250',NULL,'Manufacture of non-domestic cooling and ventilation equipment',NULL,NULL,'SIC_CODE'),('28290',NULL,'Manufacture of other general-purpose machinery n.e.c.',NULL,NULL,'SIC_CODE'),('28301',NULL,'Manufacture of agricultural tractors',NULL,NULL,'SIC_CODE'),('28302',NULL,'Manufacture of agricultural and forestry machinery (other than agricultural tractors),',NULL,NULL,'SIC_CODE'),('28410',NULL,'Manufacture of metal forming machinery',NULL,NULL,'SIC_CODE'),('28490',NULL,'Manufacture of other machine tools',NULL,NULL,'SIC_CODE'),('28910',NULL,'Manufacture of machinery for metallurgy',NULL,NULL,'SIC_CODE'),('28921',NULL,'Manufacture of machinery for mining',NULL,NULL,'SIC_CODE'),('28922',NULL,'Manufacture of earthmoving equipment',NULL,NULL,'SIC_CODE'),('28923',NULL,'Manufacture of equipment for concrete crushing and screening roadworks',NULL,NULL,'SIC_CODE'),('28930',NULL,'Manufacture of machinery for food, beverage and tobacco processing',NULL,NULL,'SIC_CODE'),('28940',NULL,'Manufacture of machinery for textile, apparel and leather production',NULL,NULL,'SIC_CODE'),('28950',NULL,'Manufacture of machinery for paper and paperboard production',NULL,NULL,'SIC_CODE'),('28960',NULL,'Manufacture of plastics and rubber machinery',NULL,NULL,'SIC_CODE'),('28990',NULL,'Manufacture of other special-purpose machinery n.e.c.',NULL,NULL,'SIC_CODE'),('29100',NULL,'Manufacture of motor vehicles',NULL,NULL,'SIC_CODE'),('29201',NULL,'Manufacture of bodies (coachwork), for motor vehicles (except caravans),',NULL,NULL,'SIC_CODE'),('29202',NULL,'Manufacture of trailers and semi-trailers',NULL,NULL,'SIC_CODE'),('29203',NULL,'Manufacture of caravans',NULL,NULL,'SIC_CODE'),('29310',NULL,'Manufacture of electrical and electronic equipment for motor vehicles',NULL,NULL,'SIC_CODE'),('29320',NULL,'Manufacture of other parts and accessories for motor vehicles',NULL,NULL,'SIC_CODE'),('30110',NULL,'Building of ships and floating structures',NULL,NULL,'SIC_CODE'),('30120',NULL,'Building of pleasure and sporting boats',NULL,NULL,'SIC_CODE'),('30200',NULL,'Manufacture of railway locomotives and rolling stock',NULL,NULL,'SIC_CODE'),('30300',NULL,'Manufacture of air and spacecraft and related machinery',NULL,NULL,'SIC_CODE'),('30400',NULL,'Manufacture of military fighting vehicles',NULL,NULL,'SIC_CODE'),('30910',NULL,'Manufacture of motorcycles',NULL,NULL,'SIC_CODE'),('30920',NULL,'Manufacture of bicycles and invalid carriages',NULL,NULL,'SIC_CODE'),('30990',NULL,'Manufacture of other transport equipment n.e.c.',NULL,NULL,'SIC_CODE'),('31010',NULL,'Manufacture of office and shop furniture',NULL,NULL,'SIC_CODE'),('31020',NULL,'Manufacture of kitchen furniture',NULL,NULL,'SIC_CODE'),('31030',NULL,'Manufacture of mattresses',NULL,NULL,'SIC_CODE'),('31090',NULL,'Manufacture of other furniture',NULL,NULL,'SIC_CODE'),('32110',NULL,'Striking of coins',NULL,NULL,'SIC_CODE'),('32120',NULL,'Manufacture of jewellery and related articles',NULL,NULL,'SIC_CODE'),('32130',NULL,'Manufacture of imitation jewellery and related articles',NULL,NULL,'SIC_CODE'),('32200',NULL,'Manufacture of musical instruments',NULL,NULL,'SIC_CODE'),('32300',NULL,'Manufacture of sports goods',NULL,NULL,'SIC_CODE'),('32401',NULL,'Manufacture of professional and arcade games and toys',NULL,NULL,'SIC_CODE'),('32409',NULL,'Manufacture of games and toys (other than professional and arcade games and toys), n.e.c.',NULL,NULL,'SIC_CODE'),('32500',NULL,'Manufacture of medical and dental instruments and supplies',NULL,NULL,'SIC_CODE'),('32910',NULL,'Manufacture of brooms and brushes',NULL,NULL,'SIC_CODE'),('32990',NULL,'Other manufacturing n.e.c.',NULL,NULL,'SIC_CODE'),('33110',NULL,'Repair of fabricated metal products',NULL,NULL,'SIC_CODE'),('33120',NULL,'Repair of machinery',NULL,NULL,'SIC_CODE'),('33130',NULL,'Repair of electronic and optical equipment',NULL,NULL,'SIC_CODE'),('33140',NULL,'Repair of electrical equipment',NULL,NULL,'SIC_CODE'),('33150',NULL,'Repair and maintenance of ships and boats',NULL,NULL,'SIC_CODE'),('33160',NULL,'Repair and maintenance of aircraft and spacecraft',NULL,NULL,'SIC_CODE'),('33170',NULL,'Repair and maintenance of other transport equipment',NULL,NULL,'SIC_CODE'),('33190',NULL,'Repair of other equipment',NULL,NULL,'SIC_CODE'),('33200',NULL,'Installation of industrial machinery and equipment',NULL,NULL,'SIC_CODE'),('35110',NULL,'Production of electricity',NULL,NULL,'SIC_CODE'),('35120',NULL,'Transmission of electricity',NULL,NULL,'SIC_CODE'),('35130',NULL,'Distribution of electricity',NULL,NULL,'SIC_CODE'),('35140',NULL,'Trade of electricity',NULL,NULL,'SIC_CODE'),('35210',NULL,'Manufacture of gas',NULL,NULL,'SIC_CODE'),('35220',NULL,'Distribution of gaseous fuels through mains',NULL,NULL,'SIC_CODE'),('35230',NULL,'Trade of gas through mains',NULL,NULL,'SIC_CODE'),('35300',NULL,'Steam and air conditioning supply',NULL,NULL,'SIC_CODE'),('36000',NULL,'Water collection, treatment and supply',NULL,NULL,'SIC_CODE'),('37000',NULL,'Sewerage',NULL,NULL,'SIC_CODE'),('38110',NULL,'Collection of non-hazardous waste',NULL,NULL,'SIC_CODE'),('38120',NULL,'Collection of hazardous waste',NULL,NULL,'SIC_CODE'),('38210',NULL,'Treatment and disposal of non-hazardous waste',NULL,NULL,'SIC_CODE'),('38220',NULL,'Treatment and disposal of hazardous waste',NULL,NULL,'SIC_CODE'),('38310',NULL,'Dismantling of wrecks',NULL,NULL,'SIC_CODE'),('38320',NULL,'Recovery of sorted materials',NULL,NULL,'SIC_CODE'),('39000',NULL,'Remediation activities and other waste management services',NULL,NULL,'SIC_CODE'),('41100',NULL,'Development of building projects',NULL,NULL,'SIC_CODE'),('41201',NULL,'Construction of commercial buildings',NULL,NULL,'SIC_CODE'),('41202',NULL,'Construction of domestic buildings',NULL,NULL,'SIC_CODE'),('42110',NULL,'Construction of roads and motorways',NULL,NULL,'SIC_CODE'),('42120',NULL,'Construction of railways and underground railways',NULL,NULL,'SIC_CODE'),('42130',NULL,'Construction of bridges and tunnels',NULL,NULL,'SIC_CODE'),('42210',NULL,'Construction of utility projects for fluids',NULL,NULL,'SIC_CODE'),('42220',NULL,'Construction of utility projects for electricity and telecommunications',NULL,NULL,'SIC_CODE'),('42910',NULL,'Construction of water projects',NULL,NULL,'SIC_CODE'),('42990',NULL,'Construction of other civil engineering projects n.e.c.',NULL,NULL,'SIC_CODE'),('43110',NULL,'Demolition',NULL,NULL,'SIC_CODE'),('43120',NULL,'Site preparation',NULL,NULL,'SIC_CODE'),('43130',NULL,'Test drilling and boring',NULL,NULL,'SIC_CODE'),('43210',NULL,'Electrical installation',NULL,NULL,'SIC_CODE'),('43220',NULL,'Plumbing, heat and air-conditioning installation',NULL,NULL,'SIC_CODE'),('43290',NULL,'Other construction installation',NULL,NULL,'SIC_CODE'),('43310',NULL,'Plastering',NULL,NULL,'SIC_CODE'),('43320',NULL,'Joinery installation',NULL,NULL,'SIC_CODE'),('43330',NULL,'Floor and wall covering',NULL,NULL,'SIC_CODE'),('43341',NULL,'Painting',NULL,NULL,'SIC_CODE'),('43342',NULL,'Glazing',NULL,NULL,'SIC_CODE'),('43390',NULL,'Other building completion and finishing',NULL,NULL,'SIC_CODE'),('43910',NULL,'Roofing activities',NULL,NULL,'SIC_CODE'),('43991',NULL,'Scaffold erection',NULL,NULL,'SIC_CODE'),('43999',NULL,'Specialised construction activities (other than scaffold erection), n.e.c.',NULL,NULL,'SIC_CODE'),('45111',NULL,'Sale of new cars and light motor vehicles',NULL,NULL,'SIC_CODE'),('45112',NULL,'Sale of used cars and light motor vehicles',NULL,NULL,'SIC_CODE'),('45190',NULL,'Sale of other motor vehicles',NULL,NULL,'SIC_CODE'),('45200',NULL,'Maintenance and repair of motor vehicles',NULL,NULL,'SIC_CODE'),('45310',NULL,'Wholesale trade of motor vehicle parts and accessories',NULL,NULL,'SIC_CODE'),('45320',NULL,'Retail trade of motor vehicle parts and accessories',NULL,NULL,'SIC_CODE'),('45400',NULL,'Sale, maintenance and repair of motorcycles and related parts and accessories',NULL,NULL,'SIC_CODE'),('46110',NULL,'Agents involved in the sale of agricultural raw materials, live animals, textile raw materials and semi-finished goods',NULL,NULL,'SIC_CODE'),('46120',NULL,'Agents involved in the sale of fuels, ores, metals and industrial chemicals',NULL,NULL,'SIC_CODE'),('46130',NULL,'Agents involved in the sale of timber and building materials',NULL,NULL,'SIC_CODE'),('46140',NULL,'Agents involved in the sale of machinery, industrial equipment, ships and aircraft',NULL,NULL,'SIC_CODE'),('46150',NULL,'Agents involved in the sale of furniture, household goods, hardware and ironmongery',NULL,NULL,'SIC_CODE'),('46160',NULL,'Agents involved in the sale of textiles, clothing, fur, footwear and leather goods',NULL,NULL,'SIC_CODE'),('46170',NULL,'Agents involved in the sale of food, beverages and tobacco',NULL,NULL,'SIC_CODE'),('46180',NULL,'Agents specialised in the sale of other particular products',NULL,NULL,'SIC_CODE'),('46190',NULL,'Agents involved in the sale of a variety of goods',NULL,NULL,'SIC_CODE'),('46210',NULL,'Wholesale of grain, unmanufactured tobacco, seeds and animal feeds',NULL,NULL,'SIC_CODE'),('46220',NULL,'Wholesale of flowers and plants',NULL,NULL,'SIC_CODE'),('46230',NULL,'Wholesale of live animals',NULL,NULL,'SIC_CODE'),('46240',NULL,'Wholesale of hides, skins and leather',NULL,NULL,'SIC_CODE'),('46310',NULL,'Wholesale of fruit and vegetables',NULL,NULL,'SIC_CODE'),('46320',NULL,'Wholesale of meat and meat products',NULL,NULL,'SIC_CODE'),('46330',NULL,'Wholesale of dairy products, eggs and edible oils and fats',NULL,NULL,'SIC_CODE'),('46341',NULL,'Wholesale of fruit and vegetable juices, mineral waters and soft drinks',NULL,NULL,'SIC_CODE'),('46342',NULL,'Wholesale of wine, beer, spirits and other alcoholic beverages',NULL,NULL,'SIC_CODE'),('46350',NULL,'Wholesale of tobacco products',NULL,NULL,'SIC_CODE'),('46360',NULL,'Wholesale of sugar and chocolate and sugar confectionery',NULL,NULL,'SIC_CODE'),('46370',NULL,'Wholesale of coffee, tea, cocoa and spices',NULL,NULL,'SIC_CODE'),('46380',NULL,'Wholesale of other food, including fish, crustaceans and molluscs',NULL,NULL,'SIC_CODE'),('46390',NULL,'Non-specialised wholesale of food, beverages and tobacco',NULL,NULL,'SIC_CODE'),('46410',NULL,'Wholesale of textiles',NULL,NULL,'SIC_CODE'),('46420',NULL,'Wholesale of clothing and footwear',NULL,NULL,'SIC_CODE'),('46431',NULL,'Wholesale of gramophone records, audio tapes, compact discs and video tapes and of the equipment on which these are played',NULL,NULL,'SIC_CODE'),('46439',NULL,'Wholesale of radio and television goods and of electrical household appliances (other than of gramophone records, audio tapes, compact discs and video tapes and the equipment on which these are played), n.e.c.',NULL,NULL,'SIC_CODE'),('46440',NULL,'Wholesale of china and glassware and cleaning materials',NULL,NULL,'SIC_CODE'),('46450',NULL,'Wholesale of perfume and cosmetics',NULL,NULL,'SIC_CODE'),('46460',NULL,'Wholesale of pharmaceutical goods',NULL,NULL,'SIC_CODE'),('46470',NULL,'Wholesale of furniture, carpets and lighting equipment',NULL,NULL,'SIC_CODE'),('46480',NULL,'Wholesale of watches and jewellery',NULL,NULL,'SIC_CODE'),('46491',NULL,'Wholesale of musical instruments',NULL,NULL,'SIC_CODE'),('46499',NULL,'Wholesale of household goods (other than musical instruments), n.e.c.',NULL,NULL,'SIC_CODE'),('46510',NULL,'Wholesale of computers, computer peripheral equipment and software',NULL,NULL,'SIC_CODE'),('46520',NULL,'Wholesale of electronic and telecommunications equipment and parts',NULL,NULL,'SIC_CODE'),('46610',NULL,'Wholesale of agricultural machinery, equipment and supplies',NULL,NULL,'SIC_CODE'),('46620',NULL,'Wholesale of machine tools',NULL,NULL,'SIC_CODE'),('46630',NULL,'Wholesale of mining, construction and civil engineering machinery',NULL,NULL,'SIC_CODE'),('46640',NULL,'Wholesale of machinery for the textile industry and of sewing and knitting machines',NULL,NULL,'SIC_CODE'),('46650',NULL,'Wholesale of office furniture',NULL,NULL,'SIC_CODE'),('46660',NULL,'Wholesale of other office machinery and equipment',NULL,NULL,'SIC_CODE'),('46690',NULL,'Wholesale of other machinery and equipment',NULL,NULL,'SIC_CODE'),('46711',NULL,'Wholesale of petroleum and petroleum products',NULL,NULL,'SIC_CODE'),('46719',NULL,'Wholesale of fuels and related products (other than petroleum and petroleum products),',NULL,NULL,'SIC_CODE'),('46720',NULL,'Wholesale of metals and metal ores',NULL,NULL,'SIC_CODE'),('46730',NULL,'Wholesale of wood, construction materials and sanitary equipment',NULL,NULL,'SIC_CODE'),('46740',NULL,'Wholesale of hardware, plumbing and heating equipment and supplies',NULL,NULL,'SIC_CODE'),('46750',NULL,'Wholesale of chemical products',NULL,NULL,'SIC_CODE'),('46760',NULL,'Wholesale of other intermediate products',NULL,NULL,'SIC_CODE'),('46770',NULL,'Wholesale of waste and scrap',NULL,NULL,'SIC_CODE'),('46900',NULL,'Non-specialised wholesale trade',NULL,NULL,'SIC_CODE'),('47110',NULL,'Retail sale in non-specialised stores with food, beverages or tobacco predominating',NULL,NULL,'SIC_CODE'),('47190',NULL,'Other retail sale in non-specialised stores',NULL,NULL,'SIC_CODE'),('47210',NULL,'Retail sale of fruit and vegetables in specialised stores',NULL,NULL,'SIC_CODE'),('47220',NULL,'Retail sale of meat and meat products in specialised stores',NULL,NULL,'SIC_CODE'),('47230',NULL,'Retail sale of fish, crustaceans and molluscs in specialised stores',NULL,NULL,'SIC_CODE'),('47240',NULL,'Retail sale of bread, cakes, flour confectionery and sugar confectionery in specialised stores',NULL,NULL,'SIC_CODE'),('47250',NULL,'Retail sale of beverages in specialised stores',NULL,NULL,'SIC_CODE'),('47260',NULL,'Retail sale of tobacco products in specialised stores',NULL,NULL,'SIC_CODE'),('47290',NULL,'Other retail sale of food in specialised stores',NULL,NULL,'SIC_CODE'),('47300',NULL,'Retail sale of automotive fuel in specialised stores',NULL,NULL,'SIC_CODE'),('47410',NULL,'Retail sale of computers, peripheral units and software in specialised stores',NULL,NULL,'SIC_CODE'),('47421',NULL,'Retail sale of mobile telephones in specialised stores',NULL,NULL,'SIC_CODE'),('47429',NULL,'Retail sale of telecommunications equipment (other than mobile telephones), n.e.c., in specialised stores',NULL,NULL,'SIC_CODE'),('47430',NULL,'Retail sale of audio and video equipment in specialised stores',NULL,NULL,'SIC_CODE'),('47510',NULL,'Retail sale of textiles in specialised stores',NULL,NULL,'SIC_CODE'),('47520',NULL,'Retail sale of hardware, paints and glass in specialised stores',NULL,NULL,'SIC_CODE'),('47530',NULL,'Retail sale of carpets, rugs, wall and floor coverings in specialised stores',NULL,NULL,'SIC_CODE'),('47540',NULL,'Retail sale of electrical household appliances in specialised stores',NULL,NULL,'SIC_CODE'),('47591',NULL,'Retail sale of musical instruments and scores in specialised stores',NULL,NULL,'SIC_CODE'),('47599',NULL,'Retail sale of furniture, lighting equipment and other household articles (other than musical instruments), n.e.c., in specialised stores',NULL,NULL,'SIC_CODE'),('47610',NULL,'Retail sale of books in specialised stores',NULL,NULL,'SIC_CODE'),('47620',NULL,'Retail sale of newspapers and stationery in specialised stores',NULL,NULL,'SIC_CODE'),('47630',NULL,'Retail sale of music and video recordings in specialised stores',NULL,NULL,'SIC_CODE'),('47640',NULL,'Retail sale of sporting equipment in specialised stores',NULL,NULL,'SIC_CODE'),('47650',NULL,'Retail sale of games and toys in specialised stores',NULL,NULL,'SIC_CODE'),('47710',NULL,'Retail sale of clothing in specialised stores',NULL,NULL,'SIC_CODE'),('47721',NULL,'Retail sale of footwear in specialised stores',NULL,NULL,'SIC_CODE'),('47722',NULL,'Retail sale of leather goods in specialised stores',NULL,NULL,'SIC_CODE'),('47730',NULL,'Dispensing chemist in specialised stores',NULL,NULL,'SIC_CODE'),('47741',NULL,'Retail sale of hearing aids in specialised stores',NULL,NULL,'SIC_CODE'),('47749',NULL,'Retail sale of medical and orthopaedic goods (other than hearing aids), n.e.c., in specialised stores',NULL,NULL,'SIC_CODE'),('47750',NULL,'Retail sale of cosmetic and toilet articles in specialised stores',NULL,NULL,'SIC_CODE'),('47760',NULL,'Retail sale of flowers, plants, seeds, fertilisers, pet animals and pet food in specialised stores',NULL,NULL,'SIC_CODE'),('47770',NULL,'Retail sale of watches and jewellery in specialised stores',NULL,NULL,'SIC_CODE'),('47781',NULL,'Retail sale in commercial art galleries',NULL,NULL,'SIC_CODE'),('47782',NULL,'Retail sale by opticians',NULL,NULL,'SIC_CODE'),('47789',NULL,'Other retail sale of new goods in specialised stores (other than by opticians or commercial art galleries),, n.e.c',NULL,NULL,'SIC_CODE'),('47791',NULL,'Retail sale of antiques including antique books, in stores',NULL,NULL,'SIC_CODE'),('47799',NULL,'Retail sale of second-hand goods (other than antiques and antique books), in stores',NULL,NULL,'SIC_CODE'),('47810',NULL,'Retail sale via stalls and markets of food, beverages and tobacco products',NULL,NULL,'SIC_CODE'),('47820',NULL,'Retail sale via stalls and markets of textiles, clothing and footwear',NULL,NULL,'SIC_CODE'),('47890',NULL,'Retail sale via stalls and markets of other goods',NULL,NULL,'SIC_CODE'),('47910',NULL,'Retail sale via mail order houses or via Internet',NULL,NULL,'SIC_CODE'),('47990',NULL,'Other retail sale not in stores, stalls or markets',NULL,NULL,'SIC_CODE'),('49100',NULL,'Passenger rail transport, interurban',NULL,NULL,'SIC_CODE'),('49200',NULL,'Freight rail transport',NULL,NULL,'SIC_CODE'),('49311',NULL,'Urban, suburban or metropolitan area passenger railway transportation by underground, metro and similar systems',NULL,NULL,'SIC_CODE'),('49319',NULL,'Urban, suburban or metropolitan area passenger land transport other than railway transportation by underground, metro and similar systems',NULL,NULL,'SIC_CODE'),('49320',NULL,'Taxi operation',NULL,NULL,'SIC_CODE'),('49390',NULL,'Other passenger land transport n.e.c.',NULL,NULL,'SIC_CODE'),('49410',NULL,'Freight transport by road',NULL,NULL,'SIC_CODE'),('49420',NULL,'Removal services',NULL,NULL,'SIC_CODE'),('49500',NULL,'Transport via pipeline',NULL,NULL,'SIC_CODE'),('50100',NULL,'Sea and coastal passenger water transport',NULL,NULL,'SIC_CODE'),('50200',NULL,'Sea and coastal freight water transport',NULL,NULL,'SIC_CODE'),('50300',NULL,'Inland passenger water transport',NULL,NULL,'SIC_CODE'),('50400',NULL,'Inland freight water transport',NULL,NULL,'SIC_CODE'),('51101',NULL,'Scheduled passenger air transport',NULL,NULL,'SIC_CODE'),('51102',NULL,'Non-scheduled passenger air transport',NULL,NULL,'SIC_CODE'),('51210',NULL,'Freight air transport',NULL,NULL,'SIC_CODE'),('51220',NULL,'Space transport',NULL,NULL,'SIC_CODE'),('52101',NULL,'Operation of warehousing and storage facilities for water transport activities of division 50',NULL,NULL,'SIC_CODE'),('52102',NULL,'Operation of warehousing and storage facilities for air transport activities of division 51',NULL,NULL,'SIC_CODE'),('52103',NULL,'Operation of warehousing and storage facilities for land transport activities of division 49',NULL,NULL,'SIC_CODE'),('52211',NULL,'Operation of rail freight terminals',NULL,NULL,'SIC_CODE'),('52212',NULL,'Operation of rail passenger facilities at railway stations',NULL,NULL,'SIC_CODE'),('52213',NULL,'Operation of bus and coach passenger facilities at bus and coach stations',NULL,NULL,'SIC_CODE'),('52219',NULL,'Other service activities incidental to land transportation, n.e.c. (not including operation of rail freight terminals, passenger facilities at railway stations or passenger facilities at bus and coach stations),',NULL,NULL,'SIC_CODE'),('52220',NULL,'Service activities incidental to water transportation',NULL,NULL,'SIC_CODE'),('52230',NULL,'Service activities incidental to air transportation',NULL,NULL,'SIC_CODE'),('52241',NULL,'Cargo handling for water transport activities of division 50',NULL,NULL,'SIC_CODE'),('52242',NULL,'Cargo handling for air transport activities of division 51',NULL,NULL,'SIC_CODE'),('52243',NULL,'Cargo handling for land transport activities of division 49',NULL,NULL,'SIC_CODE'),('52290',NULL,'Other transportation support activities',NULL,NULL,'SIC_CODE'),('53100',NULL,'Postal activities under universal service obligation',NULL,NULL,'SIC_CODE'),('53201',NULL,'Licensed Carriers',NULL,NULL,'SIC_CODE'),('53202',NULL,'Unlicensed Carriers',NULL,NULL,'SIC_CODE'),('55100',NULL,'Hotels and similar accommodation',NULL,NULL,'SIC_CODE'),('55201',NULL,'Holiday centres and villages',NULL,NULL,'SIC_CODE'),('55202',NULL,'Youth hostels',NULL,NULL,'SIC_CODE'),('55209',NULL,'Other holiday and other short-stay accommodation (not including holiday centres and villages or youth hostels), n.e.c.',NULL,NULL,'SIC_CODE'),('55300',NULL,'Camping grounds, recreational vehicle parks and trailer parks',NULL,NULL,'SIC_CODE'),('55900',NULL,'Other accommodation',NULL,NULL,'SIC_CODE'),('56101',NULL,'Licensed restaurants',NULL,NULL,'SIC_CODE'),('56102',NULL,'Unlicensed restaurants and cafes',NULL,NULL,'SIC_CODE'),('56103',NULL,'Take away food shops and mobile food stands',NULL,NULL,'SIC_CODE'),('56210',NULL,'Event catering activities',NULL,NULL,'SIC_CODE'),('56290',NULL,'Other food service activities',NULL,NULL,'SIC_CODE'),('56301',NULL,'Licensed clubs',NULL,NULL,'SIC_CODE'),('56302',NULL,'Public houses and bars',NULL,NULL,'SIC_CODE'),('58110',NULL,'Book publishing',NULL,NULL,'SIC_CODE'),('58120',NULL,'Publishing of directories and mailing lists',NULL,NULL,'SIC_CODE'),('58130',NULL,'Publishing of newspapers',NULL,NULL,'SIC_CODE'),('58141',NULL,'Publishing of learned journals',NULL,NULL,'SIC_CODE'),('58142',NULL,'Publishing of consumer, business and professional journals and periodicals',NULL,NULL,'SIC_CODE'),('58190',NULL,'Other publishing activities',NULL,NULL,'SIC_CODE'),('58210',NULL,'Publishing of computer games',NULL,NULL,'SIC_CODE'),('58290',NULL,'Other software publishing',NULL,NULL,'SIC_CODE'),('59111',NULL,'Motion picture production activities',NULL,NULL,'SIC_CODE'),('59112',NULL,'Video production activities',NULL,NULL,'SIC_CODE'),('59113',NULL,'Television programme production activities',NULL,NULL,'SIC_CODE'),('59120',NULL,'Motion picture, video and television programme post-production activities',NULL,NULL,'SIC_CODE'),('59131',NULL,'Motion picture distribution activities',NULL,NULL,'SIC_CODE'),('59132',NULL,'Video distribution activities',NULL,NULL,'SIC_CODE'),('59133',NULL,'Television programme distribution activities',NULL,NULL,'SIC_CODE'),('59140',NULL,'Motion picture projection activities',NULL,NULL,'SIC_CODE'),('59200',NULL,'Sound recording and music publishing activities',NULL,NULL,'SIC_CODE'),('60100',NULL,'Radio broadcasting',NULL,NULL,'SIC_CODE'),('60200',NULL,'Television programming and broadcasting activities',NULL,NULL,'SIC_CODE'),('61100',NULL,'Wired telecommunications activities',NULL,NULL,'SIC_CODE'),('61200',NULL,'Wireless telecommunications activities',NULL,NULL,'SIC_CODE'),('61300',NULL,'Satellite telecommunications activities',NULL,NULL,'SIC_CODE'),('61900',NULL,'Other telecommunications activities',NULL,NULL,'SIC_CODE'),('62011',NULL,'Ready-made interactive leisure and entertainment software development',NULL,NULL,'SIC_CODE'),('62012',NULL,'Business and domestic software development',NULL,NULL,'SIC_CODE'),('62020',NULL,'Computer consultancy activities',NULL,NULL,'SIC_CODE'),('62030',NULL,'Computer facilities management activities',NULL,NULL,'SIC_CODE'),('62090',NULL,'Other information technology and computer service activities',NULL,NULL,'SIC_CODE'),('63110',NULL,'Data processing, hosting and related activities',NULL,NULL,'SIC_CODE'),('63120',NULL,'Web portals',NULL,NULL,'SIC_CODE'),('63910',NULL,'News agency activities',NULL,NULL,'SIC_CODE'),('63990',NULL,'Other information service activities n.e.c.',NULL,NULL,'SIC_CODE'),('64110',NULL,'Central banking',NULL,NULL,'SIC_CODE'),('64191',NULL,'Banks',NULL,NULL,'SIC_CODE'),('64192',NULL,'Building societies',NULL,NULL,'SIC_CODE'),('64201',NULL,'Activities of agricultural holding companies',NULL,NULL,'SIC_CODE'),('64202',NULL,'Activities of production holding companies',NULL,NULL,'SIC_CODE'),('64203',NULL,'Activities of construction holding companies',NULL,NULL,'SIC_CODE'),('64204',NULL,'Activities of distribution holding companies',NULL,NULL,'SIC_CODE'),('64205',NULL,'Activities of financial services holding companies',NULL,NULL,'SIC_CODE'),('64209',NULL,'Activities of other holding companies (not including agricultural, production, construction, distribution and financial services holding companies), n.e.c.',NULL,NULL,'SIC_CODE'),('64301',NULL,'Activities of investment trusts',NULL,NULL,'SIC_CODE'),('64302',NULL,'Activities of unit trusts',NULL,NULL,'SIC_CODE'),('64303',NULL,'Activities of venture and development capital companies',NULL,NULL,'SIC_CODE'),('64304',NULL,'Activities of open-ended investment companies',NULL,NULL,'SIC_CODE'),('64305',NULL,'Activities of property unit trusts',NULL,NULL,'SIC_CODE'),('64306',NULL,'Activities of real estate investment trusts',NULL,NULL,'SIC_CODE'),('64910',NULL,'Financial leasing',NULL,NULL,'SIC_CODE'),('64921',NULL,'Credit granting by non-deposit taking finance houses and other specialist consumer credit grantors',NULL,NULL,'SIC_CODE'),('64922',NULL,'Activities of mortgage finance companies',NULL,NULL,'SIC_CODE'),('64929',NULL,'Other credit granting (not including credit granting by non-deposit taking finance houses and other specialist consumer credit grantors and activities of mortgage finance companies), n.e.c.',NULL,NULL,'SIC_CODE'),('64991',NULL,'Security dealing on own account',NULL,NULL,'SIC_CODE'),('64992',NULL,'Factoring',NULL,NULL,'SIC_CODE'),('64999',NULL,'Other financial service activities, except insurance and pension funding, (not including security dealing on own account and factoring), n.e.c.',NULL,NULL,'SIC_CODE'),('65110',NULL,'Life insurance',NULL,NULL,'SIC_CODE'),('65120',NULL,'Non-life insurance',NULL,NULL,'SIC_CODE'),('65201',NULL,'Life reinsurance',NULL,NULL,'SIC_CODE'),('65202',NULL,'Non-life reinsurance',NULL,NULL,'SIC_CODE'),('65300',NULL,'Pension funding',NULL,NULL,'SIC_CODE'),('66110',NULL,'Administration of financial markets',NULL,NULL,'SIC_CODE'),('66120',NULL,'Security and commodity contracts brokerage',NULL,NULL,'SIC_CODE'),('66190',NULL,'Other activities auxiliary to financial services, except insurance and pension funding',NULL,NULL,'SIC_CODE'),('66210',NULL,'Risk and damage evaluation',NULL,NULL,'SIC_CODE'),('66220',NULL,'Activities of insurance agents and brokers',NULL,NULL,'SIC_CODE'),('66290',NULL,'Other activities auxiliary to insurance and pension funding',NULL,NULL,'SIC_CODE'),('66300',NULL,'Fund management activities',NULL,NULL,'SIC_CODE'),('68100',NULL,'Buying and selling of own real estate',NULL,NULL,'SIC_CODE'),('68201',NULL,'Renting and operating of Housing Association real estate',NULL,NULL,'SIC_CODE'),('68202',NULL,'Letting and operating of conference and exhibition centres',NULL,NULL,'SIC_CODE'),('68209',NULL,'Letting and operating of own or leased real estate (other than Housing Association real estate and conference and exhibition services), n.e.c.',NULL,NULL,'SIC_CODE'),('68310',NULL,'Real estate agencies',NULL,NULL,'SIC_CODE'),('68320',NULL,'Management of real estate on a fee or contract basis',NULL,NULL,'SIC_CODE'),('69101',NULL,'Barristers at law',NULL,NULL,'SIC_CODE'),('69102',NULL,'Solicitors',NULL,NULL,'SIC_CODE'),('69109',NULL,'Activities of patent and copyright agents; other legal activities (other than those of barristers and solicitors), n.e.c.',NULL,NULL,'SIC_CODE'),('69201',NULL,'Accounting, and auditing activities',NULL,NULL,'SIC_CODE'),('69202',NULL,'Bookkeeping activities',NULL,NULL,'SIC_CODE'),('69203',NULL,'Tax consultancy',NULL,NULL,'SIC_CODE'),('70100',NULL,'Activities of head offices',NULL,NULL,'SIC_CODE'),('70210',NULL,'Public relations and communication activities',NULL,NULL,'SIC_CODE'),('70221',NULL,'Financial management',NULL,NULL,'SIC_CODE'),('70229',NULL,'Management consultancy activities (other than financial management),',NULL,NULL,'SIC_CODE'),('71111',NULL,'Architectural activities',NULL,NULL,'SIC_CODE'),('71112',NULL,'Urban planning and landscape architectural activities',NULL,NULL,'SIC_CODE'),('71121',NULL,'Engineering design activities for industrial process and production',NULL,NULL,'SIC_CODE'),('71122',NULL,'Engineering related scientific and technical consulting activities',NULL,NULL,'SIC_CODE'),('71129',NULL,'Other engineering activities (not including engineering design for industrial process and production or engineering related scientific and technical consulting activities),',NULL,NULL,'SIC_CODE'),('71200',NULL,'Technical testing and analysis',NULL,NULL,'SIC_CODE'),('72110',NULL,'Research and experimental development on biotechnology',NULL,NULL,'SIC_CODE'),('72190',NULL,'Other research and experimental development on natural sciences and engineering',NULL,NULL,'SIC_CODE'),('72200',NULL,'Research and experimental development on social sciences and humanities',NULL,NULL,'SIC_CODE'),('73110',NULL,'Advertising agencies',NULL,NULL,'SIC_CODE'),('73120',NULL,'Media representation',NULL,NULL,'SIC_CODE'),('73200',NULL,'Market research and public opinion polling',NULL,NULL,'SIC_CODE'),('74100',NULL,'Specialised design activities',NULL,NULL,'SIC_CODE'),('74201',NULL,'Portrait photographic activities',NULL,NULL,'SIC_CODE'),('74202',NULL,'Other specialist photography (not including portrait photography),',NULL,NULL,'SIC_CODE'),('74203',NULL,'Film processing',NULL,NULL,'SIC_CODE'),('74209',NULL,'Other photographic activities (not including portrait and other specialist photography and film processing), n.e.c.',NULL,NULL,'SIC_CODE'),('74300',NULL,'Translation and interpretation activities',NULL,NULL,'SIC_CODE'),('74901',NULL,'Environmental consulting activities',NULL,NULL,'SIC_CODE'),('74902',NULL,'Quantity surveying activities',NULL,NULL,'SIC_CODE'),('74909',NULL,'Other professional, scientific and technical activities (not including environmental consultancy or quantity surveying), n.e.c.',NULL,NULL,'SIC_CODE'),('75000',NULL,'Veterinary activities',NULL,NULL,'SIC_CODE'),('77110',NULL,'Renting and leasing of cars and light motor vehicles',NULL,NULL,'SIC_CODE'),('77120',NULL,'Renting and leasing of trucks',NULL,NULL,'SIC_CODE'),('77210',NULL,'Renting and leasing of recreational and sports goods',NULL,NULL,'SIC_CODE'),('77220',NULL,'Renting of video tapes and disks',NULL,NULL,'SIC_CODE'),('77291',NULL,'Renting and leasing of media entertainment equipment',NULL,NULL,'SIC_CODE'),('77299',NULL,'Renting and leasing of other personal and household goods (other than media entertainment equipment),',NULL,NULL,'SIC_CODE'),('77310',NULL,'Renting and leasing of agricultural machinery and equipment',NULL,NULL,'SIC_CODE'),('77320',NULL,'Renting and leasing of construction and civil engineering machinery and equipment',NULL,NULL,'SIC_CODE'),('77330',NULL,'Renting and leasing of office machinery and equipment (including computers),',NULL,NULL,'SIC_CODE'),('77341',NULL,'Renting and leasing of passenger water transport equipment',NULL,NULL,'SIC_CODE'),('77342',NULL,'Renting and leasing of freight water transport equipment',NULL,NULL,'SIC_CODE'),('77351',NULL,'Renting and leasing of passenger air transport equipment',NULL,NULL,'SIC_CODE'),('77352',NULL,'Renting and leasing of freight air transport equipment',NULL,NULL,'SIC_CODE'),('77390',NULL,'Renting and leasing of other machinery, equipment and tangible goods n.e.c.',NULL,NULL,'SIC_CODE'),('77400',NULL,'Leasing of intellectual property and similar products, except copyrighted works',NULL,NULL,'SIC_CODE'),('78101',NULL,'Motion picture, television and other theatrical casting',NULL,NULL,'SIC_CODE'),('78109',NULL,'Activities of employment placement agencies (other than motion picture, television and other theatrical casting), n.e.c.',NULL,NULL,'SIC_CODE'),('78200',NULL,'Temporary employment agency activities',NULL,NULL,'SIC_CODE'),('78300',NULL,'Other human resources provision',NULL,NULL,'SIC_CODE'),('79110',NULL,'Travel agency activities',NULL,NULL,'SIC_CODE'),('79120',NULL,'Tour operator activities',NULL,NULL,'SIC_CODE'),('79901',NULL,'Activities of tourist guides',NULL,NULL,'SIC_CODE'),('79909',NULL,'Other reservation service activities (not including activities of tourist guides)',NULL,NULL,'SIC_CODE'),('80100',NULL,'Private security activities',NULL,NULL,'SIC_CODE'),('80200',NULL,'Security systems service activities',NULL,NULL,'SIC_CODE'),('80300',NULL,'Investigation activities',NULL,NULL,'SIC_CODE'),('81100',NULL,'Combined facilities support activities',NULL,NULL,'SIC_CODE'),('81210',NULL,'General cleaning of buildings',NULL,NULL,'SIC_CODE'),('81221',NULL,'Window cleaning services',NULL,NULL,'SIC_CODE'),('81222',NULL,'Specialised cleaning services',NULL,NULL,'SIC_CODE'),('81223',NULL,'Furnace and chimney cleaning services',NULL,NULL,'SIC_CODE'),('81229',NULL,'Building and industrial cleaning activities (other than window cleaning, specialised cleaning and furnace and chimney cleaning services), n.e.c.',NULL,NULL,'SIC_CODE'),('81291',NULL,'Disinfecting and extermination services',NULL,NULL,'SIC_CODE'),('81299',NULL,'Cleaning services (other than disinfecting and extermination services), n.e.c.',NULL,NULL,'SIC_CODE'),('81300',NULL,'Landscape service activities',NULL,NULL,'SIC_CODE'),('82110',NULL,'Combined office administrative service activities',NULL,NULL,'SIC_CODE'),('82190',NULL,'Photocopying, document preparation and other specialised office support activities',NULL,NULL,'SIC_CODE'),('82200',NULL,'Activities of call centres',NULL,NULL,'SIC_CODE'),('82301',NULL,'Activities of exhibition and fair organizers',NULL,NULL,'SIC_CODE'),('82302',NULL,'Activities of conference organizers',NULL,NULL,'SIC_CODE'),('82911',NULL,'Activities of collection agencies',NULL,NULL,'SIC_CODE'),('82912',NULL,'Activities of credit bureaus',NULL,NULL,'SIC_CODE'),('82920',NULL,'Packaging activities',NULL,NULL,'SIC_CODE'),('82990',NULL,'Other business support service activities n.e.c.',NULL,NULL,'SIC_CODE'),('84110',NULL,'General public administration activities',NULL,NULL,'SIC_CODE'),('84120',NULL,'Regulation of the activities of providing health care, education, cultural services and other social services, excluding social security',NULL,NULL,'SIC_CODE'),('84130',NULL,'Regulation of and contribution to more efficient operation of businesses',NULL,NULL,'SIC_CODE'),('84210',NULL,'Foreign affairs',NULL,NULL,'SIC_CODE'),('84220',NULL,'Defence activities',NULL,NULL,'SIC_CODE'),('84230',NULL,'Justice and judicial activities',NULL,NULL,'SIC_CODE'),('84240',NULL,'Public order and safety activities',NULL,NULL,'SIC_CODE'),('84250',NULL,'Fire service activities',NULL,NULL,'SIC_CODE'),('84300',NULL,'Compulsory social security activities',NULL,NULL,'SIC_CODE'),('85100',NULL,'Pre-primary education',NULL,NULL,'SIC_CODE'),('85200',NULL,'Primary education',NULL,NULL,'SIC_CODE'),('85310',NULL,'General secondary education',NULL,NULL,'SIC_CODE'),('85320',NULL,'Technical and vocational secondary education',NULL,NULL,'SIC_CODE'),('85410',NULL,'Post-secondary non-tertiary education',NULL,NULL,'SIC_CODE'),('85421',NULL,'First-degree level higher education',NULL,NULL,'SIC_CODE'),('85422',NULL,'Post-graduate level higher education',NULL,NULL,'SIC_CODE'),('85510',NULL,'Sports and recreation education',NULL,NULL,'SIC_CODE'),('85520',NULL,'Cultural education',NULL,NULL,'SIC_CODE'),('85530',NULL,'Driving school activities',NULL,NULL,'SIC_CODE'),('85590',NULL,'Other education n.e.c.',NULL,NULL,'SIC_CODE'),('85600',NULL,'Educational support activities',NULL,NULL,'SIC_CODE'),('86101',NULL,'Hospital activities',NULL,NULL,'SIC_CODE'),('86102',NULL,'Medical nursing home activities',NULL,NULL,'SIC_CODE'),('86210',NULL,'General medical practice activities',NULL,NULL,'SIC_CODE'),('86220',NULL,'Specialist medical practice activities',NULL,NULL,'SIC_CODE'),('86230',NULL,'Dental practice activities',NULL,NULL,'SIC_CODE'),('86900',NULL,'Other human health activities',NULL,NULL,'SIC_CODE'),('87100',NULL,'Residential nursing care activities',NULL,NULL,'SIC_CODE'),('87200',NULL,'Residential care activities for learning disabilities, mental health and substance abuse',NULL,NULL,'SIC_CODE'),('87300',NULL,'Residential care activities for the elderly and disabled',NULL,NULL,'SIC_CODE'),('87900',NULL,'Other residential care activities',NULL,NULL,'SIC_CODE'),('88100',NULL,'Social work activities without accommodation for the elderly and disabled',NULL,NULL,'SIC_CODE'),('88910',NULL,'Child day-care activities',NULL,NULL,'SIC_CODE'),('88990',NULL,'Other social work activities without accommodation n.e.c.',NULL,NULL,'SIC_CODE'),('90010',NULL,'Performing arts',NULL,NULL,'SIC_CODE'),('90020',NULL,'Support activities to performing arts',NULL,NULL,'SIC_CODE'),('90030',NULL,'Artistic creation',NULL,NULL,'SIC_CODE'),('90040',NULL,'Operation of arts facilities',NULL,NULL,'SIC_CODE'),('91011',NULL,'Library activities',NULL,NULL,'SIC_CODE'),('91012',NULL,'Archive activities',NULL,NULL,'SIC_CODE'),('91020',NULL,'Museum activities',NULL,NULL,'SIC_CODE'),('91030',NULL,'Operation of historical sites and buildings and similar visitor attractions',NULL,NULL,'SIC_CODE'),('91040',NULL,'Botanical and zoological gardens and nature reserve activities',NULL,NULL,'SIC_CODE'),('92000',NULL,'Gambling and betting activities',NULL,NULL,'SIC_CODE'),('93110',NULL,'Operation of sports facilities',NULL,NULL,'SIC_CODE'),('93120',NULL,'Activities of sport clubs',NULL,NULL,'SIC_CODE'),('93130',NULL,'Fitness facilities',NULL,NULL,'SIC_CODE'),('93191',NULL,'Activities of racehorse owners',NULL,NULL,'SIC_CODE'),('93199',NULL,'Other sports activities (not including activities of racehorse owners), n.e.c.',NULL,NULL,'SIC_CODE'),('93210',NULL,'Activities of amusement parks and theme parks',NULL,NULL,'SIC_CODE'),('93290',NULL,'Other amusement and recreation activities',NULL,NULL,'SIC_CODE'),('94110',NULL,'Activities of business and employers membership organisations',NULL,NULL,'SIC_CODE'),('94120',NULL,'Activities of professional membership organisations',NULL,NULL,'SIC_CODE'),('94200',NULL,'Activities of trade unions',NULL,NULL,'SIC_CODE'),('94910',NULL,'Activities of religious organisations',NULL,NULL,'SIC_CODE'),('94920',NULL,'Activities of political organisations',NULL,NULL,'SIC_CODE'),('94990',NULL,'Activities of other membership organisations n.e.c.',NULL,NULL,'SIC_CODE'),('95110',NULL,'Repair of computers and peripheral equipment',NULL,NULL,'SIC_CODE'),('95120',NULL,'Repair of communication equipment',NULL,NULL,'SIC_CODE'),('95210',NULL,'Repair of consumer electronics',NULL,NULL,'SIC_CODE'),('95220',NULL,'Repair of household appliances and home and garden equipment',NULL,NULL,'SIC_CODE'),('95230',NULL,'Repair of footwear and leather goods',NULL,NULL,'SIC_CODE'),('95240',NULL,'Repair of furniture and home furnishings',NULL,NULL,'SIC_CODE'),('95250',NULL,'Repair of watches, clocks and jewellery',NULL,NULL,'SIC_CODE'),('95290',NULL,'Repair of other personal and household goods',NULL,NULL,'SIC_CODE'),('96010',NULL,'Washing and (dry-),cleaning of textile and fur products',NULL,NULL,'SIC_CODE'),('96020',NULL,'Hairdressing and other beauty treatment',NULL,NULL,'SIC_CODE'),('96030',NULL,'Funeral and related activities',NULL,NULL,'SIC_CODE'),('96040',NULL,'Physical well-being activities',NULL,NULL,'SIC_CODE'),('96090',NULL,'Other personal service activities n.e.c.',NULL,NULL,'SIC_CODE'),('97000',NULL,'Activities of households as employers of domestic personnel',NULL,NULL,'SIC_CODE'),('98100',NULL,'Undifferentiated goods-producing activities of private households for own use',NULL,NULL,'SIC_CODE'),('98200',NULL,'Undifferentiated service-producing activities of private households for own use',NULL,NULL,'SIC_CODE'),('99000',NULL,'Activities of extraterritorial organisations and bodies',NULL,NULL,'SIC_CODE'),('99999',NULL,'Dormant Company',NULL,NULL,'SIC_CODE'),('acr_continuation',NULL,'From continuation date',2,NULL,'accrual_rule'),('acr_immediate',NULL,'Immediate',3,NULL,'accrual_rule'),('acr_licence_start',NULL,'From licence start date',1,NULL,'accrual_rule'),('advertisement',NULL,'Advertisement',11,NULL,'submission_section'),('ANN',NULL,'Annual Reminder fees',NULL,'ANN','fee_type'),('annex',NULL,'Annex',46,NULL,'submission_section'),('annual-test-history',NULL,'Annual test history',30,NULL,'submission_section'),('APP',NULL,'Application fees',NULL,'APP','fee_type'),('appeal_o_dis',NULL,'Dismissed',NULL,'DIS','appeal_outcome'),('appeal_o_pas',NULL,'Partially Successful',NULL,'PAS','appeal_outcome'),('appeal_o_ref',NULL,'Refer Back to TC',NULL,'REF','appeal_outcome'),('appeal_o_suc',NULL,'Successful',NULL,'SUC','appeal_outcome'),('appeal_r_app',NULL,'Application',NULL,'0','appeal_reason'),('appeal_r_lic_non_pi',NULL,'Disciplinary Non-PI',NULL,'Disciplinary_N_PI','appeal_reason'),('appeal_r_lic_pi',NULL,'Disciplinary PI',NULL,'Disciplinary_PI','appeal_reason'),('appeal_r_tm_non_pi',NULL,'Regulatory Non-PI',NULL,'2','appeal_reason'),('appeal_r_tm_pi',NULL,'Regulatory PI',NULL,'1','appeal_reason'),('applicants-comments',NULL,'Applicants comments',37,NULL,'submission_section'),('applied_via_phone',NULL,'Phone',NULL,'Phone','app_applied_via'),('applied_via_post',NULL,'Post',NULL,'Post','app_applied_via'),('applied_via_selfserve',NULL,'Selfserve',NULL,'Selfserve','app_applied_via'),('apsts_consideration',NULL,'Under Consideration',NULL,'New','app_status'),('apsts_curtailed',NULL,'Curtailed',NULL,'Curtailed','app_status'),('apsts_granted',NULL,'Granted',NULL,'Granted','app_status'),('apsts_not_submitted',NULL,'Not Yet Submitted',NULL,NULL,'app_status'),('apsts_ntu',NULL,'Not Taken Up',NULL,'NTU','app_status'),('apsts_refused',NULL,'Refused',NULL,'Refused','app_status'),('apsts_valid',NULL,'Valid',NULL,'Valid','app_status'),('apsts_withdrawn',NULL,'Withdrawn',NULL,'Withdrawn','app_status'),('auth-requested-applied-for',NULL,'Authorisation requested / applied for',16,NULL,'submission_section'),('breg_s_admin',NULL,'Admin Cancelled',1,'AdminCancelled','bus_reg_status'),('breg_s_cancellation',NULL,'Cancellation',2,'Cancellation','bus_reg_status'),('breg_s_cancelled',NULL,'Cancelled',4,'Cancelled','bus_reg_status'),('breg_s_cns',NULL,'CNS',5,'CNS','bus_reg_status'),('breg_s_curt',NULL,'Curtailed',6,'Curtailed','bus_reg_status'),('breg_s_expired',NULL,'Expired',7,NULL,'bus_reg_status'),('breg_s_new',NULL,'New',8,'New','bus_reg_status'),('breg_s_refused',NULL,'Refused',9,'Refused','bus_reg_status'),('breg_s_registered',NULL,'Registered',10,'Registered','bus_reg_status'),('breg_s_revoked',NULL,'Revoked',11,'Revoked','bus_reg_status'),('breg_s_surr',NULL,'Surrendered',12,'Surrendered','bus_reg_status'),('breg_s_var',NULL,'Variation',13,'Variation','bus_reg_status'),('breg_s_withdrawn',NULL,'Withdrawn',14,'WithDrawn','bus_reg_status'),('brvr_route',NULL,'Route',NULL,'2','bus_reg_var_reason'),('brvr_start_end',NULL,'Start & Finish Point',NULL,'3','bus_reg_var_reason'),('brvr_stops',NULL,'Stopping Places',NULL,'4','bus_reg_var_reason'),('brvr_timetable',NULL,'Timetable',NULL,'1','bus_reg_var_reason'),('bs_in_part',NULL,'In Part',NULL,'3','bus_subsidy'),('bs_no',NULL,'No',NULL,'1','bus_subsidy'),('bs_yes',NULL,'Yes',NULL,'2','bus_subsidy'),('bus-reg-app-details',NULL,'Bus registration application details',21,NULL,'submission_section'),('BUSAPP',NULL,'Bus Route Application fees',NULL,'BUSAPP','fee_type'),('BUSVAR',NULL,'Bus Route Variation fees',NULL,'BUSVAR','fee_type'),('case_cat_bus_reg',NULL,'Bus Registration',75,NULL,'case_category'),('case_cat_bus_reg_ebsr','case_cat_bus_reg','EBSR',78,NULL,'case_category'),('case_cat_bus_reg_ncom','case_cat_bus_reg','Non-compliance',79,NULL,'case_category'),('case_cat_bus_reg_rt_rv','case_cat_bus_reg','Route Review',77,NULL,'case_category'),('case_cat_bus_reg_sht_n','case_cat_bus_reg','Short Notice',76,NULL,'case_category'),('case_cat_compl',NULL,'Compliance',1,NULL,'case_category'),('case_cat_compl_ath','case_cat_compl','Annual test history',13,NULL,'case_category'),('case_cat_compl_bus_compl','case_cat_compl','Bus compliance',7,NULL,'case_category'),('case_cat_compl_comp_comp','case_cat_compl','Compliance Complaints',11,NULL,'case_category'),('case_cat_compl_conv','case_cat_compl','Convictions',4,NULL,'case_category'),('case_cat_compl_erru_msi','case_cat_compl','ERRU MSI',6,NULL,'case_category'),('case_cat_compl_hmrc_bf','case_cat_compl','HMRC/Border Force notifications',NULL,NULL,'case_category'),('case_cat_compl_imp','case_cat_compl','Impounding',10,NULL,'case_category'),('case_cat_compl_ior','case_cat_compl','In-Office revocation',12,NULL,'case_category'),('case_cat_compl_mri1','case_cat_compl','Maintenance report/investigation',NULL,NULL,'case_category'),('case_cat_compl_msi1','case_cat_compl','MSI',NULL,NULL,'case_category'),('case_cat_compl_off','case_cat_compl','Offences (inc. driver hours)',2,NULL,'case_category'),('case_cat_compl_other_compl','case_cat_compl','Other compliance issues',NULL,NULL,'case_category'),('case_cat_compl_penal','case_cat_compl','Penalties',5,NULL,'case_category'),('case_cat_compl_proh','case_cat_compl','Prohibitions',3,NULL,'case_category'),('case_cat_compl_sec43','case_cat_compl','Section 43',9,NULL,'case_category'),('case_cat_compl_sec9','case_cat_compl','Section 9',8,NULL,'case_category'),('case_cat_env',NULL,'Environmental',91,NULL,'case_category'),('case_cat_env_compl','case_cat_env','Complaint',94,NULL,'case_category'),('case_cat_env_obj','case_cat_env','Objection',93,NULL,'case_category'),('case_cat_env_prev','case_cat_env','Previous History',96,NULL,'case_category'),('case_cat_env_repr','case_cat_env','Representation',92,NULL,'case_category'),('case_cat_env_revw','case_cat_env','Review',95,NULL,'case_category'),('case_cat_irfo',NULL,'IRFO',84,NULL,'case_category'),('case_cat_irfo_girfo','case_cat_irfo','General IRFO',85,NULL,'case_category'),('case_cat_lic_app',NULL,'Licensing application',40,NULL,'case_category'),('case_cat_lic_app_31_29','case_cat_lic_app','Regulation 31/29',44,NULL,'case_category'),('case_cat_lic_app_4_1','case_cat_lic_app','Schedule 4/1',45,NULL,'case_category'),('case_cat_lic_app_cv','case_cat_lic_app','Chargeable variation',46,NULL,'case_category'),('case_cat_lic_app_interim','case_cat_lic_app','Interim with / without submission',41,NULL,'case_category'),('case_cat_lic_app_na','case_cat_lic_app','New application',47,NULL,'case_category'),('case_cat_lic_app_non_cha','case_cat_lic_app','Non-chargeable variation',43,NULL,'case_category'),('case_cat_lic_app_non_env','case_cat_lic_app','Non-ENV Objection',42,NULL,'case_category'),('case_cat_lic_ref',NULL,'Licence referral',60,NULL,'case_category'),('case_cat_lic_ref_conduct','case_cat_lic_ref','Driver Conduct',67,NULL,'case_category'),('case_cat_lic_ref_fs','case_cat_lic_ref','Financial standing',64,NULL,'case_category'),('case_cat_lic_ref_grace','case_cat_lic_ref','Period of grace',66,NULL,'case_category'),('case_cat_lic_ref_lf','case_cat_lic_ref','Late fee',63,NULL,'case_category'),('case_cat_lic_ref_narm','case_cat_lic_ref','Non application related maintenance issue',62,NULL,'case_category'),('case_cat_lic_ref_proj_co','case_cat_lic_ref','Professional Competence',68,NULL,'case_category'),('case_cat_lic_ref_rep','case_cat_lic_ref','Repute/fitness',65,NULL,'case_category'),('case_cat_lic_ref_sur','case_cat_lic_ref','Surrender',61,NULL,'case_category'),('case_cat_other',NULL,'Other',98,NULL,'case_category'),('case_cat_other_cq','case_cat_other','Certificate of qualification',99,NULL,'case_category'),('case_cat_trans',NULL,'Transport Manager',20,NULL,'case_category'),('case_cat_trans_compet_tm','case_cat_trans','Repute / professional competence of TM',22,NULL,'case_category'),('case_cat_trans_dup_tm','case_cat_trans','Duplicate TM',21,NULL,'case_category'),('case_cat_trans_hours_tm','case_cat_trans','TM Hours',23,NULL,'case_category'),('case_o_bus_reg_gr',NULL,'Bus registration granted',1,'','case_outcome'),('case_o_bus_reg_ref',NULL,'Bus registration refused',2,'','case_outcome'),('case_o_cua',NULL,'Conditions or Undertakings added',3,'','case_outcome'),('case_o_cur',NULL,'Curtail',4,'','case_outcome'),('case_o_dun',NULL,'Declare unfit',5,'','case_outcome'),('case_o_gtd',NULL,'Granted',6,'','case_outcome'),('case_o_inter_gr',NULL,'Interim granted',7,'','case_outcome'),('case_o_inter_ref',NULL,'Interim refused',8,'','case_outcome'),('case_o_other',NULL,'Other outcome',9,'','case_outcome'),('case_o_ref',NULL,'Refused',10,'','case_outcome'),('case_o_reg31g',NULL,'Regulation 31 granted',11,'','case_outcome'),('case_o_reg31r',NULL,'Regulation 31 refused',12,'','case_outcome'),('case_o_rep',NULL,'Repute not lost',13,'','case_outcome'),('case_o_rev',NULL,'Revoke',14,'','case_outcome'),('case_o_sus',NULL,'Suspend',15,'','case_outcome'),('case_o_war',NULL,'Warning/NFA',16,'','case_outcome'),('case_t_app',NULL,'Application',1,NULL,'case_type'),('case_t_imp',NULL,'Impounding',2,NULL,'case_type'),('case_t_lic',NULL,'Licence',3,NULL,'case_type'),('case_t_tm',NULL,'Transport Manager',4,NULL,'case_type'),('case-outline',NULL,'Case outline',3,NULL,'submission_section'),('case-summary',NULL,'Case summary',2,NULL,'submission_section'),('cat_lic',NULL,'Licence',NULL,'Licence','cond_att_to'),('cat_oc',NULL,'Operating Centre',NULL,'OpCentre','cond_att_to'),('cav_app',NULL,'Application',NULL,'Application','cond_added_via'),('cav_case',NULL,'Case',NULL,'Episode','cond_added_via'),('cav_lic',NULL,'Licence',NULL,'Licence','cond_added_via'),('cdt_con',NULL,'Condition',NULL,'1','cond_type'),('cdt_und',NULL,'Undertaking',NULL,'2','cond_type'),('cl_sts_active',NULL,'Active',NULL,'Valid','com_lic_sts'),('cl_sts_annulled',NULL,'Annulled',NULL,'Annulled','com_lic_sts'),('cl_sts_expired',NULL,'Expired',NULL,'Expired','com_lic_sts'),('cl_sts_pending',NULL,'Pending',NULL,'Pending','com_lic_sts'),('cl_sts_returned',NULL,'Returned',NULL,'Returned','com_lic_sts'),('cl_sts_suspended',NULL,'Suspended',NULL,'Suspended','com_lic_sts'),('cl_sts_withdrawn',NULL,'Withdrawn',NULL,'Withdrawn','com_lic_sts'),('cl_sw_reason_noest',NULL,'No effective and stable establishment',2,'2','com_lic_sw_reason'),('cl_sw_reason_nofinst',NULL,'No appropriate financial standing',1,'1','com_lic_sw_reason'),('cl_sw_reason_nogoodrepute',NULL,'Not of good repute',4,'4','com_lic_sw_reason'),('cl_sw_reason_other',NULL,'Other',5,'5','com_lic_sw_reason'),('cl_sw_reason_profcomp',NULL,'No requisite professional competence',3,'3','com_lic_sw_reason'),('cm_email',NULL,'E-mail',NULL,'3','contact_method'),('cm_fax',NULL,'Facsimile',NULL,'2','contact_method'),('cm_letter',NULL,'Letter',NULL,'1','contact_method'),('cm_tel',NULL,'Telephone',NULL,'4','contact_method'),('company_address_change',NULL,'Address change',NULL,NULL,'ch_alert_reason'),('company_name_change',NULL,'Name change',NULL,NULL,'ch_alert_reason'),('company_people_change',NULL,'People change',NULL,NULL,'ch_alert_reason'),('company_status_change',NULL,'Status change',NULL,NULL,'ch_alert_reason'),('compliance-complaints',NULL,'Compliance complaints',39,NULL,'submission_section'),('con_det_sts_acceptable',NULL,'Acceptable',5,NULL,'cont_d_status'),('con_det_sts_complete',NULL,'Complete',6,NULL,'cont_d_status'),('con_det_sts_error',NULL,'Error',7,NULL,'cont_d_status'),('con_det_sts_prepared',NULL,'Prepared',1,NULL,'cont_d_status'),('con_det_sts_printed',NULL,'Printed',3,NULL,'cont_d_status'),('con_det_sts_printing',NULL,'Printing',2,NULL,'cont_d_status'),('con_det_sts_unacceptable',NULL,'Unacceptable',4,NULL,'cont_d_status'),('conditions-and-undertakings',NULL,'Conditions and undertakings',8,NULL,'submission_section'),('CONT',NULL,'Continuation fees',NULL,'CONT','fee_type'),('continuous-effective-control',NULL,'Continuous and effective control',18,NULL,'submission_section'),('conv_c_cat_1',NULL,'70, 60 and 50 mph (Temporary Speed Limit) Order 1977',NULL,NULL,'conv_category'),('conv_c_cat_10',NULL,'Motor Vehicles (Driving Licences) (Heavy Goods and Public Service Vehicles) Regulations 1990',NULL,NULL,'conv_category'),('conv_c_cat_1001','conv_c_cat_1','Exceeding 60mph on dual carriageway (offence detected involving the use of camera devices as provided for by Road Traffic Act 1991 s40)',NULL,NULL,'conv_category'),('conv_c_cat_1002','conv_c_cat_1','Exceeding 50 mph on dual carriageway (offence detected involving the use of camera devices as provided for by Road Traffic Act 1991 s40)',NULL,NULL,'conv_category'),('conv_c_cat_1003','conv_c_cat_1','Exceeding 50 mph on dual carriageway (other than detected involving the use of camera devices under Road Traffic Act 1991s40)',NULL,NULL,'conv_category'),('conv_c_cat_1004','conv_c_cat_1','Exceeding 60mph on dual carriageway (other than detected involving the use of camera devices under Road Traffic Act 1991 s40)',NULL,NULL,'conv_category'),('conv_c_cat_1005','conv_c_cat_1','Exceeding 50mph on single carriageway (offence detected involving the use of camera devices as provided for by Road Traffic Act 1991 s40)',NULL,NULL,'conv_category'),('conv_c_cat_1006','conv_c_cat_1','Exceeding 50mph on single carriageway (other than detected involving the use of camera devices under Road Traffic Act 1991 s40)',NULL,NULL,'conv_category'),('conv_c_cat_1007','conv_c_cat_1','Contravening temporary minimum speed limit imposed by Secretary of State (offence detected involving the use of camera devices as provided for by Road Traffic Act 1991 s40)',NULL,NULL,'conv_category'),('conv_c_cat_1008','conv_c_cat_1','Exceeding 70mph on dual carriageway (offence detected involving the use of camera devices as provided for by Road Traffic Act 1991 s40)',NULL,NULL,'conv_category'),('conv_c_cat_1009','conv_c_cat_1','Exceeding 60mph on single carriageway (offence detected involving the use of camera devices as provided for by Road Traffic Act 1991 s40)',NULL,NULL,'conv_category'),('conv_c_cat_1010','conv_c_cat_1','Exceeding 70mph on dual carriageway (other than detected involving the use of camera devices under Road Traffic Act 1991 s40)',NULL,NULL,'conv_category'),('conv_c_cat_1011','conv_c_cat_2','Procure - expose',NULL,NULL,'conv_category'),('conv_c_cat_1012','conv_c_cat_2','Procure - wilfully expose',NULL,NULL,'conv_category'),('conv_c_cat_1013','conv_c_cat_2','Wilfully assault',NULL,NULL,'conv_category'),('conv_c_cat_1014','conv_c_cat_2','Wilfully expose',NULL,NULL,'conv_category'),('conv_c_cat_1015','conv_c_cat_3','Distribute indecent photograph of child',NULL,NULL,'conv_category'),('conv_c_cat_1016','conv_c_cat_3','Indecent photo of child - drafted style',NULL,NULL,'conv_category'),('conv_c_cat_1017','conv_c_cat_3','Publish indecent photograph of a child',NULL,NULL,'conv_category'),('conv_c_cat_1018','conv_c_cat_3','Take indecent photograph of a child',NULL,NULL,'conv_category'),('conv_c_cat_1019','conv_c_cat_3','Possess indecent photograph of a child',NULL,NULL,'conv_category'),('conv_c_cat_1020','conv_c_cat_4','Unlawful intercourse with girl under 13 years',NULL,NULL,'conv_category'),('conv_c_cat_1021','conv_c_cat_4','Attempted unlawful intercourse with girl under 13 years',NULL,NULL,'conv_category'),('conv_c_cat_1022','conv_c_cat_4','Attempted unlawful intercourse with girl between 13 & 16 years',NULL,NULL,'conv_category'),('conv_c_cat_1023','conv_c_cat_4','Unlawful intercourse with girl between 13 & 16 years',NULL,NULL,'conv_category'),('conv_c_cat_1024','conv_c_cat_5','Assault & attempted rape',NULL,NULL,'conv_category'),('conv_c_cat_1025','conv_c_cat_5','Assault & rape',NULL,NULL,'conv_category'),('conv_c_cat_1026','conv_c_cat_5','Assault to severe injury',NULL,NULL,'conv_category'),('conv_c_cat_1027','conv_c_cat_5','Assault to severe injury & rape',NULL,NULL,'conv_category'),('conv_c_cat_1028','conv_c_cat_5','Assault to severe injury with intent to rape',NULL,NULL,'conv_category'),('conv_c_cat_1029','conv_c_cat_5','Assault with intent to rape',NULL,NULL,'conv_category'),('conv_c_cat_1030','conv_c_cat_5','Assault with intent to rob & indecent assault',NULL,NULL,'conv_category'),('conv_c_cat_1031','conv_c_cat_5','Assault, abduction & rape',NULL,NULL,'conv_category'),('conv_c_cat_1032','conv_c_cat_5','Assault, attempted abduction & rape',NULL,NULL,'conv_category'),('conv_c_cat_1033','conv_c_cat_5','Assault, robbery & attempted rape',NULL,NULL,'conv_category'),('conv_c_cat_1034','conv_c_cat_5','Attempted rape',NULL,NULL,'conv_category'),('conv_c_cat_1035','conv_c_cat_5','Attempted rape & robbery',NULL,NULL,'conv_category'),('conv_c_cat_1036','conv_c_cat_5','Housebreaking with intent to rape',NULL,NULL,'conv_category'),('conv_c_cat_1037','conv_c_cat_5','Housebreaking, rape & robbery',NULL,NULL,'conv_category'),('conv_c_cat_1038','conv_c_cat_5','Permanent disfigurement & attempted rape',NULL,NULL,'conv_category'),('conv_c_cat_1039','conv_c_cat_5','Rape',NULL,NULL,'conv_category'),('conv_c_cat_1040','conv_c_cat_5','Rape & assault',NULL,NULL,'conv_category'),('conv_c_cat_1041','conv_c_cat_5','Rape & assault to severe injury',NULL,NULL,'conv_category'),('conv_c_cat_1042','conv_c_cat_5','Rape & robbery',NULL,NULL,'conv_category'),('conv_c_cat_1043','conv_c_cat_5','Rape, assault to severe injury & permanent disfigurement',NULL,NULL,'conv_category'),('conv_c_cat_1044','conv_c_cat_6','Driver failing to return record book in which all weekly record sheets have been used to employer after 14 days from date on which it was last returned',NULL,NULL,'conv_category'),('conv_c_cat_1045','conv_c_cat_6','Employer failing to examine completed weekly record sheet',NULL,NULL,'conv_category'),('conv_c_cat_1046','conv_c_cat_6','Employer failing to return book to driver before he or she was next on duty',NULL,NULL,'conv_category'),('conv_c_cat_1047','conv_c_cat_6','Employer failing to sign completed weekly or duplicate record sheet',NULL,NULL,'conv_category'),('conv_c_cat_1048','conv_c_cat_6','Employer failing to enter specified details in driver\'s record book prior to issue',NULL,NULL,'conv_category'),('conv_c_cat_1049','conv_c_cat_6','Owner-driver failing to preserve intact own duplicate driver\'s weekly record sheets for a year after book was completed or ceased to be used',NULL,NULL,'conv_category'),('conv_c_cat_1050','conv_c_cat_6','Driver failing to return driver\'s record book to employer on ceasing employment',NULL,NULL,'conv_category'),('conv_c_cat_1051','conv_c_cat_6','Employer failing to preserve intact driver\'s record book for a year after book was returned',NULL,NULL,'conv_category'),('conv_c_cat_1052','conv_c_cat_6','Employer failing to preserve intact duplicate driver\'s weekly record sheets for a year after book was returned',NULL,NULL,'conv_category'),('conv_c_cat_1053','conv_c_cat_6','Driver using second record book before completion of all record sheets in first record book',NULL,NULL,'conv_category'),('conv_c_cat_1054','conv_c_cat_6','Owner-driver failing to preserve intact own driver\'s record book for a year after book was completed or ceased to be used',NULL,NULL,'conv_category'),('conv_c_cat_1055','conv_c_cat_6','Driver failing to complete required manual record',NULL,NULL,'conv_category'),('conv_c_cat_1056','conv_c_cat_6','Owner-driver failing to complete front sheet of driver\'s record book before use',NULL,NULL,'conv_category'),('conv_c_cat_1057','conv_c_cat_6','Driver failing to make duplicate entry on weekly record sheet',NULL,NULL,'conv_category'),('conv_c_cat_1058','conv_c_cat_6','Driver failing to deliver driver\'s record book to employer',NULL,NULL,'conv_category'),('conv_c_cat_1059','conv_c_cat_6','Employer failing to detach completed duplicate record sheet',NULL,NULL,'conv_category'),('conv_c_cat_1060','conv_c_cat_6','Driver failing to retain record book in which all weekly record sheets have been used for 14 days from date on which it was last returned',NULL,NULL,'conv_category'),('conv_c_cat_1061','conv_c_cat_6','Using vehicle with no tachograph installed',NULL,NULL,'conv_category'),('conv_c_cat_1062','conv_c_cat_6','Driver making entry in second driver\'s record book',NULL,NULL,'conv_category'),('conv_c_cat_1063','conv_c_cat_6','Owner-driver failing to submit duplicate of weekly record sheet',NULL,NULL,'conv_category'),('conv_c_cat_1064','conv_c_cat_6','Driver erasing or obliterating entry in driver\'s record book',NULL,NULL,'conv_category'),('conv_c_cat_1065','conv_c_cat_6','Driver correcting entry in driver\'s record book in wrong fashion',NULL,NULL,'conv_category'),('conv_c_cat_1066','conv_c_cat_6','Driver failing to sign correction in driver\'s record book',NULL,NULL,'conv_category'),('conv_c_cat_1067','conv_c_cat_6','Driver\'s second employer failing to complete front sheet of driver\'s record book',NULL,NULL,'conv_category'),('conv_c_cat_1068','conv_c_cat_6','Driver failing to produce driver\'s record book for inspection',NULL,NULL,'conv_category'),('conv_c_cat_1069','conv_c_cat_6','Driver\'s second employer failing to require production of driver\'s record book',NULL,NULL,'conv_category'),('conv_c_cat_1070','conv_c_cat_6','Driver failing to carry driver\'s record book',NULL,NULL,'conv_category'),('conv_c_cat_1071','conv_c_cat_7','Goods Vehicle - Alter Operator\'s Disc',NULL,NULL,'conv_category'),('conv_c_cat_1072','conv_c_cat_7','Goods Vehicle - Operators disc illegible.',NULL,NULL,'conv_category'),('conv_c_cat_1073','conv_c_cat_7','Parking HGV on central reservation on footway comprised on an urban road',NULL,NULL,'conv_category'),('conv_c_cat_1074','conv_c_cat_7','Permitting use of vehicle without plating certificate',NULL,NULL,'conv_category'),('conv_c_cat_1075','conv_c_cat_7','Used a goods vehicle when the licence was restricted.',NULL,NULL,'conv_category'),('conv_c_cat_1076','conv_c_cat_7','drove a large goods vehicle without a consignment note.',NULL,NULL,'conv_category'),('conv_c_cat_1077','conv_c_cat_7','having used a large goods vehicle failed to preserve the consignment note.',NULL,NULL,'conv_category'),('conv_c_cat_1078','conv_c_cat_7','failed to produce a consignment note.',NULL,NULL,'conv_category'),('conv_c_cat_1079','conv_c_cat_7','contravention of a condition attached to a licence under Section 22 of the act in that  .......',NULL,NULL,'conv_category'),('conv_c_cat_1080','conv_c_cat_7','the holder contravened a condition attached to the licence under section 23 of the act in that .......',NULL,NULL,'conv_category'),('conv_c_cat_1081','conv_c_cat_7','applied for or obtained an operators licence while disqualified.',NULL,NULL,'conv_category'),('conv_c_cat_1082','conv_c_cat_7','Altering a document (goods vehicles)',NULL,NULL,'conv_category'),('conv_c_cat_1083','conv_c_cat_7','Exceeded that number in contravention of Section 6(3).',NULL,NULL,'conv_category'),('conv_c_cat_1084','conv_c_cat_7','knowingly made a false statement for the purpose of obtaining the variation of/ an operators licence/ a certificate of qualification under section 49 of the act/ a certificate or diploma such as is mentioned in para.13(1) of schedule 3 to the act.',NULL,NULL,'conv_category'),('conv_c_cat_1085','conv_c_cat_7','obstructing an officer exercising powers (mantenance facilities).',NULL,NULL,'conv_category'),('conv_c_cat_1086','conv_c_cat_7','knowingly made a false statement for the purpose of obtaining the issue to yourself or another of/ an operators licence/ a certificate of qualification under section 49 of the act/ a certificate or diploma such as is mentioned in para.13(1) of schedule 3 ',NULL,NULL,'conv_category'),('conv_c_cat_1087','conv_c_cat_7','knowingly made a false statement for the purpose of preventing the issue or variation of / an operators licence/ a certificate of qualification under section 49 of the act/ a certificate or diploma such as is mentioned in para. 13(1) of schedule 3 to the Act',NULL,NULL,'conv_category'),('conv_c_cat_1088','conv_c_cat_7','Exceeded that number in contravention of Section 6(4)(a).',NULL,NULL,'conv_category'),('conv_c_cat_1089','conv_c_cat_7','Exceeded that number in contravention of Section 6(4)(b).',NULL,NULL,'conv_category'),('conv_c_cat_1090','conv_c_cat_7','holder of an operators licence exceeding maximum specified number of trailers',NULL,NULL,'conv_category'),('conv_c_cat_1091','conv_c_cat_7','the holder of an operators licence exceeding the weight specified for the maximum number of trailers.',NULL,NULL,'conv_category'),('conv_c_cat_1092','conv_c_cat_7','used a place as an operating centre without that place being specified.',NULL,NULL,'conv_category'),('conv_c_cat_1093','conv_c_cat_7','on application for an operators licence failed to notify the traffic commissioner that a notifiable conviction had occurred.',NULL,NULL,'conv_category'),('conv_c_cat_1094','conv_c_cat_7','Using vehicle with no goods vehicle test certificate',NULL,NULL,'conv_category'),('conv_c_cat_1095','conv_c_cat_7','Contravening a condition attached to a licence',NULL,NULL,'conv_category'),('conv_c_cat_1096','conv_c_cat_7','make a consignment note which you know to be false.',NULL,NULL,'conv_category'),('conv_c_cat_1097','conv_c_cat_7','obstruct an officer exercising inspection powers.',NULL,NULL,'conv_category'),('conv_c_cat_1098','conv_c_cat_7','Allowing document to be used by another (goods vehicles)',NULL,NULL,'conv_category'),('conv_c_cat_1099','conv_c_cat_7','Forging a document (goods vehicles)',NULL,NULL,'conv_category'),('conv_c_cat_11',NULL,'Non Act',NULL,NULL,'conv_category'),('conv_c_cat_1100','conv_c_cat_7','Using a document (goods vehicles)',NULL,NULL,'conv_category'),('conv_c_cat_1101','conv_c_cat_7','Lending document to another (goods vehicles)',NULL,NULL,'conv_category'),('conv_c_cat_1102','conv_c_cat_7','with intent to deceive had in your possession a document or thing closely resembling/ an operators licence/ a document,plate,mark or other thing by which a vehicle is to be identified as being authorised to be used, or as being used,under an operators licence',NULL,NULL,'conv_category'),('conv_c_cat_1103','conv_c_cat_7','knowingly made a false statement for the purpose of procuring the imposition of a condition or limitation in relation to/ an operators licence/ a certificate of qualification under section 49 of the act/ a certificate or diploma such as is mentioned in paragraph 13(1) of Schedule 3',NULL,NULL,'conv_category'),('conv_c_cat_1104','conv_c_cat_7','With intent to deceive made / an operators licence / a document, plate or mark or other thing by which a vehicle is to be identified as being authorised to be used or as being used under an operators licence',NULL,NULL,'conv_category'),('conv_c_cat_1105','conv_c_cat_7','Goods Vehicle - Fail to display operators disc.',NULL,NULL,'conv_category'),('conv_c_cat_1106','conv_c_cat_7','alter a consignment note',NULL,NULL,'conv_category'),('conv_c_cat_1107','conv_c_cat_7','cause a consignment note to be altered.',NULL,NULL,'conv_category'),('conv_c_cat_1108','conv_c_cat_7','caused a consignment note to be made false.',NULL,NULL,'conv_category'),('conv_c_cat_1109','conv_c_cat_8','Failure to return licence when required to do so',NULL,NULL,'conv_category'),('conv_c_cat_1110','conv_c_cat_8','Failure to notify change of address',NULL,NULL,'conv_category'),('conv_c_cat_1111','conv_c_cat_8','Failing to produce operator\'s licence',NULL,NULL,'conv_category'),('conv_c_cat_1112','conv_c_cat_8','Failure to notify loss of identity disc or to return rediscovered disc when duplicate issued.',NULL,NULL,'conv_category'),('conv_c_cat_1113','conv_c_cat_9','Acquiring duty-free oil in deliberate contravention of restriction in Act',NULL,NULL,'conv_category'),('conv_c_cat_1114','conv_c_cat_9','Using duty-free oil in deliberate contravention of restriction in Act',NULL,NULL,'conv_category'),('conv_c_cat_1115','conv_c_cat_9','Supplying duty-free oil with intent to contravene restriction in Act',NULL,NULL,'conv_category'),('conv_c_cat_1116','conv_c_cat_9','Allowing duty-free oil to be taken into vehicle appliance or storage tank with intent to contravene restriction in Act',NULL,NULL,'conv_category'),('conv_c_cat_1117','conv_c_cat_9','Using rebated heavy oil in deliberate contravention of restriction in Act ',NULL,NULL,'conv_category'),('conv_c_cat_1118','conv_c_cat_9','Supplying rebated heavy oil with intent to contravene restriction in Act',NULL,NULL,'conv_category'),('conv_c_cat_1119','conv_c_cat_9','Knowingly allowing rebated heavy oil to be taken into vehicle with intent to contravene restriction in Act',NULL,NULL,'conv_category'),('conv_c_cat_1120','conv_c_cat_9','Using light oil in deliberate contravention of restriction in Act',NULL,NULL,'conv_category'),('conv_c_cat_1121','conv_c_cat_9','Allowing light oil to be taken into vehicle appliance or storage tank with intent to contravene restriction in Act',NULL,NULL,'conv_category'),('conv_c_cat_1122','conv_c_cat_10','Failing to notify traffic commissioner of loss of HGV licence',NULL,NULL,'conv_category'),('conv_c_cat_1123','conv_c_cat_10','Failing to notify traffic commissioner of loss of PSV licence',NULL,NULL,'conv_category'),('conv_c_cat_1124','conv_c_cat_10','Failing to produce HGV licence for examination by authorised officer',NULL,NULL,'conv_category'),('conv_c_cat_1125','conv_c_cat_10','Failing to produce PSV licence for examination by authorised officer',NULL,NULL,'conv_category'),('conv_c_cat_1126','conv_c_cat_10','Failing to return defaced HGV licence to traffic commissioner',NULL,NULL,'conv_category'),('conv_c_cat_1127','conv_c_cat_10','Failing to return defaced PSV licence to traffic commissioner',NULL,NULL,'conv_category'),('conv_c_cat_1128','conv_c_cat_10','Failing to return previously lost HGV licence to traffic commissioner',NULL,NULL,'conv_category'),('conv_c_cat_1129','conv_c_cat_10','Failing to return previously lost PSV licence to traffic commissioner',NULL,NULL,'conv_category'),('conv_c_cat_1130','conv_c_cat_10','Failing to sign duplicate HGV licence',NULL,NULL,'conv_category'),('conv_c_cat_1131','conv_c_cat_10','Failing to sign duplicate PSV licence',NULL,NULL,'conv_category'),('conv_c_cat_1132','conv_c_cat_10','Failing to surrender existing HGV licence upon refusal of licence  which would have been under Road Traffic Act 1988  Part III',NULL,NULL,'conv_category'),('conv_c_cat_1133','conv_c_cat_10','Failing to surrender existing HGV licence upon revocation of licence which was issued under Road Traffic Act 1988 Part III',NULL,NULL,'conv_category'),('conv_c_cat_1134','conv_c_cat_10','Failing to surrender existing PSV licence upon refusal of licence which would have been under Road Traffic Act 1988 Part III',NULL,NULL,'conv_category'),('conv_c_cat_1135','conv_c_cat_10','Failing to surrender existing PSV licence upon revocation of licence which was issued under Road Traffic Act 1988 Part III',NULL,NULL,'conv_category'),('conv_c_cat_1136','conv_c_cat_10','Failing to surrender HGV licence on change of name and/or address',NULL,NULL,'conv_category'),('conv_c_cat_1137','conv_c_cat_10','Failing to surrender HGV licence on disqualification',NULL,NULL,'conv_category'),('conv_c_cat_1138','conv_c_cat_10','Failing to surrender PSV licence on change of name and/or address',NULL,NULL,'conv_category'),('conv_c_cat_1139','conv_c_cat_10','Failing to surrender PSV licence on disqualification',NULL,NULL,'conv_category'),('conv_c_cat_1140','conv_c_cat_10','Failing to surrender revoked HGV licence',NULL,NULL,'conv_category'),('conv_c_cat_1141','conv_c_cat_10','Failing to surrender revoked PSV licence',NULL,NULL,'conv_category'),('conv_c_cat_1142','conv_c_cat_10','Failing to surrender suspended HGV licence',NULL,NULL,'conv_category'),('conv_c_cat_1143','conv_c_cat_10','Failing to surrender suspended PSV licence',NULL,NULL,'conv_category'),('conv_c_cat_1144','conv_c_cat_11','User Defined:',NULL,NULL,'conv_category'),('conv_c_cat_1145','conv_c_cat_12','Failing to produce licence',NULL,NULL,'conv_category'),('conv_c_cat_1146','conv_c_cat_12','Contravening PSV and Trolley Vehicles (Carrying Capacity) Regulations 1954',NULL,NULL,'conv_category'),('conv_c_cat_1147','conv_c_cat_12','Contravention of or failure to comply with regulation of fitness for public passenger vehicle.',NULL,NULL,'conv_category'),('conv_c_cat_1148','conv_c_cat_12','Failing to exhibit an operator\'s disc.',NULL,NULL,'conv_category'),('conv_c_cat_1149','conv_c_cat_12','Using motor vehicle or trailer with defective tyre, insufficient tread.',NULL,NULL,'conv_category'),('conv_c_cat_1150','conv_c_cat_12','Using a Public Service Vehicle without a certificate of initial fitness.',NULL,NULL,'conv_category'),('conv_c_cat_1151','conv_c_cat_12','Making false statement to obtain certificate of approval of type vehicle.',NULL,NULL,'conv_category'),('conv_c_cat_1152','conv_c_cat_12','Making false statement to obtain certificate of initial fitness.',NULL,NULL,'conv_category'),('conv_c_cat_1153','conv_c_cat_12','Making false statement to obtain certificate of qualification.',NULL,NULL,'conv_category'),('conv_c_cat_1154','conv_c_cat_12','Making false statement to obtain driver\'s licence',NULL,NULL,'conv_category'),('conv_c_cat_1155','conv_c_cat_12','Making false statement to obtain operator\'s disc.',NULL,NULL,'conv_category'),('conv_c_cat_1156','conv_c_cat_12','Making false statement to obtain PSV operator\'s licence',NULL,NULL,'conv_category'),('conv_c_cat_1157','conv_c_cat_12','Making false statement to obtain road service licence.',NULL,NULL,'conv_category'),('conv_c_cat_1158','conv_c_cat_12','Allowing use of road service licence with intent to deceive',NULL,NULL,'conv_category'),('conv_c_cat_1159','conv_c_cat_12','Altering road service licence with intent to deceive',NULL,NULL,'conv_category'),('conv_c_cat_1160','conv_c_cat_12','Forging road service licence with intent to deceive',NULL,NULL,'conv_category'),('conv_c_cat_1161','conv_c_cat_12','Fraudulently using road service licence with intent to deceive',NULL,NULL,'conv_category'),('conv_c_cat_1162','conv_c_cat_12','Lending road service licence with intent to deceive',NULL,NULL,'conv_category'),('conv_c_cat_1163','conv_c_cat_12','Making false road service licence with intent to deceive',NULL,NULL,'conv_category'),('conv_c_cat_1164','conv_c_cat_12','Altering PSV operator\'s licence with intent to deceive',NULL,NULL,'conv_category'),('conv_c_cat_1165','conv_c_cat_12','Forging driver\'s licence with intent to deceive',NULL,NULL,'conv_category'),('conv_c_cat_1166','conv_c_cat_12','Forging PSV operator\'s licence with intent to deceive',NULL,NULL,'conv_category'),('conv_c_cat_1167','conv_c_cat_12','Fraudulently using PSV operator\'s licence with intent to deceive',NULL,NULL,'conv_category'),('conv_c_cat_1168','conv_c_cat_12','Lending driver\'s licence with intent to deceive',NULL,NULL,'conv_category'),('conv_c_cat_1169','conv_c_cat_12','Altering driver\'s licence with intent to deceive',NULL,NULL,'conv_category'),('conv_c_cat_1170','conv_c_cat_12','Allowing use of driver\'s licence with intent to deceive',NULL,NULL,'conv_category'),('conv_c_cat_1171','conv_c_cat_12','Allowing use of PSV operator\'s licence with intent to deceive',NULL,NULL,'conv_category'),('conv_c_cat_1172','conv_c_cat_12','Fraudulently using driver\'s licence with intent to deceive',NULL,NULL,'conv_category'),('conv_c_cat_1173','conv_c_cat_12','Lending PSV operator\'s licence with intent to deceive',NULL,NULL,'conv_category'),('conv_c_cat_1174','conv_c_cat_12','Making false driver\'s licence with intent to deceive',NULL,NULL,'conv_category'),('conv_c_cat_1175','conv_c_cat_12','Making false PSV operator\'s licence with intent to deceive',NULL,NULL,'conv_category'),('conv_c_cat_1176','conv_c_cat_12','Possessing false driver\'s licence with intent to deceive',NULL,NULL,'conv_category'),('conv_c_cat_1177','conv_c_cat_12','Possessing false PSV operator\'s licence with intent to deceive',NULL,NULL,'conv_category'),('conv_c_cat_1178','conv_c_cat_12','Allowing use of certificate of initial fitness with intent to deceive',NULL,NULL,'conv_category'),('conv_c_cat_1179','conv_c_cat_12','Altering certificate of initial fitness with intent to deceive',NULL,NULL,'conv_category'),('conv_c_cat_1180','conv_c_cat_12','Forging certificate of initial fitness with intent to deceive',NULL,NULL,'conv_category'),('conv_c_cat_1181','conv_c_cat_12','Fraudulently using certificate of initial fitness with intent to deceive ',NULL,NULL,'conv_category'),('conv_c_cat_1182','conv_c_cat_12','Lending certificate of initial fitness with intent to deceive',NULL,NULL,'conv_category'),('conv_c_cat_1183','conv_c_cat_12','Making false certificate of initial fitness with intent to deceive',NULL,NULL,'conv_category'),('conv_c_cat_1184','conv_c_cat_12','Possessing false certificate of initial fitness with intent to deceive',NULL,NULL,'conv_category'),('conv_c_cat_1185','conv_c_cat_12','Allowing use of certificate of approval of type vehicle with intent to deceive',NULL,NULL,'conv_category'),('conv_c_cat_1186','conv_c_cat_12','Altering certificate of approval of type vehicle with intent to deceive',NULL,NULL,'conv_category'),('conv_c_cat_1187','conv_c_cat_12','Forging certificate of approval of type vehicle with intent to deceive',NULL,NULL,'conv_category'),('conv_c_cat_1188','conv_c_cat_12','Fraudulently using certificate of approval of type vehicle with intent to deceive',NULL,NULL,'conv_category'),('conv_c_cat_1189','conv_c_cat_12','Lending certificate of approval of type vehicle with intent to deceive',NULL,NULL,'conv_category'),('conv_c_cat_1190','conv_c_cat_12','Making false certificate of approval of type vehicle with intent to deceive',NULL,NULL,'conv_category'),('conv_c_cat_1191','conv_c_cat_12','Possessing false certificate of approval of type vehicle with intent to deceive',NULL,NULL,'conv_category'),('conv_c_cat_1192','conv_c_cat_12','Altering operator\'s disc with intent to deceive',NULL,NULL,'conv_category'),('conv_c_cat_1193','conv_c_cat_12','Forging operator\'s disc with intent to deceive',NULL,NULL,'conv_category'),('conv_c_cat_1194','conv_c_cat_12','Lending operator\'s disc with intent to deceive',NULL,NULL,'conv_category'),('conv_c_cat_1195','conv_c_cat_12','Allowing use of operator\'s disc with intent to deceive',NULL,NULL,'conv_category'),('conv_c_cat_1196','conv_c_cat_12','Fraudulently using operator\'s disc with intent to deceive',NULL,NULL,'conv_category'),('conv_c_cat_1197','conv_c_cat_12','Making false operator\'s disc with intent to deceive',NULL,NULL,'conv_category'),('conv_c_cat_1198','conv_c_cat_12','Possessing false operator\'s disc with intent to deceive',NULL,NULL,'conv_category'),('conv_c_cat_1199','conv_c_cat_12','Allowing use of certificate of qualification with intent to deceive',NULL,NULL,'conv_category'),('conv_c_cat_12',NULL,'Public Passenger Vehicles Act 1981',NULL,NULL,'conv_category'),('conv_c_cat_1200','conv_c_cat_12','Fraudulently using certificate of qualification with intent to receive',NULL,NULL,'conv_category'),('conv_c_cat_1201','conv_c_cat_12','Lending certificate of qualification with intent to deceive',NULL,NULL,'conv_category'),('conv_c_cat_1202','conv_c_cat_12','Making false certificate of qualification with intent to deceive',NULL,NULL,'conv_category'),('conv_c_cat_1203','conv_c_cat_12','Possessing false certificate of qualification with intent to deceive',NULL,NULL,'conv_category'),('conv_c_cat_1204','conv_c_cat_12','Altering certificate of qualification with intent to deceive',NULL,NULL,'conv_category'),('conv_c_cat_1205','conv_c_cat_12','Forging certificate of qualification with intent to deceive',NULL,NULL,'conv_category'),('conv_c_cat_1206','conv_c_cat_12','Allowing use of  with intent to deceive document evidencing appointment of person as certifying officer or PSV examiner',NULL,NULL,'conv_category'),('conv_c_cat_1207','conv_c_cat_12','Altering with intent to deceive document evidencing appointment of person as certifying officer or PSV examiner',NULL,NULL,'conv_category'),('conv_c_cat_1208','conv_c_cat_12','Forging with intent to deceive document evidencing appointment of person as certifying officer or PSV examiner',NULL,NULL,'conv_category'),('conv_c_cat_1209','conv_c_cat_12','Fraudulently using with intent to deceive document evidencing appointment of person as certifying officer or PSV examiner',NULL,NULL,'conv_category'),('conv_c_cat_1210','conv_c_cat_12','Lending with intent to deceive document evidencing appointment of person as certifying officer or PSV examiner',NULL,NULL,'conv_category'),('conv_c_cat_1211','conv_c_cat_12','Making with intent to deceive false document evidencing appointment of person as certifying officer or PSV examiner',NULL,NULL,'conv_category'),('conv_c_cat_1212','conv_c_cat_12','Possessing with intent to deceive false document evidencing appointment of person as certifying officer or PSV examiner',NULL,NULL,'conv_category'),('conv_c_cat_1213','conv_c_cat_12','Possessing false road service licence with intent to deceive',NULL,NULL,'conv_category'),('conv_c_cat_1214','conv_c_cat_13','Failing to surrender HGV licence after existing licence  issued under Road Traffic Act 1988  Part III  was revoked or surrendered',NULL,NULL,'conv_category'),('conv_c_cat_1215','conv_c_cat_13','Failing to surrender PSV licence after existing licence  issued under Road Traffic Act 1988  Part III  was revoked or surrendered',NULL,NULL,'conv_category'),('conv_c_cat_1216','conv_c_cat_14','Driver of passenger-carrying vehicle failing to produce PCV driving licence to authorised officer',NULL,NULL,'conv_category'),('conv_c_cat_1217','conv_c_cat_14','Failing to surrender revoked LGV licence when required',NULL,NULL,'conv_category'),('conv_c_cat_1218','conv_c_cat_14','Failing to surrender revoked PCV licence when required',NULL,NULL,'conv_category'),('conv_c_cat_1219','conv_c_cat_14','Failing to surrender suspended PCV licence when required',NULL,NULL,'conv_category'),('conv_c_cat_1220','conv_c_cat_14','Driver of goods vehicle failing to produce LGV driving licence and its counterpart to authorised officer',NULL,NULL,'conv_category'),('conv_c_cat_1221','conv_c_cat_14','Driver of goods vehicle failing to produce LGV driving licence to authorised officer',NULL,NULL,'conv_category'),('conv_c_cat_1222','conv_c_cat_14','Driver of passenger-carrying vehicle failing to produce PCV driving licence and its counterpart to authorised officer',NULL,NULL,'conv_category'),('conv_c_cat_1223','conv_c_cat_14','Using goods vehicle without operator\'s licence',NULL,NULL,'conv_category'),('conv_c_cat_1224','conv_c_cat_14','fradulently using a vehicle licence, trade licence, registration mark or  registration document.',NULL,NULL,'conv_category'),('conv_c_cat_1225','conv_c_cat_14','The use of a goods vehicle without an operators licence.',NULL,NULL,'conv_category'),('conv_c_cat_1226','conv_c_cat_14','Failing to produce plating certificate issued in respect of goods vehicle and/or of trailer drawn by it when required to do so by constable',NULL,NULL,'conv_category'),('conv_c_cat_1227','conv_c_cat_14','Failing to produce test certificate issued in respect of goods vehicle and/or of trailer drawn by it when required to do so by constable',NULL,NULL,'conv_category'),('conv_c_cat_1228','conv_c_cat_14','Failing to give name and address and produce insurance and goods vehicle test certificate to constable after accident/suspected offence on a road',NULL,NULL,'conv_category'),('conv_c_cat_1229','conv_c_cat_14','Failing to give name and address and produce insurance and plating certificate to constable after accident/suspected offence on a road',NULL,NULL,'conv_category'),('conv_c_cat_1230','conv_c_cat_14','Failing to give name and address and produce insurance to constable after accident in a public place other than on a road by driver of goods\' vehicle.',NULL,NULL,'conv_category'),('conv_c_cat_1231','conv_c_cat_14','Failing to give name and address and produce insurance, plating certificate and goods vehicle test certificate to constable after accident/suspected offence on a road',NULL,NULL,'conv_category'),('conv_c_cat_1232','conv_c_cat_14','Failing to give name and address of vehicle owner and produce insurance and goods vehicle test certificate to constable after accident/suspected offence on a road',NULL,NULL,'conv_category'),('conv_c_cat_1233','conv_c_cat_14','Failing to give name and address of vehicle owner and produce insurance and plating certificate to constable after accident/suspected offence on a road',NULL,NULL,'conv_category'),('conv_c_cat_1234','conv_c_cat_14','Failing to give name and address of vehicle owner and produce insurance to constable after accident in a public place other than on a road by driver of goods\' vehicle.',NULL,NULL,'conv_category'),('conv_c_cat_1235','conv_c_cat_14','Failing to give name and address of vehicle owner and produce insurance to constable after accident/suspected offence on a road',NULL,NULL,'conv_category'),('conv_c_cat_1236','conv_c_cat_14','Failing to give name and address of vehicle owner and produce insurance, plating certificate and goods vehicle test certificate to constable after accident/suspected offence on a road',NULL,NULL,'conv_category'),('conv_c_cat_1237','conv_c_cat_14','Failing to give name and address, name and address of vehicle owner and produce insurance and goods vehicle test certificate to constable after accident/suspected offence on a road',NULL,NULL,'conv_category'),('conv_c_cat_1238','conv_c_cat_14','Failing to give name and address, name and address of vehicle owner and produce insurance and plating certificate to constable after accident/suspected offence on a road',NULL,NULL,'conv_category'),('conv_c_cat_1239','conv_c_cat_14','Failing to give name and address, name and address of vehicle owner and produce insurance to constable after accident in a public place other than on a road by driver of goods\' vehicle.',NULL,NULL,'conv_category'),('conv_c_cat_1240','conv_c_cat_14','Failing to give name and address, name and address of vehicle owner and produce insurance to constable after accident/suspected offence on a road',NULL,NULL,'conv_category'),('conv_c_cat_1241','conv_c_cat_14','Failing to give name and address, name and address of vehicle owner and produce insurance, plating certificate and goods vehicle test certificate to constable after accident/suspected offence on a road',NULL,NULL,'conv_category'),('conv_c_cat_1242','conv_c_cat_14','Failing to produce insurance and goods vehicle test certificate to constable after accident/suspected offence by driver of goods vehicle on a road',NULL,NULL,'conv_category'),('conv_c_cat_1243','conv_c_cat_14','Failing to produce insurance and plating certificate to constable after accident/suspected offence by driver of goods vehicle on a road',NULL,NULL,'conv_category'),('conv_c_cat_1244','conv_c_cat_14','Failing to produce insurance to constable after accident/suspected offence by driver of goods vehicle in a public place other than on a road',NULL,NULL,'conv_category'),('conv_c_cat_1245','conv_c_cat_14','Failing to produce insurance to constable after accident/suspected offence by driver of goods vehicle on a road',NULL,NULL,'conv_category'),('conv_c_cat_1246','conv_c_cat_14','Failing to produce insurance, plating certificate and goods vehicle testing certificate to constable after accident/suspected offence by driver of goods vehicle on a road',NULL,NULL,'conv_category'),('conv_c_cat_1247','conv_c_cat_14','Failing to produce plating and test certificate issued in respect of goods vehicle and/or of trailer drawn by it when required to do so by constable',NULL,NULL,'conv_category'),('conv_c_cat_1248','conv_c_cat_14','Keeper of vehicle failing to supply information as to driver\'s identity as required by or on behalf of Chief Officer of Police ',NULL,NULL,'conv_category'),('conv_c_cat_1249','conv_c_cat_14','Person other than keeper of vehicle failing to supply relevant information as required by or on behalf of Chief Officer of Police',NULL,NULL,'conv_category'),('conv_c_cat_1250','conv_c_cat_14','Making false statement to obtain operator\'s licence.',NULL,NULL,'conv_category'),('conv_c_cat_1251','conv_c_cat_14','Knowingly making a false statement for the purpose of obtaining the grant of an international road haulage permit to himself or any other person.',NULL,NULL,'conv_category'),('conv_c_cat_1252','conv_c_cat_14','Knowingly producing false evidence for the purposes of regulations under section 66(1) of this Act. (Applying for a licence under the Vehicles (Excise) Act 1971.)',NULL,NULL,'conv_category'),('conv_c_cat_1253','conv_c_cat_14','Operating PSV without operator\'s licence',NULL,NULL,'conv_category'),('conv_c_cat_1254','conv_c_cat_14','Parking HGV on verge of road',NULL,NULL,'conv_category'),('conv_c_cat_1255','conv_c_cat_14','Parking HGV on central reservation in land situated between two carriageways and which is not footway',NULL,NULL,'conv_category'),('conv_c_cat_1256','conv_c_cat_14','Exceeding 30mph on restricted road (other than detected involving the use of camera devices under Road Traffic Act 1991 s40)',NULL,NULL,'conv_category'),('conv_c_cat_1257','conv_c_cat_14','Causing use of vehicle without plating certificate',NULL,NULL,'conv_category'),('conv_c_cat_1258','conv_c_cat_14','used a large goods vehicle withiot a consignment note.',NULL,NULL,'conv_category'),('conv_c_cat_1259','conv_c_cat_14','Using vehicle without plating certificate',NULL,NULL,'conv_category'),('conv_c_cat_1260','conv_c_cat_14','Causing vehicle to which s53(1) of this Act applies to be used to draw trailer without plating certificate specifying maximum laden weight for vehicle plus trailer',NULL,NULL,'conv_category'),('conv_c_cat_1261','conv_c_cat_14','Permitting vehicle to which s 53(1) of this Act applies to be used to draw trailer without plating certificate specifying maximum laden weight for vehicle plus trailer',NULL,NULL,'conv_category'),('conv_c_cat_1262','conv_c_cat_14','Using vehicle to which s53(1) of this Act applies to draw trailer without plating certificate specifying maximum laden weight for vehicle plus trailer',NULL,NULL,'conv_category'),('conv_c_cat_1263','conv_c_cat_14','Obstructing an authorised examiner acting under this section or failing to comply with requirement in s67 or Sch 2 of this Act concerning testing vehicle on road',NULL,NULL,'conv_category'),('conv_c_cat_1264','conv_c_cat_14','Obstructing authorised examiner from testing vehicle on road',NULL,NULL,'conv_category'),('conv_c_cat_1265','conv_c_cat_14','Permitting another to drive a vehicle in contravention of a prohibition under ss69 or 70 of this Act',NULL,NULL,'conv_category'),('conv_c_cat_1266','conv_c_cat_14','Obstructing examiner testing vehicle to ascertain if defective or unsuitable part has been fixed etc',NULL,NULL,'conv_category'),('conv_c_cat_1267','conv_c_cat_14','Obstructing an authorised examiner acting under this section.',NULL,NULL,'conv_category'),('conv_c_cat_1268','conv_c_cat_14','Owner of vehicle failing to give information as to insurance to police',NULL,NULL,'conv_category'),('conv_c_cat_1269','conv_c_cat_14','Making a false statement to obtain insurance.',NULL,NULL,'conv_category'),('conv_c_cat_1270','conv_c_cat_14','Withholding information to obtain insurance.',NULL,NULL,'conv_category'),('conv_c_cat_1271','conv_c_cat_14','Aiding and abetting use of vehicle with no test certificate',NULL,NULL,'conv_category'),('conv_c_cat_1272','conv_c_cat_14','Causing use of vehicle with no test certificate',NULL,NULL,'conv_category'),('conv_c_cat_1273','conv_c_cat_14','Permitting use of vehicle with no test certificate',NULL,NULL,'conv_category'),('conv_c_cat_1274','conv_c_cat_14','Using vehicle with no test certificate',NULL,NULL,'conv_category'),('conv_c_cat_1275','conv_c_cat_14','Causing use of vehicle with no goods vehicle test certificate',NULL,NULL,'conv_category'),('conv_c_cat_1276','conv_c_cat_14','issued the particulars of a transport manager in a standard licence application and failing to notify the traffic commissioner that the transport manager had been convicted of ......',NULL,NULL,'conv_category'),('conv_c_cat_1277','conv_c_cat_14','Permitting use of vehicle with no goods vehicle test certificate',NULL,NULL,'conv_category'),('conv_c_cat_1278','conv_c_cat_14','Causing use of vehicle which does not comply with or to which is fitted part which does not comply with prescribed requirement',NULL,NULL,'conv_category'),('conv_c_cat_1279','conv_c_cat_14','Permitting use of vehicle which does not comply with or to which is fitted part which does not comply with prescribed requirement',NULL,NULL,'conv_category'),('conv_c_cat_1280','conv_c_cat_14','Using vehicle which does not comply with or to which is fitted  part which does not comply with prescribed requirement',NULL,NULL,'conv_category'),('conv_c_cat_1281','conv_c_cat_14','Selling defective or unsuitable vehicle part',NULL,NULL,'conv_category'),('conv_c_cat_1282','conv_c_cat_14','Aiding and abetting use of vehicle without insurance',NULL,NULL,'conv_category'),('conv_c_cat_1283','conv_c_cat_14','Using vehicle without insurance',NULL,NULL,'conv_category'),('conv_c_cat_1284','conv_c_cat_14','Altering document with intent to deceive (not otherwise coded)',NULL,NULL,'conv_category'),('conv_c_cat_1285','conv_c_cat_14','Altering insurance document with intent to deceive',NULL,NULL,'conv_category'),('conv_c_cat_1286','conv_c_cat_14','Altering International Road Haulage Permit with intent to deceive',NULL,NULL,'conv_category'),('conv_c_cat_1287','conv_c_cat_14','Forging document with intent to deceive (not otherwise coded)',NULL,NULL,'conv_category'),('conv_c_cat_1288','conv_c_cat_14','Forging insurance document with intent to deceive',NULL,NULL,'conv_category'),('conv_c_cat_1289','conv_c_cat_14','Forging International Road Haulage Permit with intent to deceive',NULL,NULL,'conv_category'),('conv_c_cat_1290','conv_c_cat_14','Forging licence with intent to deceive',NULL,NULL,'conv_category'),('conv_c_cat_1291','conv_c_cat_14','Possessing insurance document with intent to deceive',NULL,NULL,'conv_category'),('conv_c_cat_1292','conv_c_cat_14','Using document with intent to deceive (not otherwise coded)',NULL,NULL,'conv_category'),('conv_c_cat_1293','conv_c_cat_14','Using insurance document with intent to deceive',NULL,NULL,'conv_category'),('conv_c_cat_1294','conv_c_cat_14','Using International Road Haulage Permit with intent to deceive',NULL,NULL,'conv_category'),('conv_c_cat_1295','conv_c_cat_14','Using licence with intent to deceive',NULL,NULL,'conv_category'),('conv_c_cat_1296','conv_c_cat_14','Allowing document to be used with intent to deceive (not otherwise coded)',NULL,NULL,'conv_category'),('conv_c_cat_1297','conv_c_cat_14','Allowing insurance document to be used with intent to deceive',NULL,NULL,'conv_category'),('conv_c_cat_1298','conv_c_cat_14','Allowing licence to be used with intent to deceive',NULL,NULL,'conv_category'),('conv_c_cat_1299','conv_c_cat_14','Driver failing to wear seat belt.',NULL,NULL,'conv_category'),('conv_c_cat_13',NULL,'Road Traffic (Driver Licensing and Information Systems) 1989',NULL,NULL,'conv_category'),('conv_c_cat_1300','conv_c_cat_14','Lending document with intent to deceive (not otherwise coded)',NULL,NULL,'conv_category'),('conv_c_cat_1301','conv_c_cat_14','Lending insurance document with intent to deceive',NULL,NULL,'conv_category'),('conv_c_cat_1302','conv_c_cat_14','Lending International Road Haulage Permit with intent to deceive',NULL,NULL,'conv_category'),('conv_c_cat_1303','conv_c_cat_14','Lending licence with intent to deceive',NULL,NULL,'conv_category'),('conv_c_cat_1304','conv_c_cat_14','Allowing International Road Haulage Permit to be used with intent to deceive',NULL,NULL,'conv_category'),('conv_c_cat_1305','conv_c_cat_14','Making document with intent to deceive (not otherwise coded)',NULL,NULL,'conv_category'),('conv_c_cat_1306','conv_c_cat_14','Making insurance document with intent to deceive',NULL,NULL,'conv_category'),('conv_c_cat_1307','conv_c_cat_14','Making International Road Haulage Permit with intent to deceive',NULL,NULL,'conv_category'),('conv_c_cat_1308','conv_c_cat_14','Making licence with intent to deceive',NULL,NULL,'conv_category'),('conv_c_cat_1309','conv_c_cat_14','Possessing document with intent to deceive (not otherwise coded)',NULL,NULL,'conv_category'),('conv_c_cat_1310','conv_c_cat_14','Possessing International Road Haulage Permit with intent to deceive',NULL,NULL,'conv_category'),('conv_c_cat_1311','conv_c_cat_14','Possessing licence with intent to deceive',NULL,NULL,'conv_category'),('conv_c_cat_1312','conv_c_cat_14','Driving motor vehicle whilst unfit to drive through drink or drug (drink)',NULL,NULL,'conv_category'),('conv_c_cat_1313','conv_c_cat_14','Aid/abet danger of injury due to vehicle condition.',NULL,NULL,'conv_category'),('conv_c_cat_1314','conv_c_cat_14','Aid/abet danger of injury due to vehicle condition. (Condition of accessories or equipment).',NULL,NULL,'conv_category'),('conv_c_cat_1315','conv_c_cat_14','Aid/abet danger of injury due to vehicle condition. (Load/passengers).',NULL,NULL,'conv_category'),('conv_c_cat_1316','conv_c_cat_14','Aided, abetted, danger of injury due to vehicle condition. vehicle being used other than for its original purpose.',NULL,NULL,'conv_category'),('conv_c_cat_1317','conv_c_cat_14','Causing danger of injury due to vehicle condition (accessories or equipment).',NULL,NULL,'conv_category'),('conv_c_cat_1318','conv_c_cat_14','Causing danger of injury due to vehicle condition (load/passengers).',NULL,NULL,'conv_category'),('conv_c_cat_1319','conv_c_cat_14','Danger of injury due to vehicle condition (accessories or equipment).',NULL,NULL,'conv_category'),('conv_c_cat_1320','conv_c_cat_14','Danger of injury due to vehicle condition (load/passengers).',NULL,NULL,'conv_category'),('conv_c_cat_1321','conv_c_cat_14','Danger of injury due to vehicle condition.',NULL,NULL,'conv_category'),('conv_c_cat_1322','conv_c_cat_14','Permitting danger of injury due to vehicle condition (accessories or equipment).',NULL,NULL,'conv_category'),('conv_c_cat_1323','conv_c_cat_14','Permitting danger of injury due to vehicle condition (load/passengers).',NULL,NULL,'conv_category'),('conv_c_cat_1324','conv_c_cat_14','Permitting danger of injury due to vehicle condition.',NULL,NULL,'conv_category'),('conv_c_cat_1325','conv_c_cat_14','Using vehicle with insecure load which is likely to cause danger',NULL,NULL,'conv_category'),('conv_c_cat_1326','conv_c_cat_14','Causing another to drive a vehicle in contravention of a prohibition under ss69 or 70 of this Act',NULL,NULL,'conv_category'),('conv_c_cat_1327','conv_c_cat_14','Failing to comply within a reasonable time with a direction under Section 70(3).',NULL,NULL,'conv_category'),('conv_c_cat_1328','conv_c_cat_14','Driver having working day in excess of 11 hours',NULL,NULL,'conv_category'),('conv_c_cat_1329','conv_c_cat_14','Altering vehicle or trailer so as to be unroadworthy',NULL,NULL,'conv_category'),('conv_c_cat_1330','conv_c_cat_14','Causing alteration of vehicle or trailer so as to be unroadworthy',NULL,NULL,'conv_category'),('conv_c_cat_1331','conv_c_cat_14','Permitting alteration of vehicle or trailer so as to be unroadworthy',NULL,NULL,'conv_category'),('conv_c_cat_1332','conv_c_cat_14','Fitting defective or unsuitable vehicle part',NULL,NULL,'conv_category'),('conv_c_cat_1333','conv_c_cat_14','Causing the fitting of defective or unsuitable vehicle part',NULL,NULL,'conv_category'),('conv_c_cat_1334','conv_c_cat_14','Permitting the fitting of defective or unsuitable vehicle part',NULL,NULL,'conv_category'),('conv_c_cat_1335','conv_c_cat_14','Refusing or neglecting to comply with any requirement under subsection (1) (allowing a vehicle or trailer to be weighed) or (2) (enabling a vehicle or a trailer to be weighed).',NULL,NULL,'conv_category'),('conv_c_cat_1336','conv_c_cat_15','Keeper of vehicle failing to give information concerning identity of driver',NULL,NULL,'conv_category'),('conv_c_cat_1337','conv_c_cat_15','Person other than keeper of vehicle failing to give information concerning identity of driver',NULL,NULL,'conv_category'),('conv_c_cat_1338','conv_c_cat_15','Contravening temporary road traffic prohibition or restriction made by Highway Authority on motorway under s14 of this Act (motor vehicle) (other than exceeding temporary speed restriction)',NULL,NULL,'conv_category'),('conv_c_cat_1339','conv_c_cat_15','Exceeding temporary speed restriction made by Highway Authority on road other than motorway under s14 of this Act (motor vehicle)',NULL,NULL,'conv_category'),('conv_c_cat_1340','conv_c_cat_15','Speeding with trailer (other than detected involving the use of camera devices under Road Traffic Act 1991 s40)',NULL,NULL,'conv_category'),('conv_c_cat_1341','conv_c_cat_15','Causing use of a vehicle contravening oneway traffic on a trunk road.',NULL,NULL,'conv_category'),('conv_c_cat_1342','conv_c_cat_15','Permitting use of a vehicle contravening oneway traffic on a trunk road.',NULL,NULL,'conv_category'),('conv_c_cat_1343','conv_c_cat_15','Using a vehicle contravening oneway traffic on a trunk road.',NULL,NULL,'conv_category'),('conv_c_cat_1344','conv_c_cat_15','Exceeding weight limit on specified road ',NULL,NULL,'conv_category'),('conv_c_cat_1345','conv_c_cat_15','Causing use of prohibited vehicle on a restricted road.',NULL,NULL,'conv_category'),('conv_c_cat_1346','conv_c_cat_15','Permitting use of  prohibited vehicle on a restricted road.',NULL,NULL,'conv_category'),('conv_c_cat_1347','conv_c_cat_15','Using prohibited vehicle on a restricted road.',NULL,NULL,'conv_category'),('conv_c_cat_1348','conv_c_cat_15','Causing vehicle use in designated play street.',NULL,NULL,'conv_category'),('conv_c_cat_1349','conv_c_cat_15','Permitting vehicle use in designated play street.',NULL,NULL,'conv_category'),('conv_c_cat_1350','conv_c_cat_15','Using vehicle in a designated play street',NULL,NULL,'conv_category'),('conv_c_cat_1351','conv_c_cat_15','Causing loading where loading/unloading is prohibited.',NULL,NULL,'conv_category'),('conv_c_cat_1352','conv_c_cat_15','Causing stopping on a clearway.',NULL,NULL,'conv_category'),('conv_c_cat_1353','conv_c_cat_15','Causing waiting where prohibited in peak time.',NULL,NULL,'conv_category'),('conv_c_cat_1354','conv_c_cat_15','Causing waiting where waiting prohibited.',NULL,NULL,'conv_category'),('conv_c_cat_1355','conv_c_cat_15','Loading where loading/unloading is prohibited.',NULL,NULL,'conv_category'),('conv_c_cat_1356','conv_c_cat_15','Permitting loading where loading/unloading is prohibited.',NULL,NULL,'conv_category'),('conv_c_cat_1357','conv_c_cat_15','Permitting stopping on a clearway.',NULL,NULL,'conv_category'),('conv_c_cat_1358','conv_c_cat_15','Permitting waiting where prohibited in peak time.',NULL,NULL,'conv_category'),('conv_c_cat_1359','conv_c_cat_15','Permitting waiting where waiting prohibited.',NULL,NULL,'conv_category'),('conv_c_cat_1360','conv_c_cat_15','Stopping on a clearway.',NULL,NULL,'conv_category'),('conv_c_cat_1361','conv_c_cat_15','Using a vehicle in contravention of a traffic regulation order outside Greater London.',NULL,NULL,'conv_category'),('conv_c_cat_1362','conv_c_cat_15','Waiting where prohibited in peak time.',NULL,NULL,'conv_category'),('conv_c_cat_1363','conv_c_cat_15','Waiting where waiting prohibited',NULL,NULL,'conv_category'),('conv_c_cat_1364','conv_c_cat_15','Exceeding 30mph on restricted road (offence detected involving the use of camera devices as provided for by Road Traffic Act 1991 s40)',NULL,NULL,'conv_category'),('conv_c_cat_1365','conv_c_cat_15','Exceeding speed limit created by local order (offence not detected by camera devices)',NULL,NULL,'conv_category'),('conv_c_cat_1366','conv_c_cat_15','Exceeding the speed indicated by traffic signs on unrestricted roads (involving the use of camera devices).',NULL,NULL,'conv_category'),('conv_c_cat_1367','conv_c_cat_15','Exceeding the speed indicated by traffic signs on unrestricted roads.',NULL,NULL,'conv_category'),('conv_c_cat_1368','conv_c_cat_15','Exceeding speed limit on unrestricted road (offence detected involving the use of camera devices as provided for by Road Traffic Act 1991 s40)',NULL,NULL,'conv_category'),('conv_c_cat_1369','conv_c_cat_15','Exceeding speed limit on unrestricted road (other than detected involving the use of camera devices under Road Traffic Act 1991 s40)',NULL,NULL,'conv_category'),('conv_c_cat_1370','conv_c_cat_15','Exceeding goods vehicle speed limit (offence detected involving the use of camera devices as provided for by Road Traffic Act 1991 s40)',NULL,NULL,'conv_category'),('conv_c_cat_1371','conv_c_cat_15','Exceeding goods vehicle speed limit (other than detected involving the use of camera devices under Road Traffic Act 1991 s40)',NULL,NULL,'conv_category'),('conv_c_cat_1372','conv_c_cat_15','Exceeding passenger vehicle speed limit (offence detected involving the use of camera devices as provided for by Road Traffic Act 1991 s40)',NULL,NULL,'conv_category'),('conv_c_cat_1373','conv_c_cat_15','Exceeding passenger vehicle speed limit (other than detected involving the use of camera devices under Road Traffic Act 1991 s40)',NULL,NULL,'conv_category'),('conv_c_cat_1374','conv_c_cat_15','Speeding with trailer (offence detected involving the use of camera devices as provided for by Road Traffic Act 1991 s40)',NULL,NULL,'conv_category'),('conv_c_cat_1375','conv_c_cat_15','Using vehicle not fitted with obligatory lighting equipment',NULL,NULL,'conv_category'),('conv_c_cat_1376','conv_c_cat_15','Failing to comply with minimum speed limit.',NULL,NULL,'conv_category'),('conv_c_cat_1377','conv_c_cat_15','Contravening temporary minimum speed limit imposed by Secretary of State (other than detected involving the use of camera devices under Road Traffic Act 1991 s40)',NULL,NULL,'conv_category'),('conv_c_cat_1378','conv_c_cat_15','Using low platform trailer in excess of 40 mph.',NULL,NULL,'conv_category'),('conv_c_cat_1379','conv_c_cat_15','Exceeding 50mph on a duel carriageway (offence detected involving the use of camera devices as provided for by Road Traffic Act 1991 s40)',NULL,NULL,'conv_category'),('conv_c_cat_1380','conv_c_cat_15','Exceeding 60mph on single carriageway (other than detected involving the use of camera devices under Road Traffic Act 1991 s40)',NULL,NULL,'conv_category'),('conv_c_cat_1381','conv_c_cat_15','Exceeding speed limit created by local order (offence detected by camera devices)',NULL,NULL,'conv_category'),('conv_c_cat_1382','conv_c_cat_15','Exceeding 70 mph on motorway (other than detected involving the use of camera devices under Road Traffic Act 1991 s40)',NULL,NULL,'conv_category'),('conv_c_cat_1383','conv_c_cat_15','Exceeding temporary speed restriction made by Highway Authority on motorway under s14 of this Act (motor vehicle)',NULL,NULL,'conv_category'),('conv_c_cat_1384','conv_c_cat_16','Causing vehicle to be used for Community-regulated carriage of passengers by road which contravenes relevant provision concerning type of service provided',NULL,NULL,'conv_category'),('conv_c_cat_1385','conv_c_cat_16','Permitting vehicle to be used for Community-regulated carriage of passengers by road which contravenes relevant provision concerning type of service provided',NULL,NULL,'conv_category'),('conv_c_cat_1386','conv_c_cat_16','Using vehicle for Community-regulated carriage of passengers by road which contravenes relevant provision concerning type of service provided',NULL,NULL,'conv_category'),('conv_c_cat_1387','conv_c_cat_16','Using vehicle for ASOR- or Community-regulated carriage of passengers by road which contravenes relevant provision concerning control documents',NULL,NULL,'conv_category'),('conv_c_cat_1388','conv_c_cat_16','Contravening or failing to comply with requirement imposed by relevant regulation concerning control documents',NULL,NULL,'conv_category'),('conv_c_cat_1389','conv_c_cat_16','Wilfully obstructing examiner in exercise of power under relevant regulation concerning control documents',NULL,NULL,'conv_category'),('conv_c_cat_1390','conv_c_cat_16','Causing PSV to be used for international carriage of passengers without authorisation (regular and shuttle services non-Community-regulated)',NULL,NULL,'conv_category'),('conv_c_cat_1391','conv_c_cat_16','Failing to comply with requirement of certifying officer or PSV examiner relating to use of PSV for international carriage of passengers (regular and shuttle services non-Community- regulated)',NULL,NULL,'conv_category'),('conv_c_cat_1392','conv_c_cat_16','Permitting PSV to be used for international carriage of passengers without authorisation (regular and shuttle services non-Community-regulated)',NULL,NULL,'conv_category'),('conv_c_cat_1393','conv_c_cat_16','Wilfully obstructing certifying officer or PSV examiner in relation to use of PSV for international carriage of passengers (regular and shuttle services non-Community- regulated)',NULL,NULL,'conv_category'),('conv_c_cat_1394','conv_c_cat_16','Causing vehicle to be used for international carriage of passengers without complying with relevant Article concerning control documents (occasional services)',NULL,NULL,'conv_category'),('conv_c_cat_1395','conv_c_cat_16','Failing to comply  with requirement of certifying officer or PSV examiner relating to use of vehicle for international carriage of passengers (occasional services)',NULL,NULL,'conv_category'),('conv_c_cat_1396','conv_c_cat_16','Permitting vehicle to be used for international carriage of passengers without complying with relevant Article concerning control documents (occasional services)',NULL,NULL,'conv_category'),('conv_c_cat_1397','conv_c_cat_16','Wilfully obstructing certifying officer or PSV examiner in relation to use of vehicle for international carriage of passengers (occasional services)',NULL,NULL,'conv_category'),('conv_c_cat_1398','conv_c_cat_17','Causing the use of a vehicle with no speed limiter plate fitted.',NULL,NULL,'conv_category'),('conv_c_cat_1399','conv_c_cat_17','Causing the use of a goods vehicle with defective speed limiter.',NULL,NULL,'conv_category'),('conv_c_cat_14',NULL,'Road Traffic Act 1988',NULL,NULL,'conv_category'),('conv_c_cat_1400','conv_c_cat_17','Causing another to use a vehicle over 3.66m in height without a notice of vehicle height displayed in the cab, in such a manner that it can be easily read by the driver.',NULL,NULL,'conv_category'),('conv_c_cat_1401','conv_c_cat_17','Permitting another to use a vehicle over 3.66m in height without a notice of vehicle height displayed in the cab, in such a manner that it can be easily read by the driver.',NULL,NULL,'conv_category'),('conv_c_cat_1402','conv_c_cat_17','Using a vehicle over 3.66m in height without a notice of vehicle height displayed in the cab, in such a manner that it can be easily read by the driver.',NULL,NULL,'conv_category'),('conv_c_cat_1403','conv_c_cat_17','Causing another to use a  low platform trailer in excess of 40 mph.',NULL,NULL,'conv_category'),('conv_c_cat_1404','conv_c_cat_17','Permitting another to use a low platform trailer in excess of 40 mph.',NULL,NULL,'conv_category'),('conv_c_cat_1405','conv_c_cat_17','Using restricted speed vehicle in excess of 50 mph',NULL,NULL,'conv_category'),('conv_c_cat_1406','conv_c_cat_17','Causing another to use a vehicle with no vehicle identification plate fitted.',NULL,NULL,'conv_category'),('conv_c_cat_1407','conv_c_cat_17','Exceed maximum permitted laden weight.',NULL,NULL,'conv_category'),('conv_c_cat_1408','conv_c_cat_17','Using a vehicle with no vehicle identification plate fitted.',NULL,NULL,'conv_category'),('conv_c_cat_1409','conv_c_cat_17','Causing the use of a vehicle with no ministry plate fitted.',NULL,NULL,'conv_category'),('conv_c_cat_1410','conv_c_cat_17','Permitting another to use a vehicle with no vehicle identification plate fitted.',NULL,NULL,'conv_category'),('conv_c_cat_1411','conv_c_cat_17','Permitting the use of a vehicle with no ministry plate fitted.',NULL,NULL,'conv_category'),('conv_c_cat_1412','conv_c_cat_17','Aid/abet vehicle condition causing danger (Dangerous or defective condition)',NULL,NULL,'conv_category'),('conv_c_cat_1413','conv_c_cat_17','Aid/abet vehicle condition causing danger (Loads or number of persons)',NULL,NULL,'conv_category'),('conv_c_cat_1414','conv_c_cat_17','Causing the use of a vehicle - condition causing danger  (Loads or number of persons)',NULL,NULL,'conv_category'),('conv_c_cat_1415','conv_c_cat_17','Causing the use of a vehicle - condition causing danger (Dangerous or defective condition)',NULL,NULL,'conv_category'),('conv_c_cat_1416','conv_c_cat_17','Causing the use of a vehicle for unsuitable purpose as to cause or be likely to cause danger or nuisance',NULL,NULL,'conv_category'),('conv_c_cat_1417','conv_c_cat_17','Permitting the use of a vehicle - condition causing danger  (Loads or number of persons)',NULL,NULL,'conv_category'),('conv_c_cat_1418','conv_c_cat_17','Permitting the use of a vehicle - condition causing danger (Dangerous or defective condition)',NULL,NULL,'conv_category'),('conv_c_cat_1419','conv_c_cat_17','Using a vehicle - condition causing danger (Dangerous or defective condition)',NULL,NULL,'conv_category'),('conv_c_cat_1420','conv_c_cat_17','Causing the use of a vehicle with insecure load which is likely to cause danger',NULL,NULL,'conv_category'),('conv_c_cat_1421','conv_c_cat_17','Permitting the use of a vehicle carrying load/ appliance/ apparatus the forward projection of which (between 2 and 3.05 metres) is not properly marked and for which no attendant is employed',NULL,NULL,'conv_category'),('conv_c_cat_1422','conv_c_cat_17','Permitting the use of a vehicle with insecure load which is likely to cause danger',NULL,NULL,'conv_category'),('conv_c_cat_1423','conv_c_cat_17','Using vehicle with insecure load which is likely to cause nuisance',NULL,NULL,'conv_category'),('conv_c_cat_1424','conv_c_cat_17','Causing another to use a restricted speed vehicle in excess of 50 mph.',NULL,NULL,'conv_category'),('conv_c_cat_1425','conv_c_cat_17','Exceeding 70 mph on motorway (offence detected involving the use of camera devices as provided for by Road Traffic Act 1991 s40)',NULL,NULL,'conv_category'),('conv_c_cat_1426','conv_c_cat_17','Permitting another to use a restricted speed vehicle in excess of 50 mph.',NULL,NULL,'conv_category'),('conv_c_cat_1427','conv_c_cat_17','Causing a driver not being in position to have full view',NULL,NULL,'conv_category'),('conv_c_cat_1428','conv_c_cat_17','Causing the driving of a vehicle with TV set etc visible to driver',NULL,NULL,'conv_category'),('conv_c_cat_1429','conv_c_cat_17','Driver not being in position to have full view',NULL,NULL,'conv_category'),('conv_c_cat_1430','conv_c_cat_17','Driver not being in position to have proper control',NULL,NULL,'conv_category'),('conv_c_cat_1431','conv_c_cat_17','Permitting a driver not being in position to have full view',NULL,NULL,'conv_category'),('conv_c_cat_1432','conv_c_cat_17','Permitting a driver not being in position to have proper control',NULL,NULL,'conv_category'),('conv_c_cat_1433','conv_c_cat_17','Causing danger of injury due to vehicle condition.',NULL,NULL,'conv_category'),('conv_c_cat_1434','conv_c_cat_17','Causing another to use a vehicle with any apparatus or appliance fitted for lifting not properly secured.',NULL,NULL,'conv_category'),('conv_c_cat_1435','conv_c_cat_17','Using a vehicle with any apparatus or appliance fitted for lifting not properly secured.',NULL,NULL,'conv_category'),('conv_c_cat_1436','conv_c_cat_17','Driving vehicle with TV set etc visible to driver',NULL,NULL,'conv_category'),('conv_c_cat_1437','conv_c_cat_17','Permitting the driving of a vehicle with TV set etc visible to driver',NULL,NULL,'conv_category'),('conv_c_cat_1438','conv_c_cat_17','Permitting the use of a coach/bus with speed limiter not fitted.',NULL,NULL,'conv_category'),('conv_c_cat_1439','conv_c_cat_17','Failing to equip trailer with sufficient or suitable spring',NULL,NULL,'conv_category'),('conv_c_cat_1440','conv_c_cat_17','Permitting the use of a vehicle with no speed limiter plate fitted.',NULL,NULL,'conv_category'),('conv_c_cat_1441','conv_c_cat_17','Using vehicle with defective steering',NULL,NULL,'conv_category'),('conv_c_cat_1442','conv_c_cat_17','Causing the use of a vehicle with windscreen or window obscuring vision of driver',NULL,NULL,'conv_category'),('conv_c_cat_1443','conv_c_cat_17','Permitting the use of a vehicle with windscreen or window obscuring vision of driver',NULL,NULL,'conv_category'),('conv_c_cat_1444','conv_c_cat_17','Permitting the use of a vehicle with windscreen wipers not fitted',NULL,NULL,'conv_category'),('conv_c_cat_1445','conv_c_cat_17','Causing the use of a goods vehicle (maximum gross weight above 3500 kgs) with mirrors not fitted',NULL,NULL,'conv_category'),('conv_c_cat_1446','conv_c_cat_17','Permitting the use of a bus with mirrors not fitted',NULL,NULL,'conv_category'),('conv_c_cat_1447','conv_c_cat_17','Permitting the use of a goods vehicle (maximum gross weight above 3500 kgs) with mirrors not fitted',NULL,NULL,'conv_category'),('conv_c_cat_1448','conv_c_cat_17','Using bus with mirrors not fitted',NULL,NULL,'conv_category'),('conv_c_cat_1449','conv_c_cat_17','Using goods vehicle (maximum gross weight above 3500 kgs) with mirrors not fitted',NULL,NULL,'conv_category'),('conv_c_cat_1450','conv_c_cat_17','Using vehicle with windscreen or window obscuring vision of driver',NULL,NULL,'conv_category'),('conv_c_cat_1451','conv_c_cat_17','Causing the use of a vehicle with windscreen wipers not fitted',NULL,NULL,'conv_category'),('conv_c_cat_1452','conv_c_cat_17','Permitting the use of a vehicle with windscreen washers not fitted',NULL,NULL,'conv_category'),('conv_c_cat_1453','conv_c_cat_17','Using vehicle with windscreen wipers not fitted',NULL,NULL,'conv_category'),('conv_c_cat_1454','conv_c_cat_17','Causing the use of a vehicle with windscreen washers not fitted',NULL,NULL,'conv_category'),('conv_c_cat_1455','conv_c_cat_17','Using vehicle with windscreen washers not fitted',NULL,NULL,'conv_category'),('conv_c_cat_1456','conv_c_cat_17','Using vehicle with windscreen wipers/washers not maintained',NULL,NULL,'conv_category'),('conv_c_cat_1457','conv_c_cat_17','Causing the use of a vehicle with windscreen wipers/washers not maintained',NULL,NULL,'conv_category'),('conv_c_cat_1458','conv_c_cat_17','Permitting the use of a vehicle with windscreen wipers/washers not maintained',NULL,NULL,'conv_category'),('conv_c_cat_1459','conv_c_cat_17','Using a vehicle - condition causing danger (Loads or number of persons)',NULL,NULL,'conv_category'),('conv_c_cat_1460','conv_c_cat_17','Using vehicle with speedometer not fitted',NULL,NULL,'conv_category'),('conv_c_cat_1461','conv_c_cat_17','Using vehicle with speedometer obscured',NULL,NULL,'conv_category'),('conv_c_cat_1462','conv_c_cat_17','Causing the use of a vehicle not equipped with required mudguards etc',NULL,NULL,'conv_category'),('conv_c_cat_1463','conv_c_cat_17','Causing the use of a vehicle with speedometer not maintained',NULL,NULL,'conv_category'),('conv_c_cat_1464','conv_c_cat_17','Causing the use of a vehicle with speedometer obscured',NULL,NULL,'conv_category'),('conv_c_cat_1465','conv_c_cat_17','Permitting the use of a vehicle with speedometer not maintained',NULL,NULL,'conv_category'),('conv_c_cat_1466','conv_c_cat_17','Permitting the use of a vehicle with speedometer obscured',NULL,NULL,'conv_category'),('conv_c_cat_1467','conv_c_cat_17','Using vehicle with speedometer not maintained',NULL,NULL,'conv_category'),('conv_c_cat_1468','conv_c_cat_17','Causing the use of a coach/bus with defective speed limiter.',NULL,NULL,'conv_category'),('conv_c_cat_1469','conv_c_cat_17','Causing the use of a coach/bus with speed limiter not fitted.',NULL,NULL,'conv_category'),('conv_c_cat_1470','conv_c_cat_17','Causing the use of a goods vehicle which was not fitted with speed limiter',NULL,NULL,'conv_category'),('conv_c_cat_1471','conv_c_cat_17','Defective speed limiter on coach/bus.',NULL,NULL,'conv_category'),('conv_c_cat_1472','conv_c_cat_17','Permitting the use of a coach/bus with defective speed limiter.',NULL,NULL,'conv_category'),('conv_c_cat_1473','conv_c_cat_17','Speed limiter not fitted to a coach/bus.',NULL,NULL,'conv_category'),('conv_c_cat_1474','conv_c_cat_17','Defective speed limiter on goods vehicle.',NULL,NULL,'conv_category'),('conv_c_cat_1475','conv_c_cat_17','No speed limiter plate.',NULL,NULL,'conv_category'),('conv_c_cat_1476','conv_c_cat_17','Permitting the use of a goods vehicle which was not fitted with speed limiter',NULL,NULL,'conv_category'),('conv_c_cat_1477','conv_c_cat_17','Permitting the use of a goods vehicle with defective speed limiter.',NULL,NULL,'conv_category'),('conv_c_cat_1478','conv_c_cat_17','Using goods vehicle which was not fitted with speed limiter',NULL,NULL,'conv_category'),('conv_c_cat_1479','conv_c_cat_17','Causing the use of a vehicle with no warning instrument fitted',NULL,NULL,'conv_category'),('conv_c_cat_1480','conv_c_cat_17','Causing the use of a vehicle with speedometer not fitted',NULL,NULL,'conv_category'),('conv_c_cat_1481','conv_c_cat_17','Using vehicle with no warning instrument fitted ',NULL,NULL,'conv_category'),('conv_c_cat_1482','conv_c_cat_17','Causing another to operate a minibus without a fire extinguisher.',NULL,NULL,'conv_category'),('conv_c_cat_1483','conv_c_cat_17','Permitting another to operate  a minibus without a fire extinguisher.',NULL,NULL,'conv_category'),('conv_c_cat_1484','conv_c_cat_17','Using goods vehicle with no side guards.',NULL,NULL,'conv_category'),('conv_c_cat_1485','conv_c_cat_17','Failing to maintain sideguards.',NULL,NULL,'conv_category'),('conv_c_cat_1486','conv_c_cat_17','Causing the use of a vehicle with exhaust gases escaping without passing through silencer.',NULL,NULL,'conv_category'),('conv_c_cat_1487','conv_c_cat_17','Causing the use of a vehicle with inefficient exhaust system/altered system (not maintained.',NULL,NULL,'conv_category'),('conv_c_cat_1488','conv_c_cat_17','Permitting the use of a vehicle with exhaust gases escaping without passing through silencer.',NULL,NULL,'conv_category'),('conv_c_cat_1489','conv_c_cat_17','Permitting the use of a vehicle with no silencer fitted.',NULL,NULL,'conv_category'),('conv_c_cat_1490','conv_c_cat_17','Using vehicle with exhaust gases escaping without passing through silencer',NULL,NULL,'conv_category'),('conv_c_cat_1491','conv_c_cat_17','Using vehicle with no silencer fitted ',NULL,NULL,'conv_category'),('conv_c_cat_1492','conv_c_cat_17','Causing the use of a vehicle with inefficient exhaust system/altered system',NULL,NULL,'conv_category'),('conv_c_cat_1493','conv_c_cat_17','Permitting the use of a vehicle with inefficient exhaust system/altered system',NULL,NULL,'conv_category'),('conv_c_cat_1494','conv_c_cat_17','Permitting the use of a vehicle with inefficient exhaust system/altered system (not maintained)',NULL,NULL,'conv_category'),('conv_c_cat_1495','conv_c_cat_17','Using vehicle from which emission of smoke/ visible vapour/ grit/ sparks /ashes /cinders /oily substance was causing or was likely to cause damage injury or danger',NULL,NULL,'conv_category'),('conv_c_cat_1496','conv_c_cat_17','Using vehicle with altered exhaust system/silencer ',NULL,NULL,'conv_category'),('conv_c_cat_1497','conv_c_cat_17','Using vehicle with inefficient exhaust system/altered system (not maintained)',NULL,NULL,'conv_category'),('conv_c_cat_1498','conv_c_cat_17','Any replacement silencer forming part of the exhaust system of a vehicle to which Regulation 57 applies, being a vehicle first used on or after 1 January 1985, the silencer must meet the first or second requirement set out in 57A(5) & (6).',NULL,NULL,'conv_category'),('conv_c_cat_1499','conv_c_cat_17','Exceeding specified limit for exhaust emission',NULL,NULL,'conv_category'),('conv_c_cat_15',NULL,'Road Traffic Regulation Act 1984',NULL,NULL,'conv_category'),('conv_c_cat_1500','conv_c_cat_17','Causing the use of a vehicle from which emission of smoke/ visible vapour/ grit/ sparks /ashes /cinders /oily substance was causing or was likely to cause damage injury or danger',NULL,NULL,'conv_category'),('conv_c_cat_1501','conv_c_cat_17','Permitting the use of a vehicle from which emission of smoke/ visible vapour/ grit/ sparks /ashes /cinders /oily substance was causing or was likely to cause damage injury or danger',NULL,NULL,'conv_category'),('conv_c_cat_1502','conv_c_cat_17','Permitting the use of a vehicle with unlawful horn fitted.',NULL,NULL,'conv_category'),('conv_c_cat_1503','conv_c_cat_17','Causing use of diesel engine with excess fuel device not properly maintained.',NULL,NULL,'conv_category'),('conv_c_cat_1504','conv_c_cat_17','Permitting use of diesel engine with excess fuel device not properly maintained.',NULL,NULL,'conv_category'),('conv_c_cat_1505','conv_c_cat_17','Using diesel engine with excess fuel device not properly maintained.',NULL,NULL,'conv_category'),('conv_c_cat_1506','conv_c_cat_17','Permitting the use of a vehicle not equipped with required mudguards etc',NULL,NULL,'conv_category'),('conv_c_cat_1507','conv_c_cat_17','Permitting the use of a vehicle so as to cause excessive noise',NULL,NULL,'conv_category'),('conv_c_cat_1508','conv_c_cat_17','Using trailer not equipped with required mudguards etc',NULL,NULL,'conv_category'),('conv_c_cat_1509','conv_c_cat_17','Using vehicle not equipped with required mudguards etc',NULL,NULL,'conv_category'),('conv_c_cat_1510','conv_c_cat_17','Using trailer not fitted with distinguishing mark',NULL,NULL,'conv_category'),('conv_c_cat_1511','conv_c_cat_17','Causing another to use a vehicle and trailer of excessive length.',NULL,NULL,'conv_category'),('conv_c_cat_1512','conv_c_cat_17','Permitting another to use a vehicle and trailer of excessive length.',NULL,NULL,'conv_category'),('conv_c_cat_1513','conv_c_cat_17','Using a vehicle and trailer of excessive length.',NULL,NULL,'conv_category'),('conv_c_cat_1514','conv_c_cat_17','Failure to fit Ministry plate to goods vehicle',NULL,NULL,'conv_category'),('conv_c_cat_1515','conv_c_cat_17','Failing to display a test date disc on a goods trailer.',NULL,NULL,'conv_category'),('conv_c_cat_1516','conv_c_cat_17','Causing the use of a laden vehicle with width together with lateral projections exceeding 4.3 metres',NULL,NULL,'conv_category'),('conv_c_cat_1517','conv_c_cat_17','Permitting the use of a laden vehicle with width and lateral projections exceeding 2.9 metres but less than 4.3 metres',NULL,NULL,'conv_category'),('conv_c_cat_1518','conv_c_cat_17','Permitting the use of a laden vehicle with width together with lateral projections exceeding 4.3 metres',NULL,NULL,'conv_category'),('conv_c_cat_1519','conv_c_cat_17','Causing the use of a vehicle with load projection in excess of 305mm',NULL,NULL,'conv_category'),('conv_c_cat_1520','conv_c_cat_17','Permitting the use of a vehicle with load projection in excess of 305mm',NULL,NULL,'conv_category'),('conv_c_cat_1521','conv_c_cat_17','Using vehicle exceeding maximum weight shown in manufacturer\'s plate (other vehicles)',NULL,NULL,'conv_category'),('conv_c_cat_1522','conv_c_cat_17','Causing the use of a laden vehicle with width and lateral projections exceeding 2.9 metres but less than 4.3 metres',NULL,NULL,'conv_category'),('conv_c_cat_1523','conv_c_cat_17','Using laden vehicle with width and lateral projections exceeding 2.9 metres but less than 4.3 metres ',NULL,NULL,'conv_category'),('conv_c_cat_1524','conv_c_cat_17','Using vehicle with load projection in excess of 305mm',NULL,NULL,'conv_category'),('conv_c_cat_1525','conv_c_cat_17','Failing to provide additional employee to attend to vehicle carrying long or wide load',NULL,NULL,'conv_category'),('conv_c_cat_1526','conv_c_cat_17','Causing the use of a vehicle carrying load/ appliance/ apparatus the forward projection of which (between 2 and 3.05 metres) is not properly marked and for which no attendant is employed',NULL,NULL,'conv_category'),('conv_c_cat_1527','conv_c_cat_17','Causing the use of a vehicle carrying load/ appliance/ apparatus the rearward projection of which (between 1 and 2 metres) is not rendered clearly visible',NULL,NULL,'conv_category'),('conv_c_cat_1528','conv_c_cat_17','Causing the use of a vehicle carrying load/ appliance/ apparatus the rearward projection of which (between 2 and 3.05 metres) is not properly marked',NULL,NULL,'conv_category'),('conv_c_cat_1529','conv_c_cat_17','Causing the use of a vehicle which contravenes condition for carrying load/ appliance/ apparatus the forward projection of which is in excess of 3.05 metres',NULL,NULL,'conv_category'),('conv_c_cat_1530','conv_c_cat_17','Causing the use of a vehicle which contravenes condition for carrying load/ appliance/ apparatus the rearward projection of which is in excess of 3.05 metres',NULL,NULL,'conv_category'),('conv_c_cat_1531','conv_c_cat_17','Permitting the use of a vehicle carrying load/ appliance/ apparatus the rearward projection of which (between 1 and 2 metres) is not rendered clearly visible',NULL,NULL,'conv_category'),('conv_c_cat_1532','conv_c_cat_17','Permitting the use of a vehicle carrying load/ appliance/ apparatus the rearward projection of which (between 2 and 3.05 metres) is not properly marked',NULL,NULL,'conv_category'),('conv_c_cat_1533','conv_c_cat_17','Permitting the use of a vehicle which contravenes condition for carrying load/ appliance/ apparatus the forward projection of which is in excess of 3.05 metres',NULL,NULL,'conv_category'),('conv_c_cat_1534','conv_c_cat_17','Permitting the use of a vehicle which contravenes condition for carrying load/ appliance/ apparatus the rearward projection of which is in excess of 3.05 metres',NULL,NULL,'conv_category'),('conv_c_cat_1535','conv_c_cat_17','Using laden vehicle with width together with lateral projections exceeding 4.3 metres  ',NULL,NULL,'conv_category'),('conv_c_cat_1536','conv_c_cat_17','Using vehicle carrying load/ appliance/ apparatus for the forward projection of which (between 2 and 3.05 metres) no attendant is employed',NULL,NULL,'conv_category'),('conv_c_cat_1537','conv_c_cat_17','Using vehicle carrying load/ appliance/ apparatus the forward projection of which (between 2 and 3.05 metres) is not properly marked',NULL,NULL,'conv_category'),('conv_c_cat_1538','conv_c_cat_17','Using vehicle carrying load/ appliance/ apparatus the forward projection of which (between 2 and 3.05 metres) is not properly marked and for which no attendant is employed',NULL,NULL,'conv_category'),('conv_c_cat_1539','conv_c_cat_17','Using vehicle carrying load/ appliance/ apparatus the rearward projection of which (between 1 and 2 metres) is not rendered clearly visible',NULL,NULL,'conv_category'),('conv_c_cat_1540','conv_c_cat_17','Using vehicle carrying load/ appliance/ apparatus the rearward projection of which (between 2 and 3.05 metres) is not properly marked',NULL,NULL,'conv_category'),('conv_c_cat_1541','conv_c_cat_17','Using vehicle which contravenes condition for carrying load/ appliance/ apparatus the forward projection of which is in excess of 3.05 metres',NULL,NULL,'conv_category'),('conv_c_cat_1542','conv_c_cat_17','Using vehicle which contravenes condition for carrying load/ appliance/ apparatus the rearward projection of which is in excess of 3.05 metres',NULL,NULL,'conv_category'),('conv_c_cat_1543','conv_c_cat_17','Unlawfully using wheeled vehicle drawing trailer',NULL,NULL,'conv_category'),('conv_c_cat_1544','conv_c_cat_17','Causing another to use a semi-trailer when part of the vehicle was more than 4.2 metres from the ground, while on level ground, and total weight exceeds 32520 kgs.',NULL,NULL,'conv_category'),('conv_c_cat_1545','conv_c_cat_17','Permitting another to use a semi-trailer when part of the vehicle was more than 4.2 metres from the ground, while on level ground, and total weight exceeds 32520 kgs.',NULL,NULL,'conv_category'),('conv_c_cat_1546','conv_c_cat_17','Using a semi-trailer when part of a vehicle was more than 4.2 metres from the ground, while on level ground, and total weight exceeds 32520 kgs.',NULL,NULL,'conv_category'),('conv_c_cat_1547','conv_c_cat_17','Causing use of  a trailer/living van to carry passengers.',NULL,NULL,'conv_category'),('conv_c_cat_1548','conv_c_cat_17','Permitting use of  a trailer/living van to carry passengers.',NULL,NULL,'conv_category'),('conv_c_cat_1549','conv_c_cat_17','Using a trailer/living van to carry passengers.',NULL,NULL,'conv_category'),('conv_c_cat_1550','conv_c_cat_17','Failing to stop engine etc when stationary.',NULL,NULL,'conv_category'),('conv_c_cat_1551','conv_c_cat_17','Sounding reverse alarm.',NULL,NULL,'conv_category'),('conv_c_cat_1552','conv_c_cat_17','Using vehicle with mixed tyres on steerable and driven axles',NULL,NULL,'conv_category'),('conv_c_cat_1553','conv_c_cat_17','Causing another to use a  passenger vehicle constructed to carry 8 or less seated passengers with defective tyre (where SOW 9a6 applies).',NULL,NULL,'conv_category'),('conv_c_cat_1554','conv_c_cat_17','Causing the use of a vehicle with no silencer fitted.',NULL,NULL,'conv_category'),('conv_c_cat_1555','conv_c_cat_17','Permitting another to use a  passenger vehicle constructed to carry 8 or less seated passengers with defective tyre (where SOW 9a6 applies).',NULL,NULL,'conv_category'),('conv_c_cat_1556','conv_c_cat_17','Causing another to use a vehicle (not specified by regulation 15) without a breaking system.',NULL,NULL,'conv_category'),('conv_c_cat_1557','conv_c_cat_17','Permitting another to use a vehicle (not specified by regulation 15) without a breaking system.',NULL,NULL,'conv_category'),('conv_c_cat_1558','conv_c_cat_17','Using a vehicle (not specified by regulation 15) without a breaking system.',NULL,NULL,'conv_category'),('conv_c_cat_1559','conv_c_cat_17','Causing a driver not being in position to have proper control',NULL,NULL,'conv_category'),('conv_c_cat_1560','conv_c_cat_17','Permitting the use of a vehicle with defective brakes (Motor vehicle/trailer)',NULL,NULL,'conv_category'),('conv_c_cat_1561','conv_c_cat_17','Using vehicle with defective brakes (Motor vehicle/trailer)',NULL,NULL,'conv_category'),('conv_c_cat_1562','conv_c_cat_17','Failing to operate or apply brakes fitted to trailer',NULL,NULL,'conv_category'),('conv_c_cat_1563','conv_c_cat_17','Tyres insufficiant to support axle weight.',NULL,NULL,'conv_category'),('conv_c_cat_1564','conv_c_cat_17','Causing the use of a vehicle with mixed tyres on same axle',NULL,NULL,'conv_category'),('conv_c_cat_1565','conv_c_cat_17','Permitting the use of a vehicle with mixed tyres on steerable and driven axles',NULL,NULL,'conv_category'),('conv_c_cat_1566','conv_c_cat_17','Using vehicle with mixed tyres on same axle',NULL,NULL,'conv_category'),('conv_c_cat_1567','conv_c_cat_17','Causing the use of a vehicle with mixed tyres on front and rear axles',NULL,NULL,'conv_category'),('conv_c_cat_1568','conv_c_cat_17','Permitting the use of a vehicle with mixed tyres on same axle',NULL,NULL,'conv_category'),('conv_c_cat_1569','conv_c_cat_17','Using vehicle with mixed tyres on front and rear axles',NULL,NULL,'conv_category'),('conv_c_cat_1570','conv_c_cat_17','Causing the use of a vehicle with mixed tyres on steerable and driven axles.',NULL,NULL,'conv_category'),('conv_c_cat_1571','conv_c_cat_17','Using passenger vehicle constructed to carry 8 or less seated passengers with defective tyre (where SOW 9a6 applies)',NULL,NULL,'conv_category'),('conv_c_cat_1572','conv_c_cat_17','Causing another to use a motor vehicle or trailer with an incorrectly inflated/unsuitable tyre.',NULL,NULL,'conv_category'),('conv_c_cat_1573','conv_c_cat_17','Causing the use of a  motor vehicle or trailer with defective tyre, insufficient tread.',NULL,NULL,'conv_category'),('conv_c_cat_1574','conv_c_cat_17','Permitting another to use a motor vehicle or trailer with an incorrectly inflated/unsuitable tyre.',NULL,NULL,'conv_category'),('conv_c_cat_1575','conv_c_cat_17','Permitting the use of a motor vehicle or trailer with defective tyre, insufficient tread.',NULL,NULL,'conv_category'),('conv_c_cat_1576','conv_c_cat_17','Permitting the use of a vehicle with mixed tyres on front and rear axles',NULL,NULL,'conv_category'),('conv_c_cat_1577','conv_c_cat_17','Using a motor vehicle or trailer with an incorrectly inflated/unsuitable tyre.',NULL,NULL,'conv_category'),('conv_c_cat_1578','conv_c_cat_17','Causing the use of a vehicle with defective steering',NULL,NULL,'conv_category'),('conv_c_cat_1579','conv_c_cat_17','Permitting the use of a vehicle with defective steering',NULL,NULL,'conv_category'),('conv_c_cat_1580','conv_c_cat_17','Permitting the use of a vehicle with no warning instrument fitted.',NULL,NULL,'conv_category'),('conv_c_cat_1581','conv_c_cat_17','Causing the use of a locomotive motor tractor or registered heavy motor car with no conspicuous external nearside marking of its unladen weight (other vehicles)',NULL,NULL,'conv_category'),('conv_c_cat_1582','conv_c_cat_17','Permitting the use of a locomotive motor tractor or registered heavy motor car with no conspicuous external nearside marking of its unladen weight (other vehicles)',NULL,NULL,'conv_category'),('conv_c_cat_1583','conv_c_cat_17','Using a vehicle with no ministy plate fitted.',NULL,NULL,'conv_category'),('conv_c_cat_1584','conv_c_cat_17','Causing the use of an unbraked wheeled trailer with no conspicuous external nearside marking of maximum gross weight (other vehicles)',NULL,NULL,'conv_category'),('conv_c_cat_1585','conv_c_cat_17','Permitting the use of an unbraked wheeled trailer with no conspicuous external nearside marking of maximum gross weight (other vehicles)',NULL,NULL,'conv_category'),('conv_c_cat_1586','conv_c_cat_17','Using locomotive motor tractor or registered heavy motor car with no conspicuous external nearside marking of its unladen weight (other vehicles)',NULL,NULL,'conv_category'),('conv_c_cat_1587','conv_c_cat_17','Causing the use of a vehicle exceeding the maximum permitted laden weight.',NULL,NULL,'conv_category'),('conv_c_cat_1588','conv_c_cat_17','Causing the use of a vehicle with defective brakes (Motor vehicle/trailer)',NULL,NULL,'conv_category'),('conv_c_cat_1589','conv_c_cat_17','Permitting the use of a vehicle exceeding the maximum permitted laden weight.',NULL,NULL,'conv_category'),('conv_c_cat_1590','conv_c_cat_17','Allowing total weight of all trailers drawn at any one time by locomotive to exceed 40 650 kilogrammes',NULL,NULL,'conv_category'),('conv_c_cat_1591','conv_c_cat_17','Causing the use of a vehicle (other than articulated) exceeding maximum permitted train weight (other vehicles)',NULL,NULL,'conv_category'),('conv_c_cat_1592','conv_c_cat_17','Using articulated vehicle exceeding maximum permitted laden weight (other vehicles)',NULL,NULL,'conv_category'),('conv_c_cat_1593','conv_c_cat_17','Using vehicle (other than articulated) exceeding maximum permitted train weight (other vehicles)',NULL,NULL,'conv_category'),('conv_c_cat_1594','conv_c_cat_17','Causing the use of an articulated vehicle exceeding maximum permitted laden weight (other vehicles)',NULL,NULL,'conv_category'),('conv_c_cat_1595','conv_c_cat_17','Permitting the use of an articulated vehicle exceeding maximum permitted laden weight (other vehicles)',NULL,NULL,'conv_category'),('conv_c_cat_1596','conv_c_cat_17','Using vehicle exceeding maximum permitted wheel and axle weights (other vehicles)',NULL,NULL,'conv_category'),('conv_c_cat_1597','conv_c_cat_17','Causing the use of a vehicle exceeding maximum permitted wheel and axle weights (other vehicles)',NULL,NULL,'conv_category'),('conv_c_cat_1598','conv_c_cat_17','Permitting the use of a vehicle exceeding maximum permitted wheel and axle weights (other vehicles)',NULL,NULL,'conv_category'),('conv_c_cat_1599','conv_c_cat_17','Using unbraked wheeled trailer with no conspicuous external nearside marking of maximum gross weight (other vehicles)',NULL,NULL,'conv_category'),('conv_c_cat_16',NULL,'Road Transport (International Passenger Services) Regulations 1984',NULL,NULL,'conv_category'),('conv_c_cat_1600','conv_c_cat_17','Exceeding maximum permitted weight for closely-spaced axles.',NULL,NULL,'conv_category'),('conv_c_cat_1601','conv_c_cat_17','Causing the use of a vehicle exceeding maximum weight shown in manufacturer\'s plate (other vehicles)',NULL,NULL,'conv_category'),('conv_c_cat_1602','conv_c_cat_17','Permitting the use of a vehicle exceeding maximum weight shown in manufacturer\'s plate (other vehicles)',NULL,NULL,'conv_category'),('conv_c_cat_1603','conv_c_cat_17','Using vehicle exceeding maximum weight shown in manufacturer\'s plate (goods vehicles and vehicles adapted to carry more than 8 passengers)',NULL,NULL,'conv_category'),('conv_c_cat_1604','conv_c_cat_17','Using vehicle exceeding maximum weight shown in plating certificate (other vehicles)',NULL,NULL,'conv_category'),('conv_c_cat_1605','conv_c_cat_17','Causing the use of a vehicle exceeding maximum weight shown in plating certificate (other vehicles)',NULL,NULL,'conv_category'),('conv_c_cat_1606','conv_c_cat_17','Permitting the use of a vehicle (other than articulated) exceeding maximum permitted train weight (other vehicles)',NULL,NULL,'conv_category'),('conv_c_cat_1607','conv_c_cat_17','Permitting the use of a vehicle exceeding maximum weight shown in plating certificate (other vehicles)',NULL,NULL,'conv_category'),('conv_c_cat_1608','conv_c_cat_17','Using vehicle exceeding maximum weight shown in plating certificate (goods vehicles and vehicles adapted to carry more than 8 passengers)',NULL,NULL,'conv_category'),('conv_c_cat_1609','conv_c_cat_17','Exceeding axle weight as shown on plating certificate',NULL,NULL,'conv_category'),('conv_c_cat_1610','conv_c_cat_17','Using unbraked wheeled trailer the laden weight of which exceeds maximum gross weight (goods vehicles and vehicles adapted to carry more than 8 passengers)',NULL,NULL,'conv_category'),('conv_c_cat_1611','conv_c_cat_17','Using unbraked wheeled trailer the laden weight of which exceeds maximum gross weight (other vehicles)',NULL,NULL,'conv_category'),('conv_c_cat_1612','conv_c_cat_17','Towing unbraked trailer with towing vehicle less than twice the weight of said trailer and load (goods vehicles and vehicles adapted to carry more than 8 passengers)',NULL,NULL,'conv_category'),('conv_c_cat_1613','conv_c_cat_17','Towing unbraked trailer with towing vehicle less than twice the weight of said trailer and load (other vehicles)',NULL,NULL,'conv_category'),('conv_c_cat_1614','conv_c_cat_17','Causing the use of a vehicle so as to cause excessive noise',NULL,NULL,'conv_category'),('conv_c_cat_1615','conv_c_cat_17','Transport worker having alcohol level above limit whilst on duty',NULL,NULL,'conv_category'),('conv_c_cat_1616','conv_c_cat_17','Using vehicle so as to cause excessive noise .',NULL,NULL,'conv_category'),('conv_c_cat_1617','conv_c_cat_18','Failing to display excise licence in prescribed manner',NULL,NULL,'conv_category'),('conv_c_cat_1618','conv_c_cat_18','Failing to produce vehilce for weighing',NULL,NULL,'conv_category'),('conv_c_cat_1619','conv_c_cat_18','Altering vehicle excise licence',NULL,NULL,'conv_category'),('conv_c_cat_1620','conv_c_cat_18','Exhibiting document which could be mistaken forr vehicle excise licence',NULL,NULL,'conv_category'),('conv_c_cat_1621','conv_c_cat_18','Exhibiting vehicle excise licence which has been altered etc',NULL,NULL,'conv_category'),('conv_c_cat_1622','conv_c_cat_18','Failing to produce registration book',NULL,NULL,'conv_category'),('conv_c_cat_1623','conv_c_cat_19','Causing the use of a vehicle fitted with optional lighting equipment that does not comply with Regulation 20.',NULL,NULL,'conv_category'),('conv_c_cat_1624','conv_c_cat_19','Permitting the incorrect use of front fog lamp.',NULL,NULL,'conv_category'),('conv_c_cat_1625','conv_c_cat_19','Permitting the use of a vehicle fitted with optional lighting equipment that does not comply with Regulation 20.',NULL,NULL,'conv_category'),('conv_c_cat_1626','conv_c_cat_19','Using trailer fitted with optional stop lamp not operated by braking system',NULL,NULL,'conv_category'),('conv_c_cat_1627','conv_c_cat_19','Using vehicle fitted with more than 2 optional reversing lamps',NULL,NULL,'conv_category'),('conv_c_cat_1628','conv_c_cat_19','Using vehicle fitted with optional dipped-beam headlamp at incorrect height above ground',NULL,NULL,'conv_category'),('conv_c_cat_1629','conv_c_cat_19','Using vehicle fitted with optional dipped-beam headlamp incapable of adjustment',NULL,NULL,'conv_category'),('conv_c_cat_1630','conv_c_cat_19','Using vehicle fitted with optional dipped-beam headlamp of incorrect colour',NULL,NULL,'conv_category'),('conv_c_cat_1631','conv_c_cat_19','Using vehicle fitted with optional dipped-beam headlamp out of alignment',NULL,NULL,'conv_category'),('conv_c_cat_1632','conv_c_cat_19','Using vehicle fitted with optional direction indicator having incorrect rate of flashing',NULL,NULL,'conv_category'),('conv_c_cat_1633','conv_c_cat_19','Using vehicle fitted with optional direction indicator of incorrect colour',NULL,NULL,'conv_category'),('conv_c_cat_1634','conv_c_cat_19','Using vehicle fitted with optional direction indicator of incorrect wattage',NULL,NULL,'conv_category'),('conv_c_cat_1635','conv_c_cat_19','Using vehicle fitted with optional direction indicator of insufficient intensity',NULL,NULL,'conv_category'),('conv_c_cat_1636','conv_c_cat_19','Using vehicle fitted with optional direction indicator performing inefficiently',NULL,NULL,'conv_category'),('conv_c_cat_1637','conv_c_cat_19','Using vehicle fitted with optional direction indicator with incorrect electrical connections',NULL,NULL,'conv_category'),('conv_c_cat_1638','conv_c_cat_19','Using vehicle fitted with optional direction indicators flashing out of phase',NULL,NULL,'conv_category'),('conv_c_cat_1639','conv_c_cat_19','Using vehicle fitted with optional front position lamp of incorrect colour',NULL,NULL,'conv_category'),('conv_c_cat_1640','conv_c_cat_19','Using vehicle fitted with optional main-beam headlamp with incorrect electrical connections',NULL,NULL,'conv_category'),('conv_c_cat_1641','conv_c_cat_19','Using vehicle fitted with optional main-beam headlamps incapable of simultaneous use',NULL,NULL,'conv_category'),('conv_c_cat_1642','conv_c_cat_19','Using vehicle fitted with optional rear fog lamp of incorrect colour',NULL,NULL,'conv_category'),('conv_c_cat_1643','conv_c_cat_19','Using vehicle fitted with optional rear fog lamp operated by braking system',NULL,NULL,'conv_category'),('conv_c_cat_1644','conv_c_cat_19','Using vehicle fitted with optional rear position lamp of incorrect colour',NULL,NULL,'conv_category'),('conv_c_cat_1645','conv_c_cat_19','Using vehicle fitted with optional rear reflector of incorrect colour',NULL,NULL,'conv_category'),('conv_c_cat_1646','conv_c_cat_19','Using vehicle fitted with optional reversing lamp of incorrect colour',NULL,NULL,'conv_category'),('conv_c_cat_1647','conv_c_cat_19','Using vehicle fitted with optional reversing lamp of incorrect wattage',NULL,NULL,'conv_category'),('conv_c_cat_1648','conv_c_cat_19','Using vehicle fitted with optional stop lamp not operated by braking control',NULL,NULL,'conv_category'),('conv_c_cat_1649','conv_c_cat_19','Using vehicle fitted with optional stop lamp not operated by braking system',NULL,NULL,'conv_category'),('conv_c_cat_1650','conv_c_cat_19','Using vehicle fitted with optional stop lamp of incorrect colour',NULL,NULL,'conv_category'),('conv_c_cat_1651','conv_c_cat_19','Using vehicle fitted with optional stop lamp of incorrect wattage',NULL,NULL,'conv_category'),('conv_c_cat_1652','conv_c_cat_19','Using vehicle not equipped with optional tell-tale for direction indicator',NULL,NULL,'conv_category'),('conv_c_cat_1653','conv_c_cat_19','Using vehicle with optional direction indicator not fitted so that driver is aware of its operation',NULL,NULL,'conv_category'),('conv_c_cat_1654','conv_c_cat_19','Causing the use of a long vehicle or combination of vehicles without the obligatory side marker lamps being fitted',NULL,NULL,'conv_category'),('conv_c_cat_1655','conv_c_cat_19','Permitting the use of a long vehicle or combination of vehicles without the obligatory side marker lamps being fitted',NULL,NULL,'conv_category'),('conv_c_cat_1656','conv_c_cat_19','Using vehicle fitted with optional lighting equipment that does not comply with Regulation 20.',NULL,NULL,'conv_category'),('conv_c_cat_1657','conv_c_cat_19','Causing the use of a vehicle not fitted with obligatory lighting equipment',NULL,NULL,'conv_category'),('conv_c_cat_1658','conv_c_cat_19','Causing the use of a vehicle not fitted with obligatory lighting equipment.',NULL,NULL,'conv_category'),('conv_c_cat_1659','conv_c_cat_19','Causing/Using vehicle fitted with obligatory rear fog lamp of incorrect colour',NULL,NULL,'conv_category'),('conv_c_cat_1660','conv_c_cat_19','Permitting the use of a vehicle not fitted with obligatory lighting equipment',NULL,NULL,'conv_category'),('conv_c_cat_1661','conv_c_cat_19','Permitting the use of a vehicle not fitted with obligatory lighting equipment.',NULL,NULL,'conv_category'),('conv_c_cat_1662','conv_c_cat_19','Permitting/Using vehicle fitted with obligatory rear fog lamp of incorrect colour',NULL,NULL,'conv_category'),('conv_c_cat_1663','conv_c_cat_19','Using a vehicle not fitted with obligatory lighting equipment.',NULL,NULL,'conv_category'),('conv_c_cat_1664','conv_c_cat_19','Using vehicle with obligatory lamp obscured',NULL,NULL,'conv_category'),('conv_c_cat_1665','conv_c_cat_19','Using vehicle with obligatory rear direction indicator fitted to movable vehicle part',NULL,NULL,'conv_category'),('conv_c_cat_1666','conv_c_cat_19','Causing the use of a vehicle with obligatory direction indicator obscured',NULL,NULL,'conv_category'),('conv_c_cat_1667','conv_c_cat_19','Causing the use of a vehicle with obligatory lamp obscured',NULL,NULL,'conv_category'),('conv_c_cat_1668','conv_c_cat_19','Causing the use of a vehicle with obligatory rear reflector obscured',NULL,NULL,'conv_category'),('conv_c_cat_1669','conv_c_cat_19','Permitting the use of a vehicle with obligatory direction indicator obscured',NULL,NULL,'conv_category'),('conv_c_cat_1670','conv_c_cat_19','Permitting the use of a vehicle with obligatory lamp obscured',NULL,NULL,'conv_category'),('conv_c_cat_1671','conv_c_cat_19','Permitting the use of a vehicle with obligatory rear reflector obscured',NULL,NULL,'conv_category'),('conv_c_cat_1672','conv_c_cat_19','Permitting the use of lamps not in good working order/clean.',NULL,NULL,'conv_category'),('conv_c_cat_1673','conv_c_cat_19','Using vehicle with obligatory direction indicator obscured',NULL,NULL,'conv_category'),('conv_c_cat_1674','conv_c_cat_19','Using vehicle with obligatory rear reflector obscured',NULL,NULL,'conv_category'),('conv_c_cat_1675','conv_c_cat_19','Causing the use of  a vehicle fitted with a lateral overhanging load not lit.',NULL,NULL,'conv_category'),('conv_c_cat_1676','conv_c_cat_19','Permitting the use of  a vehicle fitted with a lateral overhanging load not lit.',NULL,NULL,'conv_category'),('conv_c_cat_1677','conv_c_cat_19','Using a vehicle fitted with a lateral overhanging load not lit.',NULL,NULL,'conv_category'),('conv_c_cat_1678','conv_c_cat_19','Causing the use of a vehicle fitted with front overhanging load not lit',NULL,NULL,'conv_category'),('conv_c_cat_1679','conv_c_cat_19','Driving a vehicle in contravention of a prohibition under ss69 or 70 of this Act',NULL,NULL,'conv_category'),('conv_c_cat_1680','conv_c_cat_19','Permitting the use of a vehicle fitted with front overhanging load not lit',NULL,NULL,'conv_category'),('conv_c_cat_1681','conv_c_cat_19','Causing the use of a vehicle fitted with side marker lamp of incorrect colour',NULL,NULL,'conv_category'),('conv_c_cat_1682','conv_c_cat_19','Causing the use of a vehicle fitted with side marker lamp of insufficient intensity',NULL,NULL,'conv_category'),('conv_c_cat_1683','conv_c_cat_19','Permitting the use of a vehicle fitted with side marker lamp of incorrect colour',NULL,NULL,'conv_category'),('conv_c_cat_1684','conv_c_cat_19','Permitting the use of a vehicle fitted with side marker lamp of insufficient intensity',NULL,NULL,'conv_category'),('conv_c_cat_1685','conv_c_cat_19','Using vehicle fitted with front overhanging load not lit',NULL,NULL,'conv_category'),('conv_c_cat_1686','conv_c_cat_19','Using vehicle fitted with side marker lamp of incorrect colour',NULL,NULL,'conv_category'),('conv_c_cat_1687','conv_c_cat_19','Causing another to use a vehicle on which a lighting device is not in working order.',NULL,NULL,'conv_category'),('conv_c_cat_1688','conv_c_cat_19','Causing the use of lamps not in good working order/clean.',NULL,NULL,'conv_category'),('conv_c_cat_1689','conv_c_cat_19','Permitting another to use a vehicle on which a lighting device is not in working order.',NULL,NULL,'conv_category'),('conv_c_cat_1690','conv_c_cat_19','Using a vehicle on which a lighting device is not in working order.',NULL,NULL,'conv_category'),('conv_c_cat_1691','conv_c_cat_19','Using lamps not in good working order/clean.',NULL,NULL,'conv_category'),('conv_c_cat_1692','conv_c_cat_19','Using long vehicle or combination of vehicles without the obligatory side marker lamps being fitted',NULL,NULL,'conv_category'),('conv_c_cat_1693','conv_c_cat_19','Causing another to use a vehicle fitted with rear overhanging load not lit',NULL,NULL,'conv_category'),('conv_c_cat_1694','conv_c_cat_19','Permitting another to use a vehicle fitted with rear overhanging load not lit',NULL,NULL,'conv_category'),('conv_c_cat_1695','conv_c_cat_19','Using vehicle on which reversing lamp is lit when not reversing',NULL,NULL,'conv_category'),('conv_c_cat_1696','conv_c_cat_20','Sex offences',NULL,NULL,'conv_category'),('conv_c_cat_1697','conv_c_cat_21','Sexual offences',NULL,NULL,'conv_category'),('conv_c_cat_1698','conv_c_cat_22','Failing to cleanse and disinfect road vehicle in which animal transported',NULL,NULL,'conv_category'),('conv_c_cat_1699','conv_c_cat_22','Owner of road vehicle in which animal transported failing to provide all reasonable facilities for cleansing and disinfecting vehicle',NULL,NULL,'conv_category'),('conv_c_cat_17',NULL,'Road Vehicles (Construction and Use) Regulations 1986',NULL,NULL,'conv_category'),('conv_c_cat_1700','conv_c_cat_22','Contravening Inspector\'s prohibition of transporting animal by rail due to illness  infirmity injury fatigue or imminent calving  foaling etc',NULL,NULL,'conv_category'),('conv_c_cat_1701','conv_c_cat_23','Failing to give name and address and produce insurance to constable after accident/suspected offence on a road',NULL,NULL,'conv_category'),('conv_c_cat_1702','conv_c_cat_23','Refusing entry to premises for inspection of maintenance facilities',NULL,NULL,'conv_category'),('conv_c_cat_1703','conv_c_cat_23','Employer failing to secure return of record sheet within 21 days',NULL,NULL,'conv_category'),('conv_c_cat_1704','conv_c_cat_23','Failing to return record sheet to employer within 21 days',NULL,NULL,'conv_category'),('conv_c_cat_1705','conv_c_cat_23','Failing to produce record sheet (Employer)',NULL,NULL,'conv_category'),('conv_c_cat_1706','conv_c_cat_23','Driver taking no weekly rest period of 45, 36 or 24 consecutive hours after 6 daily driving periods.',NULL,NULL,'conv_category'),('conv_c_cat_1707','conv_c_cat_23','[As added by Road Traffic Act 1974 s16 Sch 4 Para 1] Failing to notify conviction following application for operator\'s licence ',NULL,NULL,'conv_category'),('conv_c_cat_1708','conv_c_cat_23','Causing the driver to have a working day in excess of 11 hours.',NULL,NULL,'conv_category'),('conv_c_cat_1709','conv_c_cat_23','Driving in excess of 10 hours in a working day.',NULL,NULL,'conv_category'),('conv_c_cat_1710','conv_c_cat_23','Exceeding 90 hours driving in fortnight',NULL,NULL,'conv_category'),('conv_c_cat_1711','conv_c_cat_23','Permitting the driver to drive in excess of 10 hours in a working day.',NULL,NULL,'conv_category'),('conv_c_cat_1712','conv_c_cat_23','Permitting the driver to have a working day in excess of 11 hours.',NULL,NULL,'conv_category'),('conv_c_cat_1713','conv_c_cat_23','Causing the driver to drive in excess of 10 hours in a working day.',NULL,NULL,'conv_category'),('conv_c_cat_1714','conv_c_cat_23','Causing a driver not to take minimum weekly rest period of 45, 36 or 24 consecutive hours during the week.',NULL,NULL,'conv_category'),('conv_c_cat_1715','conv_c_cat_23','Causing a driver to drive in excess of the maximum nine or ten hour daily driving period.',NULL,NULL,'conv_category'),('conv_c_cat_1716','conv_c_cat_23','Causing a driver to take no weekly rest period of 45, 36 or 24 consecutive hours after 6 daily driving periods.',NULL,NULL,'conv_category'),('conv_c_cat_1717','conv_c_cat_23','Driver not taking minimum weekly rest period of 45, 36 or 24 consecutive hours during the week.',NULL,NULL,'conv_category'),('conv_c_cat_1718','conv_c_cat_23','Driving in excess of the maximum nine or ten hour daily driving period.',NULL,NULL,'conv_category'),('conv_c_cat_1719','conv_c_cat_23','Failure to have a daily period of rest',NULL,NULL,'conv_category'),('conv_c_cat_1720','conv_c_cat_23','Permitting a driver not to take  minimum weekly rest period of 45, 36 or 24 consecutive hours during the week.',NULL,NULL,'conv_category'),('conv_c_cat_1721','conv_c_cat_23','Permitting a driver to take no weekly rest period of 45, 36 or 24 consecutive hours after 6 daily driving periods.',NULL,NULL,'conv_category'),('conv_c_cat_1722','conv_c_cat_23','Caused the driver to drive in excess of 4.5 hours without a minimum break of 45 minutes.',NULL,NULL,'conv_category'),('conv_c_cat_1723','conv_c_cat_23','Caused the driver to exceed 90 hours driving in a fortnight.',NULL,NULL,'conv_category'),('conv_c_cat_1724','conv_c_cat_23','Causing another to drive a vehicle manned by more than one driver not to take 8 hours consecutive rest in a period of 30 hours.',NULL,NULL,'conv_category'),('conv_c_cat_1725','conv_c_cat_23','Causing the driver of a motor vehicle to not have a daily period of rest',NULL,NULL,'conv_category'),('conv_c_cat_1726','conv_c_cat_23','Driver of a vehicle manned by more than one driver not taking 8 hours consecutive rest in a period of 30 hours.',NULL,NULL,'conv_category'),('conv_c_cat_1727','conv_c_cat_23','Driving in excess of 4.5 hours without a minimum break of 45 minutes.',NULL,NULL,'conv_category'),('conv_c_cat_1728','conv_c_cat_23','Employer failing to issue record book to driver',NULL,NULL,'conv_category'),('conv_c_cat_1729','conv_c_cat_23','Permitted the driver to drive in excess of 4.5 hours without a minimum break of 45 minutes.',NULL,NULL,'conv_category'),('conv_c_cat_1730','conv_c_cat_23','Permitted the driver to exceed 90 hours driving in a fortnight.',NULL,NULL,'conv_category'),('conv_c_cat_1731','conv_c_cat_23','Permitting a driver to drive in excess of the maximum nine or ten hour daily driving period.',NULL,NULL,'conv_category'),('conv_c_cat_1732','conv_c_cat_23','Permitting another to drive a vehicle manned by more than one driver not to take 8 hours consecutive rest in a period of 30 hours.',NULL,NULL,'conv_category'),('conv_c_cat_1733','conv_c_cat_23','Permitting the driver of a motor vehicle to not have a daily period of rest',NULL,NULL,'conv_category'),('conv_c_cat_1734','conv_c_cat_23','Obstructing officer in exercise of power of entry',NULL,NULL,'conv_category'),('conv_c_cat_1735','conv_c_cat_23','Failing to surrender suspended LGV licence when required',NULL,NULL,'conv_category'),('conv_c_cat_1736','conv_c_cat_23','Driver failing to notify employer of existence of another employer',NULL,NULL,'conv_category'),('conv_c_cat_1737','conv_c_cat_23','Driver failing to keep proper written record (other than tachograph and timesheet)',NULL,NULL,'conv_category'),('conv_c_cat_1738','conv_c_cat_23','Employer failing to keep proper written record (other than tachograph and timesheet)',NULL,NULL,'conv_category'),('conv_c_cat_1739','conv_c_cat_23','Disclosing information about person trade or business after enquiry to which access was restricted',NULL,NULL,'conv_category'),('conv_c_cat_1740','conv_c_cat_23','Altering record sheet with intent to deceive',NULL,NULL,'conv_category'),('conv_c_cat_1741','conv_c_cat_23','Altering seal on recording equipment with intent to deceive',NULL,NULL,'conv_category'),('conv_c_cat_1742','conv_c_cat_23','Permit a person to use a vehicle to which S97 Transport Act applies, without there being recording equipment installed in accordance with the Community Recording Equipment Regulation.',NULL,NULL,'conv_category'),('conv_c_cat_1743','conv_c_cat_23','Permitting another to use a vehicle with tachograph not functioning correctly/improperly used.',NULL,NULL,'conv_category'),('conv_c_cat_1744','conv_c_cat_23','Caused a person to use a vehicle to which S97 Transport Act applies, without there being recording equipment installed in accordance with the Community Recording Equipment Regulation.',NULL,NULL,'conv_category'),('conv_c_cat_1745','conv_c_cat_23','Causing another to use a vehicle with tachograph not functioning correctly/improperly used.',NULL,NULL,'conv_category'),('conv_c_cat_1746','conv_c_cat_23','Using a vehicle without calibrated recording equipment',NULL,NULL,'conv_category'),('conv_c_cat_1747','conv_c_cat_23','Using vehicle after failure to ensure that official time is entered on record sheet',NULL,NULL,'conv_category'),('conv_c_cat_1748','conv_c_cat_23','Using vehicle with equipment which was not capable of recording double-manning details',NULL,NULL,'conv_category'),('conv_c_cat_1749','conv_c_cat_23','Using vehicle with no tachograph installation plaque',NULL,NULL,'conv_category'),('conv_c_cat_1750','conv_c_cat_23','Using vehicle with no tachograph manufacturer\'s plaque',NULL,NULL,'conv_category'),('conv_c_cat_1751','conv_c_cat_23','Using vehicle with tachograph seals not intact',NULL,NULL,'conv_category'),('conv_c_cat_1752','conv_c_cat_23','Using vehicle without 2 year inspection of tachograph equipment',NULL,NULL,'conv_category'),('conv_c_cat_1753','conv_c_cat_23','Employer using vehicle where incorrect record sheet issued',NULL,NULL,'conv_category'),('conv_c_cat_1754','conv_c_cat_23','Failing to operate tachograph mode switch',NULL,NULL,'conv_category'),('conv_c_cat_1755','conv_c_cat_23','Failing to record period away from vehicle',NULL,NULL,'conv_category'),('conv_c_cat_1756','conv_c_cat_23','Failure to use record sheets every day',NULL,NULL,'conv_category'),('conv_c_cat_1757','conv_c_cat_23','Using vehicle after failing to enter information concerning name date location vehicle readings etc on record sheet',NULL,NULL,'conv_category'),('conv_c_cat_1758','conv_c_cat_23','Using vehicle after failure to attach damaged record sheet to replacement sheet',NULL,NULL,'conv_category'),('conv_c_cat_1759','conv_c_cat_23','Using vehicle after failure to protect record sheet from dirt and damage',NULL,NULL,'conv_category'),('conv_c_cat_1760','conv_c_cat_23','Using vehicle having failed to check that tachograph functioning correctly',NULL,NULL,'conv_category'),('conv_c_cat_1761','conv_c_cat_23','Using vehicle in which record sheet was used beyond specified time',NULL,NULL,'conv_category'),('conv_c_cat_1762','conv_c_cat_23','Using vehicle in which tachograph has no record sheet',NULL,NULL,'conv_category'),('conv_c_cat_1763','conv_c_cat_23','Using vehicle in which the record sheet for tachograph is dirty or damaged',NULL,NULL,'conv_category'),('conv_c_cat_1764','conv_c_cat_23','Forging seal on recording equipment with intent to deceive',NULL,NULL,'conv_category'),('conv_c_cat_1765','conv_c_cat_23','Making false entry on record sheet',NULL,NULL,'conv_category'),('conv_c_cat_1766','conv_c_cat_23','Using seal on recording equipment with intent to deceive',NULL,NULL,'conv_category'),('conv_c_cat_1767','conv_c_cat_23','Aiding and abetting alteration of record sheet with intent to deceive',NULL,NULL,'conv_category'),('conv_c_cat_1768','conv_c_cat_23','Aiding and abetting making false entry on record sheet',NULL,NULL,'conv_category'),('conv_c_cat_1769','conv_c_cat_23','Failing to produce record sheet (Driver)',NULL,NULL,'conv_category'),('conv_c_cat_1770','conv_c_cat_23','Using vehicle with tachograph not functioning correctly',NULL,NULL,'conv_category'),('conv_c_cat_1771','conv_c_cat_24','Removing or interfering with an immobilisation notice fixed to a motor vehicle in contravention of a provision included in a charging scheme.',NULL,NULL,'conv_category'),('conv_c_cat_1772','conv_c_cat_24','Removing or interfering with an immobilisation device fixed to a motor vehicle in contravention of a provision included in a charging scheme.',NULL,NULL,'conv_category'),('conv_c_cat_1773','conv_c_cat_24','Intentionally obstructing a person exercising any power conferred on him by provision included in a charging scheme under Part III of this Act',NULL,NULL,'conv_category'),('conv_c_cat_1774','conv_c_cat_24','Intentionally obstructing a person exercising any power conferred on him by a charging scheme under Part III of this Act.',NULL,NULL,'conv_category'),('conv_c_cat_1775','conv_c_cat_25','Being responsible operator of transport system when worker was unfit through drink or drugs',NULL,NULL,'conv_category'),('conv_c_cat_1776','conv_c_cat_25','Being employer of transport system worker who was working whilst unfit through drink or drugs',NULL,NULL,'conv_category'),('conv_c_cat_1777','conv_c_cat_25','Being responsible operator of transport system when worker had alcohol level above prescribed limit',NULL,NULL,'conv_category'),('conv_c_cat_1778','conv_c_cat_25','Being employer of transport system worker who was working with alcohol level above prescribed limit',NULL,NULL,'conv_category'),('conv_c_cat_1779','conv_c_cat_25','Transport worker failing to provide specimen of breath for breath test',NULL,NULL,'conv_category'),('conv_c_cat_1780','conv_c_cat_26','Using or keeping a vehicle on a public road of which vehicle excise duty is chargeable.',NULL,NULL,'conv_category'),('conv_c_cat_1781','conv_c_cat_26','Licence in force fixed to and exhibited on the vehicle.',NULL,NULL,'conv_category'),('conv_c_cat_1782','conv_c_cat_26','Keeping vehicle without excise licence in force',NULL,NULL,'conv_category'),('conv_c_cat_1783','conv_c_cat_26','Aiding and abetting keeping vehicle without excise licence in force',NULL,NULL,'conv_category'),('conv_c_cat_1784','conv_c_cat_26','Aiding and abetting using a vehicle without excise licence in force.',NULL,NULL,'conv_category'),('conv_c_cat_1785','conv_c_cat_26','Where the vehicle is used so that duty at a higher rate becomes chargeable in respect of the licence for the vehicle under section 15, at any time when the licence is in force.',NULL,NULL,'conv_category'),('conv_c_cat_1786','conv_c_cat_26','Where a vehicle licence has been taken out for a vehicle at any rate of vehicle excise duty.',NULL,NULL,'conv_category'),('conv_c_cat_1787','conv_c_cat_26','Driving trailer on which registration mark is not fixed or displayed',NULL,NULL,'conv_category'),('conv_c_cat_1788','conv_c_cat_26','Keeping trailer on which registration mark is not fixed or displayed',NULL,NULL,'conv_category'),('conv_c_cat_1789','conv_c_cat_26','Keeper of vehicle allegedly contravening s29 of Act failing to give information to Chief of Police about person who kept vehicle on the road',NULL,NULL,'conv_category'),('conv_c_cat_1790','conv_c_cat_26','Keeper of vehicle allegedly contravening ss 29 34 or 37 of Act  failing to give information to Chief of Police about driver or user',NULL,NULL,'conv_category'),('conv_c_cat_1791','conv_c_cat_26','Person other than keeper of vehicle allegedly contravening ss 29 34 or 37 of Act failing to give information to Chief of Police about driver or user',NULL,NULL,'conv_category'),('conv_c_cat_1792','conv_c_cat_26','Person other than keeper or user of vehicle allegedly contravening s29 of Act failing to give information to Chief of Police about person who kept vehicle on the road',NULL,NULL,'conv_category'),('conv_c_cat_1793','conv_c_cat_26','User of vehicle allegedly contravening s29 of Act failing to give information to Chief of Police about person who kept vehicle on the road',NULL,NULL,'conv_category'),('conv_c_cat_1794','conv_c_cat_26','Altering licence with intent to deceive',NULL,NULL,'conv_category'),('conv_c_cat_1795','conv_c_cat_26','Forging  a vehicle licence, trade licence, registration mark, document.',NULL,NULL,'conv_category'),('conv_c_cat_1796','conv_c_cat_26','Making false declaration to obtain vehicle or trade excise licence',NULL,NULL,'conv_category'),('conv_c_cat_1797','conv_c_cat_26','Making false declaration to obtain rebate',NULL,NULL,'conv_category'),('conv_c_cat_1798','conv_c_cat_26','Furnishing false particulars as to keeper of vehicle',NULL,NULL,'conv_category'),('conv_c_cat_1799','conv_c_cat_26','Furnishing false particulars as to vehicle',NULL,NULL,'conv_category'),('conv_c_cat_18',NULL,'Road Vehicles (Registration and Licensing) Regulations 1971',NULL,NULL,'conv_category'),('conv_c_cat_1800','conv_c_cat_26','fraudulently altering a vehicle licence, trade licence, registration mark, registration document.',NULL,NULL,'conv_category'),('conv_c_cat_19',NULL,'Road Vehicles Lighting Regulations 1989',NULL,NULL,'conv_category'),('conv_c_cat_2',NULL,'Children & Young Persons (Scotland) Act 1937',NULL,NULL,'conv_category'),('conv_c_cat_20',NULL,'Sex Offenders Act 1997',NULL,NULL,'conv_category'),('conv_c_cat_21',NULL,'Sexual Offences (Scotland) Act 1976',NULL,NULL,'conv_category'),('conv_c_cat_22',NULL,'Transit of Animals Order 1927',NULL,NULL,'conv_category'),('conv_c_cat_23',NULL,'Transport Act 1968',NULL,NULL,'conv_category'),('conv_c_cat_24',NULL,'Transport Act 2000',NULL,NULL,'conv_category'),('conv_c_cat_25',NULL,'Transport and Works Act 1992',NULL,NULL,'conv_category'),('conv_c_cat_26',NULL,'Vehicle Excise and Registration Act 1994',NULL,NULL,'conv_category'),('conv_c_cat_3',NULL,'Civic Government (Scotland) Act 1982',NULL,NULL,'conv_category'),('conv_c_cat_4',NULL,'Criminal Law (Consolidation) (Scotland) Act 1995',NULL,NULL,'conv_category'),('conv_c_cat_5',NULL,'Criminal Procedure (Scotland) Act 1995',NULL,NULL,'conv_category'),('conv_c_cat_6',NULL,'Drivers\' Hours (Goods Vehicles)(Keeping of Records) Regulations 1987',NULL,NULL,'conv_category'),('conv_c_cat_7',NULL,'Goods Vehicles (Licensing of Operators) Act 1995',NULL,NULL,'conv_category'),('conv_c_cat_8',NULL,'Goods Vehicles (Operators\' Licences, Qualifications and Fees) Regulations 1984',NULL,NULL,'conv_category'),('conv_c_cat_9',NULL,'Hydrocarbon Oil Duties Act 1979',NULL,NULL,'conv_category'),('conviction-fpn-offence-history',NULL,'Conviction / FPN / Offence history',29,NULL,'submission_section'),('COURT',NULL,'Court fees',NULL,'COURT','fee_type'),('cs_ack',NULL,'Acknowledged',NULL,'ACK','complaint_status'),('cs_pin',NULL,'PI notified',NULL,'PIN','complaint_status'),('cs_rfs',NULL,'Review form sent',NULL,'RFS','complaint_status'),('cs_vfr',NULL,'Valid for review',NULL,'VFR','complaint_status'),('cs_yst',NULL,'Are you still there',NULL,'YST','complaint_status'),('ct_complainant',NULL,'Complainant',NULL,NULL,'contact_type'),('ct_cor',NULL,'Continuing to operate after revocation',NULL,'COR','complaint_type'),('ct_corr',NULL,'Correspondence',NULL,NULL,'contact_type'),('ct_cov',NULL,'Condition of Vehicles',NULL,'COV','complaint_type'),('ct_dgm',NULL,'Driving in a dangerous manner',NULL,'DGM','complaint_type'),('ct_driver',NULL,'Driver',NULL,NULL,'contact_type'),('ct_dsk',NULL,'Driver smoking',NULL,'DSK','complaint_type'),('ct_est',NULL,'Establishment',NULL,NULL,'contact_type'),('ct_fls',NULL,'Failure to operator local service',NULL,'FLS','complaint_type'),('ct_hackney',NULL,'Hackney Licence Issue Council',NULL,NULL,'contact_type'),('ct_irfo_op',NULL,'IRFO Operator',NULL,NULL,'contact_type'),('ct_lvu',NULL,'Leaving vehicle unattended with engine running',NULL,'LVU','complaint_type'),('ct_ndl',NULL,'Not having correct category of Drivers Licence',NULL,'NDL','complaint_type'),('ct_nol',NULL,'No Operators Licence',NULL,'NOL','complaint_type'),('ct_obj',NULL,'Objector',NULL,NULL,'contact_type'),('ct_olr',NULL,'Operating local service off route',NULL,'OLR','complaint_type'),('ct_ovb',NULL,'Obstructing other vehicles at Bus Station/Bus Stop',NULL,'OVB','complaint_type'),('ct_partner',NULL,'Partner',NULL,NULL,'contact_type'),('ct_pvo',NULL,'Parking vehicle out with Operating Centre',NULL,'PVO','complaint_type'),('ct_rds',NULL,'Registration of duplicate services',NULL,'RDS','complaint_type'),('ct_reg',NULL,'Registered',NULL,NULL,'contact_type'),('ct_rep',NULL,'Representor',NULL,NULL,'contact_type'),('ct_requestor',NULL,'Statement Requestor',NULL,NULL,'contact_type'),('ct_rta',NULL,'Registered times not being adhered to',NULL,'RTA','complaint_type'),('ct_sln',NULL,'Speed Limiters non operative',NULL,'SLN','complaint_type'),('ct_spe',NULL,'Speeding',NULL,'SPE','complaint_type'),('ct_ta',NULL,'Traffic Area',NULL,NULL,'contact_type'),('ct_tcon',NULL,'Transport Consultant',NULL,NULL,'contact_type'),('ct_team_user',NULL,'Team or User',NULL,NULL,'contact_type'),('ct_tgo',NULL,'Tachograph offences',NULL,'TGO','complaint_type'),('ct_tm',NULL,'Transport Manager',NULL,NULL,'contact_type'),('ct_ufl',NULL,'Unsafe loads',NULL,'UFL','complaint_type'),('ct_ump',NULL,'Use of mobile phones while driving',NULL,'UMP','complaint_type'),('ct_urd',NULL,'Using Red Diesel',NULL,'URD','complaint_type'),('ct_user',NULL,'User',NULL,NULL,'contact_type'),('ct_vpo',NULL,'Vehicles parked and causing an obstruction',NULL,'VPO','complaint_type'),('ct_work',NULL,'Workshop',NULL,NULL,'contact_type'),('current-submissions',NULL,'Current submissions',15,NULL,'submission_section'),('def_t_dir',NULL,'Director',NULL,NULL,'def_type'),('def_t_driver',NULL,'Driver',NULL,NULL,'def_type'),('def_t_op',NULL,'Operator',NULL,NULL,'def_type'),('def_t_other',NULL,'Other',NULL,NULL,'def_type'),('def_t_owner',NULL,'Owner',NULL,NULL,'def_type'),('def_t_part',NULL,'Partner',NULL,NULL,'def_type'),('def_t_tm',NULL,'Transport Manager',NULL,NULL,'def_type'),('DUP',NULL,'Duplicate Disc fees',NULL,'DUP','fee_type'),('ebsrs_distributed',NULL,'Distributed',NULL,'8','ebsr_sub_status'),('ebsrs_distributing',NULL,'Distributing',NULL,'7','ebsr_sub_status'),('ebsrs_expired',NULL,'Expired',NULL,'10','ebsr_sub_status'),('ebsrs_expiring',NULL,'Expiring',NULL,'9','ebsr_sub_status'),('ebsrs_processed',NULL,'Processed',NULL,'6','ebsr_sub_status'),('ebsrs_processing',NULL,'Processing',NULL,'5','ebsr_sub_status'),('ebsrs_published',NULL,'Published',NULL,'4','ebsr_sub_status'),('ebsrs_publishing',NULL,'Publishing',NULL,'3','ebsr_sub_status'),('ebsrs_submitted',NULL,'Submitted',NULL,'0','ebsr_sub_status'),('ebsrs_submitting',NULL,'Submitting',NULL,'-1','ebsr_sub_status'),('ebsrs_validated',NULL,'Validated',NULL,'2','ebsr_sub_status'),('ebsrs_validating',NULL,'Validating',NULL,'1','ebsr_sub_status'),('ebsrt_map',NULL,'Map Request',NULL,'3','ebsr_sub_type'),('ebsrt_new',NULL,'New Application',NULL,'0','ebsr_sub_type'),('ebsrt_refresh',NULL,'Data Refresh',NULL,'1','ebsr_sub_type'),('ebsrt_unknown',NULL,'Unknown',NULL,'2','ebsr_sub_type'),('ecst_closed',NULL,'Closed',NULL,NULL,'env_complaint_status'),('ecst_open',NULL,'Open',NULL,NULL,'env_complaint_status'),('environmental-complaints',NULL,'Environmental complaints',40,NULL,'submission_section'),('erru_case_t_msi',NULL,'MSI',1,'MSI','erru_case_type'),('erru_case_t_msinre',NULL,'MSI - No response entered',2,'MSINRE','erru_case_type'),('erru_case_t_msirnys',NULL,'MSI - Response not sent yet',3,'MSIRNYS','erru_case_type'),('erru_case_t_nmsi',NULL,'Non-MSI',4,'NMSI','erru_case_type'),('fee_alt_t_del',NULL,'Delete',NULL,'Delete','fee_alteration'),('fee_alt_t_rcpt',NULL,'Receipt',NULL,'Receipt','fee_alteration'),('fee_alt_t_reset',NULL,'Reset',NULL,'Reset','fee_alteration'),('financial-information',NULL,'Financial information',42,NULL,'submission_section'),('fitness-and-repute',NULL,'Fitness & repute',19,NULL,'submission_section'),('fpm_card_offline',NULL,'Card Payment (Assisted Digital)',4,NULL,'fee_pay_method'),('fpm_card_online',NULL,'Card Payment (Digital)',5,NULL,'fee_pay_method'),('fpm_cash',NULL,'Cash',1,NULL,'fee_pay_method'),('fpm_cheque',NULL,'Cheque',2,NULL,'fee_pay_method'),('fpm_po',NULL,'Postal Order',3,NULL,'fee_pay_method'),('fpm_rcpt',NULL,'Receipt',7,NULL,'fee_pay_method'),('fpm_waive',NULL,'Waive',6,NULL,'fee_pay_method'),('GRANT',NULL,'Grant fees',NULL,'GRANT','fee_type'),('GRANTINT',NULL,'Grant Interim fees',NULL,'GRANTINT','fee_type'),('GRANTVAR',NULL,'Grant Variation Vehicle fees',NULL,'GRANTVAR','fee_type'),('GVANNVEH',NULL,'GV Annual Vehicle fees',NULL,'GVANNVEH','fee_type'),('imlgis_type_goods_gb1',NULL,'Section A The user of the vehicle held a valid operator\'s licence (whether of not authorising the use of the vehicle)',NULL,NULL,'impound_legislation_goods_gb'),('imlgis_type_goods_gb2',NULL,'Section B It was not being, and had not been used in contravention of Section 2 of the 1995 Act.',NULL,NULL,'impound_legislation_goods_gb'),('imlgis_type_goods_gb3',NULL,'Section C i did not know it was being or had been used in contravention  of Section 2 of the 1995 Act.',NULL,NULL,'impound_legislation_goods_gb'),('imlgis_type_goods_gb4',NULL,'Section D That although knowing that at the time the vehicle was detained it was being or had been used in contravention of Section 2 of the 1995 Act, but; (i) had taken steps with a view to preventing that (ii) Has taken steps with a view to preventing any further such use.',NULL,NULL,'impound_legislation_goods_gb'),('imlgis_type_goods_ni1',NULL,'Section A At the time the vehicle was detained, the person using the vehicle held a valid licence (whether or not authorising the use of the vehicle);',NULL,NULL,'impound_legislation_goods_ni'),('imlgis_type_goods_ni2',NULL,'Section B At the time the vehicle was detained, the vehicle was not being, and had not been, used in contravention of section 1 of the 2010 Act;',NULL,NULL,'impound_legislation_goods_ni'),('imlgis_type_goods_ni3',NULL,'Section C Although at the time the vehicle was detained it was being, or had been, used in contravention of section 1 of the 2010 Act, the owner did not know that it was being, or had been, so used; ',NULL,NULL,'impound_legislation_goods_ni'),('imlgis_type_goods_ni4',NULL,'Section D Although knowing at the time the vehicle was detained that it was being, or had been, used in contravention of section 1 of the 2010 Act, the owner- (i)had taken steps with a view to preventing that use; and (ii)has taken steps with a view to preventing any further such use.',NULL,NULL,'impound_legislation_goods_ni'),('imlgis_type_psv_gb1',NULL,'Section A The user of the vehicle held a valid operator\'s licence (whether of not authorising the use of the vehicle)',NULL,NULL,'impound_legislation_psv_gb'),('imlgis_type_psv_gb2',NULL,'Section B It was not being, and had not been used in contravention of Section 12 of the 1981 Act.',NULL,NULL,'impound_legislation_psv_gb'),('imlgis_type_psv_gb3',NULL,'Section C i did not know it was being or had been used in contravention  of Section 12 of the 1981 Act.',NULL,NULL,'impound_legislation_psv_gb'),('imlgis_type_psv_gb4',NULL,'Section D That although knowing that at the time the vehicle was detained it was being or had been used in contravention of Section 12(1) of the 1981 Act, but; (i) had taken steps with a view to preventing that (ii) Has taken steps with a view to preventing any further such use.',NULL,NULL,'impound_legislation_psv_gb'),('impo_not',NULL,'Vehicle Not Returned',NULL,NULL,'impound_outcome'),('impo_returned',NULL,'Vehicle Returned',NULL,NULL,'impound_outcome'),('impo_wd',NULL,'Application Withdrawn',NULL,NULL,'impound_outcome'),('impt_hearing',NULL,'Hearing',NULL,NULL,'impound_type'),('impt_paper',NULL,'Paperwork',NULL,NULL,'impound_type'),('insp_rep_t_bus',NULL,'Bus Monitor',NULL,'3','insp_report_type'),('insp_rep_t_maint',NULL,'Maintenance Request',NULL,'1','insp_report_type'),('insp_rep_t_TE',NULL,'Traffic Examiner',NULL,'2','insp_report_type'),('insp_req_t_coe',NULL,'Change of Entity',NULL,'4','insp_request_type'),('insp_req_t_comp',NULL,'Compliance',NULL,'7','insp_request_type'),('insp_req_t_fol',NULL,'FOL',NULL,'3','insp_request_type'),('insp_req_t_new_op',NULL,'New OP',NULL,'1','insp_request_type'),('insp_req_t_review',NULL,'Review',NULL,'6','insp_request_type'),('insp_req_t_tc',NULL,'TC Request',NULL,'5','insp_request_type'),('insp_req_t_var',NULL,'Variation',NULL,'2','insp_request_type'),('insp_res_t_new',NULL,'New',NULL,'1','insp_result_type'),('insp_res_t_new_sat',NULL,'Satisfactory',NULL,'2','insp_result_type'),('insp_res_t_new_unsat',NULL,'Unsatisfactory',NULL,'3','insp_result_type'),('int_sts_ended',NULL,'Ended',NULL,'Ended','interim_status'),('int_sts_granted',NULL,'Granted',NULL,'Granted','interim_status'),('int_sts_in_force',NULL,'In-Force',NULL,'In-Force','interim_status'),('int_sts_refused',NULL,'Refused',NULL,'Refused','interim_status'),('int_sts_requested',NULL,'Requested',NULL,'Saved','interim_status'),('int_sts_revoked',NULL,'Revoked',NULL,'Revoked','interim_status'),('INTAMENDED',NULL,'GV Interim Amended Dummy Fees',NULL,'INTAMENDED','fee_type'),('intelligence-unit-check',NULL,'Intelligence unit check',9,NULL,'submission_section'),('interim',NULL,'Interim',10,NULL,'submission_section'),('introduction',NULL,'Introduction',1,NULL,'submission_section'),('INTUPGRADEVEH',NULL,'Interim Upgrade Vehicle fees',NULL,'INTUPGRADEVEH','fee_type'),('INTVEH',NULL,'Interim vehicle fees',NULL,'INTVEH','fee_type'),('invalid_company_number',NULL,'Invalid company number',NULL,NULL,'ch_alert_reason'),('irfo_auth_s_approved',NULL,'Approved',NULL,'Approved','irfo_auth_status'),('irfo_auth_s_cns',NULL,'CNS',NULL,'CNS','irfo_auth_status'),('irfo_auth_s_granted',NULL,'Granted',NULL,'Granted','irfo_auth_status'),('irfo_auth_s_pending',NULL,'Pending',NULL,'Pending','irfo_auth_status'),('irfo_auth_s_refused',NULL,'Refused',NULL,'Refused','irfo_auth_status'),('irfo_auth_s_renew',NULL,'Renew',NULL,'Renew','irfo_auth_status'),('irfo_auth_s_withdrawn',NULL,'Withdrawn',NULL,'Withdrawn','irfo_auth_status'),('irfo_fee_type_1',NULL,'IRFO GV ECMT 100% Permit Fee',1,NULL,'irfo_fee_type'),('irfo_fee_type_2',NULL,'IRFO GV ECMT 75% Permit Fee',2,NULL,'irfo_fee_type'),('irfo_fee_type_3',NULL,'IRFO GV ECMT 50% Permit Fee',3,NULL,'irfo_fee_type'),('irfo_fee_type_4',NULL,'IRFO GV ECMT 25% Permit Fee',4,NULL,'irfo_fee_type'),('irfo_fee_type_5',NULL,'IRFO GV ECMT Community Removal Permit Fee',5,NULL,'irfo_fee_type'),('irfo_fee_type_6',NULL,'IRFO GV Single Journey to Any Country Permit Fee',6,NULL,'irfo_fee_type'),('irfo_fee_type_7',NULL,'IRFO GV Turkey - 4 Journeys Permit Fee',7,NULL,'irfo_fee_type'),('irfo_fee_type_8',NULL,'IRFO GV Morocco - 15 journeys Permit Fee',8,NULL,'irfo_fee_type'),('irfo_perm_s_appreoved',NULL,'Approved',NULL,'Approved','irfo_permit_status'),('irfo_perm_s_pending',NULL,'Pending',NULL,'Pending','irfo_permit_status'),('irfo_perm_s_refused',NULL,'Refused',NULL,'Refused','irfo_permit_status'),('irfo_perm_s_s_in_stock',NULL,'In Stock',NULL,'In Stock','irfo_permit_stock_status'),('irfo_perm_s_s_issued',NULL,'Issued',NULL,'Issued','irfo_permit_stock_status'),('irfo_perm_s_s_ret',NULL,'Returned',NULL,'Returned','irfo_permit_stock_status'),('irfo_perm_s_s_void',NULL,'Void',NULL,'Void','irfo_permit_stock_status'),('irfo_perm_s_withdrawn',NULL,'Withdrawn',NULL,'Withdrawn','irfo_permit_status'),('IRFOGVPERMIT',NULL,'IRFO GV Permit fees',NULL,'IRFOGVPERMIT','fee_type'),('IRFOPSVANN',NULL,'IRFO PSV Ann fees',NULL,'IRFOPSVANN','fee_type'),('IRFOPSVAPP',NULL,'IRFO PSV App fees',NULL,'IRFOPSVAPP','fee_type'),('IRFOPSVCOPY',NULL,'IRFO PSV Copy fees',NULL,'IRFOPSVCOPY','fee_type'),('lcat_gv',NULL,'Goods Vehicle',NULL,'GV','lic_cat'),('lcat_permit',NULL,'Permit',NULL,'Permit','lic_cat'),('lcat_psv',NULL,'Public Service Vehicle',NULL,'PSV','lic_cat'),('lead-tc-area',NULL,'Lead TC area',14,NULL,'submission_section'),('lfs_cn',NULL,'Cancelled',5,NULL,'fee_status'),('lfs_ot',NULL,'Outstanding',1,NULL,'fee_status'),('lfs_pd',NULL,'Paid',2,NULL,'fee_status'),('linked-licences-app-numbers',NULL,'Linked licences',12,NULL,'submission_section'),('linked-mlh-history',NULL,'Linked MLH history',25,NULL,'submission_section'),('local-licence-history',NULL,'Local licence history',24,NULL,'submission_section'),('lsts_cns',NULL,'Continuation Not Sought',NULL,'CNS','lic_status'),('lsts_consideration',NULL,'Under Consideration',NULL,'New','lic_status'),('lsts_curtailed',NULL,'Curtailed',NULL,'Curtailed','lic_status'),('lsts_granted',NULL,'Granted',NULL,'Granted','lic_status'),('lsts_not_submitted',NULL,'Not Yet Submitted',NULL,NULL,'lic_status'),('lsts_ntu',NULL,'Not Taken Up',NULL,'NTU','lic_status'),('lsts_refused',NULL,'Refused',NULL,'Refused','lic_status'),('lsts_revoked',NULL,'Revoked',NULL,'Revoked','lic_status'),('lsts_surrendered',NULL,'Surrendered',NULL,'Surrendered','lic_status'),('lsts_suspended',NULL,'Suspended',NULL,'Suspended','lic_status'),('lsts_terminated',NULL,'Terminated',NULL,'Terminated','lic_status'),('lsts_unlicenced',NULL,'Unlicensed',NULL,'Unlicenced','lic_status'),('lsts_valid',NULL,'Valid',NULL,'Valid','lic_status'),('lsts_withdrawn',NULL,'Withdrawn',NULL,'Withdrawn','lic_status'),('ltyp_cbp',NULL,'Community',NULL,'CBP','lic_type'),('ltyp_dbp',NULL,'Designated Body/Local Authority',NULL,'DBP','lic_type'),('ltyp_lbp',NULL,'Large',NULL,'LBP','lic_type'),('ltyp_r',NULL,'Restricted',NULL,'R','lic_type'),('ltyp_sbp',NULL,'Small',NULL,'SBP','lic_type'),('ltyp_si',NULL,'Standard International',NULL,'SI','lic_type'),('ltyp_sn',NULL,'Standard National',NULL,'SN','lic_type'),('ltyp_sr',NULL,'Special Restricted',NULL,'SR','lic_type'),('maintenance-tachographs-hours',NULL,'Maintenance / Tachographs / Drivers hours',27,NULL,'submission_section'),('maps',NULL,'Maps',43,NULL,'submission_section'),('MISC',NULL,'Other Miscellaneous fees',NULL,'MISC','fee_type'),('most-serious-infringement',NULL,'Most serious infringement',4,NULL,'submission_section'),('nb_dangerous_goods_hazchem',NULL,'Dangerous Goods/Hazchem Carriers',6,NULL,'nature_of_business'),('nb_farmers_livestock_carriers',NULL,'Farmers/Livestock Carriers',3,NULL,'nature_of_business'),('nb_gen_haulier_distribution',NULL,'Gen Haulier/Distribution',2,NULL,'nature_of_business'),('nb_other',NULL,'Other',8,NULL,'nature_of_business'),('nb_refrigerated_transport',NULL,'Refrigerated Transport',7,NULL,'nature_of_business'),('nb_removals_construction_plant',NULL,'Removals/Construction/Plant Hire',4,NULL,'nature_of_business'),('nb_skip_hire_waste_transfer',NULL,'Skip Hire/Waste Transfer/Refuse',1,NULL,'nature_of_business'),('nb_utilities',NULL,'Utilities',5,NULL,'nature_of_business'),('non_pi_type_pre_hearing',NULL,'Preliminary hearing',2,NULL,'non_pi_type'),('non_pi_type_stl_interview',NULL,'STL interview',1,NULL,'non_pi_type'),('non_pio_nfa',NULL,'NFA',NULL,NULL,'non_pi_type_outcome'),('non_pio_refer',NULL,'Refer to TC/DCT/TR/DTR',NULL,NULL,'non_pi_type_outcome'),('note_t_app',NULL,'Application',1,NULL,'note_type'),('note_t_bus',NULL,'Bus Registration',2,NULL,'note_type'),('note_t_case',NULL,'Case',3,NULL,'note_type'),('note_t_lic',NULL,'Licence',4,NULL,'note_type'),('note_t_org',NULL,'Organisation',5,NULL,'note_type'),('note_t_person',NULL,'Person',7,NULL,'note_type'),('note_t_tm',NULL,'Transport Manager',8,NULL,'note_type'),('obj_t_local_auth',NULL,'Local Authority',NULL,'1','opposer_type'),('obj_t_other',NULL,'Other',NULL,'5','opposer_type'),('obj_t_police',NULL,'Police',NULL,'2','opposer_type'),('obj_t_rta',NULL,'Trade Association',NULL,'3','opposer_type'),('obj_t_trade_union',NULL,'Trade Union',NULL,'4','opposer_type'),('ogf_both',NULL,'Both Obj and Env (Legacy \'B\')',NULL,'B','obj_grounds'),('ogf_env',NULL,'Environmental (Legacy \'E\')',NULL,'E','obj_grounds'),('ogf_fin_stan',NULL,'Financial Standing',NULL,'Fin Stan','obj_grounds'),('ogf_fitness',NULL,'Fitness',NULL,'Fitness','obj_grounds'),('ogf_fumes',NULL,'Fumes',NULL,'Fumes','obj_grounds'),('ogf_noise',NULL,'Noise',NULL,'Noise','obj_grounds'),('ogf_o',NULL,'Objection (Legacy \'O\')',NULL,'O','obj_grounds'),('ogf_o_ccap',NULL,'O/C Capacity',NULL,'O/CCap','obj_grounds'),('ogf_parking',NULL,'Parking',NULL,'Parking','obj_grounds'),('ogf_pollution',NULL,'Pollution',NULL,'Pollut','obj_grounds'),('ogf_prof_com',NULL,'Professional Competence',NULL,'Prof Com','obj_grounds'),('ogf_repute',NULL,'Repute',NULL,'Repute','obj_grounds'),('ogf_safety',NULL,'Safety',NULL,'Safety','obj_grounds'),('ogf_size',NULL,'Size',NULL,'Size','obj_grounds'),('ogf_unsochrs',NULL,'Unsocial Hours',NULL,'UnSocHrs','obj_grounds'),('ogf_vib',NULL,'Vibration',NULL,'Vibrat','obj_grounds'),('ogf_vis',NULL,'Visual Intrusion',NULL,'Vis Int','obj_grounds'),('ol_role_applicant',NULL,'Applicant',3,NULL,'other_lic_role'),('ol_role_lic_holder',NULL,'Licence Holder',2,NULL,'other_lic_role'),('ol_role_tm',NULL,'Transport Manager',1,NULL,'other_lic_role'),('op_cpid_central',NULL,'Central Government',NULL,'1','operator_cpid'),('op_cpid_corporation',NULL,'Public Corporation',NULL,'4','operator_cpid'),('op_cpid_default',NULL,'Default',NULL,'2','operator_cpid'),('op_cpid_local',NULL,'Local Government',NULL,'3','operator_cpid'),('operating-centres',NULL,'Operating centres',7,NULL,'submission_section'),('opp_ack',NULL,'Acknowledged',NULL,'A-Acknwlgd','opposition_status'),('opp_cu_acc',NULL,'Conditions & undertakings accepted',NULL,'D-CoUndAcp','opposition_status'),('opp_cu_prop',NULL,'Conditions & undertakings proposed',NULL,'C-CoUndPsd','opposition_status'),('opp_cu_ref',NULL,'Conditions & undertakings refused',NULL,'E-CoUndWdn','opposition_status'),('opp_pro_rec',NULL,'Proforma received',NULL,'B-ProfRcvd','opposition_status'),('opp_v_nd',NULL,'Not Decided',3,NULL,'opposition_valid'),('opp_v_no',NULL,'No',2,NULL,'opposition_valid'),('opp_v_yes',NULL,'Yes',1,NULL,'opposition_valid'),('oppositions',NULL,'Oppositions',41,NULL,'submission_section'),('org_pt_d',NULL,'Director',2,NULL,'org_person_type'),('org_pt_p',NULL,'Partner',1,NULL,'org_person_type'),('org_pt_st',NULL,'Sole Trader',3,NULL,'org_person_type'),('org_t_ir',NULL,'IRFO Operator',6,'IRFO','org_type'),('org_t_llp',NULL,'Limited Liability Partnership',4,'LLP','org_type'),('org_t_p',NULL,'Partnership',3,'P','org_type'),('org_t_pa',NULL,'Other (e.g. public authority, charity, trust, university)',5,'PA','org_type'),('org_t_rc',NULL,'Limited Company',1,'RC','org_type'),('org_t_st',NULL,'Sole Trader',2,'ST','org_type'),('otf_eob',NULL,'Environmental objection',NULL,NULL,'obj_type'),('otf_obj',NULL,'Objection',NULL,NULL,'obj_type'),('otf_rep',NULL,'Representation',NULL,NULL,'obj_type'),('other-issues',NULL,'Other issues',33,NULL,'submission_section'),('outstanding-applications',NULL,'Outstanding applications',5,NULL,'submission_section'),('pay_s_cn',NULL,'Cancelled',3,NULL,'pay_status'),('pay_s_fail',NULL,'Failed',5,NULL,'pay_status'),('pay_s_leg',NULL,'Legacy',4,NULL,'pay_status'),('pay_s_os',NULL,'Outstanding',1,NULL,'pay_status'),('pay_s_pd',NULL,'Complete',2,NULL,'pay_status'),('pen_erru_imposed_executed_no',NULL,'No',2,NULL,'pen_erru_imposed_executed'),('pen_erru_imposed_executed_un',NULL,'Unknown',3,NULL,'pen_erru_imposed_executed'),('pen_erru_imposed_executed_yes',NULL,'Yes',1,NULL,'pen_erru_imposed_executed'),('penalties',NULL,'ERRU Penalties',31,NULL,'submission_section'),('people',NULL,'People',6,NULL,'submission_section'),('phone_t_fax',NULL,'Fax',2,'Fax','phone_contact_type'),('phone_t_gtn',NULL,'GTN Code',3,NULL,'phone_contact_type'),('phone_t_home',NULL,'Home',4,'Home','phone_contact_type'),('phone_t_mobile',NULL,'Mobile',5,'Mobile','phone_contact_type'),('phone_t_tel',NULL,'Business',1,'Business','phone_contact_type'),('PHOTOCOPY',NULL,'Photocopying fees',NULL,'PHOTOCOPY','fee_type'),('pi_s_reg',NULL,'PI Registered',2,'RegisterPI','pi_status'),('pi_s_schedule',NULL,'PI Scheduled',1,'SchedPI','pi_status'),('pi_t_app_new',NULL,'Application New',NULL,NULL,'pi_type'),('pi_t_app_var',NULL,'Application Variation',NULL,NULL,'pi_type'),('pi_t_bus',NULL,'Bus compliance',NULL,NULL,'pi_type'),('pi_t_disc',NULL,'Regulatory',NULL,NULL,'pi_type'),('pi_t_env_new',NULL,'Environmental New',NULL,NULL,'pi_type'),('pi_t_env_var',NULL,'Environmental Variation',NULL,NULL,'pi_type'),('pi_t_imp',NULL,'Impounding',NULL,NULL,'pi_type'),('pi_t_oc_review',NULL,'OC Review',NULL,NULL,'pi_type'),('pi_t_other',NULL,'Other',NULL,NULL,'pi_type'),('pi_t_sect_19_22',NULL,'Section 19 or 22',NULL,NULL,'pi_type'),('pi_t_tm_inc',NULL,'Transport Manager included',NULL,NULL,'pi_type'),('pi_t_tm_only',NULL,'Transport Manager only - Regulatory',NULL,NULL,'pi_type'),('piwo_decision',NULL,'Written decision',NULL,NULL,'pi_written_outcome'),('piwo_none',NULL,'No written reason or decision',NULL,NULL,'pi_written_outcome'),('piwo_reason',NULL,'Written reason',NULL,NULL,'pi_written_outcome'),('planning-permission',NULL,'Planning permission',36,NULL,'submission_section'),('prev_been_at_pi',NULL,'Named person on licence has been to a PI',5,NULL,'prev_licence_type'),('prev_been_disqualified_tc',NULL,'Named person on licence has been disqualified by a TC',6,NULL,'prev_licence_type'),('prev_been_refused',NULL,'Named person on licence has been refused a licence previously',3,NULL,'prev_licence_type'),('prev_been_revoked',NULL,'Named person on licence has had a previous licence revoked, curtailed or suspended',4,NULL,'prev_licence_type'),('prev_had_licence',NULL,'Named person on licence has been on previous licence',2,NULL,'prev_licence_type'),('prev_has_licence',NULL,'Named person on licence is on a current licence',1,NULL,'prev_licence_type'),('prev_purchased_assets',NULL,'Named person or company has purchased a company with a licence in the last 12 months',7,NULL,'prev_licence_type'),('previous-history',NULL,'Previous history',20,NULL,'submission_section'),('pro_t_d',NULL,'Delayed',5,'D','prohibition_type'),('pro_t_i',NULL,'Immediate',4,'I','prohibition_type'),('pro_t_ro',NULL,'Refusals Only',7,'RO','prohibition_type'),('pro_t_sd',NULL,'Delayed (S)',2,'SD','prohibition_type'),('pro_t_si',NULL,'Immediate (S)',1,'SI','prohibition_type'),('pro_t_sv',NULL,'Variation (S)',3,'SV','prohibition_type'),('pro_t_v',NULL,'Variation',6,'V','prohibition_type'),('pro_t_vr',NULL,'Variation & Refusals Only',8,'VR','prohibition_type'),('prohibition-history',NULL,'Prohibition history',28,NULL,'submission_section'),('psv_freq_2_weekly',NULL,'TWICE WEEKLY',2,'TWICE WEEKLY','irfo_psv_journey_freq'),('psv_freq_daily',NULL,'DAILY',1,'DAILY','irfo_psv_journey_freq'),('psv_freq_fortnight',NULL,'FORTNIGHTLY',4,'FORTNIGHTLY','irfo_psv_journey_freq'),('psv_freq_monthly',NULL,'MONTHLY',5,'MONTHLY','irfo_psv_journey_freq'),('psv_freq_other',NULL,'OTHER',6,'OTHER','irfo_psv_journey_freq'),('psv_freq_weekly',NULL,'WEEKLY',3,'WEEKLY','irfo_psv_journey_freq'),('pub_s_generated',NULL,'Generated',1,'Generated','publication_status'),('pub_s_new',NULL,'New',2,'New','publication_status'),('pub_s_printed',NULL,'Printed',3,'Printed','publication_status'),('que_sts_complete',NULL,'Complete',NULL,NULL,'queue_status'),('que_sts_failed',NULL,'Failed',NULL,NULL,'queue_status'),('que_sts_processing',NULL,'Processing',NULL,NULL,'queue_status'),('que_sts_queued',NULL,'Queued',NULL,NULL,'queue_status'),('que_typ_ch_compare',NULL,'Companies House Compare Data',NULL,NULL,'queue_type'),('que_typ_ch_initial',NULL,'Companies House Initial Data Load',NULL,NULL,'queue_type'),('que_typ_cont_check_rem_gen_let',NULL,'Continuation checklist reminder generate letter',NULL,NULL,'queue_type'),('que_typ_cont_checklist',NULL,'Continuation Checklist',NULL,NULL,'queue_type'),('que_typ_cpid_export_csv',NULL,'Export Organisation by CPID',NULL,NULL,'queue_type'),('que_typ_tm_snapshot',NULL,'Snapshot TM Application',NULL,NULL,'queue_type'),('reg_in_error',NULL,'Registered In Error',NULL,'2','withdrawn_reason'),('registration-details',NULL,'Registration details',26,NULL,'submission_section'),('s4_sts_approved',NULL,'Approved',NULL,NULL,'s4_status'),('s4_sts_cancelled',NULL,'Cancelled',NULL,NULL,'s4_status'),('s4_sts_refused',NULL,'Refused',NULL,NULL,'s4_status'),('site-plans',NULL,'Site plans',35,NULL,'submission_section'),('statement_t_36',NULL,'NI Section 36',3,NULL,'statement_type'),('statement_t_38',NULL,'NI Section 38',4,NULL,'statement_type'),('statement_t_43',NULL,'Section 43',1,NULL,'statement_type'),('statement_t_9',NULL,'Section 9',2,NULL,'statement_type'),('statements',NULL,'Statements',32,NULL,'submission_section'),('stay_s_granted',NULL,'GRANTED',1,'1','stay_status'),('stay_s_refused',NULL,'REFUSED',2,'0','stay_status'),('stay_t_tc',NULL,'Traffic commissioner / Transport Regulator',1,NULL,'stay_type'),('stay_t_ut',NULL,'Upper tribunal',2,NULL,'stay_type'),('sub_st_dec_agree',NULL,'Agree',1,NULL,'sub_st_dec'),('sub_st_dec_disagree',NULL,'Disagree',4,NULL,'sub_st_dec'),('sub_st_dec_further_info',NULL,'Further information required',5,NULL,'sub_st_dec'),('sub_st_dec_part_agree',NULL,'Partially agree',3,NULL,'sub_st_dec'),('sub_st_rec_approve_grace_period','sub_st_rec_cat_licencing','Approve grace period',9,NULL,'sub_st_rec'),('sub_st_rec_approve_late_fee','sub_st_rec_cat_licencing','Approve late fee',20,NULL,'sub_st_rec'),('sub_st_rec_approve_reg_1','sub_st_rec_cat_licencing','Approve regulation 1',18,NULL,'sub_st_rec'),('sub_st_rec_approve_reg_29','sub_st_rec_cat_licencing','Approve regulation 29',14,NULL,'sub_st_rec'),('sub_st_rec_approve_reg_31','sub_st_rec_cat_licencing','Approve regulation 31',12,NULL,'sub_st_rec'),('sub_st_rec_approve_reg_4','sub_st_rec_cat_licencing','Approve regulation 4',16,NULL,'sub_st_rec'),('sub_st_rec_approve_tm','sub_st_rec_cat_licencing','Approve Transport Manager',24,NULL,'sub_st_rec'),('sub_st_rec_br_approve_tro_trc','sub_st_rec_cat_bus_regs','Approve TRO/TRC',104,NULL,'sub_st_rec'),('sub_st_rec_br_grant','sub_st_rec_cat_bus_regs','Bus Reg Grant',102,NULL,'sub_st_rec'),('sub_st_rec_br_grant_sn','sub_st_rec_cat_bus_regs','Bus Reg Grant Short Notice',100,NULL,'sub_st_rec'),('sub_st_rec_br_refuse','sub_st_rec_cat_bus_regs','Bus Reg Refuse',103,NULL,'sub_st_rec'),('sub_st_rec_br_refuse_sn','sub_st_rec_cat_bus_regs','Bus Reg Refuse Short Notice ',101,NULL,'sub_st_rec'),('sub_st_rec_br_refuse_tro_trc','sub_st_rec_cat_bus_regs','Refuse TRO/TRC',105,NULL,'sub_st_rec'),('sub_st_rec_cat_bus_regs',NULL,'Bus Regs',6,NULL,'sub_action_type'),('sub_st_rec_cat_compliance',NULL,'Compliance',3,NULL,'sub_action_type'),('sub_st_rec_cat_compliance_drv',NULL,'Compliance - Drivers',5,NULL,'sub_action_type'),('sub_st_rec_cat_compliance_tm',NULL,'Compliance TM',4,NULL,'sub_action_type'),('sub_st_rec_cat_environmental',NULL,'Environmental',2,NULL,'sub_action_type'),('sub_st_rec_cat_licencing',NULL,'Licensing',1,NULL,'sub_action_type'),('sub_st_rec_complaints_invalid','sub_st_rec_cat_environmental','Complaints invalid',32,NULL,'sub_st_rec'),('sub_st_rec_complaints_valid','sub_st_rec_cat_environmental','Complaints valid',31,NULL,'sub_st_rec'),('sub_st_rec_drv_cth','sub_st_rec_cat_compliance_drv','Call to hearing',91,NULL,'sub_st_rec'),('sub_st_rec_drv_psd','sub_st_rec_cat_compliance_drv','Propose suspension/disqualification',92,NULL,'sub_st_rec'),('sub_st_rec_drv_wl','sub_st_rec_cat_compliance_drv','Warning letter/NFA',90,NULL,'sub_st_rec'),('sub_st_rec_env_obj_invalid','sub_st_rec_cat_environmental','Environmental objection invalid',29,NULL,'sub_st_rec'),('sub_st_rec_env_obj_valid','sub_st_rec_cat_environmental','Environmental objection valid',28,NULL,'sub_st_rec'),('sub_st_rec_grant_as','sub_st_rec_cat_licencing','Grant as applied for',1,NULL,'sub_st_rec'),('sub_st_rec_grant_c_u','sub_st_rec_cat_licencing','Grant with Conditions/Undertakings',4,NULL,'sub_st_rec'),('sub_st_rec_grant_int','sub_st_rec_cat_licencing','Grant Interim',5,NULL,'sub_st_rec'),('sub_st_rec_grant_mod','sub_st_rec_cat_licencing','Grant in modified form',2,NULL,'sub_st_rec'),('sub_st_rec_nfa','sub_st_rec_cat_compliance','NFA',72,NULL,'sub_st_rec'),('sub_st_rec_non_env_obj','sub_st_rec_cat_licencing','Non-Environmental objection',11,NULL,'sub_st_rec'),('sub_st_rec_non_pi','sub_st_rec_cat_compliance','Non PI hearing',75,NULL,'sub_st_rec'),('sub_st_rec_pi','sub_st_rec_cat_compliance','Public inquiry',70,NULL,'sub_st_rec'),('sub_st_rec_ptr','sub_st_rec_cat_compliance','Propose to revoke',74,NULL,'sub_st_rec'),('sub_st_rec_refuse','sub_st_rec_cat_licencing','NFA',3,NULL,'sub_st_rec'),('sub_st_rec_refuse_grace_period','sub_st_rec_cat_licencing','Refuse grace period',10,NULL,'sub_st_rec'),('sub_st_rec_refuse_int','sub_st_rec_cat_licencing','Refuse Interim',6,NULL,'sub_st_rec'),('sub_st_rec_refuse_late_fee','sub_st_rec_cat_licencing','Refuse late fee',21,NULL,'sub_st_rec'),('sub_st_rec_refuse_reg_1','sub_st_rec_cat_licencing','Refuse regulation 1',19,NULL,'sub_st_rec'),('sub_st_rec_refuse_reg_29','sub_st_rec_cat_licencing','Refuse regulation 29',15,NULL,'sub_st_rec'),('sub_st_rec_refuse_reg_31','sub_st_rec_cat_licencing','Refuse regulation 31',13,NULL,'sub_st_rec'),('sub_st_rec_refuse_reg_4','sub_st_rec_cat_licencing','Refuse regulation 4',17,NULL,'sub_st_rec'),('sub_st_rec_refuse_tm','sub_st_rec_cat_licencing','Refuse Transport Manager',25,NULL,'sub_st_rec'),('sub_st_rec_rep_invalid','sub_st_rec_cat_environmental','Representation invalid',27,NULL,'sub_st_rec'),('sub_st_rec_rep_valid','sub_st_rec_cat_environmental','Representation valid',26,NULL,'sub_st_rec'),('sub_st_rec_req_main_inv','sub_st_rec_cat_licencing','Request Maintenance Investigation',22,NULL,'sub_st_rec'),('sub_st_rec_req_more_info','sub_st_rec_cat_licencing','Request further information',23,NULL,'sub_st_rec'),('sub_st_rec_review_lic','sub_st_rec_cat_environmental','Review of licence',30,NULL,'sub_st_rec'),('sub_st_rec_rfi','sub_st_rec_cat_compliance','Request further information',78,NULL,'sub_st_rec'),('sub_st_rec_ri','sub_st_rec_cat_compliance','Request investigation',77,NULL,'sub_st_rec'),('sub_st_rec_rvk','sub_st_rec_cat_compliance','Revoke',76,NULL,'sub_st_rec'),('sub_st_rec_surr_lic','sub_st_rec_cat_licencing','Surrender licence',8,NULL,'sub_st_rec'),('sub_st_rec_terminate_lic','sub_st_rec_cat_licencing','Terminate licence',7,NULL,'sub_st_rec'),('sub_st_rec_tm_non_pi','sub_st_rec_cat_compliance_tm','Non PI hearing',83,NULL,'sub_st_rec'),('sub_st_rec_tm_pi','sub_st_rec_cat_compliance_tm','Public inquiry',80,NULL,'sub_st_rec'),('sub_st_rec_tm_rfc','sub_st_rec_cat_compliance_tm','Repute/Fitness consideration',84,NULL,'sub_st_rec'),('sub_st_rec_tm_uc','sub_st_rec_cat_compliance_tm','Undertakings & conditions',81,NULL,'sub_st_rec'),('sub_st_rec_tm_wl','sub_st_rec_cat_compliance_tm','Warning letter/NFA',82,NULL,'sub_st_rec'),('sub_st_rec_uc','sub_st_rec_cat_compliance','Undertakings & conditions',71,NULL,'sub_st_rec'),('sub_st_rec_wl','sub_st_rec_cat_compliance','Warning letter',73,NULL,'sub_st_rec'),('submission_type_o_bus_reg',NULL,'Bus Registration',9,NULL,'submission_type'),('submission_type_o_clo_fep',NULL,'FEP (Fees)',5,NULL,'submission_type'),('submission_type_o_clo_g',NULL,'CLO (G)',3,NULL,'submission_type'),('submission_type_o_clo_psv',NULL,'CLO (PSV)',4,NULL,'submission_type'),('submission_type_o_env',NULL,'ENV',7,NULL,'submission_type'),('submission_type_o_impounding',NULL,'Impounding',12,NULL,'submission_type'),('submission_type_o_irfo',NULL,'IRFO',8,NULL,'submission_type'),('submission_type_o_mlh_clo',NULL,'MLH CLO',2,NULL,'submission_type'),('submission_type_o_mlh_otc',NULL,'MLH OTC',1,NULL,'submission_type'),('submission_type_o_otc',NULL,'OTC',6,NULL,'submission_type'),('submission_type_o_schedule_41',NULL,'Schedule 4/1',11,NULL,'submission_type'),('submission_type_o_tm',NULL,'TM Only',10,NULL,'submission_type'),('submission_type_t_bus_reg',NULL,'Bus Registration Submission',9,NULL,'submission_type_title'),('submission_type_t_clo_fep',NULL,'Licensing Fees Submission',5,NULL,'submission_type_title'),('submission_type_t_clo_g',NULL,'Licensing (G) Submission',3,NULL,'submission_type_title'),('submission_type_t_clo_psv',NULL,'Licensing (PSV) Submission',4,NULL,'submission_type_title'),('submission_type_t_env',NULL,'ENV Submission',7,NULL,'submission_type_title'),('submission_type_t_impounding',NULL,'Impounding Submission',12,NULL,'submission_type_title'),('submission_type_t_irfo',NULL,'IRFO Submission',8,NULL,'submission_type_title'),('submission_type_t_mlh_clo',NULL,'MLH CLO Submission',2,NULL,'submission_type_title'),('submission_type_t_mlh_otc',NULL,'MLH OTC Submission',1,NULL,'submission_type_title'),('submission_type_t_otc',NULL,'Compliance submission',6,NULL,'submission_type_title'),('submission_type_t_schedule_41',NULL,'Schedule 4/1 Submission',11,NULL,'submission_type_title'),('submission_type_t_tm',NULL,'TM Only Submission',10,NULL,'submission_type_title'),('surrender',NULL,'Surrender',45,NULL,'submission_section'),('tach_external',NULL,'External',NULL,NULL,'tach_ins'),('tach_internal',NULL,'Internal',NULL,NULL,'tach_ins'),('tach_na',NULL,'Not Applicable',NULL,NULL,'tach_ins'),('task_at_complex',NULL,'Allocate based upon licence, org, ta',NULL,NULL,'task_allocation_type'),('task_at_medium',NULL,'Allocate based upon traffic area',NULL,NULL,'task_allocation_type'),('task_at_simple',NULL,'Allocate to a team.',NULL,NULL,'task_allocation_type'),('tc_r_dhtru',NULL,'Deputy Head of Traffic Regulation Unit',NULL,'DHTRU','tc_role'),('tc_r_dtc',NULL,'Deputy Traffic Commissioner',NULL,'DTC','tc_role'),('tc_r_htru',NULL,'Head of Traffic Regulation Unit',NULL,'HTRU','tc_role'),('tc_r_tc',NULL,'Traffic Commissioner',NULL,'TC','tc_role'),('tdt_all',NULL,'All',2,NULL,'task_date_types'),('tdt_today',NULL,'Today',1,NULL,'task_date_types'),('te-reports',NULL,'TE reports',34,NULL,'submission_section'),('title_dr',NULL,'Dr',1,NULL,'person_title'),('title_miss',NULL,'Miss',2,NULL,'person_title'),('title_mr',NULL,'Mr',3,NULL,'person_title'),('title_mrs',NULL,'Mrs',4,NULL,'person_title'),('title_ms',NULL,'Ms',5,NULL,'person_title'),('tm_decision_noa',NULL,'No Further Action',NULL,'NOA','tm_case_decision'),('tm_decision_rl',NULL,'Declare Unfit',NULL,'RL','tm_case_decision'),('tm_decision_rnl',NULL,'Repute Not Lost',NULL,'rnl','tm_case_decision'),('tm_qt_ar',NULL,'AR',5,'AR','tm_qual_type'),('tm_qt_cpcsi',NULL,'CPCSI',1,'CPCSI','tm_qual_type'),('tm_qt_cpcsn',NULL,'CPCSN',3,'CPCSN','tm_qual_type'),('tm_qt_exsi',NULL,'EXSI',7,'EXSI','tm_qual_type'),('tm_qt_exsn',NULL,'EXSN',9,'EXSN','tm_qual_type'),('tm_qt_niar',NULL,'NIAR',6,'NIAR','tm_qual_type'),('tm_qt_nicpcsi',NULL,'NICPCSI',2,'NICPCSI','tm_qual_type'),('tm_qt_nicpcsn',NULL,'NICPCSN',4,'NICPCSN','tm_qual_type'),('tm_qt_niexsi',NULL,'NIEXSI',8,'NIEXSI','tm_qual_type'),('tm_qt_niexsn',NULL,'NIEXSN',10,'NIEXSN','tm_qual_type'),('tm_rehab_adc',NULL,'Additional Conditions On Licence',NULL,'ADC','tm_case_rehab'),('tm_rehab_adt',NULL,'Additional Training',NULL,'ADT','tm_case_rehab'),('tm_rehab_oth',NULL,'Other',NULL,'OTH','tm_case_rehab'),('tm_rehab_rlc',NULL,'Relicensing',NULL,'RLC','tm_case_rehab'),('tm_rehab_rpt',NULL,'Repeat Training',NULL,'RPT','tm_case_rehab'),('tm_s_cur',NULL,'Current',NULL,'C','tm_status'),('tm_s_dis',NULL,'Disqualified',NULL,'D','tm_status'),('tm_st_act',NULL,'Active',NULL,NULL,'tm_status'),('tm_st_disa',NULL,'Disabled',NULL,NULL,'tm_status'),('tm_t_b',NULL,'Both',NULL,'B','tm_type'),('tm_t_e',NULL,'External',NULL,'E','tm_type'),('tm_t_i',NULL,'Internal',NULL,'I','tm_type'),('tm_unfit_inc',NULL,'Infringement Of Community Rules',NULL,'INC','tm_unfit_reason'),('tm_unfit_inn',NULL,'Infringement Of National Rules',NULL,'INN','tm_unfit_reason'),('tm-details',NULL,'Transport Manager details',47,NULL,'submission_section'),('tm-other-employment',NULL,'Other employment',50,NULL,'submission_section'),('tm-previous-history',NULL,'Previous history',51,NULL,'submission_section'),('tm-qualifications',NULL,'Qualifications',48,NULL,'submission_section'),('tm-responsibilities',NULL,'Responsibilities',49,NULL,'submission_section'),('tmap_st_awaiting_signature',NULL,'Awaiting signature',3,NULL,'tmap_status'),('tmap_st_incomplete',NULL,'Incomplete',2,NULL,'tmap_status'),('tmap_st_operator_signed',NULL,'Operator signed',5,NULL,'tmap_status'),('tmap_st_postal_application',NULL,'Postal application',1,NULL,'tmap_status'),('tmap_st_received',NULL,'Received',6,NULL,'tmap_status'),('tmap_st_tm_signed',NULL,'Transport Manager signed',4,NULL,'tmap_status'),('total-bus-registrations',NULL,'Total bus registrations',23,NULL,'submission_section'),('transport-authority-comments',NULL,'Transport authority comments',22,NULL,'submission_section'),('transport-managers',NULL,'Transport managers',17,NULL,'submission_section'),('trt_bounce',NULL,'Bounced cheque',3,NULL,'transaction_type'),('trt_chargeback',NULL,'Chargeback',4,NULL,'transaction_type'),('trt_other',NULL,'Other reversal',6,NULL,'transaction_type'),('trt_payment',NULL,'Payment',1,NULL,'transaction_type'),('trt_refund',NULL,'Refund',5,NULL,'transaction_type'),('trt_waive',NULL,'Waive',2,NULL,'transaction_type'),('tst_all',NULL,'All',3,NULL,'task_status_types'),('tst_closed',NULL,'Closed',2,NULL,'task_status_types'),('tst_open',NULL,'Open',1,NULL,'task_status_types'),('VAR',NULL,'Variation fees',NULL,'VAR','fee_type'),('VEH',NULL,'Vehicle fees',NULL,'VEH','fee_type'),('vhl_t_a',NULL,'Small',NULL,'A','vhl_type'),('vhl_t_b',NULL,'Medium',NULL,'B','vhl_type'),('vhl_t_c',NULL,'Large',NULL,'C','vhl_type'),('visibility-access-egress-size',NULL,'Visibility / access egress size',38,NULL,'submission_section'),('waive-fee-late-fee',NULL,'Waive fee / Late fee',44,NULL,'submission_section'),('withdrawn',NULL,'Withdrawn',NULL,'1','withdrawn_reason');
/*!40000 ALTER TABLE `ref_data` ENABLE KEYS */;
UNLOCK TABLES;

--
-- Dumping data for table `role`
--

LOCK TABLES `role` WRITE;
/*!40000 ALTER TABLE `role` DISABLE KEYS */;
INSERT INTO `role` (`id`, `created_by`, `last_modified_by`, `code`, `created_on`, `description`, `last_modified_on`, `role`, `version`) VALUES (1,NULL,NULL,'',NULL,'Internal - Limited read only',NULL,'internal-limited-read-only',1),(2,NULL,NULL,'',NULL,'Internal - Read only',NULL,'internal-read-only',1),(3,NULL,NULL,'',NULL,'Internal - Case worker',NULL,'internal-case-worker',1),(4,NULL,NULL,'',NULL,'Internal - Admin',NULL,'internal-admin',1),(5,NULL,NULL,'',NULL,'Operator - Admin',NULL,'operator-admin',1),(6,NULL,NULL,'',NULL,'Operator - User',NULL,'operator-user',1),(7,NULL,NULL,'',NULL,'Operator - Transport Manager',NULL,'operator-tm',1),(8,NULL,NULL,'',NULL,'Operator - EBSR',NULL,'operator-ebsr',1),(9,NULL,NULL,'',NULL,'Partner - Admin',NULL,'partner-admin',1),(10,NULL,NULL,'',NULL,'Partner - User',NULL,'partner-user',1),(11,NULL,NULL,'',NULL,'Local Authority administrator',NULL,'local-authority-admin',1),(12,NULL,NULL,'',NULL,'Local Authority user',NULL,'local-authority-user',1);
/*!40000 ALTER TABLE `role` ENABLE KEYS */;
UNLOCK TABLES;

--
-- Dumping data for table `role_permission`
--

LOCK TABLES `role_permission` WRITE;
/*!40000 ALTER TABLE `role_permission` DISABLE KEYS */;
INSERT INTO `role_permission` (`id`, `created_by`, `last_modified_by`, `permission_id`, `role_id`, `created_on`, `last_modified_on`, `version`) VALUES (1,NULL,NULL,16,1,NULL,NULL,1),(2,NULL,NULL,17,2,NULL,NULL,1),(3,NULL,NULL,18,3,NULL,NULL,1),(4,NULL,NULL,20,5,NULL,NULL,1),(5,NULL,NULL,21,6,NULL,NULL,1),(6,NULL,NULL,22,7,NULL,NULL,1),(7,NULL,NULL,23,8,NULL,NULL,1),(8,NULL,NULL,24,9,NULL,NULL,1),(9,NULL,NULL,25,10,NULL,NULL,1),(10,NULL,NULL,26,11,NULL,NULL,1),(11,NULL,NULL,27,12,NULL,NULL,1),(12,NULL,NULL,7,1,NULL,NULL,1),(13,NULL,NULL,7,2,NULL,NULL,1),(14,NULL,NULL,7,3,NULL,NULL,1),(15,NULL,NULL,7,4,NULL,NULL,1),(16,NULL,NULL,6,1,NULL,NULL,1),(17,NULL,NULL,6,2,NULL,NULL,1),(18,NULL,NULL,6,3,NULL,NULL,1),(19,NULL,NULL,6,4,NULL,NULL,1),(20,NULL,NULL,2,2,NULL,NULL,1),(21,NULL,NULL,3,2,NULL,NULL,1),(22,NULL,NULL,4,2,NULL,NULL,1),(23,NULL,NULL,2,3,NULL,NULL,1),(24,NULL,NULL,3,3,NULL,NULL,1),(25,NULL,NULL,4,3,NULL,NULL,1),(26,NULL,NULL,5,3,NULL,NULL,1),(27,NULL,NULL,2,4,NULL,NULL,1),(28,NULL,NULL,3,4,NULL,NULL,1),(29,NULL,NULL,4,4,NULL,NULL,1),(30,NULL,NULL,5,4,NULL,NULL,1),(31,NULL,NULL,1,4,NULL,NULL,1),(32,NULL,NULL,8,5,NULL,NULL,1),(33,NULL,NULL,8,6,NULL,NULL,1),(34,NULL,NULL,8,7,NULL,NULL,1),(35,NULL,NULL,8,8,NULL,NULL,1),(36,NULL,NULL,8,9,NULL,NULL,1),(37,NULL,NULL,8,10,NULL,NULL,1),(38,NULL,NULL,8,11,NULL,NULL,1),(39,NULL,NULL,8,12,NULL,NULL,1),(40,NULL,NULL,11,5,NULL,NULL,1),(41,NULL,NULL,11,6,NULL,NULL,1),(42,NULL,NULL,12,5,NULL,NULL,1),(43,NULL,NULL,13,5,NULL,NULL,1),(44,NULL,NULL,13,6,NULL,NULL,1),(45,NULL,NULL,13,7,NULL,NULL,1),(46,NULL,NULL,9,8,NULL,NULL,1),(47,NULL,NULL,9,5,NULL,NULL,1),(48,NULL,NULL,9,6,NULL,NULL,1),(49,NULL,NULL,9,11,NULL,NULL,1),(50,NULL,NULL,9,12,NULL,NULL,1),(51,NULL,NULL,10,5,NULL,NULL,1),(52,NULL,NULL,10,6,NULL,NULL,1),(53,NULL,NULL,10,8,NULL,NULL,1),(54,NULL,NULL,10,11,NULL,NULL,1),(55,NULL,NULL,10,12,NULL,NULL,1),(56,NULL,NULL,14,7,NULL,NULL,1),(57,NULL,NULL,28,3,NULL,NULL,1),(58,NULL,NULL,28,4,NULL,NULL,1),(59,NULL,NULL,28,5,NULL,NULL,1),(60,NULL,NULL,28,6,NULL,NULL,1),(61,NULL,NULL,29,8,NULL,NULL,1),(62,NULL,NULL,29,11,NULL,NULL,1),(63,NULL,NULL,29,12,NULL,NULL,1),(64,NULL,NULL,30,9,NULL,NULL,1),(65,NULL,NULL,31,9,NULL,NULL,1),(66,NULL,NULL,32,9,NULL,NULL,1),(67,NULL,NULL,30,10,NULL,NULL,1),(68,NULL,NULL,31,10,NULL,NULL,1),(69,NULL,NULL,32,10,NULL,NULL,1),(70,NULL,NULL,33,5,NULL,NULL,1),(71,NULL,NULL,33,6,NULL,NULL,1),(72,NULL,NULL,33,7,NULL,NULL,1),(73,NULL,NULL,34,5,NULL,NULL,1),(74,NULL,NULL,34,9,NULL,NULL,1),(75,NULL,NULL,34,11,NULL,NULL,1),(76,NULL,NULL,35,3,NULL,NULL,1),(77,NULL,NULL,35,4,NULL,NULL,1);
/*!40000 ALTER TABLE `role_permission` ENABLE KEYS */;
UNLOCK TABLES;

--
-- Dumping data for table `s4`
--

LOCK TABLES `s4` WRITE;
/*!40000 ALTER TABLE `s4` DISABLE KEYS */;
/*!40000 ALTER TABLE `s4` ENABLE KEYS */;
UNLOCK TABLES;

--
-- Dumping data for table `scan`
--

LOCK TABLES `scan` WRITE;
/*!40000 ALTER TABLE `scan` DISABLE KEYS */;
/*!40000 ALTER TABLE `scan` ENABLE KEYS */;
UNLOCK TABLES;

--
-- Dumping data for table `serious_infringement`
--

LOCK TABLES `serious_infringement` WRITE;
/*!40000 ALTER TABLE `serious_infringement` DISABLE KEYS */;
INSERT INTO `serious_infringement` (`id`, `case_id`, `created_by`, `erru_response_user_id`, `last_modified_by`, `member_state_code`, `si_category_id`, `si_category_type_id`, `check_date`, `created_on`, `deleted_date`, `erru_response_sent`, `erru_response_time`, `infringement_date`, `last_modified_on`, `notification_number`, `olbs_key`, `olbs_type`, `reason`, `version`, `workflow_id`) VALUES (1,29,1,1,1,'PL','MSI','101','2014-04-04','2014-05-04 17:50:06',NULL,0,NULL,'2014-04-05','2014-05-04 17:50:06','12345',NULL,NULL,NULL,1,'A3CCBDB1-6C8B-4741-847B-4C6B80AA8608'),(2,24,1,1,1,'PL','MSI','101','2014-04-04','2014-05-04 17:50:06',NULL,0,NULL,'2014-04-05','2014-05-04 17:50:06','678910',NULL,NULL,NULL,1,'FB4F5CE2-4D38-4AB8-8185-03947C939393');
/*!40000 ALTER TABLE `serious_infringement` ENABLE KEYS */;
UNLOCK TABLES;

--
-- Dumping data for table `si_category`
--

LOCK TABLES `si_category` WRITE;
/*!40000 ALTER TABLE `si_category` DISABLE KEYS */;
INSERT INTO `si_category` (`id`, `created_by`, `last_modified_by`, `created_on`, `deleted_date`, `description`, `last_modified_on`, `version`) VALUES ('MSI',1,1,'2011-11-04 17:50:06',NULL,'MSI','2011-11-04 17:50:06',1);
/*!40000 ALTER TABLE `si_category` ENABLE KEYS */;
UNLOCK TABLES;

--
-- Dumping data for table `si_category_type`
--

LOCK TABLES `si_category_type` WRITE;
/*!40000 ALTER TABLE `si_category_type` DISABLE KEYS */;
INSERT INTO `si_category_type` (`id`, `created_by`, `last_modified_by`, `si_category_id`, `created_on`, `deleted_date`, `description`, `last_modified_on`, `version`) VALUES ('101',1,1,'MSI','2011-11-04 17:50:06',NULL,'Exceeding the maximum six-day or fortnightly driving time limits by margins of 25 % or more','2011-11-04 17:50:06',1),('102',1,1,'MSI','2011-11-04 17:50:06',NULL,'Exceeding, during a daily working period, the maximum daily driving time limit by a margin of 50 % or more without taking a break or without an uninterrupted rest period of at least 4,5 hours','2011-11-04 17:50:06',1),('201',1,1,'MSI','2011-11-04 17:50:06',NULL,'Not having a tachograph although required by Community law','2011-11-04 17:50:06',1),('202',1,1,'MSI','2011-11-04 17:50:06',NULL,'Using a fraudulent device able to modify the records of the recording equipment','2011-11-04 17:50:06',1),('203',1,1,'MSI','2011-11-04 17:50:06',NULL,'Not having a speed limiter although required by Community law','2011-11-04 17:50:06',1),('204',1,1,'MSI','2011-11-04 17:50:06',NULL,'Using a fraudulent device able to modify the speed limiter','2011-11-04 17:50:06',1),('205',1,1,'MSI','2011-11-04 17:50:06',NULL,'Falsifying record sheets of the tachograph','2011-11-04 17:50:06',1),('206',1,1,'MSI','2011-11-04 17:50:06',NULL,'Falsifying data downloaded from the tachograph and/or the driver card','2011-11-04 17:50:06',1),('301',1,1,'MSI','2011-11-04 17:50:06',NULL,'Driving without a valid roadworthiness certificate if such a document is required under Community law','2011-11-04 17:50:06',1),('302',1,1,'MSI','2011-11-04 17:50:06',NULL,'Driving with a very serious deficiency of, inter alia, the braking system, the steering linkages, the wheels/tyres, the suspension or chassis that would create such an immediate risk to road safety that it leads to a decision to immobilise the vehicle','2011-11-04 17:50:06',1),('401',1,1,'MSI','2011-11-04 17:50:06',NULL,'Transporting dangerous goods that are prohibited for transport','2011-11-04 17:50:06',1),('402',1,1,'MSI','2011-11-04 17:50:06',NULL,'Transporting dangerous goods in a prohibited or non-approved means of containment, thus endangering lives or the environment to such extent that it leads to a decision to immobilise the vehicle','2011-11-04 17:50:06',1),('403',1,1,'MSI','2011-11-04 17:50:06',NULL,'Transporting dangerous goods without identifying them on the vehicle as dangerous goods, thus endangering lives or the environment to such extent that it leads to a decision to immobilise the vehicle','2011-11-04 17:50:06',1),('501',1,1,'MSI','2011-11-04 17:50:06',NULL,'Carrying passengers without holding a valid driving licence','2011-11-04 17:50:06',1),('502',1,1,'MSI','2011-11-04 17:50:06',NULL,'Carrying goods without holding a valid driving licence','2011-11-04 17:50:06',1),('503',1,1,'MSI','2011-11-04 17:50:06',NULL,'Carrying passengers by an undertaking not holding a valid Community licence','2011-11-04 17:50:06',1),('504',1,1,'MSI','2011-11-04 17:50:06',NULL,'Carrying goods by an undertaking not holding a valid Community licence','2011-11-04 17:50:06',1),('601',1,1,'MSI','2011-11-04 17:50:06',NULL,'Driving with a driver card that has been falsified','2011-11-04 17:50:06',1),('602',1,1,'MSI','2011-11-04 17:50:06',NULL,'Driving with a driver card of which the driver is not the holder','2011-11-04 17:50:06',1),('603',1,1,'MSI','2011-11-04 17:50:06',NULL,'Driving with a driver card which has been obtained on the basis of false declarations and/or forged documents','2011-11-04 17:50:06',1),('701',1,1,'MSI','2011-11-04 17:50:06',NULL,'Carrying goods exceeding the maximum permissible laden mass by 20 % or more for vehicles the permissible laden weight of which exceeds 12 tonnes','2011-11-04 17:50:06',1),('702',1,1,'MSI','2011-11-04 17:50:06',NULL,'Carrying goods exceeding the maximum permissible laden mass by 25 % or more for vehicles the permissible laden weight of which does not exceed 12 tonnes','2011-11-04 17:50:06',1);
/*!40000 ALTER TABLE `si_category_type` ENABLE KEYS */;
UNLOCK TABLES;

--
-- Dumping data for table `si_penalty`
--

LOCK TABLES `si_penalty` WRITE;
/*!40000 ALTER TABLE `si_penalty` DISABLE KEYS */;
INSERT INTO `si_penalty` (`id`, `created_by`, `last_modified_by`, `serious_infringement_id`, `si_penalty_type_id`, `created_on`, `deleted_date`, `end_date`, `imposed`, `last_modified_on`, `olbs_key`, `reason_not_imposed`, `start_date`, `version`) VALUES (1,1,1,1,'101','2014-05-21 12:22:09',NULL,'2015-01-31',1,'2014-05-21 12:22:09',NULL,NULL,'2014-06-01',1),(2,1,1,1,'306','2014-05-21 12:22:09',NULL,NULL,0,'2014-05-21 12:22:09',NULL,'Reason the penalty was not imposed',NULL,1),(3,1,1,2,'306','2014-05-21 12:22:09',NULL,NULL,0,'2014-05-21 12:22:09',NULL,'Reason the penalty was not imposed',NULL,1),(4,1,1,2,'101','2014-05-21 12:22:09',NULL,'2015-01-31',1,'2014-05-21 12:22:09',NULL,'','2014-05-01',1),(5,1,1,2,'102','2014-05-21 12:22:09',NULL,'2015-04-30',1,'2014-05-21 12:22:09',NULL,'','2014-04-01',1),(6,1,1,2,'301','2014-05-21 12:22:09',NULL,'2015-03-31',1,'2014-05-21 12:22:09',NULL,'','2014-03-01',1),(7,1,1,2,'302','2014-05-21 12:22:09',NULL,'2015-02-28',1,'2014-05-21 12:22:09',NULL,'','2014-02-01',1),(8,1,1,2,'303','2014-05-21 12:22:09',NULL,'2015-01-31',1,'2014-05-21 12:22:09',NULL,'','2014-01-01',1),(9,1,1,2,'304','2014-05-21 12:22:09',NULL,'2014-12-31',1,'2014-05-21 12:22:09',NULL,'','2013-12-01',1),(10,1,1,2,'305','2014-05-21 12:22:09',NULL,'2014-11-30',1,'2014-05-21 12:22:09',NULL,'','2013-11-01',1),(11,1,1,2,'306','2014-05-21 12:22:09',NULL,'2014-10-31',1,'2014-05-21 12:22:09',NULL,'','2013-10-01',1),(12,1,1,2,'307','2014-05-21 12:22:09',NULL,'2014-09-30',1,'2014-05-21 12:22:09',NULL,'','2013-09-01',1);
/*!40000 ALTER TABLE `si_penalty` ENABLE KEYS */;
UNLOCK TABLES;

--
-- Dumping data for table `si_penalty_erru_imposed`
--

LOCK TABLES `si_penalty_erru_imposed` WRITE;
/*!40000 ALTER TABLE `si_penalty_erru_imposed` DISABLE KEYS */;
INSERT INTO `si_penalty_erru_imposed` (`id`, `created_by`, `executed`, `last_modified_by`, `serious_infringement_id`, `si_penalty_imposed_type_id`, `created_on`, `deleted_date`, `end_date`, `final_decision_date`, `last_modified_on`, `olbs_key`, `start_date`, `version`) VALUES (1,1,'pen_erru_imposed_executed_yes',1,1,'204','2014-05-21 12:22:09',NULL,'2015-12-01','2014-10-02','2014-05-21 12:22:09',NULL,'2014-11-01',1),(2,1,'pen_erru_imposed_executed_no',1,1,'202','2014-05-21 12:22:09',NULL,'2015-12-01','2014-10-02','2014-05-21 12:22:09',NULL,'2014-11-01',1),(3,1,'pen_erru_imposed_executed_un',1,1,'201','2014-05-21 12:22:09',NULL,'2015-12-01','2014-10-02','2014-05-21 12:22:09',NULL,'2014-11-01',1);
/*!40000 ALTER TABLE `si_penalty_erru_imposed` ENABLE KEYS */;
UNLOCK TABLES;

--
-- Dumping data for table `si_penalty_erru_requested`
--

LOCK TABLES `si_penalty_erru_requested` WRITE;
/*!40000 ALTER TABLE `si_penalty_erru_requested` DISABLE KEYS */;
INSERT INTO `si_penalty_erru_requested` (`id`, `created_by`, `last_modified_by`, `serious_infringement_id`, `si_penalty_requested_type_id`, `created_on`, `deleted_date`, `duration`, `last_modified_on`, `olbs_key`, `version`) VALUES (1,1,1,1,'305','2014-05-21 12:22:09',NULL,12,'2014-05-21 12:22:09',NULL,1),(2,1,1,1,'302','2014-05-21 12:22:09',NULL,36,'2014-05-21 12:22:09',NULL,1),(3,1,1,1,'303','2014-05-21 12:22:09',NULL,60,'2014-05-21 12:22:09',NULL,1);
/*!40000 ALTER TABLE `si_penalty_erru_requested` ENABLE KEYS */;
UNLOCK TABLES;

--
-- Dumping data for table `si_penalty_imposed_type`
--

LOCK TABLES `si_penalty_imposed_type` WRITE;
/*!40000 ALTER TABLE `si_penalty_imposed_type` DISABLE KEYS */;
INSERT INTO `si_penalty_imposed_type` (`id`, `created_by`, `last_modified_by`, `created_on`, `deleted_date`, `description`, `last_modified_on`, `version`) VALUES ('101',1,1,'2013-03-22 17:30:05',NULL,'Warning','2013-03-22 17:30:05',1),('102',1,1,'2013-03-22 17:30:05',NULL,'Other','2013-03-22 17:30:05',1),('201',1,1,'2013-03-22 17:30:05',NULL,'Temporary ban on cabotage operations','2013-03-22 17:30:05',1),('202',1,1,'2013-03-22 17:30:05',NULL,'Fine','2013-03-22 17:30:05',1),('203',1,1,'2013-03-22 17:30:05',NULL,'Prohibition','2013-03-22 17:30:05',1),('204',1,1,'2013-03-22 17:30:05',NULL,'Immobilisation','2013-03-22 17:30:05',1);
/*!40000 ALTER TABLE `si_penalty_imposed_type` ENABLE KEYS */;
UNLOCK TABLES;

--
-- Dumping data for table `si_penalty_requested_type`
--

LOCK TABLES `si_penalty_requested_type` WRITE;
/*!40000 ALTER TABLE `si_penalty_requested_type` DISABLE KEYS */;
INSERT INTO `si_penalty_requested_type` (`id`, `created_by`, `last_modified_by`, `created_on`, `deleted_date`, `description`, `last_modified_on`, `version`) VALUES ('101',1,1,'2013-03-22 17:30:05',NULL,'Warning','2013-03-22 17:30:05',1),('301',1,1,'2013-03-22 17:30:05',NULL,'Temporary withdrawl of some or all of the certified true copies of the Community licence','2013-03-22 17:30:05',1),('302',1,1,'2013-03-22 17:30:05',NULL,'Permanent withdrawl of some or all of the certified true copies of the Community licence','2013-03-22 17:30:05',1),('303',1,1,'2013-03-22 17:30:05',NULL,'Temporary withdrawl of the Community licence','2013-03-22 17:30:05',1),('304',1,1,'2013-03-22 17:30:05',NULL,'Permanent withdrawl of the Community licence','2013-03-22 17:30:05',1),('305',1,1,'2013-03-22 17:30:05',NULL,'Suspension of the issue of driver attestations','2013-03-22 17:30:05',1),('306',1,1,'2013-03-22 17:30:05',NULL,'Withdrawl of driver attestations ','2013-03-22 17:30:05',1),('307',1,1,'2013-03-22 17:30:05',NULL,'Issue of driver attestations subject to additional conditions in order to prevent misuse','2013-03-22 17:30:05',1);
/*!40000 ALTER TABLE `si_penalty_requested_type` ENABLE KEYS */;
UNLOCK TABLES;

--
-- Dumping data for table `si_penalty_type`
--

LOCK TABLES `si_penalty_type` WRITE;
/*!40000 ALTER TABLE `si_penalty_type` DISABLE KEYS */;
INSERT INTO `si_penalty_type` (`id`, `created_by`, `last_modified_by`, `created_on`, `deleted_date`, `description`, `last_modified_on`, `version`) VALUES ('101',1,1,'2013-03-22 17:30:05',NULL,'Warning','2013-03-22 17:30:05',1),('102',1,1,'2013-03-22 17:30:05',NULL,'Other','2013-03-22 17:30:05',1),('301',1,1,'2013-03-22 17:30:05',NULL,'Temporary withdrawal of some or all of the certified true copies of the Community licence','2013-03-22 17:30:05',1),('302',1,1,'2013-03-22 17:30:05',NULL,'Permanent withdrawal of some or all of the certified true copies of the Community licence','2013-03-22 17:30:05',1),('303',1,1,'2013-03-22 17:30:05',NULL,'Temporary withdrawal of the Community licence','2013-03-22 17:30:05',1),('304',1,1,'2013-03-22 17:30:05',NULL,'Permanent withdrawal of the Community licence','2013-03-22 17:30:05',1),('305',1,1,'2013-03-22 17:30:05',NULL,'Suspension of the issue of driver attestations','2013-03-22 17:30:05',1),('306',1,1,'2013-03-22 17:30:05',NULL,'Withdrawal of driver attestations ','2013-03-22 17:30:05',1),('307',1,1,'2013-03-22 17:30:05',NULL,'Issue of driver attestations subject to additional conditions in order to prevent misuse','2013-03-22 17:30:05',1);
/*!40000 ALTER TABLE `si_penalty_type` ENABLE KEYS */;
UNLOCK TABLES;

--
-- Dumping data for table `sla`
--

LOCK TABLES `sla` WRITE;
/*!40000 ALTER TABLE `sla` DISABLE KEYS */;
INSERT INTO `sla` (`id`, `category`, `compare_to`, `days`, `effective_from`, `effective_to`, `field`, `public_holiday`, `weekend`) VALUES (1,'pi','hearingDate',-35,'1900-01-01',NULL,'callUpLetterDate',0,0),(2,'pi','hearingDate',-14,'1900-01-01',NULL,'briefToTcDate',0,0),(3,'pi','hearingDate',5,'1900-01-01',NULL,'decisionLetterSentDate',1,1),(4,'pi','hearingDate',20,'1900-01-01',NULL,'tcWrittenDecisionDate',1,1),(5,'pi','hearingDate',5,'1900-01-01',NULL,'tcWrittenReasonDate',1,1),(6,'pi','tcWrittenReasonDate',5,'1900-01-01',NULL,'writtenReasonLetterDate',1,1),(7,'pi','hearingDate',2,'1900-01-01',NULL,'decSentAfterWrittenDecDate',1,1),(8,'pi_hearing','agreedDate',60,'1900-01-01',NULL,'hearingDate',1,1);
/*!40000 ALTER TABLE `sla` ENABLE KEYS */;
UNLOCK TABLES;

--
-- Dumping data for table `statement`
--

LOCK TABLES `statement` WRITE;
/*!40000 ALTER TABLE `statement` DISABLE KEYS */;
INSERT INTO `statement` (`id`, `case_id`, `contact_type`, `created_by`, `last_modified_by`, `licence_type`, `requestors_contact_details_id`, `statement_type`, `authorisers_decision`, `created_on`, `issued_date`, `last_modified_on`, `licence_no`, `olbs_key`, `requested_date`, `requestors_body`, `stopped_date`, `version`, `vrm`) VALUES (1,24,'cm_letter',1,1,NULL,120,'statement_t_43','Authorisers decision 1','2013-01-01 00:00:00','2014-01-08 00:00:00','2013-01-02 00:00:00',NULL,NULL,'2014-01-01 00:00:00','Requestors body 1','2014-05-01 00:00:00',1,'VRM 1'),(2,24,'cm_fax',1,1,NULL,121,'statement_t_9','Authorisers decision 2','2013-01-02 00:00:00','2014-01-09 00:00:00','2013-01-03 00:00:00',NULL,NULL,'2014-02-02 00:00:00','Requestors body 2','2014-06-02 00:00:00',1,'VRM 2'),(3,24,'cm_email',1,1,NULL,122,'statement_t_36','Authorisers decision 3','2013-01-03 00:00:00','2014-01-10 00:00:00','2013-01-04 00:00:00',NULL,NULL,'2014-03-03 00:00:00','Requestors body 3','2014-07-03 00:00:00',1,'VRM 3'),(4,24,'cm_tel',1,1,NULL,123,'statement_t_38','Authorisers decision 4','2013-01-04 00:00:00','2014-01-11 00:00:00','2013-01-05 00:00:00',NULL,NULL,'2014-04-04 00:00:00','Requestors body 4','2014-08-04 00:00:00',1,'VRM 4');
/*!40000 ALTER TABLE `statement` ENABLE KEYS */;
UNLOCK TABLES;

--
-- Dumping data for table `stay`
--

LOCK TABLES `stay` WRITE;
/*!40000 ALTER TABLE `stay` DISABLE KEYS */;
/*!40000 ALTER TABLE `stay` ENABLE KEYS */;
UNLOCK TABLES;

--
-- Dumping data for table `sub_category`
--

LOCK TABLES `sub_category` WRITE;
/*!40000 ALTER TABLE `sub_category` DISABLE KEYS */;
INSERT INTO `sub_category` (`id`, `category_id`, `created_by`, `last_modified_by`, `created_on`, `is_doc`, `is_free_text`, `is_scan`, `is_task`, `last_modified_on`, `sub_category_name`, `version`) VALUES (2,9,NULL,NULL,NULL,1,0,1,1,NULL,'Address Change Assisted Digital',1),(3,9,NULL,NULL,NULL,1,0,0,1,NULL,'Address Change Digital',1),(4,9,NULL,NULL,NULL,1,0,1,1,NULL,'Advert Assisted Digital',1),(5,9,NULL,NULL,NULL,1,0,0,1,NULL,'Advert Digital',1),(6,9,NULL,NULL,NULL,1,0,1,1,NULL,'Partner Change Assisted Digital',1),(7,9,NULL,NULL,NULL,1,0,0,1,NULL,'Partner Change Digital',1),(8,9,NULL,NULL,NULL,1,0,1,1,NULL,'CPC or Exemption',1),(9,9,NULL,NULL,NULL,1,0,1,1,NULL,'Director Change Assisted Digital',1),(10,9,NULL,NULL,NULL,1,0,0,1,NULL,'Director Change Digital',1),(11,9,NULL,NULL,NULL,0,0,0,1,NULL,'Fee Due',1),(12,9,NULL,NULL,NULL,1,0,1,1,NULL,'Financial Evidence Assisted Digital',1),(13,9,NULL,NULL,NULL,1,1,0,1,NULL,'Financial Evidence Digital',1),(14,9,NULL,NULL,NULL,1,0,1,1,NULL,'Forms Assisted Digital',1),(15,9,NULL,NULL,NULL,1,0,0,1,NULL,'Forms Digital',1),(16,9,NULL,NULL,NULL,0,0,0,1,NULL,'Interim',1),(17,9,NULL,NULL,NULL,1,0,1,1,NULL,'Interim Application Assisted Digital',1),(18,9,NULL,NULL,NULL,0,0,0,1,NULL,'Interim Application Digital',1),(19,9,NULL,NULL,NULL,1,0,1,1,NULL,'Maint Contract Assisted Digital',1),(20,9,NULL,NULL,NULL,1,0,0,1,NULL,'Maint Contract Digital',1),(21,9,NULL,NULL,NULL,1,1,1,1,NULL,'Other Documents',1),(22,9,NULL,NULL,NULL,0,1,0,1,NULL,'Response to 1st Request',1),(23,9,NULL,NULL,NULL,0,1,0,1,NULL,'Response to Final Request',1),(24,9,NULL,NULL,NULL,1,0,1,1,NULL,'Subsidiary Assisted Digital',1),(25,9,NULL,NULL,NULL,1,0,0,1,NULL,'Subsidiary Digital',1),(26,9,NULL,NULL,NULL,1,0,1,1,NULL,'Schedule 4/1',1),(27,9,NULL,NULL,NULL,1,0,1,1,NULL,'TM1 Assisted Digital',1),(28,9,NULL,NULL,NULL,1,0,0,1,NULL,'TM1 Digital',1),(29,9,NULL,NULL,NULL,1,0,1,1,NULL,'TM Correspondence',1),(30,9,NULL,NULL,NULL,0,0,0,1,NULL,'Time Expired',1),(31,9,NULL,NULL,NULL,1,0,0,0,NULL,'Application Letters',1),(32,9,NULL,NULL,NULL,1,0,0,0,NULL,'Refunds',1),(33,9,NULL,NULL,NULL,1,0,1,1,NULL,'Reports',1),(34,9,NULL,NULL,NULL,1,0,0,0,NULL,'Vehicle List',1),(35,3,NULL,NULL,NULL,1,0,1,1,NULL,'Assisted Digital',1),(36,3,NULL,NULL,NULL,0,0,0,1,NULL,'EBSR',1),(37,3,NULL,NULL,NULL,0,0,0,1,NULL,'Fee Due',1),(38,3,NULL,NULL,NULL,1,0,0,0,NULL,'Fee Request',1),(39,3,NULL,NULL,NULL,0,1,0,1,NULL,'General Task',1),(40,3,NULL,NULL,NULL,1,0,1,1,NULL,'Other Documents',1),(41,3,NULL,NULL,NULL,1,0,1,1,NULL,'Traffic Regulation Condition Letter',1),(42,2,NULL,NULL,NULL,1,0,1,1,NULL,'Bus Complaint',1),(43,2,NULL,NULL,NULL,1,0,0,0,NULL,'Bus Registration Letter',1),(44,2,NULL,NULL,NULL,1,0,1,1,NULL,'Complaint Letter',1),(45,2,NULL,NULL,NULL,1,0,1,1,NULL,'Conviction',1),(46,2,NULL,NULL,NULL,1,0,0,0,NULL,'Driver Conduct Letter',1),(47,2,NULL,NULL,NULL,0,0,0,1,NULL,'ERRU Auto Case',1),(48,2,NULL,NULL,NULL,1,0,1,1,NULL,'Financial Document Assisted Digital',1),(49,2,NULL,NULL,NULL,1,0,1,1,NULL,'Hearings and Appeals',1),(50,2,NULL,NULL,NULL,0,1,0,1,NULL,'General Task',1),(51,2,NULL,NULL,NULL,1,0,0,0,NULL,'Interview Letter',1),(52,2,NULL,NULL,NULL,1,0,0,0,NULL,'Maintenance',1),(53,2,NULL,NULL,NULL,1,1,1,1,NULL,'Other Documents',1),(54,2,NULL,NULL,NULL,1,0,0,0,NULL,'Operator Staff Conduct',1),(55,2,NULL,NULL,NULL,1,0,1,1,NULL,'Reports and Statements',1),(56,2,NULL,NULL,NULL,1,0,1,1,NULL,'TM Compliance Doc',1),(57,2,NULL,NULL,NULL,1,0,0,0,NULL,'Warning Letter',1),(58,7,NULL,NULL,NULL,1,0,1,1,NULL,'General Correspondence',1),(59,7,NULL,NULL,NULL,1,0,1,1,NULL,'GV79E',1),(60,7,NULL,NULL,NULL,1,0,1,1,NULL,'Non Review Complaint',1),(61,7,NULL,NULL,NULL,1,0,1,1,NULL,'Review Complaint',1),(62,7,NULL,NULL,NULL,1,0,1,1,NULL,'Objection',1),(63,7,NULL,NULL,NULL,1,1,1,1,NULL,'Other Documents',1),(64,7,NULL,NULL,NULL,1,0,1,1,NULL,'Plan of OC',1),(65,7,NULL,NULL,NULL,1,0,1,1,NULL,'Representation',1),(66,7,NULL,NULL,NULL,0,0,0,1,NULL,'Review Period Ends in 2 Weeks',1),(67,7,NULL,NULL,NULL,0,1,0,1,NULL,'General Task',1),(68,7,NULL,NULL,NULL,1,0,0,0,NULL,'Review Letter',1),(69,8,NULL,NULL,NULL,1,0,1,1,NULL,'Continuations and Renewals',1),(70,8,NULL,NULL,NULL,1,0,1,1,NULL,'IRFO Assisted Digital',1),(71,8,NULL,NULL,NULL,1,1,1,1,NULL,'Other Documents',1),(72,8,NULL,NULL,NULL,0,1,0,1,NULL,'General Task',1),(73,8,NULL,NULL,NULL,0,0,0,1,NULL,'Fee Due',1),(74,1,NULL,NULL,NULL,1,0,1,1,NULL,'Continuations and Renewals',1),(75,1,NULL,NULL,NULL,0,0,0,1,NULL,'Checklist Not Received',1),(76,1,NULL,NULL,NULL,1,0,1,1,NULL,'Financial Document Assisted Digital',1),(77,1,NULL,NULL,NULL,0,1,0,1,NULL,'General Task',1),(78,1,NULL,NULL,NULL,0,0,0,1,NULL,'Inspection Request/Seminar',1),(79,1,NULL,NULL,NULL,1,1,1,1,NULL,'Other Documents',1),(80,1,NULL,NULL,NULL,1,0,1,1,NULL,'Vehicle Change Assisted Digital',1),(81,1,NULL,NULL,NULL,1,0,1,1,NULL,'Regulation 29/31/Section 57',1),(82,1,NULL,NULL,NULL,1,0,1,1,NULL,'Sur 1 Assisted Digital',1),(83,1,NULL,NULL,NULL,1,0,0,1,NULL,'Sur 1 Digital',1),(84,1,NULL,NULL,NULL,0,0,0,1,NULL,'TM Period of Grace',1),(85,1,NULL,NULL,NULL,1,0,1,1,NULL,'Change of Entity Assisted Digital',1),(86,1,NULL,NULL,NULL,0,0,0,1,NULL,'Change of Entity Digital',1),(87,1,NULL,NULL,NULL,0,0,0,1,NULL,'Request to Merge Licences',1),(88,1,NULL,NULL,NULL,1,0,0,0,NULL,'Financial Calculator',1),(89,1,NULL,NULL,NULL,1,0,1,1,NULL,'Complaint',1),(90,1,NULL,NULL,NULL,1,0,0,0,NULL,'Refunds',1),(91,1,NULL,NULL,NULL,1,0,0,0,NULL,'Vehicle List',1),(92,4,NULL,NULL,NULL,1,1,1,1,NULL,'Other Documents',1),(93,4,NULL,NULL,NULL,1,0,1,1,NULL,'Application',1),(94,4,NULL,NULL,NULL,1,0,0,1,NULL,'Fee Due',1),(95,4,NULL,NULL,NULL,0,1,0,1,NULL,'General Task',1),(96,10,NULL,NULL,NULL,0,0,0,1,NULL,'Decision',1),(97,10,NULL,NULL,NULL,0,0,0,1,NULL,'Recommendation',1),(98,5,NULL,NULL,NULL,1,0,1,1,NULL,'CPC or Exemption',1),(99,5,NULL,NULL,NULL,1,0,1,1,NULL,'TM Correspondence',1),(100,5,NULL,NULL,NULL,1,0,1,1,NULL,'TM1 Assisted Digital',1),(101,5,NULL,NULL,NULL,1,0,0,1,NULL,'TM1 Digital',1),(102,5,NULL,NULL,NULL,1,1,1,1,NULL,'Other Documents',1),(103,5,NULL,NULL,NULL,0,1,0,1,NULL,'General Task',1),(104,5,NULL,NULL,NULL,0,0,0,1,NULL,'Close TM Case',1),(105,5,NULL,NULL,NULL,0,0,0,1,NULL,'TM Declared Unfit',1),(106,5,NULL,NULL,NULL,1,0,0,0,NULL,'Letters',1),(107,3,NULL,NULL,NULL,1,0,0,1,NULL,'TransXChange File',1),(108,3,NULL,NULL,NULL,1,0,0,1,NULL,'TransXChange PDF',1),(109,1,NULL,NULL,NULL,1,0,1,1,NULL,'Dishonoured Cheques',1),(110,1,NULL,NULL,NULL,1,0,1,1,NULL,'Fee Request',1),(111,9,NULL,NULL,NULL,1,0,1,1,NULL,'Insolvency Document Assisted Digital',1),(112,9,NULL,NULL,NULL,1,1,0,1,NULL,'Insolvency Document Digital',1),(113,11,NULL,NULL,NULL,0,0,0,0,NULL,'Publication',1),(114,10,NULL,NULL,NULL,0,0,0,1,NULL,'Assignment',1),(115,10,NULL,NULL,NULL,0,0,0,0,NULL,'Introduction',1),(116,10,NULL,NULL,NULL,0,0,0,0,NULL,'Case Summary',1),(117,10,NULL,NULL,NULL,0,0,0,0,NULL,'Case Outline',1),(118,10,NULL,NULL,NULL,0,0,0,0,NULL,'Most serious infringement',1),(119,10,NULL,NULL,NULL,0,0,0,0,NULL,'Outstanding applications',1),(120,10,NULL,NULL,NULL,0,0,0,0,NULL,'Persons',1),(121,10,NULL,NULL,NULL,0,0,0,0,NULL,'Operating centres',1),(122,10,NULL,NULL,NULL,0,0,0,0,NULL,'Conditions and undertakings',1),(123,10,NULL,NULL,NULL,0,0,0,0,NULL,'Intelligence unit check',1),(124,10,NULL,NULL,NULL,0,0,0,0,NULL,'Interim',1),(125,10,NULL,NULL,NULL,0,0,0,0,NULL,'Advertisement',1),(126,10,NULL,NULL,NULL,0,0,0,0,NULL,'Linked licences',1),(127,10,NULL,NULL,NULL,0,0,0,0,NULL,'Lead TC area',1),(128,10,NULL,NULL,NULL,0,0,0,0,NULL,'Current submissions',1),(129,10,NULL,NULL,NULL,0,0,0,0,NULL,'Authorisation requested / applied for',1),(130,10,NULL,NULL,NULL,0,0,0,0,NULL,'Transport managers',1),(131,10,NULL,NULL,NULL,0,0,0,0,NULL,'Continuous and effective control',1),(132,10,NULL,NULL,NULL,0,0,0,0,NULL,'Fitness & repute',1),(133,10,NULL,NULL,NULL,0,0,0,0,NULL,'Previous history',1),(134,10,NULL,NULL,NULL,0,0,0,0,NULL,'Bus registration application details',1),(135,10,NULL,NULL,NULL,0,0,0,0,NULL,'Transport authority comments',1),(136,10,NULL,NULL,NULL,0,0,0,0,NULL,'Total bus registrations',1),(137,10,NULL,NULL,NULL,0,0,0,0,NULL,'Local licence history',1),(138,10,NULL,NULL,NULL,0,0,0,0,NULL,'Linked MLH history',1),(139,10,NULL,NULL,NULL,0,0,0,0,NULL,'Registration details',1),(140,10,NULL,NULL,NULL,0,0,0,0,NULL,'Maintenance / Tachographs / Drivers hours',1),(141,10,NULL,NULL,NULL,0,0,0,0,NULL,'Prohibition history',1),(142,10,NULL,NULL,NULL,0,0,0,0,NULL,'Conviction / FPN / Offence histor',1),(143,10,NULL,NULL,NULL,0,0,0,0,NULL,'Annual test history',1),(144,10,NULL,NULL,NULL,0,0,0,0,NULL,'ERRU Penalties',1),(145,10,NULL,NULL,NULL,0,0,0,0,NULL,'Statements',1),(146,10,NULL,NULL,NULL,0,0,0,0,NULL,'Other issues / misc',1),(147,10,NULL,NULL,NULL,0,0,0,0,NULL,'TE reports',1),(148,10,NULL,NULL,NULL,0,0,0,0,NULL,'Site plans',1),(149,10,NULL,NULL,NULL,0,0,0,0,NULL,'Planning permission',1),(150,10,NULL,NULL,NULL,0,0,0,0,NULL,'Applicants comments',1),(151,10,NULL,NULL,NULL,0,0,0,0,NULL,'Visibility / access egress size',1),(152,10,NULL,NULL,NULL,0,0,0,0,NULL,'Compliance complaints',1),(153,10,NULL,NULL,NULL,0,0,0,0,NULL,'Environmental complaints',1),(154,10,NULL,NULL,NULL,0,0,0,0,NULL,'Oppositions',1),(155,10,NULL,NULL,NULL,0,0,0,0,NULL,'Financial information',1),(156,10,NULL,NULL,NULL,0,0,0,0,NULL,'Maps',1),(157,10,NULL,NULL,NULL,0,0,0,0,NULL,'Waive fee / Late fee',1),(158,10,NULL,NULL,NULL,0,0,0,0,NULL,'Surrender',1),(159,10,NULL,NULL,NULL,0,0,0,0,NULL,'Annex',1),(160,10,NULL,NULL,NULL,0,0,0,0,NULL,'Transport Manager details',1),(161,10,NULL,NULL,NULL,0,0,0,0,NULL,'Qualifications',1),(162,10,NULL,NULL,NULL,0,0,0,0,NULL,'Responsibilities',1),(163,10,NULL,NULL,NULL,0,0,0,0,NULL,'Other employment',1),(164,10,NULL,NULL,NULL,0,0,0,0,NULL,'Previous history',1),(165,9,NULL,NULL,NULL,0,0,0,0,NULL,'Change to taxi/phv digital',1),(166,1,NULL,NULL,NULL,0,0,0,0,NULL,'Discs',1),(167,1,NULL,NULL,NULL,0,0,0,0,NULL,'Community licence',1),(168,1,NULL,NULL,NULL,0,0,0,0,NULL,'Scanning separator',1),(169,1,NULL,NULL,NULL,0,0,0,1,NULL,'Business details change',1),(170,1,NULL,NULL,NULL,1,0,0,0,NULL,'CPID',1),(999999,999999,NULL,NULL,NULL,1,0,1,1,NULL,'Not yet implemented (remove before go live)',1);
/*!40000 ALTER TABLE `sub_category` ENABLE KEYS */;
UNLOCK TABLES;

--
-- Dumping data for table `sub_category_description`
--

LOCK TABLES `sub_category_description` WRITE;
/*!40000 ALTER TABLE `sub_category_description` DISABLE KEYS */;
INSERT INTO `sub_category_description` (`id`, `sub_category_id`, `description`) VALUES (1,2,'Address Change'),(2,3,'Address Change'),(3,4,'Advert'),(4,5,'Advert'),(5,6,'Change of Partner(s)'),(6,7,'Change of Partner(s)'),(7,8,'Certificate'),(8,9,'Change of Director(s)'),(9,10,'Change of Director(s)'),(11,11,'Application Fee Due'),(10,11,'Grant Fee Due'),(12,11,'Interim Fee Due'),(13,12,'Administrators or Liquidators Reports'),(14,12,'Annual Accounts Documents(s)'),(15,12,'Bank Statement'),(16,12,'Credit Card Statement'),(17,12,'Evidence of Overdraft'),(18,12,'Factoring Agreement'),(19,12,'Other Financial Document'),(20,12,'Statutory Declaration'),(21,14,'GV79 Application'),(22,14,'GV80A Application'),(23,14,'GV81 Application'),(24,14,'PSV421 Application'),(25,14,'PSV431 Application'),(26,14,'PSV431A Application'),(27,15,'GV79 Application'),(28,15,'GV80A Application'),(29,15,'GV81 Application'),(30,15,'PSV421 Application'),(31,15,'PSV431 Application'),(32,15,'PSV431A Application'),(33,16,'Interim Licence Expiring'),(34,17,'Interim Request'),(35,18,'Interim Request'),(36,19,'Maintenance Contract'),(37,20,'Maintenance Contract'),(38,24,'Subsidiary Company Change'),(39,25,'Subsidiary Company Change'),(41,26,'Application Letter'),(40,26,'Schedule 4/1 Application'),(42,27,'TM1 Application'),(43,28,'TM1 Application'),(44,29,'TM Correspondence'),(45,30,'New Application'),(46,30,'Variation Application'),(47,31,'Letter to Applicant'),(48,32,'Refund Letter'),(49,33,'Report Received'),(50,34,'Vehicle List'),(58,35,'Letter of Support'),(55,35,'Map'),(51,35,'PSV350 Application'),(52,35,'PSV350A Application'),(53,35,'PSV355 Cancellation Application'),(54,35,'PSV355 Variation Application'),(57,35,'Route'),(56,35,'Timetable'),(62,36,'Cancellation'),(60,36,'Data Refresh'),(66,36,'Letter of Support'),(63,36,'Map'),(59,36,'New Application'),(68,36,'Official Record'),(65,36,'Route'),(64,36,'Timetable'),(61,36,'Variation'),(67,36,'Zip File'),(69,37,'Fee Due'),(70,38,'Fee Request'),(71,41,'Traffic Regulation Condition Letter'),(72,42,'Bus Complaint'),(73,43,'Bus Registration Letter'),(75,44,'Complaint Received'),(74,44,'Letter to Complainant'),(76,45,'Conviction Notification'),(77,46,'Driver Conduct Letter'),(78,47,'ERRU Case'),(79,48,'Administrators or Liquidators Reports'),(80,48,'Annual Accounts Documents(s)'),(81,48,'Bank Statement'),(82,48,'Credit Card Statement'),(83,48,'Evidence of Overdraft'),(84,48,'Factoring Agreement'),(85,48,'Other Financial Document'),(86,48,'Statutory Declaration'),(87,49,'Appeal Document(s)'),(88,49,'Hearing and Public Inquiry Document(s)'),(89,49,'Impounding Document(s)'),(90,51,'Interview Letter'),(91,52,'Maintenance'),(92,54,'Operator Staff Conduct'),(93,55,'Reports'),(95,55,'Section 9/43/36/38 Letter'),(94,55,'Section 9/43/36/38 Statements'),(96,56,'TM Compliance Doc'),(97,57,'Warning Letter'),(98,58,'Conditions and Undertakings Letter'),(99,58,'Supplementary pro-forma'),(100,59,'GV79E'),(101,60,'Non Review Complaint'),(102,61,'Review Complaint'),(103,62,'Objection'),(104,64,'Plan of OC'),(105,65,'Representation'),(106,66,'Review Period Ends in 2 Weeks'),(107,68,'Review Letter'),(108,69,'Checklist'),(109,70,'Application'),(110,70,'Letter'),(111,73,'Fee Due'),(112,74,'Checklist'),(113,74,'Fee Due'),(114,74,'Late/Non Fee Payment'),(115,75,'Checklist Not Received'),(116,76,'Administrators or Liquidators Reports'),(117,76,'Annual Accounts Documents(s)'),(118,76,'Bank Statement'),(119,76,'Credit Card Statement'),(120,76,'Evidence of Overdraft'),(121,76,'Factoring Agreement'),(122,76,'Other Financial Document'),(123,76,'Statutory Declaration'),(124,78,'Response To Request'),(125,78,'Satisfactory Result'),(126,78,'Unsatisfactory Result'),(127,80,'Vehicle Change Request'),(128,81,'Regulation 29/31/Section 57 Application'),(129,82,'Surrender Request'),(130,83,'Surrender Request'),(131,84,'TM Required'),(132,85,'Change of Entity'),(133,86,'Change of Entity'),(134,87,'Request to Merge Licences'),(135,88,'Financial Calculator'),(136,89,'Non-environmental Complaint'),(137,90,'Refund Letter'),(138,91,'Vehicle List'),(139,93,'Application'),(140,94,'Fee Due'),(141,96,'Case Decision'),(142,97,'Case Recommendation'),(143,98,'Certificate'),(144,99,'TM Correspondence'),(145,100,'TM1 Application'),(146,101,'TM1 Application'),(147,104,'Close TM Case'),(148,105,'TM Removed from this Licence'),(149,106,'Letter to TM'),(150,107,'TransXChange File'),(151,108,'TransXChange PDF'),(152,109,'Dishonoured Cheques'),(153,110,'Fee Request');
/*!40000 ALTER TABLE `sub_category_description` ENABLE KEYS */;
UNLOCK TABLES;

--
-- Dumping data for table `submission`
--

LOCK TABLES `submission` WRITE;
/*!40000 ALTER TABLE `submission` DISABLE KEYS */;
INSERT INTO `submission` (`id`, `case_id`, `created_by`, `last_modified_by`, `recipient_user_id`, `sender_user_id`, `submission_type`, `closed_date`, `created_on`, `data_snapshot`, `deleted_date`, `last_modified_on`, `urgent`, `version`) VALUES (1,85,3,3,NULL,NULL,'submission_type_o_env',NULL,'2015-10-05 15:51:20','{\"introduction\":{\"data\":[]},\n  \"case-summary\":{\"data\":{\"overview\":{\"id\":85,\"caseType\":\"Licence\",\"ecmsNo\":\"E123456\",\"organisationName\":\"Big Trucks\n  Ltd\",\"isMlh\":false,\"organisationType\":\"Limited Company\",\"businessType\":null,\"disqualificationStatus\":\"None\",\n  \"licNo\":\"OB111111\",\"licenceStartDate\":\"\",\"licenceType\":\"Restricted\",\"goodsOrPsv\":\"Goods Vehicle\",\n  \"licenceStatus\":\"Under Consideration\",\"totAuthorisedVehicles\":10,\"totAuthorisedTrailers\":null,\"vehiclesInPossession\":10,\"trailersInPossession\":null,\"serviceStandardDate\":\"\"}}},\"case-outline\":{\"data\":{\"text\":\"New application for Operating Centre\"}},\"most-serious-infringement\":{\"data\":{\"overview\":{\"id\":\"\",\"notificationNumber\":\"\",\"siCategory\":\"\",\"siCategoryType\":\"\",\"infringementDate\":\"\",\"checkDate\":\"\",\"isMemberState\":\"\"}}},\"outstanding-applications\":{\"data\":{\"tables\":{\"outstanding-applications\":[]}}},\"people\":{\"data\":{\"tables\":{\"people\":[]}}},\"operating-centres\":{\"data\":{\"tables\":{\"operating-centres\":[{\"id\":75,\"version\":1,\"totAuthVehicles\":10,\"totAuthTrailers\":0,\"OcAddress\":{\"addressLine1\":\"Hillcrest House\",\"addressLine2\":\"386 Harehills Lane\",\"addressLine3\":null,\"addressLine4\":null,\"town\":\"Leeds\",\"postcode\":\"LS9 6NF\",\"countryCode\":\"GB\"}}]}}},\"conditions-and-undertakings\":{\"data\":{\"tables\":{\"undertakings\":[{\"id\":16,\"version\":1,\"createdOn\":\"2015-10-06T08:58:48+0100\",\"parentId\":\"OB111111\",\"addedVia\":\"Licence\",\"isFulfilled\":\"Y\",\"isDraft\":\"N\",\"attachedTo\":\"Operating Centre\",\"notes\":\"The operator will keep vehicles and trailers in that pa\nrt of Hillcrest House marked u201cParking Areau201d on the plan agreed by the traffic commissioner and not on any other part of Hillcrest House.\",\"OcAddress\":{\"addressLine1\":\"Hillcrest House\",\"addressLine2\":\"386 Harehills Lane\",\"addressLine3\":null,\"addressLine4\":null,\"town\":\"Leeds\",\"postcode\":\"LS9 6NF\",\"countryCode\":\"GB\"}},{\"id\":15,\"version\":1,\"createdOn\":\"2015-10-06T08:57:18+0100\",\"parentId\":\"OB111111\",\"addedVia\":\"Licence\",\"isFulfilled\":\"N\",\"isDraft\":\"N\",\"attachedTo\":\"Operating Centre\",\"notes\":\"Authorised vehicles and trailers must only be parked in the designated area identified on the plan.\",\"OcAddress\":{\"addressLine1\":\"Hillcrest House\",\"addressLine2\":\"386 Harehills Lane\",\"addressLine3\":null,\"addressLine4\":null,\"town\":\"Leeds\",\"postcode\":\"LS9 6NF\",\"countryCode\":\"GB\"}}],\"conditions\":[{\"id\":14,\"version\":1,\"createdOn\":\"2015-10-06T08:55:09+0100\",\"parentId\":\"OB111111\",\"addedVia\":\"Licence\",\"isFulfilled\":\"Y\",\"isDraft\":\"N\",\"attachedTo\":\"Operating Centre\",\"notes\":\"Authorised vehicles and trailers must at all times enter and exit the\noperating centre in a forward gear\",\"OcAddress\":{\"addressLine1\":\"Hillcrest House\",\"addressLine2\":\"386 Harehills Lane\",\"addressLine3\":null,\"addressLine4\":null,\"town\":\"Leeds\",\"postcode\":\"LS9 6NF\",\"countryCode\":\"GB\"}},{\"id\":13,\"version\":2,\"createdOn\":\"2015-10-06T08:54:06+0100\",\"parentId\":\"OB111111\",\"addedVia\":\"Licence\",\"isFulfilled\":\"Y\",\"isDraft\":\"N\",\"attachedTo\":\"Operating Centre\",\"notes\":\"Authorised vehicles shall not be left unattended on the\n A64 York road any time.\",\"OcAddress\":{\"addressLine1\":\"Hillcrest House\",\"addressLine2\":\"386 Harehills Lane\",\"addressLine3\":null,\"addressLine4\":null,\"town\":\"Leeds\",\"postcode\":\"LS9 6NF\",\"countryCode\":\"GB\"}}]}}},\"intelligence-unit-check\":{\"data\":[]},\"interim\":{\"data\":[]},\"advertisement\":{\"data\":[]},\"auth-requested-applied-for\":{\"data\":{\"tables\":{\"auth-requested-applied-for\":[]}}},\"transport-managers\":{\"data\":{\"tables\":{\"transport-managers\":[]}}},\"continuous-effective-control\":{\"data\":[]},\"fitness-and-repute\":{\"data\":[]},\"previous-history\":{\"data\":[]},\"local-licence-history\":{\"data\":[]},\"conviction-fpn-offence-history\":{\"data\":{\"tables\":{\"conviction-fpn-offence-history\":[]},\"text\":\"test comments\"}},\"other-issues\":{\"data\":[]},\"te-reports\":{\"data\":[]},\"site-plans\":{\"data\":[]},\"planning-permission\":{\"data\":[]},\"applicants-comments\":{\"data\":[]},\"visibility-access-egress-size\":{\"data\":[]},\"environmental-complaints\":{\"data\":{\"tables\":{\"environmental-complaints\":[]}}},\"oppositions\":{\"data\":{\"tables\":{\"oppositions\":[]}}},\"financial-information\":{\"data\":[]},\"maps\":{\"data\":[]},\"annex\":{\"data\":[]}}',NULL,'2015-10-05 15:51:20',NULL,1);
/*!40000 ALTER TABLE `submission` ENABLE KEYS */;
UNLOCK TABLES;

--
-- Dumping data for table `submission_action`
--

LOCK TABLES `submission_action` WRITE;
/*!40000 ALTER TABLE `submission_action` DISABLE KEYS */;
INSERT INTO `submission_action` (`id`, `created_by`, `last_modified_by`, `submission_id`, `comment`, `created_on`, `is_decision`, `last_modified_on`, `version`) VALUES (1,1,1,12,'Comment recommendaion testing lorem','2015-10-07 08:04:05',0,'2015-10-07 08:04:05',1),(2,1,1,12,'Comment decision testing lorem','2015-10-07 08:04:05',1,'2015-10-07 08:04:05',1),(3,NULL,NULL,1,'CASE WORKER RECOMMENDATION & LEGISLATION:\r\n\r\nThe applicant has provided a site plan that confirms they are not parking in any area which is supposed to be occupied by any other operator.\r\n\r\nI therefore recommend the application is granted under Section 13 of the Goods Vehicle (Licensing of Operators) Act 1995 with the following conditions and undertaking attached:\r\n\r\nConditions under section 21 of the act\r\n\r\n1.	Authorised vehicles shall not be left unattended on the A64 York Road at any time\r\n2.	Vehicles authorised under this licence will enter and leave the operating centre in forward gear only\r\n\r\nUndertaking under section 13C(7) of the Act\r\n\r\nThe Operator will keep vehicles in that part of Hillcrest House marked \"Parking Area\" on the plan agreed by the Traffic Commissioner and not on any other part of Hillcrest House.','2015-10-06 13:38:32',0,'2015-10-06 13:41:23',2),(4,NULL,NULL,1,'Team Leaders Recommendation\r\n\r\nI agree with Steves recommendation.\r\n\r\nBob Submission\r\n01/05/2015','2015-10-06 13:39:40',0,NULL,1),(5,NULL,NULL,1,'TRAFFIC COMMISSIONERS DECISION:\r\n\r\nPlease proceed as recommended for the reasons you give.\r\nSB/TC/13 5 15','2015-10-06 13:42:17',1,NULL,1);
/*!40000 ALTER TABLE `submission_action` ENABLE KEYS */;
UNLOCK TABLES;

--
-- Dumping data for table `submission_action_reason`
--

LOCK TABLES `submission_action_reason` WRITE;
/*!40000 ALTER TABLE `submission_action_reason` DISABLE KEYS */;
INSERT INTO `submission_action_reason` (`submission_action_id`, `reason_id`) VALUES (3,122),(4,122),(5,122);
/*!40000 ALTER TABLE `submission_action_reason` ENABLE KEYS */;
UNLOCK TABLES;

--
-- Dumping data for table `submission_action_type`
--

LOCK TABLES `submission_action_type` WRITE;
/*!40000 ALTER TABLE `submission_action_type` DISABLE KEYS */;
INSERT INTO `submission_action_type` (`submission_action_id`, `action_type`) VALUES (12,'sub_st_dec_agree'),(12,'sub_st_rec_pi');
/*!40000 ALTER TABLE `submission_action_type` ENABLE KEYS */;
UNLOCK TABLES;

--
-- Dumping data for table `submission_section_comment`
--

LOCK TABLES `submission_section_comment` WRITE;
/*!40000 ALTER TABLE `submission_section_comment` DISABLE KEYS */;
INSERT INTO `submission_section_comment` (`id`, `created_by`, `last_modified_by`, `submission_id`, `submission_section`, `comment`, `created_on`, `last_modified_on`, `version`) VALUES (1,NULL,NULL,1,'case-outline','New application for Operating Centre','2015-10-05 15:51:20',NULL,1),(2,NULL,NULL,1,'conviction-fpn-offence-history','<p>Nothing found</p>','2015-10-05 15:51:20','2015-10-05 16:28:23',3),(3,NULL,NULL,1,'introduction','<p><strong>1) To From:\n</strong></p>\n<p><strong>2) To Date: </strong></p>\n<h1><strong>ENVIRONMENTAL SUBMISSION</strong></h1>\n<p><strong>Not for disclosure to any third parties without the specific consent of the traffic commissioner</strong></p>','2015-10-05 15:52:45','2015-10-05 15:55:23',5),(4,NULL,NULL,1,'previous-history','<h2><strong>RELEVANT SITE HISTORY:</strong></h2>\n<p>The condition that vehicles will not be left unattended on the A64 York Road has been attached to licences in the past as larger vehicles using the site had to wait on the by-pass if the gates to the operating centre were not manned at the time of their arrival. The conditions related to larger vehicles, and their operating hours were restricted to the time that the gate was manned for safety reasons.</p>\n<p>In 2008 the gates were moved back which allowed any size of authorised vehicle to pull off the road whilst the gates were unattended.</p>\n<p>It was decided that the site should still be subject to the waiting restriction on the by-pass. Operators at the site were flagged for review and in January 2011 all operators at the site became subject to this condition.</p>\n<p>In 2012 two applications from Robs Transport Ltd (OB999999, no longerat the site) and John Smith Transport Ltd were granted within several days of each other. Due to the large number of additional vehicles the Traffic Commissioner requested that a TE revisit the site to assess capacity. The TE reported that the land owner allocates each operator a specific number of parking spaces so there is always room for vehicles to safely manoeuvre within the site. The John Smith Transport Ltd application (for 15 vehicles and 15 trailers) was granted subject to the restrictions above.</p>\n<p>Robs Transport Ltd had an additional condition undertaking attached in respect of the parking area and the Traffic Commissioner decided that parking plans should be obtained and form part of the authorised o/c description for each operator that came up for review and for new applications. Since then applications granted at the site have specified two conditions and an undertaking in respect of the parking area. The most recent application was granted in March 2015 with the same 2 conditions and undertaking attached.</p>\n<p>As part of the Johns Trucks application it was noted that some of the operators at the site were not parking in the areas detailed in their undertaking. This included the parking area for this applicant as it was the same are as specified on OB2222222 Trucky Truck Transport Services Ltd.</p>\n<p>That has now been resolved as the parking plan for Trucky Truck Transport Services Ltd has been updated under Section 17(4)(f) of the Act to take the form of the master plan provided by the site owner, this is the same as the plan this applicant has provided.</p>','2015-10-05 16:00:39','2015-10-05 16:11:08',2),(5,NULL,NULL,1,'local-licence-history','<p>No previous licence history</p>','2015-10-05 16:12:29',NULL,1),(6,NULL,NULL,1,'environmental-complaints','<p>We have not received any opposition</p>','2015-10-05 16:14:50',NULL,1),(7,NULL,NULL,1,'statements','<p><strong>APPLICANTS COMMENTS:</strong></p>\n<p>The applicant has confirmed they would agree to the restrictions in place at the operating centre being attached to the licence, if required by the Traffic Commissioner.</p>','2015-10-05 16:19:10',NULL,1),(8,NULL,NULL,1,'maps','<p>Ariel view of the operating centre:</p>','2015-10-05 16:20:07',NULL,1),(9,NULL,NULL,1,'advertisement','<p>31 October 2015, Yorkshire Evening Post - The advert is in time, correctly worded and the newspaper circulates in the vicinity of the operating centre.</p>','2015-10-05 16:24:05',NULL,1),(10,NULL,NULL,1,'financial-information','<p>18,400 is required.</p>\n<p>Financial evidence provided shows access to more than the amount required to support the application.</p>','2015-10-05 16:24:30',NULL,1),(11,NULL,NULL,1,'fitness-and-repute','<p>Nothing found</p>','2015-10-05 16:25:43',NULL,1),(12,NULL,NULL,1,'interim','<p>Interim authority has been requested.</p>\n<p>OOR 21 Nov 2014</p>\n<p>OOO 14 Jan 2015</p>','2015-10-05 16:30:07',NULL,1),(13,NULL,NULL,1,'maintenance-tachographs-hours','<p><strong>APPLICANTS RESPONSES:</strong></p>\n<p><strong>Hours of Operation:</strong></p>\n<p>Monday to Friday: 0800 - 1700</p>\n<p>Saturday:\n  no operation </p>\n<p>Sunday:           no operation</p>\n<p></p>\n<p><strong>Hours of Maintenance: </strong></p>\n<p>Maintenance work will not be carried out at the ope\nrating centre.</p>','2015-10-05 16:31:33',NULL,1),(14,NULL,NULL,1,'operating-centres','<p><strong>PRESENT USAGE OF O/C:</strong></p>\n<p>There are 2 operators currently for this operating centre and 2 ongoing applications:</p>\n<p>All the operators are subject to restrictions, the ones detailed below have all the relevant restrictions for this operating centre and there are 4 with only one condition, these have been flagged for review.</p>\n<p></p>\n<p>OB1234567 John Smith Transport Ltd 10V, 10T</p>','2015-10-05 16:38:15',NULL,1),(15,NULL,NULL,1,'conditions-and-undertakings','<p>The following 3 operators are only subject to the condition detailed below, they have been flagged for review:</p>\n<ol><li><strong>Authorised vehicles shall not be left unattended on the A64 Yor Road at any time</strong>.</li>\n</ol>\n<p>OB6666666 Steves Trucks             2v 0t (Review Nov 2015)</p>\n<p>OH7777777 Johns Trucks  6v 0t (Review Dec 2015)</p>\n<p>OH8888888 Daves Trucks Limited      12v 2t (Review Sep 2016)</p>','2015-10-05 16:14:50',NULL,1),(16,NULL,NULL,1,'intelligence-unit-check','<p><i>I have completed all IU checks necessary for this new application. There are no matches with the intelligence database to suggest that additional action is required. I am therefore returning the matter to you to process in the normal manner.</i></p>','2015-10-05 16:38:15',NULL,1),(17,NULL,NULL,1,'case-summary','<p><strong>APPLICATION TYPE:</strong></p>\n<p>GV79  Conditions at operating centre</p>\n<p><strong>COMPANY DIRECTORS:</strong></p>\n<ul><li>Phil Jowitt</li>\n<li>John Spellman</li>\n</ul><p><strong>ECMS CHECK:</strong></p>\n<p>No issues</p>','2015-10-05 15:51:20',NULL,1);
/*!40000 ALTER TABLE `submission_section_comment` ENABLE KEYS */;
UNLOCK TABLES;

--
-- Dumping data for table `system_info_message`
--

LOCK TABLES `system_info_message` WRITE;
/*!40000 ALTER TABLE `system_info_message` DISABLE KEYS */;
/*!40000 ALTER TABLE `system_info_message` ENABLE KEYS */;
UNLOCK TABLES;

--
-- Dumping data for table `system_parameter`
--

LOCK TABLES `system_parameter` WRITE;
/*!40000 ALTER TABLE `system_parameter` DISABLE KEYS */;
INSERT INTO `system_parameter` (`id`, `description`, `param_value`) VALUES ('CNS_EMAIL_LIST',NULL,'terry.valtech@gmail.com'),('task.default_team',NULL,'2'),('task.default_user',NULL,'1');
/*!40000 ALTER TABLE `system_parameter` ENABLE KEYS */;
UNLOCK TABLES;

--
-- Dumping data for table `task`
--

LOCK TABLES `task` WRITE;
/*!40000 ALTER TABLE `task` DISABLE KEYS */;
INSERT INTO `task` (`id`, `application_id`, `assigned_by_user_id`, `assigned_to_team_id`, `assigned_to_user_id`, `bus_reg_id`, `case_id`, `category_id`, `created_by`, `irfo_organisation_id`, `last_modified_by`, `licence_id`, `sub_category_id`, `submission_id`, `transport_manager_id`, `action_date`, `created_on`, `description`, `is_closed`, `last_modified_on`, `olbs_key`, `urgent`, `version`) VALUES (1,1,NULL,2,1,NULL,NULL,9,NULL,NULL,NULL,7,8,NULL,NULL,'2014-08-12',NULL,'A test task',0,NULL,NULL,0,1),(2,NULL,NULL,2,1,NULL,NULL,1,NULL,NULL,NULL,110,74,NULL,NULL,'2013-02-11',NULL,'Another test task',0,NULL,NULL,0,1),(3,NULL,NULL,2,1,NULL,NULL,8,NULL,1,NULL,NULL,70,NULL,NULL,'2014-05-01',NULL,'An organisation task',0,NULL,NULL,0,1),(4,NULL,NULL,3,6,NULL,NULL,5,NULL,NULL,NULL,NULL,105,NULL,2,'2010-01-01',NULL,'A transport task',0,NULL,NULL,0,1),(5,NULL,NULL,4,NULL,NULL,24,2,NULL,NULL,NULL,NULL,44,NULL,NULL,'2010-02-01',NULL,'A case task',0,NULL,NULL,0,1),(6,NULL,NULL,4,NULL,NULL,NULL,7,NULL,NULL,NULL,NULL,67,NULL,NULL,'2010-07-03',NULL,'Unassigned task',0,NULL,NULL,0,1),(7,2,NULL,2,1,NULL,NULL,9,NULL,NULL,NULL,7,33,NULL,NULL,'2018-09-27',NULL,'A test task',0,NULL,NULL,1,1),(8,NULL,NULL,2,1,NULL,NULL,1,NULL,NULL,NULL,63,110,NULL,NULL,'2012-09-27',NULL,'Single licence',0,NULL,NULL,0,1),(9,NULL,NULL,2,1,NULL,NULL,5,NULL,NULL,NULL,NULL,103,NULL,3,'2014-12-15',NULL,'A test task for TM 3',0,NULL,NULL,0,1),(10,NULL,NULL,2,1,1,NULL,3,NULL,NULL,NULL,110,39,NULL,NULL,'2014-12-15',NULL,'A test Bus Reg task',0,NULL,NULL,0,1);
/*!40000 ALTER TABLE `task` ENABLE KEYS */;
UNLOCK TABLES;

--
-- Dumping data for table `task_allocation_rule`
--

LOCK TABLES `task_allocation_rule` WRITE;
/*!40000 ALTER TABLE `task_allocation_rule` DISABLE KEYS */;
INSERT INTO `task_allocation_rule` (`id`, `category_id`, `goods_or_psv`, `team_id`, `traffic_area_id`, `user_id`, `is_mlh`) VALUES (1,9,NULL,5,NULL,1,NULL),(2,3,NULL,6,NULL,1,NULL),(3,2,NULL,7,NULL,1,NULL),(4,7,NULL,8,NULL,8,NULL),(5,8,NULL,9,NULL,1,NULL),(6,1,NULL,5,NULL,1,NULL);
/*!40000 ALTER TABLE `task_allocation_rule` ENABLE KEYS */;
UNLOCK TABLES;

--
-- Dumping data for table `task_alpha_split`
--

LOCK TABLES `task_alpha_split` WRITE;
/*!40000 ALTER TABLE `task_alpha_split` DISABLE KEYS */;
/*!40000 ALTER TABLE `task_alpha_split` ENABLE KEYS */;
UNLOCK TABLES;

--
-- Dumping data for table `team`
--

LOCK TABLES `team` WRITE;
/*!40000 ALTER TABLE `team` DISABLE KEYS */;
INSERT INTO `team` (`id`, `created_by`, `last_modified_by`, `traffic_area_id`, `created_on`, `description`, `last_modified_on`, `name`, `olbs_key`, `version`) VALUES (1,NULL,NULL,'B',NULL,NULL,NULL,'Marketing',NULL,1),(2,NULL,NULL,'B',NULL,NULL,NULL,'Development',NULL,1),(3,NULL,NULL,'B',NULL,NULL,NULL,'Infrastructure',NULL,1),(4,NULL,NULL,'B',NULL,NULL,NULL,'Support',NULL,1),(5,NULL,NULL,'B',NULL,NULL,NULL,'Assisted Digital FEP',NULL,1),(6,NULL,NULL,'B',NULL,NULL,NULL,'Bus Reg Team',NULL,1),(7,NULL,NULL,'B',NULL,NULL,NULL,'Compliance Team',NULL,1),(8,NULL,NULL,'',NULL,NULL,NULL,'Environmental Team',NULL,1),(9,NULL,NULL,'',NULL,NULL,NULL,'IRFO Team',NULL,1),(32,NULL,NULL,'',NULL,NULL,NULL,'Self service Operators',NULL,1);
/*!40000 ALTER TABLE `team` ENABLE KEYS */;
UNLOCK TABLES;

--
-- Dumping data for table `team_printer`
--

LOCK TABLES `team_printer` WRITE;
/*!40000 ALTER TABLE `team_printer` DISABLE KEYS */;
/*!40000 ALTER TABLE `team_printer` ENABLE KEYS */;
UNLOCK TABLES;

--
-- Dumping data for table `tm_application_oc`
--

LOCK TABLES `tm_application_oc` WRITE;
/*!40000 ALTER TABLE `tm_application_oc` DISABLE KEYS */;
INSERT INTO `tm_application_oc` (`transport_manager_application_id`, `operating_centre_id`) VALUES (1,16),(3,21),(4,37),(4,39),(4,48);
/*!40000 ALTER TABLE `tm_application_oc` ENABLE KEYS */;
UNLOCK TABLES;

--
-- Dumping data for table `tm_case_decision`
--

LOCK TABLES `tm_case_decision` WRITE;
/*!40000 ALTER TABLE `tm_case_decision` DISABLE KEYS */;
INSERT INTO `tm_case_decision` (`id`, `case_id`, `created_by`, `decision`, `last_modified_by`, `created_on`, `decision_date`, `deleted_date`, `is_msi`, `last_modified_on`, `no_further_action_reason`, `notified_date`, `olbs_key`, `repute_not_lost_reason`, `unfitness_end_date`, `unfitness_start_date`, `version`) VALUES (1,82,1,'tm_decision_rl',1,NULL,'2015-01-10',NULL,0,NULL,NULL,'2015-01-12',NULL,NULL,'2015-03-31','2015-01-20',1),(2,83,1,'tm_decision_rnl',1,NULL,'2014-12-06',NULL,1,NULL,NULL,'2014-12-10',NULL,'Reason why repute not lost',NULL,NULL,1),(3,84,1,'tm_decision_noa',1,NULL,'2014-10-06',NULL,1,NULL,'Reason no further action','2014-09-30',NULL,NULL,NULL,NULL,1);
/*!40000 ALTER TABLE `tm_case_decision` ENABLE KEYS */;
UNLOCK TABLES;

--
-- Dumping data for table `tm_case_decision_rehab`
--

LOCK TABLES `tm_case_decision_rehab` WRITE;
/*!40000 ALTER TABLE `tm_case_decision_rehab` DISABLE KEYS */;
INSERT INTO `tm_case_decision_rehab` (`tm_case_decision_id`, `rehab_measure_id`) VALUES (1,'tm_rehab_adc');
/*!40000 ALTER TABLE `tm_case_decision_rehab` ENABLE KEYS */;
UNLOCK TABLES;

--
-- Dumping data for table `tm_case_decision_unfitness`
--

LOCK TABLES `tm_case_decision_unfitness` WRITE;
/*!40000 ALTER TABLE `tm_case_decision_unfitness` DISABLE KEYS */;
INSERT INTO `tm_case_decision_unfitness` (`tm_case_decision_id`, `unfitness_reason_id`) VALUES (1,'tm_unfit_inn');
/*!40000 ALTER TABLE `tm_case_decision_unfitness` ENABLE KEYS */;
UNLOCK TABLES;

--
-- Dumping data for table `tm_employment`
--

LOCK TABLES `tm_employment` WRITE;
/*!40000 ALTER TABLE `tm_employment` DISABLE KEYS */;
INSERT INTO `tm_employment` (`id`, `contact_details_id`, `created_by`, `last_modified_by`, `transport_manager_id`, `created_on`, `deleted_date`, `employer_name`, `hours_per_week`, `last_modified_on`, `position`, `version`) VALUES (1,116,1,NULL,1,'2014-01-01 10:10:10',NULL,'TESCO','10 hrs /  3 days per week',NULL,'Manager',1),(2,117,2,NULL,1,'2014-01-01 10:10:10',NULL,'TESCO','15 hours over 4 days/wk',NULL,'Director',1),(3,118,1,NULL,3,'2014-01-01 10:10:10',NULL,'Sainsburys','4 hours over 2 days / wk',NULL,'Manager',1),(4,119,2,NULL,3,'2014-01-01 10:10:10',NULL,'Asda','15 hrs 3 days per week',NULL,'Director',1);
/*!40000 ALTER TABLE `tm_employment` ENABLE KEYS */;
UNLOCK TABLES;

--
-- Dumping data for table `tm_licence_oc`
--

LOCK TABLES `tm_licence_oc` WRITE;
/*!40000 ALTER TABLE `tm_licence_oc` DISABLE KEYS */;
INSERT INTO `tm_licence_oc` (`transport_manager_licence_id`, `operating_centre_id`) VALUES (1,16),(3,16),(3,21),(4,16);
/*!40000 ALTER TABLE `tm_licence_oc` ENABLE KEYS */;
UNLOCK TABLES;

--
-- Dumping data for table `tm_merge`
--

LOCK TABLES `tm_merge` WRITE;
/*!40000 ALTER TABLE `tm_merge` DISABLE KEYS */;
/*!40000 ALTER TABLE `tm_merge` ENABLE KEYS */;
UNLOCK TABLES;

--
-- Dumping data for table `tm_qualification`
--

LOCK TABLES `tm_qualification` WRITE;
/*!40000 ALTER TABLE `tm_qualification` DISABLE KEYS */;
INSERT INTO `tm_qualification` (`id`, `country_code`, `created_by`, `last_modified_by`, `qualification_type`, `transport_manager_id`, `created_on`, `deleted_date`, `issued_date`, `last_modified_on`, `olbs_key`, `serial_no`, `version`) VALUES (1,'GB',NULL,NULL,'tm_qt_cpcsi',1,NULL,NULL,'2014-01-01',NULL,NULL,'1',1),(2,'GB',NULL,NULL,'tm_qt_cpcsn',1,NULL,NULL,'2014-02-02',NULL,NULL,'2',1),(3,'GB',1,1,'tm_qt_cpcsi',3,'2012-01-01 00:00:00',NULL,'2012-01-01',NULL,NULL,'3333',1),(4,'ZA',1,1,'tm_qt_cpcsn',3,'2013-02-02 00:00:00',NULL,'2013-02-02',NULL,NULL,'4444',1);
/*!40000 ALTER TABLE `tm_qualification` ENABLE KEYS */;
UNLOCK TABLES;

--
-- Dumping data for table `trading_name`
--

LOCK TABLES `trading_name` WRITE;
/*!40000 ALTER TABLE `trading_name` DISABLE KEYS */;
INSERT INTO `trading_name` (`id`, `created_by`, `last_modified_by`, `licence_id`, `organisation_id`, `created_on`, `deleted_date`, `last_modified_on`, `name`, `olbs_key`, `version`, `vi_action`) VALUES (7,3,4,7,1,'2014-11-23 21:58:52',NULL,'2014-11-23 21:58:52','JSH Logistics',NULL,1,NULL),(30,2,1,30,NULL,'2014-11-23 21:58:52',NULL,'2014-11-23 21:58:52','JSH Removals',NULL,1,NULL),(41,1,1,41,NULL,'2014-11-23 21:58:52',NULL,'2014-11-23 21:58:52','TSG',NULL,1,NULL),(54,1,1,54,NULL,'2014-11-23 21:58:52',NULL,'2014-11-23 21:58:52','TSG',NULL,1,NULL),(63,1,2,63,NULL,'2014-11-23 21:58:52',NULL,'2014-11-23 21:58:52','Stagecoach',NULL,1,NULL),(75,0,2,75,NULL,'2014-11-23 21:58:52',NULL,'2014-11-23 21:58:52','LCC',NULL,1,NULL),(110,0,2,110,NULL,'2014-11-23 21:58:52',NULL,'2014-11-23 21:58:52','test',NULL,1,NULL);
/*!40000 ALTER TABLE `trading_name` ENABLE KEYS */;
UNLOCK TABLES;

--
-- Dumping data for table `traffic_area`
--

LOCK TABLES `traffic_area` WRITE;
/*!40000 ALTER TABLE `traffic_area` DISABLE KEYS */;
INSERT INTO `traffic_area` (`id`, `contact_details_id`, `created_by`, `last_modified_by`, `created_on`, `is_england`, `is_ni`, `is_scotland`, `is_wales`, `last_modified_on`, `name`, `txc_name`, `version`) VALUES ('B',1,2,2,'2001-06-09 11:01:21',1,0,0,0,'2001-06-09 11:01:21','North East of England','NorthEastern',1),('C',1,2,2,'2001-06-09 11:01:21',1,0,0,0,'2001-06-09 11:01:21','North West of England','NorthWestern',1),('D',3,1,1,'2004-11-03 19:06:00',1,0,0,0,'2004-11-03 19:06:00','West Midlands','WestMidlands',1),('F',3,2,2,'2001-06-09 11:01:21',1,0,0,0,'2001-06-09 11:01:21','East of England','Eastern',1),('G',3,1,1,'2004-11-03 19:06:00',0,0,0,1,'2004-11-03 19:06:00','Wales','Welsh',1),('H',3,2,2,'2001-06-09 11:01:21',1,0,0,0,'2001-06-09 11:01:21','West of England','Western',1),('K',3,2,2,'2001-06-09 11:01:21',1,0,0,0,'2001-06-09 11:01:21','London and the South East of England','SouthEastMetropolitan',1),('M',8,2,2,'2001-06-09 11:01:21',0,0,1,0,'2001-06-09 11:01:21','Scotland','Scottish',1),('N',8,1,1,'2012-09-14 00:00:00',0,1,0,0,'2012-09-14 00:00:00','Northern Ireland','NorthernIreland',1);
/*!40000 ALTER TABLE `traffic_area` ENABLE KEYS */;
UNLOCK TABLES;

--
-- Dumping data for table `traffic_area_enforcement_area`
--

LOCK TABLES `traffic_area_enforcement_area` WRITE;
/*!40000 ALTER TABLE `traffic_area_enforcement_area` DISABLE KEYS */;
INSERT INTO `traffic_area_enforcement_area` (`id`, `created_by`, `enforcement_area_id`, `last_modified_by`, `traffic_area_id`, `created_on`, `last_modified_on`, `version`) VALUES (1,NULL,'N001',NULL,'D',NULL,NULL,1),(2,NULL,'N002',NULL,'F',NULL,NULL,1),(3,NULL,'N003',NULL,'M',NULL,NULL,1),(4,NULL,'N004',NULL,'G',NULL,NULL,1),(5,NULL,'N005',NULL,'F',NULL,NULL,1),(6,NULL,'N006',NULL,'F',NULL,NULL,1),(7,NULL,'NI01',NULL,'N',NULL,NULL,1),(8,NULL,'V001',NULL,'K',NULL,NULL,1),(9,NULL,'V003',NULL,'K',NULL,NULL,1),(10,NULL,'V004',NULL,'K',NULL,NULL,1),(11,NULL,'V006',NULL,'K',NULL,NULL,1),(12,NULL,'V007',NULL,'K',NULL,NULL,1),(13,NULL,'V009',NULL,'K',NULL,NULL,1),(14,NULL,'V010',NULL,'F',NULL,NULL,1),(15,NULL,'V010',NULL,'H',NULL,NULL,1),(16,NULL,'V018',NULL,'H',NULL,NULL,1),(17,NULL,'V021',NULL,'D',NULL,NULL,1),(18,NULL,'V022',NULL,'D',NULL,NULL,1),(19,NULL,'V026',NULL,'D',NULL,NULL,1),(20,NULL,'V028',NULL,'D',NULL,NULL,1),(21,NULL,'V029',NULL,'B',NULL,NULL,1),(22,NULL,'V030',NULL,'C',NULL,NULL,1),(23,NULL,'V030',NULL,'D',NULL,NULL,1),(24,NULL,'V031',NULL,'F',NULL,NULL,1),(25,NULL,'V034',NULL,'F',NULL,NULL,1),(26,NULL,'V035',NULL,'F',NULL,NULL,1),(27,NULL,'V037',NULL,'F',NULL,NULL,1),(28,NULL,'V038',NULL,'F',NULL,NULL,1),(29,NULL,'V042',NULL,'B',NULL,NULL,1),(30,NULL,'V045',NULL,'B',NULL,NULL,1),(31,NULL,'V046',NULL,'B',NULL,NULL,1),(32,NULL,'V048',NULL,'B',NULL,NULL,1),(33,NULL,'V051',NULL,'B',NULL,NULL,1),(34,NULL,'V056',NULL,'C',NULL,NULL,1),(35,NULL,'V057',NULL,'C',NULL,NULL,1),(36,NULL,'V058',NULL,'C',NULL,NULL,1),(37,NULL,'V059',NULL,'G',NULL,NULL,1),(38,NULL,'V063',NULL,'M',NULL,NULL,1),(39,NULL,'V065',NULL,'M',NULL,NULL,1),(40,NULL,'V066',NULL,'M',NULL,NULL,1),(41,NULL,'V067',NULL,'M',NULL,NULL,1),(42,NULL,'V068',NULL,'M',NULL,NULL,1),(43,NULL,'V096',NULL,'C',NULL,NULL,1),(44,NULL,'V103',NULL,'H',NULL,NULL,1);
/*!40000 ALTER TABLE `traffic_area_enforcement_area` ENABLE KEYS */;
UNLOCK TABLES;

--
-- Dumping data for table `trailer`
--

LOCK TABLES `trailer` WRITE;
/*!40000 ALTER TABLE `trailer` DISABLE KEYS */;
INSERT INTO `trailer` (`id`, `created_by`, `last_modified_by`, `licence_id`, `created_on`, `deleted_date`, `last_modified_on`, `olbs_key`, `specified_date`, `trailer_no`, `version`) VALUES (1,1,1,7,'2015-01-01 00:00:00',NULL,'2015-01-04 00:00:00',NULL,'2015-01-04 00:00:00','A0001',1),(2,1,1,7,'2015-01-01 00:00:00',NULL,'2015-02-03 00:00:00',NULL,'2015-02-03 00:00:00','B0020',1),(3,1,1,7,'2015-01-01 00:00:00',NULL,'2015-03-02 00:00:00',NULL,'2015-03-02 00:00:00','C0300',1),(4,1,1,7,'2015-01-01 00:00:00',NULL,'2015-04-01 00:00:00',NULL,'2015-04-01 00:00:00','D4000',1);
/*!40000 ALTER TABLE `trailer` ENABLE KEYS */;
UNLOCK TABLES;

--
-- Dumping data for table `transaction`
--

LOCK TABLES `transaction` WRITE;
/*!40000 ALTER TABLE `transaction` DISABLE KEYS */;
INSERT INTO `transaction` (`id`, `created_by`, `last_modified_by`, `payment_method`, `processed_by_user_id`, `status`, `type`, `waive_recommender_user_id`, `cheque_po_date`, `cheque_po_number`, `comment`, `completed_date`, `created_on`, `gateway_url`, `last_modified_on`, `legacy_choice`, `legacy_method`, `legacy_status`, `payer_name`, `paying_in_slip_number`, `reference`, `version`, `waive_recommendation_date`) VALUES (10001,NULL,NULL,'fpm_cheque',1,'pay_s_pd','trt_payment',NULL,NULL,NULL,'','2015-08-26 00:00:00',NULL,NULL,NULL,NULL,NULL,NULL,NULL,NULL,'OLCS-1234-2345',1,NULL),(10002,NULL,NULL,'fpm_cheque',1,'pay_s_pd','trt_bounce',NULL,NULL,NULL,'','2015-09-01 00:00:00',NULL,NULL,NULL,NULL,NULL,NULL,NULL,NULL,'OLCS-2345-3456',1,NULL),(10003,NULL,NULL,'fpm_cash',1,'pay_s_pd','trt_payment',NULL,NULL,NULL,'','2015-09-02 00:00:00',NULL,NULL,NULL,NULL,NULL,NULL,NULL,NULL,'OLCS-3456-4567',1,NULL),(10004,NULL,NULL,'fpm_waive',1,'pay_s_pd','trt_waive',1,NULL,NULL,'Waive OK for fee 96','2015-08-26 00:00:00',NULL,NULL,NULL,NULL,NULL,NULL,NULL,NULL,'',1,'2015-08-25 00:00:00');
/*!40000 ALTER TABLE `transaction` ENABLE KEYS */;
UNLOCK TABLES;

--
-- Dumping data for table `transport_manager`
--

LOCK TABLES `transport_manager` WRITE;
/*!40000 ALTER TABLE `transport_manager` DISABLE KEYS */;
INSERT INTO `transport_manager` (`id`, `created_by`, `home_cd_id`, `last_modified_by`, `merge_to_transport_manager_id`, `tm_status`, `tm_type`, `work_cd_id`, `created_on`, `deleted_date`, `disqualification_tm_case_id`, `last_modified_on`, `merge_details`, `notes`, `nysiis_family_name`, `nysiis_forename`, `olbs_key`, `removed_date`, `version`) VALUES (1,NULL,117,NULL,NULL,'tm_st_act','tm_t_i',115,NULL,NULL,NULL,NULL,NULL,NULL,NULL,NULL,NULL,NULL,1),(2,NULL,118,NULL,NULL,'tm_st_act','tm_t_e',116,NULL,NULL,NULL,NULL,NULL,NULL,NULL,NULL,NULL,NULL,1),(3,NULL,119,NULL,NULL,'tm_st_act','tm_t_i',104,NULL,NULL,NULL,NULL,NULL,NULL,NULL,NULL,NULL,NULL,1);
/*!40000 ALTER TABLE `transport_manager` ENABLE KEYS */;
UNLOCK TABLES;

--
-- Dumping data for table `transport_manager_application`
--

LOCK TABLES `transport_manager_application` WRITE;
/*!40000 ALTER TABLE `transport_manager_application` DISABLE KEYS */;
INSERT INTO `transport_manager_application` (`id`, `application_id`, `created_by`, `last_modified_by`, `tm_application_status`, `tm_type`, `transport_manager_id`, `action`, `additional_information`, `created_on`, `declaration_confirmation`, `deleted_date`, `hours_fri`, `hours_mon`, `hours_sat`, `hours_sun`, `hours_thu`, `hours_tue`, `hours_wed`, `is_owner`, `last_modified_on`, `olbs_key`, `version`) VALUES (1,1,NULL,NULL,'tmap_st_incomplete','tm_t_i',1,'A',NULL,NULL,0,NULL,1.0,1.0,NULL,NULL,1.0,1.0,1.0,NULL,NULL,NULL,1),(2,7,NULL,NULL,'tmap_st_awaiting_signature','tm_t_i',1,'A',NULL,NULL,0,NULL,2.0,2.0,NULL,NULL,2.0,2.0,2.0,NULL,NULL,NULL,1),(3,1,NULL,NULL,'tmap_st_tm_signed','tm_t_i',3,'A',NULL,NULL,0,NULL,1.0,1.0,NULL,NULL,3.0,4.0,5.0,NULL,NULL,NULL,1),(4,7,NULL,NULL,'tmap_st_postal_application','tm_t_i',3,'A',NULL,NULL,0,NULL,2.0,2.0,NULL,NULL,6.0,7.0,8.0,NULL,NULL,NULL,1),(5,8,NULL,NULL,'tmap_st_tm_signed','tm_t_i',2,'A',NULL,NULL,0,NULL,1.0,1.0,NULL,NULL,3.0,4.0,5.0,NULL,NULL,NULL,1),(6,8,NULL,NULL,'tmap_st_postal_application','tm_t_i',3,'A',NULL,NULL,0,NULL,2.0,2.0,NULL,NULL,6.0,7.0,8.0,NULL,NULL,NULL,1);
/*!40000 ALTER TABLE `transport_manager_application` ENABLE KEYS */;
UNLOCK TABLES;

--
-- Dumping data for table `transport_manager_licence`
--

LOCK TABLES `transport_manager_licence` WRITE;
/*!40000 ALTER TABLE `transport_manager_licence` DISABLE KEYS */;
INSERT INTO `transport_manager_licence` (`id`, `created_by`, `last_modified_by`, `licence_id`, `tm_type`, `transport_manager_id`, `additional_information`, `created_on`, `deleted_date`, `hours_fri`, `hours_mon`, `hours_sat`, `hours_sun`, `hours_thu`, `hours_tue`, `hours_wed`, `is_owner`, `last_modified_on`, `olbs_key`, `version`) VALUES (1,NULL,NULL,7,'tm_t_i',1,NULL,NULL,NULL,2.0,2.0,2.0,2.0,2.0,NULL,NULL,NULL,NULL,NULL,1),(2,NULL,NULL,207,'tm_t_i',2,NULL,NULL,NULL,1.0,1.0,1.0,1.0,1.0,NULL,NULL,NULL,NULL,NULL,1),(3,NULL,NULL,208,'tm_t_i',3,NULL,NULL,NULL,2.0,2.0,2.0,2.0,2.0,NULL,NULL,NULL,NULL,NULL,1);
/*!40000 ALTER TABLE `transport_manager_licence` ENABLE KEYS */;
UNLOCK TABLES;

--
-- Dumping data for table `txc_inbox`
--

LOCK TABLES `txc_inbox` WRITE;
/*!40000 ALTER TABLE `txc_inbox` DISABLE KEYS */;
INSERT INTO `txc_inbox` (`id`, `bus_reg_id`, `created_by`, `last_modified_by`, `local_authority_id`, `organisation_id`, `pdf_document_id`, `route_document_id`, `zip_document_id`, `created_on`, `file_read`, `last_modified_on`, `variation_no`, `version`) VALUES (1,2,1,NULL,NULL,1,801,802,800,'2014-03-24 16:53:00',0,NULL,13,1),(2,2,1,NULL,2,1,804,805,803,'2014-03-24 16:53:00',0,NULL,14,1),(3,2,1,NULL,1,1,807,808,806,'2014-03-24 16:53:00',0,NULL,15,1);
/*!40000 ALTER TABLE `txc_inbox` ENABLE KEYS */;
UNLOCK TABLES;

--
-- Dumping data for table `user`
--

LOCK TABLES `user` WRITE;
/*!40000 ALTER TABLE `user` DISABLE KEYS */;
INSERT INTO `user` (`id`, `contact_details_id`, `created_by`, `last_modified_by`, `local_authority_id`, `partner_contact_details_id`, `team_id`, `transport_manager_id`, `account_disabled`, `created_on`, `deleted_date`, `last_modified_on`, `locked_date`, `login_id`, `pid`, `version`) VALUES (1,101,NULL,NULL,NULL,NULL,2,NULL,0,'2013-11-27 00:00:00',NULL,'2013-11-27 00:00:00',NULL,'loggedinuser',NULL,1),(2,105,NULL,NULL,NULL,NULL,2,NULL,0,'2013-11-27 00:00:00',NULL,'2013-11-27 00:00:00',NULL,'johnspellman',NULL,1),(3,106,NULL,NULL,NULL,NULL,2,NULL,0,'2013-11-27 00:00:00',NULL,'2013-11-27 00:00:00',NULL,'stevefox',NULL,1),(4,130,NULL,NULL,NULL,NULL,1,NULL,0,'2013-11-27 00:00:00',NULL,'2013-11-27 00:00:00',NULL,'amywrigg',NULL,1),(5,131,NULL,NULL,NULL,NULL,1,NULL,0,'2013-11-27 00:00:00',NULL,'2013-11-27 00:00:00',NULL,'philjowitt',NULL,1),(6,132,NULL,NULL,NULL,NULL,3,NULL,0,'2013-11-27 00:00:00',NULL,'2013-11-27 00:00:00',NULL,'kevinrooney',NULL,1),(7,133,NULL,NULL,NULL,NULL,4,NULL,0,'2013-11-27 00:00:00',NULL,'2013-11-27 00:00:00',NULL,'sarahthompson',NULL,1),(8,114,NULL,NULL,NULL,NULL,8,NULL,0,'2013-11-27 00:00:00',NULL,'2013-11-27 00:00:00',NULL,'anotheruser',NULL,1),(19,164,NULL,NULL,NULL,NULL,NULL,NULL,0,'2013-11-27 00:00:00',NULL,'2013-11-27 00:00:00',NULL,'operator-tm',NULL,1),(20,165,NULL,NULL,NULL,NULL,NULL,NULL,0,'2013-11-27 00:00:00',NULL,'2013-11-27 00:00:00',NULL,'operator-admin',NULL,1),(21,166,NULL,NULL,NULL,NULL,NULL,NULL,0,'2013-11-27 00:00:00',NULL,'2013-11-27 00:00:00',NULL,'operator-user',NULL,1),(22,167,NULL,NULL,NULL,140,NULL,NULL,0,'2013-11-27 00:00:00',NULL,'2013-11-27 00:00:00',NULL,'partner-admin',NULL,1),(23,168,NULL,NULL,NULL,140,NULL,NULL,0,'2013-11-27 00:00:00',NULL,'2013-11-27 00:00:00',NULL,'partner-user',NULL,1),(24,169,NULL,NULL,1,NULL,NULL,NULL,0,'2013-11-27 00:00:00',NULL,'2013-11-27 00:00:00',NULL,'local-authority-admin',NULL,1),(25,170,NULL,NULL,1,NULL,NULL,NULL,0,'2013-11-27 00:00:00',NULL,'2013-11-27 00:00:00',NULL,'local-authority-user',NULL,1),(12504,140,1,1,NULL,NULL,32,NULL,0,'2000-04-02 10:57:00',NULL,'2000-04-02 10:57:00',NULL,'abdou.bonomi',NULL,1),(12505,140,1,1,NULL,NULL,32,NULL,0,'2000-04-02 10:57:00',NULL,'2000-04-02 10:57:00',NULL,'abdou.bonomi2',NULL,1);
/*!40000 ALTER TABLE `user` ENABLE KEYS */;
UNLOCK TABLES;

--
-- Dumping data for table `user_role`
--

LOCK TABLES `user_role` WRITE;
/*!40000 ALTER TABLE `user_role` DISABLE KEYS */;
INSERT INTO `user_role` (`user_id`, `role_id`) VALUES (1,1),(2,4),(3,4),(4,3),(5,4),(6,4),(7,4),(8,3),(19,7),(20,5),(21,6),(22,9),(23,10),(24,11),(25,12),(12504,3),(12505,5);
/*!40000 ALTER TABLE `user_role` ENABLE KEYS */;
UNLOCK TABLES;

--
-- Dumping data for table `vehicle`
--

LOCK TABLES `vehicle` WRITE;
/*!40000 ALTER TABLE `vehicle` DISABLE KEYS */;
INSERT INTO `vehicle` (`id`, `created_by`, `last_modified_by`, `psv_type`, `certificate_no`, `created_on`, `deleted_date`, `is_novelty`, `last_modified_on`, `make_model`, `olbs_key`, `plated_weight`, `section_26`, `section_26_curtail`, `section_26_revoked`, `section_26_suspend`, `version`, `vi_action`, `vrm`) VALUES (1,NULL,4,NULL,'CERT10001','2010-01-12 00:00:00',NULL,NULL,'2014-02-20 00:00:00',NULL,NULL,7200,0,0,0,0,1,NULL,'VRM1'),(2,NULL,6,NULL,'CERT10002','2010-01-12 00:00:00',NULL,NULL,'2014-02-20 00:00:00',NULL,NULL,3500,0,0,0,0,1,NULL,'VRM2'),(3,NULL,5,NULL,'CERT10003','2010-01-12 00:00:00',NULL,NULL,'2014-02-20 00:00:00',NULL,NULL,3800,0,0,0,0,1,NULL,'VRM3'),(4,NULL,1,'vhl_t_a','CERT10004','2010-01-12 00:00:00',NULL,NULL,'2014-02-20 00:00:00',NULL,NULL,6800,1,0,0,0,1,NULL,'VRM4'),(5,NULL,4,NULL,'CERT10005','2010-01-12 00:00:00',NULL,NULL,'2014-02-20 00:00:00',NULL,NULL,7200,0,0,0,0,1,NULL,'VRM1'),(6,NULL,6,NULL,'CERT10006','2010-01-12 00:00:00',NULL,NULL,'2014-02-20 00:00:00',NULL,NULL,3500,0,0,0,0,1,NULL,'VRM2'),(7,NULL,5,NULL,'CERT10007','2010-01-12 00:00:00',NULL,NULL,'2014-02-20 00:00:00',NULL,NULL,3800,0,0,0,0,1,NULL,'VRM3'),(8,NULL,1,NULL,'CERT10008','2010-01-12 00:00:00',NULL,NULL,'2014-02-20 00:00:00',NULL,NULL,6800,0,0,0,0,1,NULL,'VRM4'),(9,NULL,NULL,NULL,NULL,'2015-07-16 00:00:00',NULL,NULL,NULL,NULL,NULL,750,0,0,0,0,1,NULL,'ABC123'),(10,NULL,NULL,NULL,NULL,'2015-07-17 00:00:00',NULL,NULL,NULL,NULL,NULL,895,0,0,0,0,1,NULL,'ABC124'),(11,NULL,NULL,'vhl_t_a',NULL,'2015-07-16 00:00:00',NULL,NULL,NULL,NULL,NULL,NULL,0,0,0,0,1,NULL,'ABC125'),(12,NULL,NULL,'vhl_t_b',NULL,'2015-07-17 00:00:00',NULL,NULL,NULL,NULL,NULL,NULL,0,0,0,0,1,NULL,'ABC126'),(13,NULL,NULL,'vhl_t_c',NULL,'2015-07-18 00:00:00',NULL,NULL,NULL,NULL,NULL,NULL,0,0,0,0,1,NULL,'ABC127'),(20,NULL,NULL,NULL,NULL,'2015-07-16 00:00:00',NULL,NULL,NULL,NULL,NULL,750,0,0,0,0,1,NULL,'ABC123'),(21,NULL,NULL,NULL,NULL,'2015-07-17 00:00:00',NULL,NULL,NULL,NULL,NULL,895,0,0,0,0,1,NULL,'ABC124'),(22,NULL,NULL,'vhl_t_a',NULL,'2015-07-16 00:00:00',NULL,NULL,NULL,NULL,NULL,NULL,0,0,0,0,1,NULL,'ABC125'),(23,NULL,NULL,'vhl_t_b',NULL,'2015-07-17 00:00:00',NULL,NULL,NULL,NULL,NULL,NULL,0,0,0,0,1,NULL,'ABC126'),(24,NULL,NULL,'vhl_t_c',NULL,'2015-07-18 00:00:00',NULL,NULL,NULL,NULL,NULL,NULL,0,0,0,0,1,NULL,'ABC127');
/*!40000 ALTER TABLE `vehicle` ENABLE KEYS */;
UNLOCK TABLES;

--
-- Dumping data for table `void_disc`
--

LOCK TABLES `void_disc` WRITE;
/*!40000 ALTER TABLE `void_disc` DISABLE KEYS */;
/*!40000 ALTER TABLE `void_disc` ENABLE KEYS */;
UNLOCK TABLES;

--
-- Dumping data for table `workshop`
--

LOCK TABLES `workshop` WRITE;
/*!40000 ALTER TABLE `workshop` DISABLE KEYS */;
INSERT INTO `workshop` (`id`, `contact_details_id`, `created_by`, `last_modified_by`, `licence_id`, `created_on`, `is_external`, `last_modified_on`, `maintenance`, `olbs_key`, `removed_date`, `safety_inspection`, `version`) VALUES (1,126,NULL,NULL,211,'2015-03-27 12:31:05',0,NULL,0,NULL,NULL,0,1),(2,129,NULL,NULL,212,'2015-03-27 12:31:05',0,NULL,0,NULL,NULL,0,1);
/*!40000 ALTER TABLE `workshop` ENABLE KEYS */;
UNLOCK TABLES;
/*!40103 SET TIME_ZONE=@OLD_TIME_ZONE */;

/*!40101 SET SQL_MODE=@OLD_SQL_MODE */;
/*!40014 SET FOREIGN_KEY_CHECKS=@OLD_FOREIGN_KEY_CHECKS */;
/*!40014 SET UNIQUE_CHECKS=@OLD_UNIQUE_CHECKS */;
/*!40101 SET CHARACTER_SET_CLIENT=@OLD_CHARACTER_SET_CLIENT */;
/*!40101 SET CHARACTER_SET_RESULTS=@OLD_CHARACTER_SET_RESULTS */;
/*!40101 SET COLLATION_CONNECTION=@OLD_COLLATION_CONNECTION */;
/*!40111 SET SQL_NOTES=@OLD_SQL_NOTES */;

-- Dump completed on 2015-10-07 10:54:33
